tree
version=v4
num_class=1
num_tree_per_iteration=1
label_index=0
max_feature_idx=17
objective=regression
feature_names=dia_semana mes dia_del_mes semana_del_año es_fin_semana es_festivo_nacional regimen dias_desde_shock precio_lag_1 precio_lag_7 precio_lag_30 precio_mm_7 precio_mm_30 precio_medio_nacional_dia diferencial_vs_nacional Rotulo_normalizado Provincia IDCCAA
feature_infos=-1:1:3:6:2:0:5:4 -1:0:1 [1:31] [9:18] -1:0:1 -1:0:1 none [0:60] [0.94499999999999995:2.149] [0.92500000000000004:2.1190000000000002] [0.88500000000000001:2.149] [0.93357142857142861:2.105] [0.91099999999999992:2.0390000000000001] [1.4819855720003723:1.795630797433547] [-0.69993673207408758:0.57072627235213225] -1:2067:451:324:1245:2190:264:1996:1970:1967:430:645:252:2026:368:1063:54:322:83:2338:1018:1704:1024:1262:297:2258:1475:237:207:928:1765:1907:1964:325:1861:18:1610:2254:524:1908:1392:2243:1187:315:1399:272:1183:2221:1719:1755:674:1189:657:935:236:1358:81:1598:1873:1375:1013:1656:51:1855:2336:1844:294:1163:1448:1823:1950:2059:1443:637:1476:1526:1165:1714:1793:1503:1489:2200:2041:2168:1303:2140:1366:1859:1956:1544:2325:19:1224:1585:1738:2060:372:1152:1949:1805:1504:2132:1016:2199:2218:1429:1477:1393:1880:2214:1661:1157:1854:245:331:621:162:473:1662:2070:1687:254:1879:1915:335:1643:1790:1947:2232:247:1768:1929:1959:1000:1731:89:1605:1759:100:1221:2212:494:998:312:1584:2007:1181:1693:1837:2000:1263:1391:1945:1568:1648:2085:224:2329:320:1730:1961:2052:2292:2373:1296:1997:14:625:709:1062:1211:1215:1517:1832:1883:1983:2045:2269:2406:163:246:442:986:1728:2009:2268:2405:62:663:1383:1418:1803:1831:1852:1892:2040:2090:2196:142:490:1194:1200:1277:1427:1430:1456:2015:2246:2374:165:522:667:797:1011:1668:1766:1843:1930:1962:1988:2306:103:282:399:643:754:976:1389:1667:2162:27:189:1937:35:327:359:1176:1212:1261:2001:2288:174:295:1201:1278:1776:1893:1977:2284:2410:70:323:472:1239:1282:1286:1319:1431:1442:1449:1523:1635:1987:2084:2188:2210:2337:1469:1921:1978:2027:2113:1069:1697:2035:2134:2171:214:607:622:664:1699:1818:1845:2118:2153:44:1360:1377:1435:1513:1634:317:452:641:803:1222:1428:1974:2128:5:102:197:439:539:597:693:711:784:904:969:970:1006:1337:1559:1737:1821:1966:1981:2053:2103:2203:145:553:591:658:669:750:826:846:847:882:903:1208:1220:1232:1359:1406:1532:1581:1781:1824:2082:2285:2335:56:119:129:137:164:211:311:353:404:417:425:446:471:544:593:811:891:917:956:1029:1047:1074:1094:1099:1230:1289:1299:1363:1498:1518:1552:1583:1631:1676:1691:1711:1838:2021:2074:2098:2111:2247:2256:2289:2300:2312:21:114:120:151:195:220:234:345:357:365:380:392:398:420:465:497:510:519:577:619:651:652:683:701:747:786:790:833:841:925:978:1015:1038:1058:1093:1140:1227:1272:1307:1365:1384:1451:1481:1484:1555:1556:1563:1589:1608:1609:1611:1628:1653:1664:1688:1703:1760:1764:1812:1819:1858:1864:2028:2039:2051:2181:2231:2237:2260:2290:2291:118:127:128:196:212:216:229:260:296:303:344:390:426:498:508:536:548:568:569:601:612:623:670:675:708:714:724:733:743:761:789:808:823:850:851:881:915:957:960:994:999:1117:1120:1146:1154:1175:1259:1267:1285:1304:1315:1327:1332:1345:1379:1381:1403:1416:1421:1491:1527:1534:1557:1603:1629:1632:1690:1733:1753:1874:1896:1928:1973:2048:2069:2073:2096:2125:2155:2180:2207:2220:2371:2383:2393:2414:11:33:53:61:63:67:76:84:110:115:147:161:175:182:190:198:249:270:273:293:330:332:334:377:388:454:455:476:515:530:540:551:557:560:570:572:585:630:649:659:687:688:697:727:729:737:774:780:798:824:831:861:876:879:883:889:911:929:971:983:988:1036:1044:1084:1101:1106:1116:1134:1138:1142:1150:1155:1171:1178:1196:1213:1214:1305:1339:1436:1466:1482:1539:1564:1613:1615:1677:1736:1750:1782:1799:1806:1867:1870:1903:1904:1914:1931:1932:2016:2034:2056:2066:2080:2086:2091:2100:2126:2137:2143:2156:2159:2233:2248:2349:2356:2360:2361:2386:2395:2400:2403:2409:3:10:16:23:34:68:97:109:131:133:138:140:148:156:185:188:225:240:251:256:266:279:284:300:302:314:321:367:386:407:408:421:436:437:501:513:528:533:537:555:575:588:605:610:613:615:626:662:679:681:699:704:707:715:716:719:723:751:763:765:769:771:777:791:795:810:822:825:834:845:853:854:884:885:896:897:945:973:993:996:1014:1026:1041:1050:1054:1057:1076:1077:1096:1125:1126:1129:1164:1186:1244:1258:1279:1280:1287:1288:1291:1306:1310:1322:1323:1324:1344:1352:1423:1432:1434:1440:1445:1452:1467:1471:1485:1488:1520:1537:1542:1577:1587:1590:1591:1625:1647:1696:1752:1754:1779:1780:1784:1787:1791:1807:1820:1835:1847:1849:1850:1866:1909:1917:1920:2018:2032:2062:2087:2088:2092:2094:2104:2110:2115:2127:2154:2177:2192:2198:2224:2250:2273:2275:2298:2308:2313:2316:2327:2328:2330:2358:2413:2416:2417:0:2:8:15:28:47:101:170:202:261:262:271:274:281:310:313:328:342:363:364:366:379:394:395:396:397:401:406:410:418:434:445:459:460:461:464:468:477:478:507:509:518:534:545:547:554:556:558:562:565:573:590:616:620:633:648:660:676:689:705:722:726:740:756:757:764:781:796:809:818:835:837:870:873:875:880:892:901:912:918:922:931:934:940:959:975:987:1003:1017:1021:1028:1030:1031:1040:1046:1051:1078:1083:1092:1105:1108:1109:1113:1135:1153:1169:1191:1210:1216:1218:1226:1250:1260:1270:1271:1273:1292:1347:1349:1362:1371:1385:1408:1413:1474:1499:1508:1519:1550:1553:1560:1571:1582:1592:1614:1620:1626:1641:1671:1717:1725:1729:1740:1746:1751:1774:1783:1785:1786:1827:1848:1869:1877:1911:1918:1919:1926:1940:1993:2005:2020:2023:2025:2029:2064:2102:2136:2139:2176:2183:2186:2187:2205:2223:2226:2230:2245:2249:2270:2274:2304:2309:2323:2334:2347:2370:2381:2387:2391:2396:6:12:41:45:69:71:77:79:104:105:106:107:108:126:146:168:171:177:178:180:181:187:193:204:205:210:227:231:232:238:265:280:285:286:288:289:291:299:305:307:336:350:375:385:393:405:415:419:424:427:428:432:463:467:469:480:487:549:550:564:571:578:579:581:596:600:618:624:631:634:639:653:684:685:691:692:702:706:717:720:736:739:762:767:775:782:802:814:820:840:862:863:866:877:878:909:923:937:939:941:950:972:979:981:1002:1025:1043:1045:1059:1060:1061:1080:1089:1131:1156:1166:1172:1195:1206:1223:1225:1229:1256:1257:1284:1290:1309:1314:1320:1325:1335:1338:1382:1387:1388:1396:1397:1400:1402:1419:1422:1457:1459:1468:1479:1512:1515:1530:1531:1540:1545:1575:1588:1595:1597:1604:1616:1623:1640:1642:1652:1689:1702:1718:1739:1749:1777:1813:1830:1834:1862:1876:1882:1884:1890:1927:1933:1957:1979:1984:2003:2004:2014:2024:2042:2043:2055:2061:2065:2109:2116:2117:2138:2151:2161:2175:2178:2185:2201:2206:2211:2213:2244:2251:2257:2263:2277:2286:2296:2301:2303:2318:2319:2340:2341:2342:2354:2355:2366:2378:2392:2394:2397:2399:2415:13:36:37:43:64:75:123:130:132:135:136:144:149:150:166:169:172:179:201:206:226:228:233:248:253:255:257:275:277:298:301:309:316:329:338:347:349:352:369:402:409:413:474:484:485:493:502:505:517:529:535:541:546:574:584:587:594:603:606:614:617:638:642:646:647:654:655:668:677:686:694:696:742:744:745:748:752:759:768:773:801:804:817:821:842:843:844:864:869:871:910:949:954:966:967:989:991:1004:1023:1039:1042:1049:1052:1064:1087:1104:1111:1114:1128:1143:1161:1162:1170:1173:1184:1219:1247:1249:1276:1283:1293:1297:1301:1308:1321:1334:1342:1348:1351:1354:1364:1367:1374:1378:1380:1390:1410:1438:1444:1458:1460:1461:1464:1473:1478:1480:1495:1497:1500:1502:1505:1506:1511:1516:1529:1535:1541:1546:1561:1572:1586:1593:1618:1630:1637:1657:1659:1660:1665:1683:1694:1710:1720:1726:1732:1742:1745:1761:1772:1794:1795:1796:1801:1839:1841:1853:1872:1887:1889:1897:1910:1938:1944:1946:1948:1951:1953:1958:1963:1968:1991:2006:2008:2013:2030:2033:2047:2063:2077:2078:2097:2114:2120:2121:2131:2145:2147:2152:2157:2179:2184:2189:2195:2202:2228:2264:2265:2266:2276:2278:2281:2287:2305:2307:2357:2385:2398:2402:17:20:22:31:38:39:58:65:80:85:88:92:93:95:111:134:152:153:155:186:191:203:221:223:258:276:287:290:337:370:378:387:423:429:438:440:441:450:457:482:483:491:503:512:525:531:542:543:582:583:627:628:632:636:640:644:661:672:678:680:682:710:746:753:772:778:783:787:812:838:848:849:857:860:874:886:887:894:916:932:946:951:958:980:992:1008:1009:1010:1012:1032:1034:1066:1067:1085:1097:1103:1121:1122:1133:1159:1179:1198:1217:1233:1235:1237:1251:1252:1275:1298:1312:1333:1343:1368:1369:1370:1372:1394:1404:1405:1409:1426:1433:1437:1439:1454:1483:1487:1494:1496:1522:1549:1554:1558:1576:1599:1624:1633:1658:1666:1672:1674:1681:1684:1721:1723:1743:1758:1778:1802:1804:1808:1825:1829:1846:1851:1868:1881:1885:1899:1901:1902:1905:1912:1916:1924:1975:1990:1994:2010:2011:2012:2022:2031:2037:2068:2076:2106:2107:2112:2122:2129:2141:2150:2164:2165:2170:2174:2182:2191:2229:2234:2236:2241:2242:2261:2271:2282:2295:2311:2321:2331:2339:2343:2348:2350:2359:2362:2363:2375:2380:2404:2408:1:24:25:49:50:60:78:91:94:113:117:122:143:160:184:230:242:244:250:268:269:304:318:319:355:358:362:374:376:382:400:411:414:433:435:443:444:447:449:479:481:486:488:492:495:499:506:526:538:552:566:567:576:580:586:589:598:609:650:656:666:671:700:725:758:766:785:819:827:832:856:888:893:898:902:907:926:944:955:961:962:964:977:995:1019:1020:1055:1068:1075:1081:1110:1112:1115:1123:1132:1137:1139:1147:1151:1158:1174:1193:1199:1202:1203:1205:1228:1231:1234:1241:1246:1253:1264:1294:1300:1318:1328:1330:1340:1361:1373:1376:1398:1412:1424:1441:1463:1465:1492:1501:1507:1509:1514:1525:1533:1536:1538:1547:1567:1578:1579:1600:1602:1619:1622:1639:1644:1645:1646:1663:1673:1685:1692:1709:1712:1713:1724:1734:1741:1788:1800:1809:1810:1815:1816:1822:1875:1888:1891:1894:1900:1922:1925:1935:1952:1965:1969:1971:1980:1985:1986:2002:2038:2044:2046:2057:2058:2071:2072:2075:2095:2101:2124:2146:2160:2166:2169:2194:2215:2217:2222:2225:2238:2253:2259:2267:2293:2294:2315:2317:2344:2352:2353:2377:2401:32:52:55:59:86:96:116:121:157:158:159:167:208:215:219:222:259:263:267:283:292:333:339:354:360:403:422:448:453:462:475:500:504:514:516:532:561:608:629:635:730:734:738:741:749:776:800:816:828:858:865:899:900:914:919:921:947:968:1007:1033:1037:1072:1098:1102:1148:1149:1167:1168:1180:1207:1209:1238:1240:1254:1255:1266:1268:1311:1336:1356:1401:1411:1414:1415:1425:1455:1462:1470:1472:1486:1490:1521:1543:1594:1638:1670:1695:1706:1735:1747:1762:1763:1767:1769:1775:1814:1817:1826:1842:1860:1863:1898:1941:1943:1954:1960:1976:2019:2079:2108:2130:2133:2158:2163:2167:2173:2227:2235:2262:2272:2297:2299:2314:2326:2333:2345:2346:2364:2369:2390:2411:2412:4:29:42:48:57:72:73:74:82:87:99:112:124:125:139:154:173:176:183:192:194:213:217:235:239:241:278:306:340:346:351:361:383:384:391:458:496:511:521:559:563:673:695:698:703:713:718:721:760:770:788:805:806:807:815:829:836:839:852:868:905:908:924:942:943:965:974:990:1001:1005:1022:1035:1053:1073:1079:1082:1107:1118:1124:1136:1144:1145:1160:1177:1182:1192:1242:1243:1269:1274:1295:1302:1341:1350:1355:1407:1446:1453:1510:1524:1606:1627:1636:1649:1669:1705:1707:1708:1715:1716:1722:1727:1756:1770:1789:1811:1833:1857:1878:1923:1934:1955:1989:1998:1999:2049:2099:2105:2119:2123:2135:2209:2279:2280:2322:2351:2365:2368:2372:2388:9:40:66:98:199:200:371:470:489:523:599:602:690:712:731:779:799:830:859:872:890:895:906:920:927:930:936:952:997:1070 -1:29:7:47:1:42:31:32:17:14:21:36:20:46:5:40:37:4:50:44:2:6:33:25:18:11:13:10:27:26:48:16:9:0:23:8:19:28:24:15:39:34:22:38:49:41:51:3:45:35:43:30 -1:0:8:9:7:12:6:11:4:13:1:10:15:2:3:14:5:16:18
tree_sizes=5749 6146 6135 6144 6137 6151 6137 6158 6169 6149 6158 6208 6210 6160 6163 6180 6165 6220 6200 6197 6203 6184 6462 6194 6505 6219 6215 6230 6240 6273 6632 6255 6231 6257 6958 6248 6247 6241 6273 6253 6249 6242 6222 6240 6318 6275 7642 6233 6253 6283 6281 6267 6791 6246 6293 6248 6291 6497 6676 6254 6285 6276 6275 6543 6443 6426 6463 6280 6518 6276 7186 6715 6805 6473 6242 9618 6907 6736 9454 6704

Tree=0
num_leaves=63
num_cat=0
split_feature=11 13 14 11 14 11 14 14 13 13 14 11 11 13 11 13 14 11 14 13 13 13 14 14 14 14 13 14 14 14 14 14 11 14 13 14 13 2 11 14 13 11 14 13 14 14 13 14 11 13 11 13 11 14 14 14 14 14 13 2 14 14
split_gain=3809.02 1647.76 1047.91 351.629 222.3 210.761 181.448 115.111 100.744 84.0431 75.615 62.3212 56.0307 54.3781 51.3295 30.5393 26.6254 24.322 23.585 22.2129 19.0905 18.878 18.7419 14.3194 14.2007 14.135 12.1388 11.9467 11.0505 10.7795 10.4713 9.21333 8.65048 7.48028 6.44133 6.30602 6.09716 5.9453 5.89372 5.70468 5.54686 5.50271 5.34878 5.26083 4.22148 4.09456 4.04165 3.98652 3.73211 3.71282 3.60924 3.59895 3.54972 3.46097 3.36593 3.3617 3.33694 3.17432 3.16769 3.06586 2.8413 2.83994
threshold=1.5732857142857146 1.6127524932844197 -0.080988863931896846 1.7033571428571432 0.088443232270049035 1.3055000000000001 -0.011106819842558234 -0.0095984486733865487 1.5818107396984753 1.5733002212122036 0.16225525264032251 1.4162142857142859 1.7705 1.6127524932844197 1.6380714285714288 1.5318691884456672 0.043985861117632925 1.1905714285714288 0.039210217139922794 1.5367267329084688 1.5547134964177483 1.5392767299445389 -0.060503569110441073 0.23413795335978729 0.011986274880676941 -0.041556767729950976 1.5524390734056372 -0.040789782860077166 0.062416233772568337 0.092456750038657401 -0.150014138882367 0.027228424425597145 1.739071428571429 -0.047704182444719738 1.5459094809999721 0.0092102171399227623 1.5202232939343461 13.500000000000002 1.2393571428571433 0.1018277726030923 1.6049724144486879 1.5019285714285717 0.1184814679925852 1.5166211159358285 0.14267588676465329 -0.11820658837140906 1.5649604457008275 -0.055638412842621936 1.6713571428571432 1.5818107396984753 1.6005 1.5649604457008275 1.8205000000000002 0.073505212170627013 -0.017679057904565695 -0.11067076957267273 -0.11067076957267273 0.0086131374241383857 1.5318691884456672 15.500000000000002 -0.19648230170487532 0.022498923975334487
decision_type=10 2 2 10 2 8 2 2 2 2 2 10 10 2 10 2 2 10 2 2 2 2 2 2 2 2 2 2 2 2 2 2 10 2 2 2 2 2 10 2 2 10 2 2 2 2 2 2 10 2 10 2 10 2 2 2 2 2 2 2 2 2
left_child=2 4 5 14 7 17 8 22 15 18 19 30 32 37 24 27 26 -1 21 -6 36 35 45 46 50 -17 61 -4 40 33 58 48 54 -14 -32 -8 -18 56 -19 -26 -11 -15 -21 -20 59 -2 -12 -34 -16 -22 -3 -24 -31 -45 -5 -39 -13 -23 -7 -33 -60 -9
right_child=1 3 6 12 10 11 9 16 -10 28 23 13 29 41 31 25 20 38 43 42 49 57 51 -25 39 -27 -28 -29 -30 52 34 44 47 -35 -36 -37 -38 55 -40 -41 -42 -43 -44 53 -46 -47 -48 -49 -50 -51 -52 -53 -54 -55 -56 -57 -58 -59 60 -61 -62 -63
leaf_value=1.562140592457409 1.5751034494706648 1.5851955469715482 1.576143309274745 1.5900498197715998 1.5845856905976541 1.5706505149867793 1.5792074537767751 1.5812903390289692 1.5831049571435813 1.5839231350477569 1.589603060843958 1.5748991959695786 1.5860190315683043 1.5790499305977452 1.5885129384247736 1.5781314232761596 1.5824451267389992 1.5659056442617443 1.581523225386817 1.58659072572138 1.5849146245383658 1.5811617233641384 1.5796561354425676 1.5961005857830011 1.5881005770554359 1.5798856786927415 1.5832648253147763 1.5779422744137033 1.5895055079075533 1.5966602623258441 1.5730808021612566 1.5904882351086858 1.5839754673868087 1.5955159321641281 1.5753625759978487 1.5804472989558056 1.5837731283912242 1.5734581774962433 1.5689821846608334 1.5936793945114438 1.5861243173900665 1.5823968878215819 1.5884437510733143 1.5824817879588471 1.5961689691007543 1.5781281767280511 1.5927363600579325 1.5938964683100469 1.589886027756652 1.5866371276836067 1.5867324862642647 1.5812528722171846 1.5988698147381697 1.5841831084834406 1.5923938968378613 1.5749532671884154 1.5765402044316434 1.5822322719062172 1.5713396930388741 1.5936193002454984 1.5731990671548637 1.5822687734294807
leaf_weight=2434 1318 6410 19415 1679 14515 4558 15873 12270 11277 6623 3140 5091 211 2410 10254 25396 11904 2347 13200 10969 18899 14668 5968 1608 13776 20960 32471 17590 1448 3574 14320 16384 102 11971 3945 28979 31552 5467 4623 474 5040 2504 6038 14420 352 7405 1531 13892 9565 3749 9453 8635 3699 3771 17426 12040 7913 13116 4004 821 4220 18748
leaf_count=2434 1318 6410 19415 1679 14515 4558 15873 12270 11277 6623 3140 5091 211 2410 10254 25396 11904 2347 13200 10969 18899 14668 5968 1608 13776 20960 32471 17590 1448 3574 14320 16384 102 11971 3945 28979 31552 5467 4623 474 5040 2504 6038 14420 352 7405 1531 13892 9565 3749 9453 8635 3699 3771 17426 12040 7913 13116 4004 821 4220 18748
internal_value=1.58264 1.58648 1.57849 1.59106 1.58359 1.57345 1.5803 1.58274 1.57867 1.58161 1.58702 1.57444 1.59413 1.57587 1.58868 1.57807 1.58332 1.56644 1.58114 1.58602 1.58402 1.58064 1.5795 1.59203 1.58714 1.57892 1.58259 1.577 1.58539 1.59626 1.57281 1.58991 1.59288 1.59535 1.57357 1.58001 1.58341 1.57509 1.56795 1.58829 1.58487 1.58076 1.58725 1.58228 1.59075 1.57767 1.59063 1.59382 1.58918 1.5852 1.58611 1.5806 1.59778 1.58283 1.59219 1.57449 1.5759 1.58167 1.57171 1.59064 1.57229 1.58188
internal_weight=598415 310763 287652 120043 190720 75876 211776 152919 94638 117138 37801 66472 52554 35425 67489 83361 129593 9404 104027 31522 66104 72636 23326 6279 30113 46356 63489 37005 13111 19455 31047 37376 33099 12182 18265 44852 43456 30511 6970 14250 11663 4914 17007 31391 17557 8723 4671 13994 19819 22648 15863 14603 7273 18191 19105 17507 13004 27784 12782 17205 8224 31018
internal_count=598415 310763 287652 120043 190720 75876 211776 152919 94638 117138 37801 66472 52554 35425 67489 83361 129593 9404 104027 31522 66104 72636 23326 6279 30113 46356 63489 37005 13111 19455 31047 37376 33099 12182 18265 44852 43456 30511 6970 14250 11663 4914 17007 31391 17557 8723 4671 13994 19819 22648 15863 14603 7273 18191 19105 17507 13004 27784 12782 17205 8224 31018
is_linear=0
shrinkage=1


Tree=1
num_leaves=63
num_cat=0
split_feature=8 8 8 8 8 2 8 14 8 8 8 8 8 8 14 8 14 8 14 8 14 8 7 14 8 14 14 8 14 14 14 7 14 14 8 8 8 7 14 8 8 7 8 14 14 14 14 14 8 8 8 8 14 8 14 14 8 14 13 12 13 14
split_gain=4325.34 1435.93 560.116 282.494 195.802 184.582 109.384 94.291 74.6251 69.2073 57.5368 28.5595 28.4381 22.4852 16.6591 14.2763 11.6678 11.6119 10.908 10.4793 9.42513 7.81769 7.31243 11.7847 7.23197 6.14652 5.18665 5.09524 4.93353 4.83957 4.59522 4.4592 5.03444 4.29425 3.75934 3.73784 3.59383 3.23646 5.46101 3.21386 3.08647 2.97399 2.92475 2.91585 2.69743 2.42765 2.36377 2.34616 2.15686 2.11618 2.08945 1.92949 1.81915 1.81553 1.78423 1.59584 1.58176 1.46234 1.45916 1.45318 1.41925 1.51893
threshold=1.6145000000000003 1.4935000000000003 1.7095000000000002 1.3595000000000004 1.5555000000000001 21.500000000000004 1.7995000000000003 0.081239176395111259 1.4355000000000002 1.6645000000000001 1.2645000000000002 1.5845000000000002 1.5235000000000001 1.7585000000000002 -0.051575031423965349 1.8495000000000001 -0.037704182444719729 1.6355000000000002 -0.10249478782937292 1.4655000000000002 0.23413795335978729 1.4055000000000002 20.500000000000004 0.060329230427327303 1.1595000000000002 -0.044880610251853963 -0.076734461241158555 1.3095000000000001 0.039210217139922794 0.036986227522251232 -0.031556767729951078 19.500000000000004 0.032343537461373868 0.0092102171399227623 1.5085000000000002 1.9345000000000001 1.5435000000000001 19.500000000000004 -0.0011068198425583373 1.7785000000000002 1.5705000000000002 19.500000000000004 1.6855000000000002 0.02901113606810302 0.077536843043799722 0.018343537461373852 0.15147934460106019 -0.089573378119072275 1.5955000000000001 1.7295000000000003 1.8285000000000002 1.2195000000000003 0.022218138307078309 1.8555000000000004 0.087060523497430223 -0.10048230170487525 1.7655000000000001 -0.096336974655652927 1.5649604457008275 1.4547500000000004 1.5942176516137458 -0.057501076024665469
decision_type=10 10 10 8 10 2 10 2 8 10 10 10 10 10 2 10 2 10 2 8 2 10 2 2 10 2 2 10 2 2 2 2 2 2 10 10 10 2 2 10 10 2 10 2 2 2 2 2 10 10 10 10 2 10 2 2 10 2 2 10 2 2
left_child=1 3 9 10 12 6 13 16 14 17 24 40 28 49 21 25 47 41 27 30 46 55 42 -24 -1 -8 -15 -12 34 -17 -10 -19 -33 57 -3 -31 44 -13 -39 -28 54 -2 -11 -43 60 -18 -9 -7 -40 -4 -27 -26 -16 -22 -6 -5 -48 58 -21 -36 61 -14
right_child=2 4 5 8 11 7 15 20 19 22 18 37 36 26 52 29 45 31 -20 33 53 -23 23 -25 51 50 39 -29 -30 35 -32 32 -34 -35 59 -37 -38 38 48 -41 -42 43 -44 -45 -46 -47 56 -49 -50 -51 -52 -53 -54 -55 -56 -57 -58 -59 -60 -61 -62 -63
leaf_value=-0.02157571967910318 0.0027702203217245072 -0.0039374095460300825 0.0072848272008372338 -0.0091871181206420408 -0.00083428664490782251 -0.0048287192556352426 0.0015472569069892115 0.0061158170815744806 -0.0062273534669589166 0.0051002891563616216 -0.013360037536987343 0.0013133479727443023 -0.004886913599912078 -0.00014245630179245312 -0.0038798387204949506 0.0049360579240581301 0.00054943600178018585 0.0039468540287694882 -0.005629919146350461 -0.0074290738126377284 0.01094010844392684 -0.0076064044695195749 -0.00065268371557587149 0.0047938324951942689 -0.017900981121624894 0.011551688856294689 0.0091907619967016227 -0.011217250337130849 0.0010092186011497867 0.014499486884045782 -0.0030956968539805597 -0.0010109394050350855 0.002993873333969185 -0.00018798469757592582 -0.0018588906957366454 0.018772587545930156 -0.0014962327709348853 -0.0026942461993382048 0.00029908604522886146 0.010345453009049264 -0.00015404716531995614 -0.0009679047678692092 0.0061235491250390935 0.0018773138511990715 0.0039166183528287447 0.0028523191422147797 0.0074132046407176192 -0.0016354049305067786 0.00089597307131197899 0.0081821103484942797 0.0126979648233503 -0.015612654826408605 0.0011251139657005021 0.015097171159933753 0.002248586960833663 -0.0077054400179211212 0.0099610774411648794 -0.0047442361610327919 -0.0051044809527963581 -0.0031842164948735724 -0.00091710166011954727 -0.0022635761677823104
leaf_weight=1020 10676 25288 13401 17793 47638 956 139 1440 26293 11083 3844 20685 560 130 1477 126 3460 17325 752 1027 515 18492 1120 8770 1950 8202 10233 9969 609 6864 1226 829 14699 502 2306 553 31737 1238 25104 14658 29457 938 18878 22512 179 1710 1234 1444 38112 12893 7715 1746 207 536 474 2024 1203 30873 1970 20066 1944 37611
leaf_count=1020 10676 25288 13401 17793 47638 956 139 1440 26293 11083 3844 20685 560 130 1477 126 3460 17325 752 1027 515 18492 1120 8770 1950 8202 10233 9969 609 6864 1226 829 14699 502 2306 553 31737 1238 25104 14658 29457 938 18878 22512 179 1710 1234 1444 38112 12893 7715 1746 207 536 474 2024 1203 30873 1970 20066 1944 37611
internal_value=2.89837e-06 -0.00294401 0.00613474 -0.00749875 -0.00099398 0.00910298 0.0100414 0.00347774 -0.00644848 0.00370603 -0.0130485 0.000136877 -0.00252349 0.00874579 -0.00813186 0.0128588 -2.63231e-05 0.00272439 -0.0114943 -0.00536071 0.00886041 -0.00834582 0.00535589 0.00417704 -0.0178486 0.0120159 0.00981872 -0.0118136 -0.00346259 0.014653 -0.00608783 0.00339537 0.00278007 -0.00477856 -0.00351973 0.0148181 -0.00189418 0.000769174 0.000594534 0.00987075 -0.000557126 0.00207845 0.00574503 0.00176351 -0.00220762 0.00131112 0.00772191 -0.00290741 0.00065894 0.0077248 0.0121073 -0.01682 -0.00326462 0.0130602 -0.000803914 -0.00903579 0.00867094 -0.0048466 -0.00590106 -0.00304761 -0.00223495 -0.00230206
internal_weight=598415 404173 194242 121165 283008 87412 74914 12498 101884 106830 19281 162708 120300 51315 39993 23599 7570 66979 14565 61891 4928 38309 39851 9890 4716 16056 25021 13813 48269 7543 27519 32853 15528 34372 47660 7417 72031 85139 64454 24891 77569 34126 29961 23450 40294 5170 3877 2400 63216 26294 15917 3696 1684 1051 48112 19817 2437 33870 2997 22372 40115 38171
internal_count=598415 404173 194242 121165 283008 87412 74914 12498 101884 106830 19281 162708 120300 51315 39993 23599 7570 66979 14565 61891 4928 38309 39851 9890 4716 16056 25021 13813 48269 7543 27519 32853 15528 34372 47660 7417 72031 85139 64454 24891 77569 34126 29961 23450 40294 5170 3877 2400 63216 26294 15917 3696 1684 1051 48112 19817 2437 33870 2997 22372 40115 38171
is_linear=0
shrinkage=0.05


Tree=2
num_leaves=63
num_cat=0
split_feature=8 8 8 8 8 2 8 14 8 8 8 8 8 8 14 8 14 14 8 7 14 14 14 14 7 14 8 8 8 14 14 8 13 8 8 8 14 8 8 8 8 8 14 7 14 14 14 14 14 8 8 8 8 7 14 13 8 14 7 8 14 14
split_gain=3903.86 1315.82 482.182 255.136 183.289 166.585 98.7841 85.0976 64.7635 57.8459 54.2782 27.8607 25.7123 19.4855 15.9076 13.2277 10.727 10.5302 9.60165 9.56379 8.50618 7.68441 7.02562 6.91735 6.59947 10.6357 6.52685 6.30301 4.99653 4.74161 4.56053 4.3307 3.89162 3.46576 3.44636 3.13886 3.03471 3.03067 2.99779 2.83729 2.79669 2.63959 2.56709 2.25895 3.91808 2.20714 2.19546 2.15585 2.11741 1.75565 1.74136 1.69734 1.6837 1.67033 2.39778 1.59788 1.58453 1.32365 1.31742 1.30978 1.26885 1.26352
threshold=1.6175000000000004 1.4935000000000003 1.7095000000000002 1.3685000000000003 1.5555000000000001 21.500000000000004 1.7895000000000001 0.081239176395111259 1.4395000000000002 1.6645000000000001 1.2645000000000002 1.5845000000000002 1.5255000000000003 1.8395000000000004 -0.051575031423965349 1.7545000000000002 -0.10249478782937292 -0.037704182444719729 1.4095000000000002 20.500000000000004 0.23413795335978729 0.010361587157378007 -0.076734461241158555 -0.0024947878293729571 20.500000000000004 0.060329230427327303 1.1595000000000002 1.4695000000000003 1.3095000000000001 0.036986227522251232 0.0092102171399227623 1.9045000000000003 1.5459094809999721 1.6035000000000001 1.6355000000000002 1.5095000000000003 0.077536843043799722 1.8155000000000003 1.6445000000000001 1.5655000000000003 1.5435000000000001 1.6855000000000002 -0.043357582155314704 19.500000000000004 -0.0011068198425583373 0.0052102171399227579 0.02073074684419907 0.17864477115549585 -0.089573378119072275 1.3895000000000002 1.2195000000000003 1.7285000000000001 1.8695000000000002 20.500000000000004 -0.020039000069793308 1.5620247581554929 1.7695000000000001 0.13040155132661349 19.500000000000004 1.8695000000000002 0.063265538758841347 -0.040789782860077166
decision_type=10 10 10 8 10 2 10 2 8 10 10 10 10 10 2 10 2 2 10 2 2 2 2 2 2 2 10 10 10 2 2 10 2 10 10 10 2 10 10 10 10 10 2 2 2 2 2 2 2 10 10 10 10 2 2 2 10 2 2 10 2 2
left_child=1 3 9 10 12 6 15 17 14 19 26 39 30 22 18 51 28 48 49 38 47 -21 -8 27 41 -26 -1 61 -12 -15 35 59 -32 43 -23 -3 40 -24 -2 -6 58 -11 -17 57 -45 -16 -19 -9 -7 -5 -28 -4 -22 -41 -55 -25 -44 -13 -14 -31 -36 -10
right_child=2 4 5 8 11 7 13 20 23 24 16 33 36 29 45 42 -18 46 -20 21 52 34 37 55 25 -27 50 -29 -30 31 32 -33 -34 -35 60 -37 -38 -39 -40 53 -42 -43 56 44 -46 -47 -48 -49 -50 -51 -52 -53 -54 54 -56 -57 -58 -59 -60 -61 -62 -63
leaf_value=-0.020496933881704715 0.0028641825529950485 -0.0037197295504628144 0.0066864930307523121 -0.008930653875298759 -0.00092901263950118064 -0.0045872835327469786 0.00080188276695607359 0.006326815799510996 -0.005649872779139864 0.004845274563182525 -0.012692036077333664 0.0010529300484160245 -0.0013298475744869809 0.0047489100706297905 -0.0040648271843071442 0.0016037770435575333 -0.0053668112424681627 0.00056139705243372711 -0.0069254788532803705 -0.0027020214906274711 0.010935112391530244 0.0018035800871900457 0.010399717343468897 -0.0020716694958037162 -0.00062004953607876299 0.0045541406286677749 -0.017005932441315593 -0.0044639722306055408 -0.0105912813278237 0.012905843977021152 -0.0024690277350007234 0.016564843964051928 0.0012929673895737349 0.0012877155051182162 0.0014777343438570519 -0.0028285296855088656 0.002790782733647355 0.011639968582133266 0.0039171436576226947 0.00036724005559180689 -0.0014416228203339935 0.0058173716958526221 0.0086208345525683912 -0.0025774477571950311 0.00047742362880971159 0.00012977569389285666 0.00279727933818762 0.0087135705205909058 -0.0015536346309947321 -0.0080422980038333276 -0.014832022918851244 0.007570866257355831 0.01512786233166692 -0.0034449043131723027 -0.00037935994454525035 0.0031909522054597694 0.0095183925012782365 0.0067389329081600155 -0.0022028902082697412 0.014239779139386136 0.0029658721452026542 -0.004528064549034868
leaf_weight=1020 14269 29925 7938 9683 28233 956 172 2238 26563 11083 3844 16278 5004 150 1795 116 850 3588 20348 808 682 20166 11089 1197 1120 8770 1950 25051 10735 5941 6276 1167 772 23502 1605 14750 364 8862 12844 7871 31547 18878 9964 1073 48150 380 1582 1639 1444 13067 1746 17141 369 648 40817 164 9708 103 31662 2666 13320 2772
leaf_count=1020 14269 29925 7938 9683 28233 956 172 2238 26563 11083 3844 16278 5004 150 1795 116 850 3588 20348 808 682 20166 11089 1197 1120 8770 1950 25051 10735 5941 6276 1167 772 23502 1605 14750 364 8862 12844 7871 31547 18878 9964 1073 48150 380 1582 1639 1444 13067 1746 17141 369 648 40817 164 9708 103 31662 2666 13320 2772
internal_value=2.75342e-06 -0.00275466 0.00591741 -0.00712381 -0.000909946 0.00864783 0.00953937 0.00330386 -0.00609923 0.00359713 -0.0122617 0.000163582 -0.00239731 0.0117581 -0.00750405 0.00805354 -0.0108268 -2.5007e-05 -0.0077146 0.00265419 0.00841739 0.00211886 0.0108639 -0.00495834 0.0050881 0.00396819 -0.0169561 -0.00504645 -0.0111452 0.0135712 -0.00323901 0.0137066 -0.00205696 0.000766727 0.00222986 -0.00342549 -0.00176248 0.0109506 0.00336299 -0.000529269 -0.00178678 0.00545778 0.00902004 0.000580087 0.000410831 -0.00333198 0.00124557 0.00733582 -0.00276204 -0.00842041 -0.015979 0.00729094 0.0124072 -0.000300513 -0.000427267 -0.00143753 0.00906377 0.00108868 -0.00208374 0.013319 0.00280584 -0.00554387
internal_weight=598415 408140 190275 121165 286975 87412 74914 12498 101020 102863 20145 166675 120300 30047 45273 44867 15429 7570 43098 63012 4928 35899 20123 55747 39851 9890 4716 54386 14579 9924 51723 9774 7048 89106 35091 44675 68577 19951 27113 77569 68213 29961 19788 65604 49223 2175 5170 3877 2400 22750 3696 25079 1051 49336 41465 1361 19672 16381 36666 8607 14925 29335
internal_count=598415 408140 190275 121165 286975 87412 74914 12498 101020 102863 20145 166675 120300 30047 45273 44867 15429 7570 43098 63012 4928 35899 20123 55747 39851 9890 4716 54386 14579 9924 51723 9774 7048 89106 35091 44675 68577 19951 27113 77569 68213 29961 19788 65604 49223 2175 5170 3877 2400 22750 3696 25079 1051 49336 41465 1361 19672 16381 36666 8607 14925 29335
is_linear=0
shrinkage=0.05


Tree=3
num_leaves=63
num_cat=0
split_feature=8 8 8 8 8 2 8 14 8 8 8 8 8 8 14 8 14 14 8 8 14 7 14 8 8 14 8 14 14 14 14 14 7 14 8 8 8 7 14 8 14 8 7 14 14 7 14 14 14 14 14 8 14 8 8 8 8 8 14 7 8 8
split_gain=3523.34 1169.5 456.13 230.26 159.441 150.343 89.3161 76.801 58.6341 56.4752 48.9861 23.2622 23.2053 18.3799 13.3058 11.6638 9.68114 9.58837 8.60183 8.42477 7.63939 6.36228 6.0719 5.89048 5.79856 5.03458 4.50937 4.22915 4.19489 3.94963 3.80455 3.74786 3.53589 7.6384 3.15906 3.14364 3.07067 2.90437 4.11626 2.83479 2.73883 2.52402 2.49204 3.23742 2.33652 2.18171 3.77296 2.16858 2.09732 2.02769 1.96004 1.93516 1.83311 1.72773 1.6869 1.57158 1.52719 1.52549 1.52016 1.40297 1.40183 1.39334
threshold=1.6145000000000003 1.4935000000000003 1.7095000000000002 1.3685000000000003 1.5555000000000001 21.500000000000004 1.7995000000000003 0.082218138307078151 1.4355000000000002 1.6555000000000002 1.2645000000000002 1.5815000000000003 1.5255000000000003 1.7595000000000003 -0.062753853127978196 1.8495000000000001 -0.10249478782937292 -0.034768831539588201 1.4595000000000002 1.6795000000000002 0.23413795335978729 20.500000000000004 0.0039318884002210739 1.1595000000000002 1.4085000000000003 -0.044880610251853963 1.3095000000000001 0.019210217139922773 -0.076734461241158555 0.036986227522251232 0.0092102171399227623 -0.031556767729951078 20.500000000000004 0.069084943460572604 1.5055000000000003 1.9345000000000001 1.7395000000000003 20.500000000000004 0.049214445847498019 1.5955000000000001 0.077536843043799722 1.5435000000000001 20.500000000000004 -0.031556767729951078 0.05901113606810305 19.500000000000004 0.0086131374241383857 -0.085638412842621955 0.049214445847498019 -0.014768831539588299 0.15147934460106019 1.5705000000000002 0.011986274880676941 1.8295000000000001 1.6295000000000002 1.2195000000000003 1.7795000000000003 1.8655000000000002 0.10793188840022118 18.500000000000004 1.4785000000000001 1.7695000000000001
decision_type=10 10 10 8 10 2 10 2 8 10 10 10 10 10 2 10 2 2 8 10 2 2 2 10 10 2 10 2 2 2 2 2 2 2 10 10 10 2 2 10 2 10 2 2 2 2 2 2 2 2 2 10 2 10 10 10 10 10 2 2 10 10
left_child=1 3 9 10 12 6 13 17 14 21 23 42 27 36 24 25 26 47 31 37 50 54 -23 -1 -5 -8 -12 34 -15 -17 60 -10 -21 -34 -3 -31 -4 -11 -39 -13 41 -14 58 -44 -24 -41 -47 -7 -29 -16 -9 -45 -19 -27 -2 -25 -30 -22 -6 -36 -20 -52
right_child=2 4 5 8 11 7 15 20 18 19 16 39 40 28 49 29 -18 52 30 32 57 22 44 55 -26 53 -28 48 56 35 -32 -33 33 -35 59 -37 -38 38 -40 45 -42 -43 43 51 -46 46 -48 -49 -50 -51 61 -53 -54 -55 -56 -57 -58 -59 -60 -61 -62 -63
leaf_value=-0.019472086994233084 0.0024398929133915928 -0.003601045456828589 0.0067195059283307384 -0.008135024512319183 8.5789920867604299e-05 -0.0042762967393609698 0.0013718291356650404 0.0055074285389822876 -0.0056637979778875183 0.0042747715094916044 -0.012057433793714715 0.00034266321944370794 -0.0019795544719380387 -0.00021310595938168681 -0.0043283487512709535 0.0044518095096767263 -0.0050984707427115241 0.00043486847895410526 -0.0048064385371488286 0.0055006896069719532 0.010195441064402245 -0.0028647520088593437 0.0012138844395511803 -0.016155636411255749 -0.0068801637671223048 0.010559657150848285 -0.010061717158032502 -0.0018378570412520602 0.0086363779617717566 0.013086949608702264 -9.755148183560668e-05 -0.0026974689386357652 -0.00048788462557153674 0.0048153958641526575 -0.0017843336380985457 0.017005715360881839 0.0077599117742887082 -0.00097441515935592707 0.0034351559536182396 0.0015137419157066425 0.0026512435765243436 -0.0013695416870033806 -0.0037148005694988568 -0.00080802177696330914 0.0021648301246720079 -0.0021832024279813899 0.00082346071200917355 -0.0013209630859647419 0.0021204149687909907 -0.00060521204088253438 0.0067724360646576904 -0.00023212903756089631 0.0023733931842079194 0.011663657490134665 0.0033341344131289628 -0.014090421768961496 0.0094938697997182849 0.014067022919792822 0.0050703885247029602 -0.0029374512446382465 -0.0041586666349850204 0.0091786967349443555
leaf_weight=1020 9689 24371 19093 19282 11605 1015 139 1427 24609 16947 3844 36155 36666 122 1769 126 850 2823 13356 19932 619 676 8687 1950 17617 10591 10735 3255 9913 6864 521 1113 785 5027 3023 553 11283 568 7755 11918 364 31547 845 40247 25191 1073 37830 1598 373 461 1355 22880 2147 5326 11573 1746 10904 432 155 20701 22292 1082
leaf_count=1020 9689 24371 19093 19282 11605 1015 139 1427 24609 16947 3844 36155 36666 122 1769 126 850 2823 13356 19932 619 676 8687 1950 17617 10591 10735 3255 9913 6864 521 1113 785 5027 3023 553 11283 568 7755 11918 364 31547 845 40247 25191 1073 37830 1598 373 461 1355 22880 2147 5326 11573 1746 10904 432 155 20701 22292 1082
internal_value=2.61577e-06 -0.00265709 0.00553686 -0.00676762 -0.000897244 0.00821544 0.0090624 0.00313866 -0.00579426 0.00334516 -0.0116486 0.000123225 -0.00227745 0.00789161 -0.00730924 0.0116082 -0.0102855 -1.6884e-05 -0.00483646 0.00454766 0.00800713 0.00224611 0.00182736 -0.0161083 -0.00753591 0.0108463 -0.0105879 -0.00307706 0.00903136 0.01323 -0.00433937 -0.00553544 0.00518427 0.00409911 -0.00320123 0.0133791 0.00710596 0.00389912 0.00313423 0.000681093 -0.00167435 -0.00169744 -0.00051747 -0.000640445 0.00192099 0.000921857 0.000740533 -0.00246894 -0.0014309 -0.00355868 0.00697906 -0.000599293 0.0012723 0.0109291 0.00292663 -0.01518 0.00908553 0.0117868 0.000151488 -0.00279052 -0.00440136 0.00784079
internal_weight=598415 404173 194242 121165 283008 87412 74914 12498 101020 106830 20145 162708 120300 51315 39129 23599 15429 7583 61891 51014 4915 55816 34554 4716 36899 16056 14579 51723 20939 7543 36169 25722 25744 5812 48095 7417 30376 25270 8323 86976 68577 68213 75732 63972 33878 50821 38903 2613 3628 2230 3864 63127 4970 15917 21262 3696 20817 1051 11760 23724 35648 2437
internal_count=598415 404173 194242 121165 283008 87412 74914 12498 101020 106830 20145 162708 120300 51315 39129 23599 15429 7583 61891 51014 4915 55816 34554 4716 36899 16056 14579 51723 20939 7543 36169 25722 25744 5812 48095 7417 30376 25270 8323 86976 68577 68213 75732 63972 33878 50821 38903 2613 3628 2230 3864 63127 4970 15917 21262 3696 20817 1051 11760 23724 35648 2437
is_linear=0
shrinkage=0.05


Tree=4
num_leaves=63
num_cat=0
split_feature=8 8 8 8 8 2 8 14 8 8 8 8 8 8 14 8 14 14 8 7 14 14 8 7 14 8 14 8 8 14 14 14 14 14 8 8 8 7 14 8 8 8 14 8 14 14 14 14 13 14 14 14 14 2 13 14 8 8 14 8 14 2
split_gain=3180.12 1071.66 392.634 207.94 149.24 135.685 80.6078 69.3189 54.9617 47.3933 42.2289 22.8369 21.0182 16.5879 12.5028 10.6285 8.61827 8.15332 7.76584 7.72019 6.92752 6.32312 5.66692 5.38024 8.73855 5.31616 5.23954 4.77206 3.79444 3.78589 3.66517 3.21414 3.19782 3.06063 2.97516 2.8959 2.77128 2.61457 4.72454 2.53126 2.42974 2.28212 2.23218 2.10466 1.89646 1.79891 1.78094 1.74859 1.66735 1.56112 1.55504 1.47481 1.4656 3.09394 1.42518 2.07666 1.42083 1.41835 1.40501 1.37829 1.34177 1.29948
threshold=1.6175000000000004 1.4935000000000003 1.7095000000000002 1.3595000000000004 1.5555000000000001 21.500000000000004 1.7995000000000003 0.081239176395111259 1.4355000000000002 1.6645000000000001 1.2645000000000002 1.5855000000000004 1.5175000000000003 1.7595000000000003 -0.062753853127978196 1.8595000000000004 -0.028211632854578724 -0.091324113235346713 1.4655000000000002 20.500000000000004 0.23413795335978729 0.02901113606810302 1.3995000000000002 20.500000000000004 0.053499587097057717 1.1595000000000002 -0.076734461241158555 1.5355000000000001 1.3095000000000001 -0.076734461241158555 -0.014768831539588299 0.019210217139922773 0.018343537461373852 0.057522772754146974 1.5745000000000002 1.6395000000000002 1.7395000000000003 19.500000000000004 -0.019638412842622018 1.8295000000000001 1.6445000000000001 1.9345000000000001 -0.085638412842621955 1.6855000000000002 0.0052102171399227579 0.15147934460106019 0.055231168460411768 0.02901113606810302 1.54966313260261 0.097228424425597218 0.06752277275414699 0.027228424425597145 -0.0043946701630719334 8.5000000000000018 1.5733002212122036 -0.037704182444719729 1.8455000000000001 1.2195000000000003 -0.039915056539427389 1.7795000000000003 -0.051039000069793221 4.5000000000000009
decision_type=10 10 10 8 10 2 10 2 8 10 10 10 10 10 2 10 2 2 8 2 2 2 10 2 2 10 2 10 10 2 2 2 2 2 10 10 10 2 2 10 10 10 2 10 2 2 2 2 2 2 2 2 2 2 2 2 10 10 2 10 2 2
left_child=1 3 9 10 12 6 13 16 14 19 25 34 32 36 22 26 42 28 30 40 45 58 -5 43 -25 -1 -8 46 -12 -15 -10 -20 -3 -17 49 -23 -4 52 -39 -28 -2 -35 -7 -11 -16 -9 54 -40 -34 -6 -29 -18 -13 61 60 -56 -22 -27 -21 -31 -14 -54
right_child=2 4 5 8 11 7 15 20 18 23 17 37 27 29 44 33 51 -19 31 21 56 35 -24 24 -26 57 39 50 -30 59 -32 -33 48 41 -36 -37 -38 38 47 -41 -42 -43 -44 -45 -46 -47 -48 -49 -50 -51 -52 -53 53 -55 55 -57 -58 -59 -60 -61 -62 -63
leaf_value=-0.018498482461653681 0.0025812838388701203 -0.0032800895648638674 0.0063835306145380889 -0.0078109685230642644 -0.00070113688367799947 -0.0040624818587538065 0.0010136312648832593 0.0052197286296804023 -0.0052950654488670918 0.0043834430880897619 -0.011434523576021011 0.00077448009863948875 -0.0042651893206351243 -0.00020245071468334721 -0.0039642920483355 0.0047880541187104043 0.00074499869292999254 -0.0040709608174862074 -0.0041424598188941298 -0.0040789691672161307 0.0089396380065875861 0.0017555954385120092 -0.0065850158248989352 -0.00073625687288790119 0.0040965303504955876 -0.015347853916577803 0.01002810548596361 -0.0014427365811495547 -0.0095921702465141881 0.0082045589838419652 -0.00075024423725913872 0.00068040951801414599 -0.0018265506432598678 0.012788162172836995 -7.1205165671301771e-05 0.0027691946478425869 0.0073719161251734819 -0.0033489736304375128 2.404259847015692e-05 0.011232248668748827 0.0035292475963060416 0.01618673061265757 -0.0011486892038382011 0.0052514684933027524 0.00017076596533360637 0.0074487486900819055 0.0013574952808574408 0.0007357384401141695 0.0021325058566675071 0.0037032994039385239 0.00081375075290583774 0.0027175230514079728 0.00091274612454413226 0.0052771960208396404 -0.0020798645902171389 0.00046522263568278451 0.012694346005262076 -0.013385899877655753 -0.00045358358605111586 0.0090191763485479495 -0.0022552204576832464 0.0020379779720110258
leaf_weight=1020 14269 34282 19093 18619 49870 1015 146 1440 27068 11083 3861 9852 853 122 1959 112 3372 584 34023 362 419 24648 19092 1046 8844 1950 10600 47436 10120 9913 451 349 1353 4771 32882 9868 11283 760 10354 7419 12844 551 1865 18878 323 2437 355 51851 331 202 776 1318 5668 548 2526 1174 632 1746 1021 10904 31214 4688
leaf_count=1020 14269 34282 19093 18619 49870 1015 146 1440 27068 11083 3861 9852 853 122 1959 112 3372 584 34023 362 419 24648 19092 1046 8844 1950 10600 47436 10120 9913 451 349 1353 4771 32882 9868 11283 760 10354 7419 12844 551 1865 18878 323 2437 355 51851 331 202 776 1318 5668 548 2526 1174 632 1746 1021 10904 31214 4688
internal_value=2.48497e-06 -0.00248624 0.0053408 -0.00642924 -0.000821448 0.00780466 0.00860928 0.00298173 -0.00552816 0.00324703 -0.0111907 0.000147251 -0.00216357 0.00749703 -0.00697283 0.0110278 -2.27072e-05 -0.00985918 -0.00459464 0.00239352 0.0075969 0.00191255 -0.0071903 0.00459659 0.0035854 -0.0153029 0.0104475 -0.00173198 -0.010101 0.00857979 -0.00522058 -0.00409349 -0.0031756 0.0129679 -0.000440714 0.00204538 0.00675066 0.00072983 0.000569403 0.0105239 0.00303035 0.01314 -0.0021756 0.00493037 -0.00337901 0.00662084 -0.0021665 0.000617277 -0.00104838 -0.000683369 -0.00140642 0.00129932 0.00121649 0.00161586 -0.00220148 -0.00127232 0.0111975 -0.014421 -0.00140253 0.00863126 -0.00230869 0.00142212
internal_weight=598415 408140 190275 121165 286975 87412 74914 12498 101884 102863 19281 166675 120300 51315 39993 23599 7570 14565 61891 63012 4928 35899 37711 39851 9890 4716 18165 84334 13981 20939 27519 34372 35966 5434 82954 34516 30376 83721 62965 18019 27113 5322 2880 29961 2282 3877 36122 62205 1684 50072 48212 4690 20756 10904 35767 3700 1051 3696 1383 20817 32067 10356
internal_count=598415 408140 190275 121165 286975 87412 74914 12498 101884 102863 19281 166675 120300 51315 39993 23599 7570 14565 61891 63012 4928 35899 37711 39851 9890 4716 18165 84334 13981 20939 27519 34372 35966 5434 82954 34516 30376 83721 62965 18019 27113 5322 2880 29961 2282 3877 36122 62205 1684 50072 48212 4690 20756 10904 35767 3700 1051 3696 1383 20817 32067 10356
is_linear=0
shrinkage=0.05


Tree=5
num_leaves=63
num_cat=0
split_feature=8 8 8 8 8 2 8 14 8 8 8 8 8 8 8 14 14 14 14 8 8 14 14 7 8 14 8 8 8 14 8 14 8 8 7 14 8 14 8 8 14 7 14 14 14 14 8 8 7 14 7 14 14 8 7 14 8 12 8 14 7 14
split_gain=2872.69 953.164 371.351 187.003 131.393 119.016 82.9293 63.2466 47.2164 40.1033 38.9022 20.89 17.7608 14.5298 12.6835 12.1898 8.02131 7.50336 7.30341 7.19634 5.4083 5.23473 5.16441 5.10994 4.85721 4.82975 4.51278 3.65736 3.58702 3.41209 3.27379 2.953 2.83574 2.5977 2.47159 5.60491 2.4699 2.44471 2.26217 1.99912 1.96375 1.81414 3.35221 1.76192 1.73409 1.64586 1.63281 1.6325 1.59099 2.59629 1.46892 1.73214 1.43524 1.4347 1.34494 1.9056 1.32384 1.31321 1.22096 1.17546 1.73463 1.15433
threshold=1.6145000000000003 1.4895000000000003 1.7045000000000001 1.3685000000000003 1.5545000000000002 21.500000000000004 1.7895000000000001 0.071216323069124635 1.4395000000000002 1.2645000000000002 1.6555000000000002 1.5815000000000003 1.5175000000000003 1.8395000000000004 1.7485000000000002 -0.051575031423965349 -0.1129708332124577 -0.047704182444719738 0.19915643966100907 1.4155000000000002 1.6745000000000003 -0.017269253155800964 -0.0024947878293729571 20.500000000000004 1.1595000000000002 0.0096630253443470444 1.4695000000000003 1.3195000000000003 1.5355000000000001 0.027228424425597145 1.9045000000000003 0.02901113606810302 1.8195000000000003 1.5655000000000003 20.500000000000004 0.070401551326613535 1.5955000000000001 -0.057501076024665469 1.8155000000000003 1.7685000000000002 0.05901113606810305 20.500000000000004 -0.007693015137906877 0.045605329836928117 -0.00078555415250203253 0.047216323069124606 1.3895000000000002 1.7255000000000003 20.500000000000004 0.049214445847498019 19.500000000000004 -0.049988863931896936 -0.053338409968128435 1.6295000000000002 19.500000000000004 -0.021078074717190916 1.2195000000000003 1.465816666666667 1.6325000000000001 -0.071368378156687381 23.500000000000004 0.13040155132661349
decision_type=10 10 10 8 10 2 10 2 8 10 10 10 10 10 10 2 2 2 2 10 10 2 2 2 10 2 10 10 10 2 10 2 10 10 2 2 10 2 10 10 2 2 2 2 2 2 10 10 2 2 2 2 2 10 2 2 10 10 10 2 2 2
left_child=1 3 10 9 12 6 14 17 15 24 23 33 31 21 47 19 27 -7 61 46 48 -8 26 53 -1 -25 -10 -11 45 -15 -31 59 -20 -6 -22 -36 -13 -16 -23 -39 -27 -38 -43 -17 -19 57 -5 -4 -12 -50 -30 -52 -18 -2 -35 -56 -26 -14 -42 60 -3 -9
right_child=2 4 5 8 11 7 13 18 22 16 20 36 28 29 37 43 52 44 32 -21 34 38 -24 25 56 40 -28 -29 50 30 -32 -33 -34 54 35 -37 41 39 -40 -41 58 42 -44 -45 -46 -47 -48 -49 49 -51 51 -53 -54 -55 55 -57 -58 -59 -60 -61 -62 -63
leaf_value=-0.017619341337057819 0.0021873707532123711 -0.0030122654489005522 0.0055607153731534881 -0.0076990190678358347 -0.00083719041637782526 -0.0027519738285896734 0.0015188839994895627 0.0043606907989528045 -0.0047505624039523636 -0.010746467834236627 0.0036911817634039737 0.00029994446179724076 -0.0011215460173541422 0.0038739178792017398 0.00037170475047282206 -0.003150576597152119 -0.0064137317075803769 -3.0966996859232843e-05 0.0075394067750221803 -0.0059016366801807347 0.0047268615983577693 0.008920636790793959 -0.0011414132794992152 -0.002412167895883166 -0.014606165993013148 0.0010875246198307649 -0.003830394395347562 -0.0090410196183252998 -0.00066438974436327722 0.011427668549289132 0.01424773759587368 0.0003277855019709355 0.011339155770838261 0.00034691329308330265 -0.00035514018871983852 0.0041484945386052159 0.0013817268237720874 0.0071169128666417059 0.0099969605348066287 0.0080334007377791342 0.0016539374849116988 -0.0029422165170046814 0.00073507332281559559 0.0025384993840978573 0.0017520792582777418 0.0001035419874993792 -0.0068579993699796078 0.006362898805093946 -0.00096773792070372537 0.0029979106569465504 -0.0040938979569428253 -0.0014554288488111897 -0.002513520899304675 0.0030108543678028527 -0.0030894804810506632 -0.00033479477162681547 -0.012714308313918905 -0.0022042044213174978 0.0023558805731411603 -0.0029967972861232421 -0.0054472820281650236 0.0062346104705445979
leaf_weight=1014 9711 1751 12102 9718 33593 2012 213 1284 29455 4642 12447 36166 3067 139 117 2006 657 2859 1028 19288 20125 10975 1297 716 1962 8647 24331 9739 6124 8656 1168 646 940 7599 785 5760 11873 10908 8793 13091 14167 630 38087 146 2607 860 14210 13326 441 6438 633 35929 368 11616 638 39302 1749 32276 11009 33057 1256 2283
leaf_count=1014 9711 1751 12102 9718 33593 2012 213 1284 29455 4642 12447 36166 3067 139 117 2006 657 2859 1028 19288 20125 10975 1297 716 1962 8647 24331 9739 6124 8656 1168 646 940 7599 785 5760 11873 10908 8793 13091 14167 630 38087 146 2607 860 14210 13326 441 6438 633 35929 368 11616 638 39302 1749 32276 11009 33057 1256 2283
internal_value=1.72873e-06 -0.0024009 0.00499664 -0.0061244 -0.000817096 0.00729009 0.00801575 0.00285747 -0.00524292 -0.0105228 0.00291396 7.61188e-05 -0.00211434 0.0100931 0.00676021 -0.00643739 -0.00928693 -0.00014146 0.00690913 -0.00662028 0.00399084 0.00931539 -0.00425913 0.00202734 -0.0145525 0.00165158 -0.00433431 -0.00959152 -0.00169157 0.0116529 0.011763 -0.00302287 0.00935433 -0.000500625 0.00445237 0.00360833 0.000615475 0.00758169 0.0093994 0.00761684 0.00173761 0.000841043 0.000675237 -0.00276461 0.000819454 -0.00205766 -0.00719957 0.00598111 0.00335392 0.00274368 -0.00138107 -0.00150111 -0.00501346 0.00263589 -0.000262795 -0.000378798 -0.0137145 -0.00211025 0.00196088 -0.00308289 -0.00402935 0.00556006
internal_weight=598432 404069 194363 120582 283487 92501 79488 13013 100451 20131 101862 167888 115599 29944 49544 45368 15406 7478 5535 43216 45996 19981 55083 55866 4725 34539 53786 14381 78889 9963 9824 36710 1968 81132 26670 6545 86756 24116 19768 23999 33823 50590 38717 2152 5466 36203 23928 25428 19326 6879 42686 36562 1025 21327 47539 39940 3711 35343 25176 36064 3007 3567
internal_count=598432 404069 194363 120582 283487 92501 79488 13013 100451 20131 101862 167888 115599 29944 49544 45368 15406 7478 5535 43216 45996 19981 55083 55866 4725 34539 53786 14381 78889 9963 9824 36710 1968 81132 26670 6545 86756 24116 19768 23999 33823 50590 38717 2152 5466 36203 23928 25428 19326 6879 42686 36562 1025 21327 47539 39940 3711 35343 25176 36064 3007 3567
is_linear=0
shrinkage=0.05


Tree=6
num_leaves=63
num_cat=0
split_feature=8 8 8 8 8 2 8 14 8 8 8 8 8 8 14 8 8 14 8 14 14 14 14 8 7 14 8 14 8 8 14 7 14 14 8 7 14 8 8 8 14 8 14 7 14 14 14 7 8 13 14 14 13 14 14 13 14 8 8 14 2 13
split_gain=2592.6 860.23 335.289 168.851 118.582 110.152 66.033 56.5187 44.1395 41.9661 34.5949 18.8532 16.0291 13.5546 11.4625 8.97563 7.73782 7.51457 7.1784 6.87491 5.3155 4.54335 4.48217 4.4347 4.34612 7.15883 3.62948 3.38234 3.26683 2.95767 2.74924 2.60419 3.27817 2.37482 2.34442 2.24359 3.82899 2.1816 1.99382 1.92711 1.8472 1.76246 1.74861 1.73513 1.96875 1.66525 1.64126 1.62803 1.54169 1.49482 1.46062 1.42162 1.34812 1.32371 1.29797 1.26699 1.25132 1.25026 1.24359 1.12828 2.03345 1.11812
threshold=1.6145000000000003 1.4895000000000003 1.7095000000000002 1.3595000000000004 1.5545000000000002 21.500000000000004 1.7995000000000003 0.091273546693540833 1.4455000000000002 1.6645000000000001 1.2645000000000002 1.5815000000000003 1.5175000000000003 1.7545000000000002 -0.041556767729950976 1.8595000000000004 1.4155000000000002 -0.034768831539588201 1.6355000000000002 -0.12088132352990653 0.23413795335978729 -0.037704182444719729 -0.0024947878293729571 1.1985000000000003 20.500000000000004 0.061037225676220615 1.4695000000000003 -0.14484284706093839 1.5345000000000002 1.2995000000000003 0.018343537461373852 19.500000000000004 0.049214445847498019 0.057522772754146974 1.5655000000000003 20.500000000000004 -0.02639467016307195 1.7785000000000002 1.8295000000000001 1.9485000000000003 -0.10048230170487525 1.6895000000000002 0.02901113606810302 20.500000000000004 -0.016336974655652977 -0.098013725119323034 0.02073074684419907 18.500000000000004 1.3855000000000002 1.5603868625758619 0.068582699621322699 -0.062753853127978196 1.5620247581554929 0.035214445847498006 0.10793188840022118 1.5144917558127595 0.17864477115549585 1.7285000000000001 1.8795000000000002 0.046478062820164208 8.5000000000000018 1.5547134964177483
decision_type=10 10 10 8 10 2 10 2 8 10 10 10 10 10 2 10 10 2 10 2 2 2 2 10 2 2 10 2 10 10 2 2 2 2 10 2 2 10 10 10 2 10 2 2 2 2 2 2 10 2 2 2 2 2 2 2 2 10 10 2 2 2
left_child=1 3 9 10 12 6 13 17 14 18 23 34 30 57 16 21 40 45 43 29 56 -8 26 -1 41 -26 -10 -15 47 -12 -3 59 -33 -17 -6 -13 -37 -29 -23 -35 48 -11 61 -2 -45 -7 -19 -14 -5 -32 -30 -21 -24 -16 -36 -42 -9 -4 -22 -20 -61 -38
right_child=2 4 5 8 11 7 15 20 22 24 19 35 28 27 53 33 -18 46 31 51 58 38 52 -25 25 -27 -28 37 50 -31 49 32 -34 39 54 36 42 -39 -40 -41 55 -43 -44 44 -46 -47 -48 -49 -50 -51 -52 -53 -54 -55 -56 -57 -58 -59 -60 60 -62 -63
leaf_value=-0.015644258499639727 0.0021262370156895981 -0.0029666940574421541 0.0054168674022638807 -0.0076385101664128117 -0.00079533090568594173 -0.0038407163344003183 0.0012389462076715149 0.0052725056966579564 -0.0044756482533756135 0.0040832223085776435 -0.010623547975345421 0.001036069191351275 -0.0011913798550859953 -0.0013533993499086653 -0.0025633448502354441 0.0044245602734976474 -0.0055517902167615055 0.00051441211554158661 0.0028077973265085922 -0.0063629491836134644 0.0089750431785898758 0.0090604764490849598 -0.0017014171763219906 -0.012535210234360605 -0.00052386098165786081 0.00372765968108071 -0.0036388746600213395 0.0070781077381413 -0.0013718692594063108 -0.0088223334949234355 -0.001395172701018489 -0.00024258912436563924 0.002381857749853868 0.011608258255504671 -0.00026507371732293835 -0.0034788921867673541 -0.00090660065430487138 0.0079999680872848509 0.010133387392703246 0.015182704500644012 -0.0064607101839348306 0.0048506433017934808 0.00060458774464550223 -0.0031662071640741634 0.0014046573968568023 -0.0012027341759162215 0.0024129377946233641 -0.0021561002903601714 -0.0067304115398568636 0.0035751995505831601 0.0012629726129762533 -0.002542800344536389 0.0032429492588608774 0.0018358205643635114 0.0041772950028605531 -0.0044158959371462282 0.0071191568592910738 0.0061746947526389482 0.01272047963635675 0.0033383733584297914 0.0065907090874886207 0.00020884961319952525
leaf_weight=1960 10724 35023 7970 6848 33593 930 168 2090 27726 15368 2908 20899 5232 106 1500 109 21342 3355 12772 740 726 10572 1131 2765 1116 8779 24331 11418 46482 10538 1519 1298 14282 4975 47374 617 2936 14655 7334 408 2205 14579 52736 238 23150 1677 1723 26643 14721 168 532 363 157 193 165 1154 1635 17162 319 4182 543 9568
leaf_count=1960 10724 35023 7970 6848 33593 930 168 2090 27726 15368 2908 20899 5232 106 1500 109 21342 3355 12772 740 726 10572 1131 2765 1116 8779 24331 11418 46482 10538 1519 1298 14282 4975 47374 617 2936 14655 7334 408 2205 14579 52736 238 23150 1677 1723 26643 14721 168 532 363 157 193 165 1154 1635 17162 319 4182 543 9568
internal_value=1.64231e-06 -0.00228085 0.00474681 -0.00581818 -0.000776241 0.00704582 0.00777005 0.0026919 -0.00500207 0.00287093 -0.0101078 7.23129e-05 -0.00200862 0.00676378 -0.00610274 0.00996103 -0.00625059 3.83205e-05 0.00210853 -0.00890059 0.0069671 0.00942314 -0.00401246 -0.0138249 0.00415664 0.00324816 -0.00408455 0.00756003 -0.00160699 -0.00921189 -0.00287173 0.00263337 0.00216321 0.0117312 -0.000475594 0.000584702 0.000441465 0.00759626 0.00949992 0.0118792 -0.00684887 0.00445682 0.000478541 0.00159961 0.00135814 -0.00214379 0.00115859 -0.00199775 -0.00701873 -0.000900198 -0.00134205 -0.00510573 -0.00109873 -0.00206185 -0.000249655 -0.0057582 0.00608305 0.00593437 0.0101184 0.00305201 0.00371213 -5.30635e-05
internal_weight=598432 404069 194363 120582 283487 87332 74877 12455 101308 107031 19274 167888 115599 51311 47963 23566 46270 7685 67189 14549 4770 18074 53345 4725 39842 9895 52057 26179 78889 13446 36710 33077 15580 5492 81132 86756 65857 26073 17906 5383 24928 29947 65240 34112 23388 2607 5078 31875 21569 1687 47014 1103 1288 1693 47539 3359 3725 25132 1045 17497 4725 12504
internal_count=598432 404069 194363 120582 283487 87332 74877 12455 101308 107031 19274 167888 115599 51311 47963 23566 46270 7685 67189 14549 4770 18074 53345 4725 39842 9895 52057 26179 78889 13446 36710 33077 15580 5492 81132 86756 65857 26073 17906 5383 24928 29947 65240 34112 23388 2607 5078 31875 21569 1687 47014 1103 1288 1693 47539 3359 3725 25132 1045 17497 4725 12504
is_linear=0
shrinkage=0.05


Tree=7
num_leaves=63
num_cat=0
split_feature=8 8 8 8 8 2 8 14 14 8 8 8 8 8 8 13 8 14 14 7 14 14 14 14 14 7 14 8 7 8 14 14 8 8 8 14 13 8 8 8 14 13 14 8 8 13 8 14 14 14 14 2 14 14 14 8 14 14 8 7 14 8
split_gain=2340.05 788.153 288.831 153.516 109.589 99.4118 59.7612 51.0532 43.7379 35.1273 28.3384 16.8753 15.6216 12.4266 11.8579 8.34191 7.96165 6.10376 5.9904 5.65679 5.51077 5.4812 5.37396 4.77662 4.30469 3.92238 6.47926 3.40837 3.11211 3.03885 2.98786 2.82697 2.78592 2.5117 2.37809 2.30177 2.29661 2.25015 2.24826 2.18546 1.97811 1.96593 1.87157 1.86081 1.84421 1.75511 1.73121 1.63949 1.6136 1.61128 1.60938 2.3653 1.53023 1.38889 1.35848 1.32927 1.29018 1.28697 1.24835 1.1972 2.60574 1.16723
threshold=1.6175000000000004 1.4935000000000003 1.7095000000000002 1.3575000000000002 1.5555000000000001 21.500000000000004 1.7895000000000001 0.071216323069124635 -0.091324113235346713 1.6645000000000001 1.2455000000000003 1.5855000000000004 1.5235000000000001 1.4195000000000002 1.8395000000000004 1.54966313260261 1.7545000000000002 -0.055638412842621936 -0.12088132352990653 20.500000000000004 0.19915643966100907 -0.030499862288395182 -0.061362067389807311 0.033499587097057699 -0.017269253155800964 20.500000000000004 0.040329230427327285 1.2995000000000003 18.500000000000004 1.1595000000000002 -0.091324113235346713 -0.007693015137906877 1.8795000000000002 1.3895000000000002 1.8185000000000002 0.047522772754146965 1.5280293241049516 1.6005000000000003 1.5745000000000002 1.6395000000000002 0.017228424425597137 1.5202232939343461 -0.043357582155314704 1.8095000000000001 1.6445000000000001 1.5620247581554929 1.5435000000000001 -0.00078555415250203253 0.051012805713078209 0.048730746844199098 0.051827772603092244 10.500000000000002 -0.00078555415250203253 0.097228424425597218 0.13040155132661349 1.9740000000000004 -0.040789782860077166 -0.060503569110441073 1.4745000000000001 19.500000000000004 1.0000000180025095e-35 1.6855000000000002
decision_type=10 10 10 8 10 2 10 2 2 10 10 10 10 10 10 2 10 2 2 2 2 2 2 2 2 2 2 10 2 10 2 2 10 10 10 2 2 10 10 10 2 2 2 10 10 2 10 2 2 2 2 2 2 2 2 10 2 2 8 2 2 10
left_child=1 3 9 10 12 6 16 17 13 19 29 38 28 33 24 22 -4 -7 27 44 -9 57 41 56 -8 50 -27 -12 49 -1 -30 -16 -33 -5 -22 46 -37 54 53 -25 58 -10 -18 -26 -2 -15 -14 -19 -23 -3 61 -52 -32 -6 59 -34 -21 -17 -24 -13 -61 -11
right_child=2 4 5 8 11 7 14 20 15 25 18 37 35 45 31 21 42 47 -20 23 34 48 40 39 43 26 -28 -29 30 -31 52 32 55 -35 -36 36 -38 -39 -40 -41 -42 -43 -44 -45 -46 -47 -48 -49 -50 -51 51 -53 -54 -55 -56 -57 -58 -59 -60 60 -62 -63
leaf_value=-0.015956161607652113 0.0022055089860539678 -0.0016538239125227722 0.0056376499923158959 -0.0071338114170673766 -0.00060564808207788255 -0.0027901681761509302 0.0013392268160266252 0.0050965056181430969 -0.005333179398594427 0.0035370048716573963 -0.010299530137966875 0.000833757111235511 -0.0016856452054148843 -0.0052389732295066889 0.0029565542844719578 -0.0032871899087700863 0.00072664864023290422 -0.00010975239711430265 -0.0047172371752949279 -0.00369469656513444 0.0066960164503767142 -4.9132281793468927e-05 -0.0041372284324263644 0.0015152791436223462 0.0080071453332427496 -0.00099918827028179047 0.0034864890935761735 -0.0085102833077172375 -0.0060084705149555315 -0.012770481113266278 -0.00278913222305464 0.010072954150489121 0.011618783394257329 -0.0061770603005642036 0.010181649582256884 -0.0006596319765401204 0.0036988419189039516 0.0010331084414637601 -5.6443196695281768e-05 0.0023970200129789171 -0.00061879012477512982 -0.0043300063809885384 0.0070160417090200464 0.0089774608294770561 0.0030285426026864849 -0.0041950874472500392 -0.0011678734217125484 0.001598433440081517 0.0064467260081853195 0.0023078085092540319 0.004508105587232779 0.0070592465451456438 -0.0019989758245055442 0.0035589787429757534 0.0055476373608956357 0.015732004237141602 -0.00026269017427295066 -0.0018661223993717017 -0.0034145641757236094 -0.0021857902692426446 0.00037738844213247721 0.0042916131067472947
leaf_weight=1014 14331 5596 25132 11635 50056 1656 213 3167 9036 8090 3757 15139 38743 12417 122 9709 119 3117 858 346 961 1068 11084 24469 10023 884 9011 9129 672 2860 34236 6956 2673 16714 997 5173 321 24289 32722 9859 516 10628 19682 9745 12963 5959 27677 2557 105 269 6829 1048 7463 201 131 212 1313 1906 12967 1015 42912 13980
leaf_count=1014 14331 5596 25132 11635 50056 1656 213 3167 9036 8090 3757 15139 38743 12417 122 9709 119 3117 858 346 961 1068 11084 24469 10023 884 9011 9129 672 2860 34236 6956 2673 16714 997 5173 321 24289 32722 9859 516 10628 19682 9745 12963 5959 27677 2557 105 269 6829 1048 7463 201 131 212 1313 1906 12967 1015 42912 13980
internal_value=1.56019e-06 -0.0021347 0.00457767 -0.00551196 -0.000704652 0.00669353 0.00738155 0.0025573 -0.00477914 0.00278581 -0.00982723 0.000125973 -0.00185546 -0.00591324 0.0091119 -0.00384978 0.00622842 -0.00011943 -0.00876259 0.00205358 0.00638568 -0.00272503 -0.00417497 0.00164188 0.0084093 0.00394881 0.00308575 -0.00903195 -0.0025516 -0.0136043 -0.00270102 0.010521 0.0106147 -0.00656973 0.00847088 -0.00138854 -0.000404978 0.000627867 -0.000378986 0.00176852 -0.00368189 -0.00479098 0.00697824 0.00848548 0.0025964 -0.00490046 -0.00146989 0.000660045 0.000532338 -0.00147212 0.00423398 0.00484752 -0.00264772 -0.000588992 0.000461593 0.011921 -0.000978467 -0.003054 -0.00374761 0.000450313 0.000318162 0.004015
internal_weight=598432 407977 190455 121362 286615 87332 74877 12455 103744 103123 17618 166465 120150 46725 29944 57019 44933 7330 13744 63281 5125 12788 44231 35987 19981 39842 9895 12886 48236 3874 42371 9963 9841 28349 1958 71914 5494 83486 82979 34328 24567 19664 19801 19768 27294 18376 66420 5674 1173 5865 29947 7877 41699 50257 59197 2885 1659 11615 24051 59066 43927 22070
internal_count=598432 407977 190455 121362 286615 87332 74877 12455 103744 103123 17618 166465 120150 46725 29944 57019 44933 7330 13744 63281 5125 12788 44231 35987 19981 39842 9895 12886 48236 3874 42371 9963 9841 28349 1958 71914 5494 83486 82979 34328 24567 19664 19801 19768 27294 18376 66420 5674 1173 5865 29947 7877 41699 50257 59197 2885 1659 11615 24051 59066 43927 22070
is_linear=0
shrinkage=0.05


Tree=8
num_leaves=63
num_cat=0
split_feature=8 8 8 8 8 2 8 14 8 8 8 8 8 8 14 8 14 14 14 14 8 14 8 8 7 14 14 8 8 8 8 14 14 8 14 7 14 7 14 7 14 8 8 14 7 14 14 7 14 12 14 8 14 14 14 2 14 7 14 14 14 8
split_gain=2112.04 698.382 276.775 121.117 118.755 87.4595 61.3388 46.7578 29.8986 29.4101 24.2944 20.9326 14.944 12.4233 8.56657 7.53599 6.35459 5.44062 5.34268 4.72076 4.45693 4.43188 4.15425 3.63366 3.60154 3.66302 3.16165 3.06961 2.74256 2.66606 2.55576 2.30856 2.30028 2.22868 2.04998 2.04526 3.07091 1.84621 1.83747 1.75096 4.22672 1.61309 1.59871 1.5682 1.50984 2.60811 1.42919 1.37132 2.28324 1.26237 1.25776 1.16824 1.15618 1.13279 1.11446 1.39286 1.11339 1.10487 1.62796 1.09713 1.08737 1.08236
threshold=1.6105000000000003 1.4845000000000004 1.7045000000000001 1.3495000000000001 1.5485000000000002 21.500000000000004 1.7885000000000002 0.091273546693540833 1.4255000000000002 1.6525000000000001 1.2455000000000003 1.5775000000000003 1.5095000000000003 1.8395000000000004 -0.062753853127978196 1.7395000000000003 -0.02465373687487182 -0.011518532007414704 -0.13045057895381326 0.23413795335978729 1.6745000000000003 -0.13045057895381326 1.4555000000000002 1.5945000000000003 20.500000000000004 0.0039318884002210739 0.02901113606810302 1.3895000000000002 1.1595000000000002 1.2995000000000003 1.9065000000000001 0.077536843043799722 -0.017269253155800964 1.8095000000000001 -0.096336974655652927 19.500000000000004 -0.036539844788921465 22.500000000000004 -0.08297083321245767 20.500000000000004 0.072119389748146037 1.5325000000000002 1.5615000000000003 0.05901113606810305 20.500000000000004 0.0096630253443470444 -0.057501076024665469 20.500000000000004 0.010361587157378007 1.465816666666667 0.10793188840022118 1.7685000000000002 0.17864477115549585 -0.020039000069793308 0.095611870834130933 8.5000000000000018 -0.061362067389807311 20.500000000000004 -0.0063369746556529707 0.036986227522251232 -0.041556767729950976 1.8860000000000003
decision_type=10 10 10 8 10 2 10 2 8 10 10 10 10 10 2 10 2 2 2 2 10 2 10 10 2 2 2 10 10 10 10 2 2 10 2 2 2 2 2 2 2 10 10 2 2 2 2 2 2 10 2 10 2 2 2 2 2 2 2 2 2 10
left_child=1 3 9 10 12 6 15 16 14 24 28 35 26 21 27 -4 38 22 29 52 47 -8 60 57 -2 -26 34 -5 -1 -12 32 41 -15 -23 37 50 -37 -3 -7 54 -41 49 -38 -27 -25 -46 -17 -11 -49 53 -6 -48 -9 -14 -22 -56 -20 -13 -59 -18 -10 -21
right_child=2 4 5 8 11 7 13 19 17 20 18 23 31 30 -16 46 59 -19 56 61 39 33 -24 44 25 43 -28 -29 -30 -31 -32 -33 -34 -35 -36 36 42 -39 -40 40 -42 -43 -44 -45 45 -47 51 48 -50 -51 -52 -53 -54 -55 55 -57 -58 58 -60 -61 -62 -63
leaf_value=-0.015158353490971811 0.0022188294854860514 -0.0026770930080482914 0.0050780008528819066 -0.0067407741356202205 -0.00010542857753442117 -0.0033996824036355007 -0.00083089328157225767 0.0046964329116743024 -0.0047069017652265864 0.0031562187437862684 -0.0098007862731136798 0.0005490044512977886 -0.0015983859159667377 0.0025264028375121682 -0.0025331210551447409 0.00041832583357054407 0.00075896120567606391 -0.00094598093241862876 -0.0058763548152650572 0.0081240093929650491 0.003966187182668013 0.0075138192486812212 -0.0037506091102739504 0.0011779578915434106 -0.0023654811616155504 0.0008908714504991278 0.00084837949386899314 -0.005755023401187759 -0.012131956958869747 -0.0081904931890028655 0.012259978124614832 0.0032603893034455506 0.0098021544641223729 0.0085094163441630788 -0.0027610450988638712 -0.0034593102613326462 -0.00093649680979804013 -0.0058347809992567888 -0.00085273642355037293 -0.00029812996058821032 0.0035852033057064861 -0.0013582323045686513 -0.00044733288392350502 0.0016607137480624786 -0.0017671419862009445 0.00062296008986254372 0.0060598932875562186 -0.0022969509100403932 0.0024784501479993078 -0.0019595016496860573 0.0050602092123193596 0.0067842663408413818 0.0064037203855879677 0.00033408583840038105 0.004664686047759505 0.0090514636106885041 -0.0020789008581562451 -0.0022888320021287336 2.9219016159803401e-05 0.0025216807421346819 -0.0029637081351069437 0.011673917412905899
leaf_weight=1014 20728 826 23714 12869 12079 1047 145 2452 23499 13286 3744 11097 2238 110 1736 101 3427 1348 677 743 19082 13193 28311 12717 639 9016 592 20443 2860 8200 1107 242 8746 9794 45008 1036 37101 1053 2188 798 5747 29249 30381 24842 1174 41086 12620 259 7457 31627 119 9958 1665 1147 810 233 270 773 37588 1189 930 302
leaf_count=1014 20728 826 23714 12869 12079 1047 145 2452 23499 13286 3744 11097 2238 110 1736 101 3427 1348 677 743 19082 13193 28311 12717 639 9016 592 20443 2860 8200 1107 242 8746 9794 45008 1036 37101 1053 2188 798 5747 29249 30381 24842 1174 41086 12620 259 7457 31627 119 9958 1665 1147 810 233 270 773 37588 1189 930 302
internal_value=1.48219e-06 -0.00206677 0.00426751 -0.00555312 -0.000824197 0.00625225 0.00687431 0.00245243 -0.00481979 0.00248331 -0.00945206 -4.68203e-05 -0.00210951 0.00851881 -0.00595739 0.0057012 2.21607e-05 -0.00408265 -0.00840864 0.00614868 0.00339312 0.00788304 -0.00416282 0.000420565 0.00169792 0.00138493 -0.00278275 -0.00613584 -0.0129241 -0.00869526 0.00999492 -0.00161396 0.00971178 0.00793801 -0.0028286 -0.00065155 -0.000757746 -0.00444668 -0.00167705 0.00382214 0.00311173 -0.00163231 -0.000716271 0.00145571 0.0007003 0.000556562 0.00635283 0.00284832 0.00231816 -0.00186128 -5.50342e-05 0.00637938 0.0053869 -0.000943572 0.00405318 0.00564467 -0.00479366 0.000109615 -1.74913e-05 0.00121301 -0.00464054 0.00914992
internal_weight=598432 403034 195398 105901 297133 92501 79488 13013 89136 102897 16765 185151 111982 33095 35048 46393 7851 54088 12891 5162 47672 23132 52740 104435 55225 34497 47479 33312 3874 11944 9963 64503 8856 22987 46887 80716 68518 1879 3235 26670 6545 64261 67482 33858 54977 42260 22679 21002 7716 35012 12198 22578 4117 3385 20125 1043 947 49458 38361 4616 24429 1045
internal_count=598432 403034 195398 105901 297133 92501 79488 13013 89136 102897 16765 185151 111982 33095 35048 46393 7851 54088 12891 5162 47672 23132 52740 104435 55225 34497 47479 33312 3874 11944 9963 64503 8856 22987 46887 80716 68518 1879 3235 26670 6545 64261 67482 33858 54977 42260 22679 21002 7716 35012 12198 22578 4117 3385 20125 1043 947 49458 38361 4616 24429 1045
is_linear=0
shrinkage=0.05


Tree=9
num_leaves=63
num_cat=0
split_feature=8 8 8 8 2 8 14 8 8 8 8 8 8 14 8 14 8 14 14 8 8 7 14 7 14 8 8 14 14 14 7 14 14 8 14 14 7 14 14 13 8 7 14 13 13 14 14 14 14 14 14 14 8 14 14 2 14 14 14 14 14 13
split_gain=1907.52 673.902 199.896 150.767 83.8813 71.8273 41.4853 41.1468 37.0296 35.3552 26.5071 10.4288 9.07162 8.20073 7.68004 7.38562 6.34123 5.435 4.9709 4.57639 4.55195 4.17928 6.39706 3.87806 3.8521 3.79765 3.75551 3.46489 3.45426 2.4687 2.25346 3.26715 1.92467 1.92346 1.90215 1.81129 1.8064 2.28185 1.76993 1.61964 1.5349 1.51765 2.47567 1.42279 1.3738 2.02169 1.471 1.37351 1.35345 1.24454 1.2386 1.20287 1.20233 1.15008 1.1253 2.91494 1.27614 1.12314 1.10558 1.07276 1.03588 0.996776
threshold=1.6215000000000004 1.5035000000000001 1.7195000000000003 1.3855000000000002 21.500000000000004 1.5655000000000003 0.091273546693540833 1.8055000000000001 1.4495000000000002 1.2795000000000003 1.6685000000000001 1.5915000000000001 1.5375000000000003 -0.091324113235346713 1.7655000000000001 -0.041556767729950976 1.8595000000000004 -0.028211632854578724 0.019210217139922773 1.1985000000000003 1.4195000000000002 20.500000000000004 0.060329230427327303 20.500000000000004 0.020351305368240039 1.4795000000000003 1.3455000000000001 0.23413795335978729 -0.076734461241158555 -0.13465373687487178 20.500000000000004 -0.016336974655652977 0.089107332273285281 1.6945000000000003 0.037522772754146956 0.057522772754146974 19.500000000000004 -0.016336974655652977 -0.096336974655652927 1.5280293241049516 1.9740000000000004 19.500000000000004 -0.046621137623997659 1.5693813235299068 1.5733002212122036 -0.037704182444719729 -0.06555676772995099 -0.093397014423136623 0.069084943460572604 0.049214445847498019 -0.069831502864130188 0.12198627488067694 1.8295000000000001 0.02901113606810302 0.035605329836928108 8.5000000000000018 0.098637932610192727 0.0052102171399227579 0.030351305368240048 0.13040155132661349 -0.029565502533417273 1.5942176516137458
decision_type=10 10 10 8 2 10 2 10 8 10 10 10 10 2 10 2 10 2 2 10 10 2 2 2 2 10 10 2 2 2 2 2 2 10 2 2 2 2 2 2 10 2 2 2 2 2 2 2 2 2 2 2 10 2 2 2 2 2 2 2 2 2
left_child=1 3 10 9 7 12 17 14 15 19 23 36 34 26 50 20 28 47 25 -1 -5 33 60 54 -25 -10 -11 59 -9 -16 -13 -32 41 -12 44 -18 51 -38 43 -36 -37 -14 -43 -27 46 -46 -3 -6 -26 -44 -4 -7 -30 -33 -2 -56 -57 -17 -19 -8 -23 -40
right_child=2 5 4 8 6 11 27 16 18 13 21 30 32 -15 29 57 35 58 -20 -21 -22 22 -24 24 48 38 -28 -29 52 -31 31 53 -34 -35 39 40 37 -39 61 -41 -42 42 49 -45 45 -47 -48 -49 -50 -51 -52 -53 -54 -55 55 56 -58 -59 -60 -61 -62 -63
leaf_value=-0.013456234084347225 0.0022476868960974688 -0.004161888284547984 -5.5323882583411213e-05 -0.0055322301492930943 -0.0032718892662442303 0.00038533930368812988 0.0036955973813093085 0.00065344143004515795 -0.0035639719512914692 -0.0080658622437928523 0.0035359829784375437 0.001247574791574977 -0.00038413200453783953 -0.0031378859907429217 -0.0010516347180978926 -0.0025263494413979575 0.0037069517565322951 0.00060304434406934686 0.000567114556528236 -0.010462520482225665 -0.0045354192467404282 -0.002489780682724273 0.0032801263704453224 -0.0016519578763440667 0.0011853433666975366 -0.0057037141329964597 -0.0066881601183553119 0.0086924200947062265 0.0078258699137499707 0.006745928747927829 -0.0028740505956851223 1.9892094218257794e-05 0.0032596585609424135 0.0042935005760920469 -0.0008494078542721754 0.010047175024743931 -0.0024736348249150795 -0.00014521107152207024 -0.0027613532144803478 0.0034312461207805555 0.014407723762228021 -0.0035009822369140679 -0.0010573637785213528 -0.0028114777968248445 -0.0016865462201458349 0.00060724367754438338 -0.0019074205801567585 -0.00092038367007314561 0.0019741531493816275 -0.00024782924499804911 0.0054388194396012245 0.00568092574593956 0.0086801909314545966 0.00073367899821236452 0.0026337416513592875 0.0048096175988790865 0.010239054613966283 0.00035712160078961929 0.002315756555817615 0.0058689909894998945 0.00053878530586737414 0.00049176711713986567
leaf_weight=1960 15287 736 103 22762 935 15102 729 153 30040 8838 14467 18388 10593 1261 102 1498 109 3410 915 3661 23051 451 9158 856 7533 932 11234 1045 9391 20951 665 6377 274 19916 2097 5173 1071 59982 36496 247 210 998 57988 782 3493 1325 42749 1849 19553 5171 25284 108 7335 49048 8269 901 123 436 1302 2567 755 237
leaf_count=1960 15287 736 103 22762 935 15102 729 153 30040 8838 14467 18388 10593 1261 102 1498 109 3410 915 3661 23051 451 9158 856 7533 932 11234 1045 9391 20951 665 6377 274 19916 2097 5173 1071 59982 36496 247 210 998 57988 782 3493 1325 42749 1849 19553 5171 25284 108 7335 49048 8269 901 123 436 1302 2567 755 237
internal_value=1.40808e-06 -0.00183477 0.0043413 -0.00460694 0.00618187 -0.000389543 0.00229398 0.00685067 -0.00383118 -0.0079786 0.00281524 0.00034639 -0.00127229 -0.00704907 0.00600207 -0.00490291 0.00861229 4.14208e-05 -0.00309385 -0.0115064 -0.00503068 0.00370947 0.00282934 0.00205338 0.00165041 -0.00314276 -0.00729478 0.00618368 0.00813211 0.00670815 0.000767227 0.000609754 -0.00092325 0.00397477 -0.00178932 0.0100881 -6.45972e-05 -0.000186057 -0.00281365 -0.000398332 0.0102173 -0.000938582 -0.00103013 -0.00438415 -0.00185682 -0.00105573 -0.00194558 -0.00171013 0.00175477 -0.000991085 0.00541653 0.000422941 0.00820052 0.000651553 0.00251146 0.00294537 0.00546179 -0.0018763 0.00107629 0.00538829 -0.000593788 -0.00274036
internal_weight=598432 420515 177917 144103 80648 276412 11837 68811 117149 26954 97269 150741 125671 21333 46440 47747 22371 7496 69402 5621 45813 44747 10364 52522 27942 68487 20072 4341 16879 21053 74478 56090 75024 34383 50647 5492 76263 61053 38447 2344 5383 74750 64157 1714 48303 4818 43485 2784 27086 63159 25387 15210 16726 55425 24580 9293 1024 1934 4712 3296 1206 36733
internal_count=598432 420515 177917 144103 80648 276412 11837 68811 117149 26954 97269 150741 125671 21333 46440 47747 22371 7496 69402 5621 45813 44747 10364 52522 27942 68487 20072 4341 16879 21053 74478 56090 75024 34383 50647 5492 76263 61053 38447 2344 5383 74750 64157 1714 48303 4818 43485 2784 27086 63159 25387 15210 16726 55425 24580 9293 1024 1934 4712 3296 1206 36733
is_linear=0
shrinkage=0.05


Tree=10
num_leaves=63
num_cat=0
split_feature=8 8 8 8 7 8 14 8 8 8 8 8 14 8 14 8 8 14 14 7 14 8 14 8 8 8 14 7 14 14 7 14 8 14 14 14 7 14 14 7 14 14 14 8 13 14 14 7 14 8 13 14 14 14 14 14 3 14 14 13 8 8
split_gain=1722.6 607.977 180.054 135.91 70.7033 64.8969 43.7958 34.8686 32.5838 32.5085 23.9772 10.3952 7.36506 7.20651 6.43284 5.97219 5.73922 5.38431 4.63094 4.50811 4.18231 4.11567 4.04372 3.96496 3.5915 3.44563 3.00124 2.83132 5.53687 2.23934 2.01356 2.82559 1.8319 1.79013 1.7808 1.68983 1.68261 2.19148 1.63777 1.54217 2.06932 1.53365 1.4897 1.34703 1.33193 1.88263 1.32952 1.8377 1.29586 1.29125 1.28599 1.2356 1.22974 1.21692 1.14844 1.12841 1.69037 1.12777 1.11002 1.09999 1.06829 1.03183
threshold=1.6215000000000004 1.5035000000000001 1.7195000000000003 1.3885000000000003 20.500000000000004 1.5645000000000002 0.1018277726030923 1.7995000000000003 1.4495000000000002 1.2795000000000003 1.6745000000000003 1.5915000000000001 -0.091324113235346713 1.5345000000000002 -0.041556767729950976 1.7685000000000002 1.8595000000000004 -0.019638412842622018 0.019210217139922773 20.500000000000004 0.23413795335978729 1.1985000000000003 0.013708424373687246 1.4195000000000002 1.3455000000000001 1.4795000000000003 -0.11820658837140906 20.500000000000004 0.082218138307078151 -0.076734461241158555 19.500000000000004 -0.017269253155800964 1.8755000000000002 0.12576263955926395 0.048481467992585243 0.057522772754146974 19.500000000000004 -0.051039000069793221 -0.10048230170487525 19.500000000000004 -0.041556767729950976 0.078582699621322707 -0.072753853127978205 1.6445000000000001 1.5733002212122036 -0.037704182444719729 0.061827772603092253 8.5000000000000018 0.019549421046186625 1.8285000000000002 1.5693813235299068 0.049214445847498019 -0.071368378156687381 -0.069831502864130188 0.10793188840022118 0.066029166787542351 10.500000000000002 0.040879270866218682 0.097228424425597218 1.5733002212122036 1.9205000000000003 1.6035000000000001
decision_type=10 10 10 8 2 10 2 10 8 10 10 10 2 10 2 10 10 2 2 2 2 10 2 10 10 10 2 2 2 2 2 2 10 2 2 2 2 2 2 2 2 2 2 10 2 2 2 2 2 10 2 2 2 2 2 2 2 2 2 2 10 10
left_child=1 3 10 9 7 13 17 15 14 21 19 33 24 34 23 53 26 42 25 43 -8 -1 -21 -5 -11 -10 -9 46 -29 -17 -13 -32 -22 39 44 -18 54 -38 50 -7 -41 -24 -6 -2 52 -46 -12 -48 -42 -28 -27 -39 -3 -4 -15 -45 -57 -19 -49 -16 -37 -33
right_child=2 5 4 8 6 11 20 16 18 12 27 30 -14 36 59 29 35 57 -20 22 32 -23 41 -25 -26 38 49 28 -30 -31 31 61 -34 -35 -36 60 37 51 -40 40 48 -43 -44 55 45 -47 47 58 -50 -51 -52 -53 -54 -55 -56 56 -58 -59 -60 -61 -62 -63
leaf_value=-0.012782004455469703 0.0020299803951912623 -0.0044641743135117483 -0.0003118288673576899 -0.0052427178752099271 -0.0029318701953150741 0.00034268241606183963 0.0050875900271583775 -0.0007531764030101754 -0.0033903613519378588 -0.0076641213865824001 0.0036984362582617399 0.001180959634739008 -0.0030125620711333001 -0.00040648853636711559 -0.0021452518250333319 -0.00046901702225411761 0.0034732226440090542 0.000749047350340973 0.00054526508650059354 -0.001911974709174796 0.0068993306940154306 -0.0099410161123316999 0.0012562089986846757 -0.0043057747406350282 -0.0063279756642164982 -0.0055668318790127666 0.0072635019438573277 -0.00023077880607554502 0.0033739603220472227 0.0064112763810294975 -0.0025651528296211246 0.00041384870614921297 0.010562347293416889 0.0057298889921653566 0.00087560214373736713 0.0094216347844632981 -0.0035647979023448284 -0.0010697641792138252 -0.0026093363025090316 -0.0035495078497419816 -0.00053149360956985441 0.0019985002426069409 -0.00066155166471497341 0.0025773138600426373 -0.0016109983171515591 0.00066467060239551164 0.003964351023442135 0.0054148920892086389 -4.0272302479610495e-05 0.0081154684224165989 -0.0026900968881205557 -0.0002245008454104875 -0.0018469864182551006 0.0052150930828312111 0.0049778408920392401 0.0032008735640488978 0.0068881118874734555 0.0024915036824260249 0.0093849337305211781 0.0024579305479190748 0.011672130208337468 0.0008461773410118605
leaf_weight=1953 10243 454 100 22180 1081 16023 4179 105 30141 8747 24020 18389 1298 10253 1778 119 112 3232 939 793 997 3671 11466 23001 11833 855 8213 1258 6953 19075 706 29210 519 132 638 4576 849 58741 36927 459 18796 17701 2179 15439 3215 1267 4470 1657 46992 9700 712 4667 39421 24582 100 2498 355 1303 197 140 596 26163
leaf_count=1953 10243 454 100 22180 1081 16023 4179 105 30141 8747 24020 18389 1298 10253 1778 119 112 3232 939 793 997 3671 11466 23001 11833 855 8213 1258 6953 19075 706 29210 519 132 638 4576 849 58741 36927 459 18796 17701 2179 15439 3215 1267 4470 1657 46992 9700 712 4667 39421 24582 100 2498 355 1303 197 140 596 26163
internal_value=9.39381e-07 -0.00174281 0.0041283 -0.00437511 0.00587394 -0.000370125 0.00257065 0.00653727 -0.00362978 -0.00753705 0.00267734 0.000298771 -0.00666548 -0.00124743 -0.00464534 0.00570712 0.00810038 0.000135533 -0.00294229 0.00203929 0.00590369 -0.0109276 0.00161091 -0.00476573 -0.00689587 -0.00299 0.00767544 0.00364537 0.00282168 0.00636862 0.000726926 0.000578043 0.00815336 -8.81594e-05 -0.0017472 0.00954939 -0.000946029 -0.00104134 -0.00267652 -9.74943e-05 -0.000203959 0.00170669 -0.00141438 0.00248906 -0.00178493 -0.000967698 0.00386826 0.00451328 -0.000180617 0.00772485 -0.00425973 -0.00100755 -0.00187678 0.0051927 -0.000354481 0.00274613 0.00365968 0.00124969 0.00583674 -0.00180925 0.00968097 0.000618118
internal_weight=598368 420650 177718 144175 80668 276475 13490 67178 116673 27502 97050 156870 21878 119605 47099 43876 23302 7795 69574 58495 5695 5624 29960 45181 20580 68635 18018 38555 8211 19194 74468 56079 1516 82402 44995 5284 74610 64257 38494 82270 66247 29167 3260 28535 44357 4482 30344 6324 65788 17913 1567 63408 39875 24682 10353 18292 2853 4535 1854 1918 5172 55373
internal_count=598368 420650 177718 144175 80668 276475 13490 67178 116673 27502 97050 156870 21878 119605 47099 43876 23302 7795 69574 58495 5695 5624 29960 45181 20580 68635 18018 38555 8211 19194 74468 56079 1516 82402 44995 5284 74610 64257 38494 82270 66247 29167 3260 28535 44357 4482 30344 6324 65788 17913 1567 63408 39875 24682 10353 18292 2853 4535 1854 1918 5172 55373
is_linear=0
shrinkage=0.05


Tree=11
num_leaves=63
num_cat=0
split_feature=11 13 14 11 14 11 13 14 14 14 11 11 13 11 13 14 13 14 11 13 14 13 14 14 14 14 14 14 14 14 13 14 14 14 2 14 14 14 14 13 14 13 2 13 14 14 14 14 14 2 13 11 14 13 2 13 14 7 14 13 13 11
split_gain=1231.7 538.741 354.329 115.848 76.9232 73.8506 59.3745 54.1878 34.3846 31.7827 22.1635 19.3581 18.7726 15.8067 11.1602 10.2683 9.21773 9.01566 8.19733 7.65352 7.12413 6.92225 6.37008 5.81605 4.37962 4.35854 4.26285 3.97243 3.88074 3.8365 3.77331 3.49973 3.40745 3.38775 3.08051 3.13667 3.05006 3.00693 2.92691 2.64297 2.62187 2.43588 2.40763 2.35227 2.31094 2.29193 2.2785 2.17711 2.14099 2.09207 1.86665 1.85305 1.81581 1.80073 1.78337 1.76106 1.74945 1.73768 1.72611 1.66668 1.63159 1.59032
threshold=1.5745000000000002 1.6127524932844197 -0.074653736874871743 1.7096428571428575 0.062416233772568337 1.3055000000000001 1.5733002212122036 -0.011518532007414704 0.15147934460106019 -0.028211632854578724 1.4307857142857145 1.649071428571429 1.6127524932844197 1.7705 1.5426053357836518 0.022498923975334487 1.5318691884456672 0.047216323069124606 1.1905714285714288 1.5202232939343461 0.031827772603092226 1.5524390734056372 -0.13967041977196723 0.23413795335978729 0.020351305368240039 0.071216323069124635 0.10008565673862514 -0.11820658837140906 0.13040155132661349 0.024361587157378021 1.5450734499456487 -0.017679057904565695 0.0029609999302068206 -0.034768831539588201 16.500000000000004 0.047216323069124606 0.11223586075350268 -0.11649478782937293 -0.040789782860077166 1.5367267329084688 0.019210217139922773 1.5674580698377787 9.5000000000000018 1.5084090432148856 -0.10769301513790684 -0.062753853127978196 -0.013648694631759993 -0.17078978286007715 0.10793188840022118 19.500000000000004 1.5318691884456672 1.2393571428571433 -0.069831502864130188 1.637672227396908 15.500000000000002 1.5318691884456672 0.17864477115549585 22.500000000000004 0.1150388479627701 1.5687603135334347 1.637672227396908 1.7416428571428575
decision_type=10 2 2 10 2 8 2 2 2 2 10 10 2 10 2 2 2 2 10 2 2 2 2 2 2 2 2 2 2 2 2 2 2 2 2 2 2 2 2 2 2 2 2 2 2 2 2 2 2 2 2 10 2 2 2 2 2 2 2 2 2 10
left_child=2 4 5 11 9 18 7 16 14 27 22 20 37 32 48 46 38 19 -1 40 45 29 50 41 -23 44 59 -2 53 -11 -24 -13 47 -18 35 -33 -22 -12 -4 -39 -9 -10 -21 -19 -15 -3 60 -5 -6 -27 -7 -20 -29 -17 -47 -31 -37 -26 -45 -16 -8 -34
right_child=1 3 6 13 8 10 15 17 23 21 12 31 -14 25 26 28 33 43 51 42 36 24 30 -25 57 49 -28 52 -30 55 -32 34 61 -35 -36 56 -38 39 -40 -41 -42 -43 -44 58 -46 54 -48 -49 -50 -51 -52 -53 -54 -55 -56 -57 -58 -59 -60 -61 -62 -63
leaf_value=-0.011760755981882349 -0.0049798187932385933 0.0013021276083217514 -0.0036788947712162196 -0.0025942033116284403 0.00046449898101607527 -0.0067878659505607331 -0.00037426789651205352 -0.00206405414062483 0.0036755835108605583 -0.00097198121872794788 -0.005161691204523121 0.0034641809133685742 -0.00089801221025392311 -8.5109429540655894e-05 0.0014611478631420957 0.0022265494260935667 -0.0024437214418878365 -0.00068779692723896048 -0.0095314013757068095 -0.00025175346198537889 0.0035125736585642359 -0.00014096311982517403 -0.00517971383675493 0.0076933198415386128 0.0016350194927492016 0.0078250679553567275 0.0029457697726327 -0.0027758732168205505 0.0085028591117850636 -0.00064631574920029236 -0.0036462728942839996 0.0038612432572035457 0.005792032944461273 -0.0014972037702707286 0.0059875477009961858 0.0049545313890917639 0.0075149716865835769 -0.0045501791926412993 -0.0027467321427301051 -0.0034672652150408833 -0.0012107940281106027 0.0058853351885842127 -0.00097867694750982336 0.00028111850745698774 0.0069145022521371769 0.0022747443762573603 0.0011482341372670594 0.0047163338817214455 0.0014842720829853161 0.0091424824642684557 -0.0056958030328220924 -0.0078074554578877499 -0.0016347274621676265 0.0049870115502493552 0.003717875575920346 0.0001547935255513549 0.010156703081617995 0.00067520698589573769 0.004206161980043378 0.0023971844233899244 0.00082450050764521551 0.0065761375026648352
leaf_weight=2432 1292 5429 16443 105 20905 6414 7965 17614 4422 15723 5705 8106 5297 120 17818 4888 24490 8173 2353 20515 12402 17299 17647 1587 5709 7464 9811 5775 289 9071 5192 11700 13764 15397 3709 11095 495 9154 17261 14654 18416 1737 25611 16304 6797 15454 7704 3385 6828 5054 10035 4618 8795 672 2485 28146 164 27100 285 6487 4410 12197
leaf_count=2432 1292 5429 16443 105 20905 6414 7965 17614 4422 15723 5705 8106 5297 120 17818 4888 24490 8173 2353 20515 12402 17299 17647 1587 5709 7464 9811 5775 289 9071 5192 11700 13764 15397 3709 11095 495 9154 17261 14654 18416 1737 25611 16304 6797 15454 7704 3385 6828 5054 10035 4618 8795 672 2485 28146 164 27100 285 6487 4410 12197
internal_value=8.92414e-07 0.00220034 -0.00233883 0.00482026 0.000533568 -0.00508716 -0.00122717 -0.00154854 0.00185382 -0.000239143 -0.00455746 0.0035311 -0.00363878 0.0066936 0.00146051 0.00101022 -0.00259274 -0.000829824 -0.00926134 -0.00108189 0.00272287 8.15692e-05 -0.00537143 0.00499426 0.000502792 0.00780036 0.00206608 -0.00232266 0.00285382 -0.000317121 -0.00483112 0.00437399 0.00596323 -0.00207835 0.00465054 0.00443455 0.00366619 -0.00413069 -0.0032015 -0.00388364 -0.00162793 0.00429879 -0.00065537 6.49172e-06 0.00679307 0.00220225 0.000473181 0.00449639 0.000715572 0.00835696 -0.00612163 -0.00838936 -0.00208703 0.00256019 0.00247465 -4.0463e-05 0.00503031 0.000842221 0.000348551 0.00171098 5.29296e-05 0.00616042
internal_weight=598368 308430 289938 119925 188505 83501 206437 180509 69595 118910 74098 71039 34810 48886 61849 25928 73591 106918 9403 82156 36265 103048 39288 7746 50108 19435 34116 15862 5849 52940 22839 34774 29451 39887 26668 22959 12897 29513 33704 23808 36030 6159 46126 24762 6917 23368 20079 3490 27733 12518 16449 6971 14570 5560 17939 37217 11259 32809 16589 24305 12375 25961
internal_count=598368 308430 289938 119925 188505 83501 206437 180509 69595 118910 74098 71039 34810 48886 61849 25928 73591 106918 9403 82156 36265 103048 39288 7746 50108 19435 34116 15862 5849 52940 22839 34774 29451 39887 26668 22959 12897 29513 33704 23808 36030 6159 46126 24762 6917 23368 20079 3490 27733 12518 16449 6971 14570 5560 17939 37217 11259 32809 16589 24305 12375 25961
is_linear=0
shrinkage=0.05


Tree=12
num_leaves=63
num_cat=0
split_feature=11 13 14 11 14 11 14 13 13 14 14 11 11 13 11 13 13 11 14 13 14 13 14 14 14 14 14 14 14 14 14 14 13 14 14 14 14 11 14 13 13 2 2 14 14 13 14 11 11 14 14 14 14 2 11 13 14 13 13 11 13 13
split_gain=1111.79 478.092 328.207 102.33 68.7648 61.7342 61.7058 32.1291 31.1236 30.6033 28.5487 16.7908 16.6151 15.901 14.2656 10.7074 9.00397 7.38213 7.29889 6.6776 6.4691 6.00847 6.00615 5.47558 5.22344 4.63111 4.52495 4.24591 4.03968 3.20304 3.20144 3.07523 2.86379 2.86139 2.80285 2.7498 2.72103 2.41044 2.29826 2.17549 2.12635 2.0014 1.98563 3.03429 1.96485 1.93468 1.92576 1.89263 1.85662 1.79662 1.78394 1.77234 1.76828 1.71611 1.66357 1.64821 1.55249 1.51964 1.51189 1.45592 1.43928 1.42347
threshold=1.5765000000000005 1.6127524932844197 -0.080988863931896846 1.7096428571428575 0.062416233772568337 1.3055000000000001 -0.0063369746556529707 1.5733002212122036 1.5733002212122036 0.14267588676465329 -0.019638412842622018 1.4276428571428577 1.649071428571429 1.6127524932844197 1.7705 1.5318691884456672 1.548003773495507 1.1905714285714288 0.057522772754146974 1.5202232939343461 0.19915643966100907 1.5524390734056372 0.031827772603092226 -0.034768831539588201 0.085611870834130924 -0.13967041977196723 -0.069831502864130188 -0.040789782860077166 0.052306984862093071 0.038675886764653174 0.027228424425597145 0.0029609999302068206 1.5426053357836518 0.032343537461373868 0.027228424425597145 0.090295817555280281 0.11223586075350268 1.8205000000000002 -0.13465373687487178 1.637672227396908 1.5318691884456672 9.5000000000000018 16.500000000000004 -0.037704182444719729 -0.17078978286007715 1.637672227396908 -0.13045057895381326 1.7991428571428574 1.6190714285714287 0.10793188840022118 0.1184814679925852 0.16225525264032251 -0.13465373687487178 15.500000000000002 1.2393571428571433 1.5367267329084688 -0.19648230170487532 1.5547134964177483 1.5084090432148856 1.737214285714286 1.5776445871710891 1.5367267329084688
decision_type=10 2 2 10 2 8 2 2 2 2 2 10 10 2 10 2 2 10 2 2 2 2 2 2 2 2 2 2 2 2 2 2 2 2 2 2 2 10 2 2 2 2 2 2 2 2 2 10 10 2 2 2 2 2 10 2 2 2 2 10 2 2
left_child=2 4 5 12 10 17 7 15 18 16 26 25 22 38 31 27 49 -1 19 34 57 33 48 -17 39 55 46 -4 52 -23 42 44 -27 -12 -8 -18 -24 -30 -13 -10 -40 -21 -14 -44 -5 -9 -2 -22 -3 -6 58 53 -16 -32 -19 -7 -57 -11 -20 -33 -28 -35
right_child=1 3 6 14 9 11 8 45 24 20 21 13 30 -15 28 23 35 54 50 41 47 29 36 -25 -26 32 60 -29 37 -31 51 59 -34 61 -36 -37 -38 -39 40 -41 -42 -43 43 -45 -46 -47 -48 -49 -50 -51 -52 -53 -54 -55 -56 56 -58 -59 -60 -61 -62 -63
leaf_value=-0.011172718261399209 -0.005293998878900614 0.001757071435903787 -0.0035650780769900929 -0.0024644931200669992 0.00056978359669595212 -0.0064383838583740435 -0.0017817093196018916 -0.00036258819150352138 0.0013773660754917601 0.0029784704166238248 -0.00073225088424871639 -0.0055542598298780523 0.0031738237115679323 -0.00095070981393938756 -0.00070496048487257213 -0.0023948101735104693 0.0016214726788800157 -0.0090548314715395619 -0.00049093680587560689 -9.2199378767233265e-05 0.0051620080316000681 0.00021091811495201263 0.0033379269159158134 -0.0013332244614714444 0.0058505634235560293 -0.0050088632785375694 -0.0019297432673034771 -0.0025396921358076885 0.007359507627648261 0.0010647150075911488 0.0044603996931490688 0.0054441491663129327 -0.0035794210424723778 -0.00047257005370782883 -0.00093968059406883495 0.0026397393006619726 0.0071412718689149142 0.0087240196203481335 -0.0046318233679445023 0.0033119553642538923 -0.0036068627886853494 -0.0007597413136173416 0.0031822940111872686 0.0050318501378297451 0.0044805171483875894 0.0008165134302654635 -0.0027112076545151346 0.007639275337338697 0.0026815047980471287 0.0014739640699480956 0.0037680560558907348 0.0091869304874833205 0.0060438038731362789 0.0065108783263627922 -0.0074210440736455427 -0.0061583055393380683 -0.0048791283880532119 0.0046432321771493193 0.00050992919223398633 0.0061958229135431302 -0.00081648533005060321 0.00027634392711529731
leaf_weight=2432 817 13568 19531 105 23921 6512 19715 9278 10642 4252 19182 2446 9096 4768 100 28266 17197 2353 5700 19702 1669 28732 12274 21300 784 15610 6152 20898 11534 17784 15365 11861 4518 9103 19817 10790 489 4499 7520 1683 15469 26107 3948 5059 3385 5566 6188 1433 9057 7132 352 213 3302 1093 4612 4062 5701 2023 11162 14100 5498 20941
leaf_count=2432 817 13568 19531 105 23921 6512 19715 9278 10642 4252 19182 2446 9096 4768 100 28266 17197 2353 5700 19702 1669 28732 12274 21300 784 15610 6152 20898 11534 17784 15365 11861 4518 9103 19817 10790 489 4499 7520 1683 15469 26107 3948 5059 3385 5566 6188 1433 9057 7132 352 213 3302 1093 4612 4062 5701 2023 11162 14100 5498 20941
internal_value=8.47791e-07 0.00213689 -0.00217378 0.00460273 0.000531144 -0.00500725 -0.00119714 -0.00207569 -0.00040082 0.00178508 -0.00021879 -0.00447201 0.0033791 -0.00360046 0.00635892 -0.00243117 0.00136364 -0.0088011 -0.00069406 -0.000883504 0.00443854 0.000129871 0.00261637 -0.00193861 0.00189326 -0.00519512 -0.0020082 -0.00303505 0.00741035 0.000537342 0.00415529 0.00566507 -0.00468801 -0.000255168 -0.00135961 0.00201405 0.00348365 0.0077424 -0.00409717 0.00164154 -0.00394214 -0.000472638 0.00369491 0.00422114 0.00427157 7.95352e-05 -0.00301244 0.00630641 0.00212713 0.000777448 0.00024514 0.00465522 0.00584543 0.00459657 -0.00797299 -0.00582229 -0.00541134 0.00351517 0.000171598 0.0058524 -0.00140436 4.94313e-05
internal_weight=598368 301862 296506 119048 182814 76003 220503 104839 115664 68417 114397 66606 70162 30203 48886 89995 59040 9397 102555 85341 9377 95742 35388 49566 13109 36403 18655 40429 19435 46516 34774 29451 20128 49226 39532 27987 12763 16033 25435 12325 22989 45809 18103 9007 3490 14844 7005 3102 22625 31053 17214 16671 3402 16458 6965 16275 9763 6275 16862 25961 11650 30044
internal_count=598368 301862 296506 119048 182814 76003 220503 104839 115664 68417 114397 66606 70162 30203 48886 89995 59040 9397 102555 85341 9377 95742 35388 49566 13109 36403 18655 40429 19435 46516 34774 29451 20128 49226 39532 27987 12763 16033 25435 12325 22989 45809 18103 9007 3490 14844 7005 3102 22625 31053 17214 16671 3402 16458 6965 16275 9763 6275 16862 25961 11650 30044
is_linear=0
shrinkage=0.05


Tree=13
num_leaves=63
num_cat=0
split_feature=8 8 8 8 8 2 8 14 8 14 8 8 8 8 13 8 8 14 14 14 14 14 14 13 8 14 14 14 8 8 8 13 8 14 14 14 8 14 14 14 13 14 13 13 14 14 13 14 7 14 13 13 13 14 13 13 14 14 14 14 2 8
split_gain=1271.83 397.674 192.385 74.4862 63.1596 50.8728 37.3512 27.7605 22.4595 18.7907 15.4738 10.4497 8.04015 7.69224 5.08082 4.50128 3.89653 3.69103 3.53717 3.48775 3.23597 3.01155 2.89644 2.83996 2.60866 2.51833 2.41489 2.11298 1.93869 1.81 1.77552 1.64793 1.62417 1.58755 1.46735 1.46403 1.44576 1.43466 1.38182 1.37534 3.20592 1.34763 1.40348 1.30601 2.71129 2.25077 1.3035 1.2844 1.22608 1.5447 1.21922 1.15626 1.13532 1.10519 1.10422 1.10066 1.74208 1.34777 0.94706 0.943344 1.18168 0.87421
threshold=1.6055000000000004 1.4855000000000003 1.7045000000000001 1.3575000000000002 1.5455000000000003 21.500000000000004 1.7885000000000002 0.061037225676220615 1.6525000000000001 -0.10249478782937292 1.2455000000000003 1.5755000000000001 1.5145000000000002 1.8455000000000001 1.54966313260261 1.7395000000000003 1.4095000000000002 -0.060503569110441073 -0.13045057895381326 0.19915643966100907 -0.055638412842621936 -0.060503569110441073 -0.017269253155800964 1.5942176516137458 1.6795000000000002 0.020351305368240039 0.07560532983692804 0.039210217139922794 1.1595000000000002 1.9065000000000001 1.2995000000000003 1.5202232939343461 1.8095000000000001 -0.007693015137906877 0.13040155132661349 0.030053586750684706 1.8185000000000002 0.098637932610192727 0.05901113606810305 0.0052102171399227579 1.5818107396984753 -0.10048230170487525 1.5942176516137458 1.5687603135334347 0.0096630253443470444 0.035214445847498006 1.5524390734056372 0.039869307748806489 19.500000000000004 0.06752277275414699 1.5942176516137458 1.54966313260261 1.6049724144486879 0.0077609489224235171 1.5620247581554929 1.5942176516137458 -0.053338409968128435 -0.060503569110441073 0.022218138307078309 0.066029166787542351 9.5000000000000018 1.3795000000000002
decision_type=10 8 8 10 10 2 10 2 10 2 10 10 10 10 2 10 10 2 2 2 2 2 2 2 10 2 2 2 10 10 10 2 10 2 2 2 10 2 2 2 2 2 2 2 2 2 2 2 2 2 2 2 2 2 2 2 2 2 2 2 2 10
left_child=1 3 8 10 12 6 15 20 23 16 28 39 27 22 21 -4 61 -16 30 -9 -7 31 -8 25 48 -2 35 41 -1 33 -12 -11 -21 -15 43 -25 -24 55 -27 46 51 42 -3 44 -13 -45 -6 -19 59 -50 -43 -41 -47 -23 -18 57 -57 -14 -53 -10 -61 -5
right_child=2 4 5 9 11 7 13 19 24 14 18 34 37 29 17 -17 54 47 -20 32 -22 53 36 26 -26 38 -28 -29 -30 -31 -32 -33 -34 -35 -36 -37 -38 -39 -40 40 -42 50 -44 45 -46 52 -48 -49 49 -51 -52 58 -54 -55 -56 56 -58 -59 -60 60 -62 -63
leaf_value=-0.011908895284532831 -0.0012049450592711941 -0.0047864921036671892 0.0039291614513423875 -0.005453156392879693 -0.0014385211286193429 -0.0020398964512550804 0.00072758309923264452 0.0036735425764246698 0.0023818020780004786 -0.00408882905118408 -0.0076141156448774052 -0.0014764959720346641 -0.0031602549503058799 0.0016928002627698325 -0.0026273732818688821 0.0049147445320340587 -0.0042363232923081119 -0.00064746332596394012 -0.0036721154322322692 0.0047596138882711782 0.00047282415554021281 -0.002900240804096431 0.0058770045149819476 0.0013984742681379103 0.0030539345851316301 0.00067535216523720786 0.0060943691593826205 0.0015468584098316451 -0.0093735283276861273 0.009736624340754103 -0.0063137712173205636 -0.003293548992070832 0.0076614218178839818 0.0076609796680282456 0.0046416564037300356 0.002410359671390742 0.0066758797885957087 0.0043563364295132329 0.0012538252311840984 -0.00053338243953449734 0.0038032477150827778 -0.0021433754371581269 -0.0019746513564199556 0.00039488370363468844 0.0001957601688937643 0.0016323233339750804 -0.00061434841102741482 0.0045968703478877623 5.9649317913152669e-05 0.0020752609405654291 0.0006468265961141501 -0.00028272742603817298 0.0052654905252567325 -0.00062932089748152383 -0.003293221009698795 -0.0012444414154364316 0.0012607776804907361 -0.0012994684478767251 0.00071086169633104981 0.0030897673406657215 0.0071285280481058078 -0.0047778281859258281
leaf_weight=1026 1239 983 23706 7196 6617 1662 245 3768 14500 12479 3719 2515 990 113 7474 22657 9968 2298 1047 917 5594 17189 14359 13237 20655 14842 314 385 2844 1103 8925 13627 1017 7996 190 4897 9352 113 33909 46428 452 44406 809 20312 66900 2319 17447 123 1075 8210 395 7454 237 553 4507 1951 1077 57032 3536 2940 193 14345
leaf_count=1026 1239 983 23706 7196 6617 1662 245 3768 14500 12479 3719 2515 990 113 7474 22657 9968 2298 1047 917 5594 17189 14359 13237 20655 14842 314 385 2844 1103 8925 13627 1017 7996 190 4897 9352 113 33909 46428 452 44406 809 20312 66900 2319 17447 123 1075 8210 395 7454 237 553 4507 1951 1077 57032 3536 2940 193 14345
internal_value=8.054e-07 -0.00168495 0.00315295 -0.00427603 -0.000700783 0.00485396 0.00532729 0.00194882 0.00179683 -0.00369338 -0.00725408 -0.000112133 -0.00165014 0.00660839 -0.00310116 0.0044108 -0.00457711 -0.00207776 -0.00646498 0.00455948 -0.000102719 -0.0033321 0.00613621 0.0012168 0.00263126 0.00102114 0.00174701 -0.00214207 -0.0100457 0.0078363 -0.00669624 -0.0036737 0.00628554 0.00757781 0.000252171 0.00167173 0.00619209 -0.0012723 0.00107771 -0.000523298 -0.000391198 -0.00217255 -0.00351708 0.000243134 0.000135172 0.000570848 -0.000840975 -0.000381023 0.00230693 0.0018419 -0.00211877 -0.000424218 0.0019692 -0.00282946 -0.00394267 -0.00128272 -0.000353384 -0.00133122 3.69569e-05 0.0025518 0.00333856 -0.00500343
internal_weight=598368 389868 208500 107320 282548 92489 79531 12958 116011 89759 17561 174407 108141 33168 53743 46363 36016 9895 13691 5702 7256 43848 23956 68438 47573 49990 18448 46978 3870 9212 12644 26106 1934 8109 92473 18134 23711 61163 48751 81934 57870 46593 1792 92283 69415 22868 24064 2421 26918 9285 44801 57418 2556 17742 14475 61050 3028 58022 10990 17633 3133 21541
internal_count=598368 389868 208500 107320 282548 92489 79531 12958 116011 89759 17561 174407 108141 33168 53743 46363 36016 9895 13691 5702 7256 43848 23956 68438 47573 49990 18448 46978 3870 9212 12644 26106 1934 8109 92473 18134 23711 61163 48751 81934 57870 46593 1792 92283 69415 22868 24064 2421 26918 9285 44801 57418 2556 17742 14475 61050 3028 58022 10990 17633 3133 21541
is_linear=0
shrinkage=0.05


Tree=14
num_leaves=63
num_cat=0
split_feature=8 8 8 8 8 2 8 14 14 8 8 8 8 13 8 14 8 8 14 14 8 8 7 14 14 7 14 14 14 14 8 8 14 13 14 14 14 14 14 14 8 14 14 8 13 13 14 14 14 2 13 14 8 8 14 8 14 14 8 8 14 14
split_gain=1148.46 405.522 118.665 78.1946 58.8167 48.8308 25.0476 24.6324 18.4362 18.3837 15.515 9.64507 7.3437 4.80068 4.6507 4.28773 4.1763 4.0872 3.91477 3.64445 2.91663 2.86566 2.85368 2.8965 2.3164 1.92681 3.94828 1.81287 1.69891 1.65043 1.58622 1.58602 1.41366 1.39548 2.25756 1.9862 1.297 1.28606 1.24538 1.19772 1.15105 1.14652 1.12724 1.10066 1.09996 1.07103 2.00128 1.61865 1.04072 1.3781 1.02476 1.57441 0.987399 0.933108 0.916344 0.895597 0.895333 0.867588 0.857718 0.822058 0.794895 0.778668
threshold=1.6245000000000003 1.4975000000000003 1.7195000000000003 1.3775000000000002 1.5615000000000003 21.500000000000004 1.8055000000000001 0.1100111360681031 -0.091324113235346713 1.2795000000000003 1.6745000000000003 1.5285000000000002 1.5915000000000001 1.54966313260261 1.7695000000000001 -0.10249478782937292 1.8695000000000002 1.4255000000000002 -0.014768831539588299 -0.049988863931896936 1.4595000000000002 1.1595000000000002 20.500000000000004 0.039210217139922794 0.011986274880676941 20.500000000000004 0.082218138307078151 0.047216323069124606 0.077536843043799722 0.23413795335978729 1.5455000000000003 1.3355000000000004 -0.076734461241158555 1.5687603135334347 0.025119389748145985 0.072498923975334542 0.12576263955926395 0.049663025344347085 -0.074653736874871743 0.069673381597143216 1.5085000000000002 -0.021753853127978281 -0.10249478782937292 1.9740000000000004 1.5620247581554929 1.5733002212122036 -0.0049464132493153281 0.033499587097057699 0.072119389748146037 8.5000000000000018 1.6907371699262386 0.061037225676220615 1.8295000000000001 1.2195000000000003 0.16225525264032251 1.6455000000000002 -0.049988863931896936 0.12198627488067694 1.6485000000000001 1.9185000000000001 -0.0095984486733865487 0.031012805713078188
decision_type=10 10 10 8 8 2 10 2 2 10 10 10 10 2 10 2 10 10 2 2 8 10 2 2 2 2 2 2 2 2 10 10 2 2 2 2 2 2 2 2 10 2 2 10 2 2 2 2 2 2 2 2 10 10 2 10 2 2 10 10 2 2
left_child=1 3 10 9 11 6 14 18 17 21 22 27 36 20 38 31 24 -5 42 -15 41 -1 54 56 -8 48 60 40 30 -9 -13 -11 -16 34 -14 61 45 -21 -4 -18 -3 -10 -7 -41 -19 46 -6 -47 -12 -50 -40 -52 -26 -23 58 -25 -24 -51 -2 -31 -27 -35
right_child=2 4 5 8 12 7 16 29 13 15 25 28 33 19 32 -17 39 44 -20 37 -22 53 23 55 52 26 -28 -29 -30 59 -32 -33 -34 35 -36 -37 -38 -39 50 43 -42 -43 -44 -45 -46 47 -48 -49 49 57 51 -53 -54 -55 -56 -57 -58 -59 -60 -61 -62 -63
leaf_value=-0.011313450280903768 0.0016705773448232545 -0.002019734504807465 -0.0010298081335972425 -0.0044404721270382341 -0.0017612605551067643 -0.0025780729064129801 0.0012154233007432022 0.0044312268087310881 -0.0033781011362847852 -0.0064764636309527848 0.0030371306254661427 -0.0011006899370197454 -0.00096217745074627368 -0.0021970700907597627 -0.0004952499833667562 -0.0027663808034094099 0.0028289678368663179 -0.0037184739141919994 0.0012308416822026339 -0.00029314228968118727 -0.0025150902819310308 -0.009222509377971741 -0.0032531412751895597 0.0012169012484100003 0.0060670689636244998 -0.0018709799497131471 0.0027597599024496212 0.0012893646351996282 0.0016977416704613451 0.006273455995680125 -0.0006725307033519668 -0.0054619063216555762 0.0053238604673569757 0.00066844477116964878 0.00053382013670306234 0.0041772984372302402 0.0048523821927523034 0.0050851733431729502 0.0038080222915854267 0.0080914973631777895 -0.0015361611438345947 -0.0014152978844146442 -0.00051221588003063658 0.011839087774464185 -0.0028749483021869729 0.0001879740607663902 -0.00012018665619146432 0.0025030126744394264 0.0032844769708281819 0.0048066025096377574 0.0042775774960221169 0.0054821420460939409 0.0068037297725147541 -0.0077808510911621803 0.0055427982950130026 0.0017962363965506321 -0.00018194059020246346 0.0091845938622951515 0.0022357813982510273 0.010883066272018134 0.00071130818230490643 0.0013206230856228323
leaf_weight=1026 11103 22185 111 24316 1909 871 216 2928 21241 6252 26004 40490 2655 11009 105 1210 103 11535 4233 2223 24338 1946 290 16543 9391 485 6953 495 648 926 46445 10035 17364 15491 50280 461 133 117 8314 3662 27634 771 2730 207 5812 11729 69224 807 3020 1195 17362 3215 8822 2652 185 11179 1306 125 16974 108 773 6496
leaf_count=1026 11103 22185 111 24316 1909 871 216 2928 21241 6252 26004 40490 2655 11009 105 1210 103 11535 4233 2223 24338 1946 290 16543 9391 485 6953 495 648 926 46445 10035 17364 15491 50280 461 133 117 8314 3662 27634 771 2730 207 5812 11729 69224 807 3020 1195 17362 3215 8822 2652 185 11179 1306 125 16974 108 773 6496
internal_value=7.65134e-07 -0.00141782 0.00338322 -0.0038135 -0.00041399 0.00479731 0.00530642 0.00182482 -0.00321499 -0.00643734 0.00219664 -0.00116988 0.00024081 -0.00265167 0.00464439 -0.00563802 0.00667979 -0.00402219 0.000199936 -0.00181618 -0.00289229 -0.00892415 0.00167687 0.00133127 0.00636285 0.00297289 0.00229339 -0.00172159 -0.000852934 0.00503766 -0.000871946 -0.00585136 0.00528888 0.000598879 0.000458787 0.000929231 -8.12869e-05 -2.42265e-05 0.00425619 0.00815034 -0.0017515 -0.00330935 -0.0010119 0.008292 -0.00343586 -8.91294e-05 -0.000164228 0.000337004 0.00315676 0.00387352 0.0042765 0.00446578 0.00642389 -0.008391 0.00203538 0.00145052 -0.000739991 0.00522119 0.00201227 0.00675492 -0.000284248 0.000861129
internal_weight=598368 421565 176803 124483 297082 80668 68872 11796 101362 23121 96135 137897 159185 59699 46471 17497 22401 41663 7834 13349 46350 5624 57580 29318 18429 38555 8211 50314 87583 3962 86935 16287 17469 75383 52935 22448 83802 2340 29002 3972 49819 22012 3601 3869 17347 83669 71133 12536 30344 4340 28891 20577 18213 4598 28262 27722 1596 1320 28077 1034 1258 21987
internal_count=598368 421565 176803 124483 297082 80668 68872 11796 101362 23121 96135 137897 159185 59699 46471 17497 22401 41663 7834 13349 46350 5624 57580 29318 18429 38555 8211 50314 87583 3962 86935 16287 17469 75383 52935 22448 83802 2340 29002 3972 49819 22012 3601 3869 17347 83669 71133 12536 30344 4340 28891 20577 18213 4598 28262 27722 1596 1320 28077 1034 1258 21987
is_linear=0
shrinkage=0.05


Tree=15
num_leaves=63
num_cat=0
split_feature=8 8 8 8 8 2 8 14 8 14 8 8 8 8 13 8 8 14 14 14 14 14 14 8 8 14 8 8 8 14 8 13 13 14 13 14 13 13 14 14 13 14 14 14 13 13 13 14 14 13 7 14 8 13 14 14 14 14 14 2 8 13
split_gain=1034.86 324.089 156.882 59.3682 53.0758 41.5248 30.4007 23.1041 18.121 17.1866 10.3252 8.38786 7.18947 6.31936 4.37181 3.90781 3.67134 3.00115 2.9627 2.69862 2.5034 2.39942 2.37961 2.36015 2.15181 1.87359 1.61695 1.52429 1.42232 1.3469 1.33407 1.29436 1.28247 1.23771 1.23415 1.19641 2.82549 1.23438 1.18881 1.1546 1.08556 2.32864 1.96477 1.08065 1.09814 1.04112 1.00884 1.66749 0.995296 2.51062 0.992575 1.34243 0.989334 0.950654 1.19094 0.876121 0.857319 0.82691 0.815716 1.05378 0.798104 0.782949
threshold=1.6055000000000004 1.4795000000000003 1.7045000000000001 1.3455000000000001 1.5475000000000001 21.500000000000004 1.7885000000000002 0.061037225676220615 1.6525000000000001 -0.10249478782937292 1.2455000000000003 1.5755000000000001 1.5095000000000003 1.8495000000000001 1.54966313260261 1.3995000000000002 1.7455000000000003 -0.069831502864130188 0.19915643966100907 -0.06555676772995099 -0.17078978286007715 -0.13045057895381326 -0.069831502864130188 1.6325000000000001 1.6795000000000002 0.0092102171399227623 1.1595000000000002 1.8185000000000002 1.8095000000000001 0.06752277275414699 1.9345000000000001 1.5112574375265824 1.5392767299445389 0.13040155132661349 1.5942176516137458 0.011216323069124569 1.5818107396984753 1.54966313260261 -0.0024947878293729571 -0.007693015137906877 1.5687603135334347 0.014708424373687136 0.042498923975334509 -0.096336974655652927 1.5687603135334347 1.5524390734056372 1.5687603135334347 -0.031556767729951078 -0.018539844788921452 1.5620247581554929 19.500000000000004 0.06752277275414699 1.2995000000000003 1.5733002212122036 0.038675886764653174 -0.00078555415250203253 -0.034768831539588201 0.053499587097057717 0.066029166787542351 8.5000000000000018 1.3795000000000002 1.6049724144486879
decision_type=10 10 8 8 10 2 10 2 10 2 10 10 10 10 2 10 10 2 2 2 2 2 2 10 10 2 10 10 10 2 10 2 2 2 2 2 2 2 2 2 2 2 2 2 2 2 2 2 2 2 2 2 10 2 2 2 2 2 2 2 10 2
left_child=1 3 8 10 12 6 16 19 23 15 26 35 25 20 22 60 -4 -16 -9 -7 -8 52 31 53 50 43 -1 -22 -20 48 39 -11 -27 40 -19 46 37 -37 -24 -15 41 56 -42 44 -3 -17 47 -6 -14 -50 58 -52 -12 54 -2 -21 -13 -55 -10 -60 -5 -44
right_child=2 4 5 9 11 7 13 18 24 14 21 33 29 30 17 45 -18 34 28 55 27 -23 38 -25 -26 32 -28 -29 -30 -31 -32 -33 -34 -35 -36 36 -38 -39 -40 -41 42 -43 61 -45 -46 -47 -48 -49 49 -51 51 -53 -54 57 -56 -57 -58 -59 59 -61 -62 -63
leaf_value=-0.010775220476510097 -0.00037251802906070297 -0.0043786143317508198 0.0035702825815835172 -0.0050067357199343335 -0.0030778551115097346 -0.002067716277617199 -0.0021492640870677021 0.003323627254379017 0.0021384626372521216 -0.0040996944191104652 -0.0068869472596353168 -0.003163571321736221 -0.0014599289905844106 0.0017499220960065815 -0.0024280689145011886 -0.0040039911446142001 0.0044641298638195496 -0.00075679026346684754 0.0042882282603755517 -0.00014073489183063969 0.0052855758610991545 -0.0031320523638932425 -0.0027490730825371224 0.001521005397608141 0.0027543254824263642 -0.001191752589269774 -0.0084487715837173235 0.0060661127109647803 0.0069931393395568919 0.001767092667965077 0.009652192635272977 -0.0031898303067027928 0.0016341500594693106 0.0043029066913067085 0.0034786255638723758 -0.00046011943516505893 0.0039059961693389913 0.00023143166051771337 -0.00070692344988128265 0.0071349140759278994 0.00039593005411562508 0.0001933404647196772 0.0018567888302144888 -0.0019708894485031226 -0.0020111116540996589 -0.0032323109434480046 -0.00030295390644293174 -0.00082843504936198518 -0.0011090751428922947 0.00077586836708330373 -7.0468796237227212e-06 0.0018744297383565004 -0.0058655511483120234 0.0011175124311719987 0.00083371486818737024 0.0010985836909163155 -0.00079564780565894236 0.0023870429010214426 0.0026695600479962698 0.0053758833180349991 -0.0043852863268224046 0.0054503822917042425
leaf_weight=1013 2191 960 24932 9861 861 1408 104 3789 14528 5336 3732 428 19402 101 6624 10137 21304 2636 917 3468 14426 662 21570 22465 20643 1847 2843 11043 1034 395 533 14614 513 186 184 42649 392 7603 737 6889 21351 65504 1334 44163 1000 7684 9657 19109 42054 1844 1072 8200 6500 11608 30982 2422 3576 1442 2699 415 10852 171
leaf_count=1013 2191 960 24932 9861 861 1408 104 3789 14528 5336 3732 428 19402 101 6624 10137 21304 2636 917 3468 14426 662 21570 22465 20643 1847 2843 11043 1034 395 533 14614 513 186 184 42649 392 7603 737 6889 21351 65504 1334 44163 1000 7684 9657 19109 42054 1844 1072 8200 6500 11608 30982 2422 3576 1442 2699 415 10852 171
internal_value=-1.5536e-07 -0.00152067 0.0028423 -0.00389553 -0.00064585 0.00438047 0.00481024 0.00176544 0.00162004 -0.00341481 -0.00683639 -9.61167e-05 -0.00149277 0.00596713 -0.00281908 -0.0042141 0.00398214 -0.0018465 0.00413875 -0.000101212 0.00559239 -0.00604935 -0.00303644 0.00110059 0.00237029 -0.00195157 -0.00905995 0.00562401 0.00572179 -0.00114354 0.00724097 -0.00343319 -0.000577478 0.000228289 -0.000480437 -0.000470147 -0.000322504 -0.00035549 -0.0026816 0.00705711 0.000220084 0.000121789 0.000519009 -0.00202188 -0.0031707 -0.00367126 -0.000722524 -0.000925418 -0.0011617 -0.0010299 0.00207574 0.0016569 -0.00623809 0.000896267 0.000754046 0.00036888 -0.00104876 0.00125779 0.00229587 0.00303023 -0.00468114 0.0022651
internal_weight=598599 389984 208615 104985 284999 92370 79332 13038 116245 90235 14750 172821 112178 33096 51701 38534 46236 9444 5740 7298 25573 10894 42257 68688 47557 48483 3856 25469 1951 63695 7523 19950 2360 92550 2820 80271 50644 50252 22307 6990 92364 69508 22856 46123 1960 17821 29627 19970 63300 43898 26914 9272 10232 46223 33173 5890 4004 13050 17642 3114 20713 1505
internal_count=598599 389984 208615 104985 284999 92370 79332 13038 116245 90235 14750 172821 112178 33096 51701 38534 46236 9444 5740 7298 25573 10894 42257 68688 47557 48483 3856 25469 1951 63695 7523 19950 2360 92550 2820 80271 50644 50252 22307 6990 92364 69508 22856 46123 1960 17821 29627 19970 63300 43898 26914 9272 10232 46223 33173 5890 4004 13050 17642 3114 20713 1505
is_linear=0
shrinkage=0.05


Tree=16
num_leaves=63
num_cat=0
split_feature=8 8 8 8 8 13 14 14 8 14 8 8 8 14 7 14 13 8 8 14 14 8 14 14 13 14 14 14 14 8 8 14 14 13 13 14 13 14 7 13 14 14 13 13 13 14 14 13 14 13 14 13 7 14 13 8 14 13 3 14 13 14
split_gain=933.959 292.49 141.586 53.6094 47.9009 36.9715 30.2014 18.3789 16.3542 13.2507 11.3471 7.57004 6.48983 5.52086 5.46655 4.09312 3.84359 3.83623 2.84147 2.65375 2.52683 2.5138 2.27769 2.23881 2.20508 2.11808 2.0572 2.04691 2.00363 1.94201 1.89693 1.86006 1.74505 1.4509 1.35662 1.24207 1.53661 1.22519 1.15461 1.12903 1.11704 1.10748 1.59375 1.03091 0.98516 2.11322 1.88063 1.03582 0.977122 0.965828 0.917894 1.20817 0.901486 1.52969 0.899571 0.893247 0.887376 0.874209 0.862854 1.94046 0.831073 1.17801
threshold=1.6055000000000004 1.4795000000000003 1.7045000000000001 1.3575000000000002 1.5475000000000001 1.6907371699262386 0.025119389748145985 0.052306984862093071 1.6525000000000001 -0.10249478782937292 1.2645000000000002 1.5755000000000001 1.5145000000000002 0.19915643966100907 15.500000000000002 -0.17078978286007715 1.54966313260261 1.7655000000000001 1.4095000000000002 -0.060503569110441073 -0.1129708332124577 1.8555000000000004 0.10008565673862514 -0.061362067389807311 1.5942176516137458 -0.060503569110441073 0.048730746844199098 0.1150388479627701 0.035605329836928108 1.6795000000000002 1.1595000000000002 0.065214626695512604 0.018630474422713931 1.637672227396908 1.5112574375265824 0.037522772754146956 1.558709477621917 -0.016336974655652977 18.500000000000004 1.5942176516137458 0.13040155132661349 0.06752277275414699 1.5318691884456672 1.5942176516137458 1.5733002212122036 0.0086131374241383857 0.025119389748145985 1.6235503479834801 0.038675886764653174 1.5603868625758619 -0.091324113235346713 1.5693813235299068 20.500000000000004 0.010361587157378007 1.5733002212122036 1.3195000000000003 0.10538427610798919 1.5942176516137458 12.500000000000002 -0.036539844788921465 1.5942176516137458 -0.060503569110441073
decision_type=10 10 10 8 8 2 2 2 10 2 10 10 10 2 2 2 2 10 10 2 2 10 2 2 2 2 2 2 2 10 10 2 2 2 2 2 2 2 2 2 2 2 2 2 2 2 2 2 2 2 2 2 2 2 2 10 2 2 2 2 2 2
left_child=1 3 8 10 12 6 23 15 24 18 30 41 32 31 27 -7 25 -17 -5 -18 55 54 38 -4 26 34 37 -9 -26 52 -1 -8 50 -30 -11 60 -37 -2 -16 -33 44 58 -43 -21 45 -13 -46 -48 -27 -34 51 -3 -10 -54 -15 -12 -41 -52 -6 -60 61 -14
right_child=2 4 5 9 11 7 13 14 29 16 20 40 35 21 22 17 19 -19 -20 43 -22 -23 -24 -25 28 48 -28 -29 33 -31 -32 39 49 -35 -36 36 -38 -39 -40 56 -42 42 -44 -45 46 -47 47 -49 -50 -51 57 -53 53 -55 -56 -57 -58 -59 59 -61 -62 -63
leaf_value=-0.010236459193605912 -0.0021623921250439595 -0.0040451699422860967 -0.0019184916087479711 -0.004294441598528191 -4.6573697554304469e-05 -0.0026561020319616742 0.002496501116089774 0.00471640192409722 0.0021794474845328537 -0.0037640779759107882 -0.0061654262320807555 -0.0013182124686453136 -0.002889095883949395 0.0039450614881396543 0.0056218446501507292 0.0036174975237600049 -0.0022470771792941955 0.0047126454369258086 -0.0033860636554637114 -0.00059038570740961376 -0.0025688180750714062 0.0076006246384799706 0.0073675548521214664 0.00026898686455470704 0.0012250320347491842 -0.0024883163914576167 0.0010278151271024695 0.0065950209599651213 0.0020683064612999204 0.0026166092120061147 -0.007793860684422233 0.002793581563916573 -0.00065204199384950477 0.0046249077575628737 -0.0029458494899890072 -0.00051818309422692755 0.0044515163102187214 0.00034568130321372857 0.0065802257152712783 0.0035085844982532619 0.0040877613791024253 6.2018566452606163e-05 0.0041460983714912518 0.00350998187860982 0.00032976320670729392 0.00017696091793432679 0.0014621936377696727 0.0049403365939221485 0.0004602686098758034 0.003092088399338536 -0.0018652904588725525 -0.001825607679622346 -0.0017737860450164811 0.001693590024044965 0.006071529859001782 -0.0052844715564218589 0.0044978734980073588 0.00082498433639557336 -0.0027827586446076847 -0.00052629438835485984 -0.00034914193772942663 -0.0011644649190606753
leaf_weight=1013 515 1126 1498 21532 9368 227 5691 11049 17775 6916 4657 2444 1009 1666 7755 18887 7058 13868 14344 2160 718 970 4051 5337 14147 15979 40776 1669 3664 20643 3691 3478 1241 654 18936 5580 160 8932 5284 6841 186 4945 251 165 15800 71483 2402 235 286 200 45190 1346 330 8809 709 7530 3390 304 967 64740 3056 52966
leaf_count=1013 515 1126 1498 21532 9368 227 5691 11049 17775 6916 4657 2444 1009 1666 7755 18887 7058 13868 14344 2160 718 970 4051 5337 14147 15979 40776 1669 3664 20643 3691 3478 1241 654 18936 5580 160 8932 5284 6841 186 4945 251 165 15800 71483 2402 235 286 200 45190 1346 330 8809 709 7530 3390 304 967 64740 3056 52966
internal_value=-1.47592e-07 -0.00144464 0.00270018 -0.00370075 -0.000613558 0.00416145 0.00270403 0.00484803 0.00153904 -0.00319353 -0.00621759 -9.13109e-05 -0.00141813 0.00357984 0.00574785 0.0040348 -0.00267961 0.00408117 -0.00393125 -0.00176446 -0.00545129 0.00545584 0.00633197 -0.000210434 0.00104556 -0.00288349 0.000873787 0.00496294 0.00151278 0.00225178 -0.00831987 0.00325638 -0.00184679 0.00245553 -0.00316474 -0.00108073 -0.000379655 0.000208955 0.00601022 0.00357182 0.000216875 -0.000446639 0.000259306 -0.000299392 0.000209079 0.000127531 0.000536065 0.00177215 -0.00243647 -0.000132385 -0.0018983 -0.00283662 0.00197195 0.00156839 0.00457987 -0.00562111 0.00383638 -0.00184731 -0.000495498 -0.000559502 -0.00115129 -0.0011967
internal_weight=598599 389984 208615 104985 284999 92370 29580 62790 116245 87376 17609 172821 112178 22745 29808 32982 51500 32755 35876 9383 12905 3345 17090 6835 68688 42117 50223 12718 18465 47557 4704 19400 49407 4318 25852 62771 5740 9447 13039 13709 92550 80271 5196 2325 92364 73927 18437 2637 16265 1441 47966 2472 26914 9139 2375 12187 10231 45494 75075 65707 57031 53975
internal_count=598599 389984 208615 104985 284999 92370 29580 62790 116245 87376 17609 172821 112178 22745 29808 32982 51500 32755 35876 9383 12905 3345 17090 6835 68688 42117 50223 12718 18465 47557 4704 19400 49407 4318 25852 62771 5740 9447 13039 13709 92550 80271 5196 2325 92364 73927 18437 2637 16265 1441 47966 2472 26914 9139 2375 12187 10231 45494 75075 65707 57031 53975
is_linear=0
shrinkage=0.05


Tree=17
num_leaves=63
num_cat=0
split_feature=11 13 14 11 14 14 11 13 13 14 14 11 11 13 13 14 13 14 13 11 14 14 14 14 11 14 14 14 2 14 14 2 14 13 2 14 14 13 14 14 14 14 13 13 13 2 14 14 13 13 13 14 2 14 14 13 14 14 13 14 14 14
split_gain=664.275 275.389 210.732 58.8071 42.7882 42.0968 37.0844 22.7942 20.3167 19.6447 15.8276 10.8082 10.2973 10.5867 7.7588 7.17953 5.96668 4.58507 4.74828 4.53145 3.93187 3.89364 3.84531 3.52907 3.38564 3.1948 3.07058 3.01282 3.0436 2.6619 2.65471 2.52451 2.45848 2.12636 2.03493 2.2902 1.96161 1.91393 1.82499 1.61157 1.60697 1.5857 1.55856 1.5374 1.49106 1.4847 1.4749 1.42573 1.41914 1.38731 1.33508 1.22785 1.08606 1.08071 1.04255 1.02069 1.01586 1.00501 1.00476 1.00093 0.988687 0.987355
threshold=1.582214285714286 1.6127524932844197 -0.080988863931896846 1.7176428571428575 -0.00078555415250203253 0.054522772754147082 1.3055000000000001 1.5733002212122036 1.5733002212122036 0.15147934460106019 -0.030499862288395182 1.6566428571428575 1.4307857142857145 1.6127524932844197 1.5392767299445389 0.082795102265431422 1.5426053357836518 0.057522772754146974 1.5459094809999721 1.1905714285714288 -0.041556767729950976 0.050351305368240069 0.095611870834130933 -0.030499862288395182 1.7676428571428575 -0.13045057895381326 0.090295817555280281 0.022218138307078309 19.500000000000004 0.019549421046186625 -0.017679057904565695 16.500000000000004 -0.11820658837140906 1.5547134964177483 16.500000000000004 0.056795102265431392 -0.17078978286007715 1.5367267329084688 -0.051039000069793221 0.029464381704086499 0.12576263955926395 -0.12732411323534673 1.637672227396908 1.5693813235299068 1.5084090432148856 15.500000000000002 0.16225525264032251 0.097228424425597218 1.5318691884456672 1.637672227396908 1.5318691884456672 -0.19648230170487532 16.500000000000004 0.17864477115549585 0.089107332273285281 1.5687603135334347 -0.18094641324931535 -0.043357582155314704 1.5084090432148856 -0.12375385312797836 0.023378862376002289 0.1184814679925852
decision_type=10 2 2 10 2 2 10 2 2 2 2 10 10 2 2 2 2 2 2 8 2 2 2 2 10 2 2 2 2 2 2 2 2 2 2 2 2 2 2 2 2 2 2 2 2 2 2 2 2 2 2 2 2 2 2 2 2 2 2 2 2 2
left_child=2 5 6 11 7 10 19 14 17 16 32 21 25 41 23 27 47 18 39 -1 -16 38 42 58 -11 50 55 36 52 43 59 46 -2 -31 35 -32 -5 -27 -3 -6 -23 -14 -10 -12 -19 -40 -17 -7 -43 57 -8 -52 -29 -37 -46 -18 -21 -9 -4 -13 -20 -33
right_child=1 3 4 15 8 9 12 49 22 24 29 30 13 -15 20 31 26 44 60 56 -22 40 -24 -25 -26 37 -28 28 -30 33 34 61 -34 -35 -36 53 -38 -39 45 -41 -42 48 -44 -45 54 -47 -48 -49 -50 -51 51 -53 -54 -55 -56 -57 -58 -59 -60 -61 -62 -63
leaf_value=-0.0086910932851785409 -0.0039523558966920239 0.00120932723425747 -0.00312263831706714 -0.0017435560359929999 -0.0010783642289973151 0.00020416128010628662 -0.0049124742369461051 -0.00093756477938377919 0.0012305025194613997 0.0028389033935968151 -0.0006911907316631559 -0.0020649664818396807 -0.0042170609650606017 -0.00066108302452941574 -0.0018665706710352633 0.0049249064031745039 0.00093309442156287573 -0.00035386987177802318 -0.00025923338410112324 -0.0063416361938913972 -0.00096852905721454829 0.0028757647602877185 0.005480319104783261 -0.0017944908296108108 0.0049686380790811028 -0.0037903901107059056 0.0020354819720121565 0.0040133506903914859 0.0057810094060068229 -7.6374078804852276e-05 0.0029802368669607877 0.0062516190577659326 -0.0015966946131161478 0.00057079757814736945 0.0045197776314787582 0.0039258528486330628 0.0037800635132005053 -0.0025465321556066844 0.0019472282321330869 -0.00055602855074697946 0.006090994704092665 -0.0036453516838996602 0.0028081414960707501 0.00010879934952424695 0.00034958272578377257 0.0033323601056104422 0.0073291463139318396 0.00095148780939263039 -0.0027492617055307265 0.00073526188384890993 -0.0047724291701392091 -0.0036923357422797756 0.0048304281005745429 0.0079498501341132548 0.0015254367772629756 0.0016068659067847808 -0.004046833748190602 0.00012376469383985995 -0.0024500934724569459 0.0025963682946182013 0.00037624916549372153 0.0075958583989775537
leaf_weight=2393 1209 8118 7655 165 31278 17556 8487 3190 11009 4606 16569 117 3228 5021 22309 5534 20021 7045 16531 6486 26867 9077 622 22646 3137 14313 13752 6677 6518 27692 13724 6451 13205 23432 4817 9014 6216 3945 17505 27974 406 6389 1825 9420 11786 2175 721 10027 14325 6432 4128 7257 10404 170 2244 7815 521 7416 20228 7347 9719 1733
leaf_count=2393 1209 8118 7655 165 31278 17556 8487 3190 11009 4606 16569 117 3228 5021 22309 5534 20021 7045 16531 6486 26867 9077 622 22646 3137 14313 13752 6677 6518 27692 13724 6451 13205 23432 4817 9014 6216 3945 17505 27974 406 6389 1825 9420 11786 2175 721 10027 14325 6432 4128 7257 10404 170 2244 7815 521 7416 20228 7347 9719 1733
internal_value=-1.40215e-07 0.00174512 -0.00158975 0.00360981 -0.000852664 0.000451127 -0.00387133 -0.00153422 -0.000189794 0.0013134 -0.000273474 0.0027318 -0.00345925 -0.00274852 -0.00182303 0.00504231 0.00104604 -0.000420933 -0.000583753 -0.00681256 -0.00137593 0.00213856 0.00164092 -0.00225816 0.00370174 -0.00399911 0.00142424 0.00460116 0.0048618 1.07962e-05 0.0033603 0.00595828 -0.00179428 0.000220248 0.00358563 0.0033892 0.00363723 -0.00352163 0.00184011 -0.00083176 0.00301342 -0.00318628 0.00145484 -0.000401225 0.000239632 0.00210031 0.00520204 0.00047583 -0.00302565 0.000155899 -0.0044378 -0.00408396 0.00451103 0.00400034 0.000537652 0.00112226 -0.00617101 -0.000195455 -0.00263473 0.0025233 -2.39475e-05 0.00653627
internal_weight=598599 285330 313269 116889 236776 168441 76493 116743 120033 76914 91527 72470 67093 28963 99705 44419 69171 106577 85502 9400 49176 37281 13456 50529 7743 38130 41588 29980 23599 77113 35189 14439 14414 51124 27725 22908 6381 18258 27798 59252 9483 23942 12834 25989 21075 19680 6255 27583 20714 17038 19872 11385 17081 9184 14030 27836 7007 10606 27883 7464 26250 8184
internal_count=598599 285330 313269 116889 236776 168441 76493 116743 120033 76914 91527 72470 67093 28963 99705 44419 69171 106577 85502 9400 49176 37281 13456 50529 7743 38130 41588 29980 23599 77113 35189 14439 14414 51124 27725 22908 6381 18258 27798 59252 9483 23942 12834 25989 21075 19680 6255 27583 20714 17038 19872 11385 17081 9184 14030 27836 7007 10606 27883 7464 26250 8184
is_linear=0
shrinkage=0.05


Tree=18
num_leaves=63
num_cat=0
split_feature=8 8 8 8 8 13 14 8 14 8 8 8 8 13 14 8 14 8 8 14 8 14 8 13 14 14 14 14 14 13 14 14 14 13 14 13 8 13 14 14 13 14 14 14 14 13 14 14 13 14 14 14 14 13 13 14 9 14 13 13 14 14
split_gain=762.574 268.746 80.1296 52.2379 38.9308 30.5499 20.1495 15.4069 12.3482 12.3163 10.5059 6.40914 4.89521 3.26039 3.01669 2.83042 2.74308 2.68208 2.68068 2.51175 2.20249 2.02565 1.9769 1.877 3.30109 1.79196 1.71193 1.37857 1.32062 1.31516 2.09117 1.6739 1.22945 2.46172 1.1067 1.10226 1.04543 0.982706 1.64311 1.39791 0.949643 1.01977 0.94854 0.943523 0.921159 1.63553 0.906835 0.894981 0.857641 0.844871 0.844715 0.830574 0.812924 1.64238 0.810168 0.808039 0.794761 0.792932 0.792531 0.774918 1.1929 0.764418
threshold=1.6215000000000004 1.4975000000000003 1.7195000000000003 1.3775000000000002 1.5615000000000003 1.6127524932844197 0.1100111360681031 1.8055000000000001 -0.091324113235346713 1.2795000000000003 1.6645000000000001 1.5275000000000001 1.5915000000000001 1.54966313260261 -0.074653736874871743 1.7695000000000001 -0.030499862288395182 1.4285000000000003 1.8795000000000002 -0.014768831539588299 1.7895000000000001 -0.061362067389807311 1.1985000000000003 1.6127524932844197 0.029464381704086499 -0.076734461241158555 0.13040155132661349 0.092456750038657401 0.049214445847498019 1.5942176516137458 0.095611870834130933 0.039869307748806489 -0.0063369746556529707 1.5687603135334347 -0.16293947650256976 1.5524390734056372 1.9740000000000004 1.5733002212122036 0.018630474422713931 0.072498923975334542 1.7816378780913917 0.061037225676220615 -0.074653736874871743 -0.067324113235346691 0.051827772603092244 1.6704107100160936 0.045605329836928117 -0.027534202605968169 1.5620247581554929 0.13040155132661349 0.057522772754146974 0.025119389748145985 -0.049988863931896936 1.5687603135334347 1.548003773495507 -0.10488061025185401 1.1295000000000002 0.17864477115549585 1.5202232939343461 1.6907371699262386 0.011216323069124569 0.06752277275414699
decision_type=10 10 10 8 10 2 2 10 2 10 10 10 10 2 2 10 2 10 10 2 10 2 10 2 2 2 2 2 2 2 2 2 2 2 2 2 10 2 2 2 2 2 2 2 2 2 2 2 2 2 2 2 2 2 2 2 10 2 2 2 2 2
left_child=1 3 10 9 11 6 19 15 17 22 29 28 49 21 34 42 -15 -5 25 55 -8 58 56 24 -12 -9 44 32 52 31 46 -2 35 -34 -11 47 57 38 -14 51 -27 -42 -7 -17 59 -46 -31 -13 -19 -6 -23 -39 54 -54 -3 -4 -1 -22 -10 -25 -61 -44
right_child=2 4 5 8 12 7 20 18 13 14 23 27 37 16 -16 43 -18 48 -20 -21 36 50 -24 26 -26 40 -28 -29 -30 30 -32 -33 33 -35 -36 -37 -38 39 -40 -41 41 -43 61 -45 45 -47 -48 -49 -50 -51 -52 -53 53 -55 -56 -57 -58 -59 -60 60 -62 -63
leaf_value=-0.0098891469103407764 -0.00061452530954489687 -0.0033518856057172062 -0.0021468829188698154 -0.0036122826410073202 -7.4633349091879131e-05 -0.0010601985533062401 0.0031435482158020701 0.0003065489581149947 -0.0030906413041436195 -0.0050350220520541354 -0.0011184005724153294 -0.0025024307775236114 -0.0011085107856330541 -0.0016985987665136674 -0.00136216396847322 -0.0004403480929910269 0.00077408470097365843 -0.0030496894926537888 0.0069008480145112284 0.0009502972423026427 0.003086286942336361 -0.0020980670021580306 -0.0066123088663923944 0.0020153217813891964 0.0020214263960205031 0.0049745262613611141 0.0075305558608833858 0.0029646612690385158 0.0015352647089765584 0.001377988607154024 0.0068108012193911953 0.0011531642747463239 -0.00064101980887213512 0.0011514533880717466 -0.0041912926365346931 -0.00074560638705695431 0.010115615795599296 0.00053274454017242137 0.00043490897505384855 0.0037540880791088454 0.0050241356850614137 0.0061608975827442498 0.0033788305979842678 0.0043596995807483564 0.0026041010323792093 0.0043886411627001983 0.0022245545180137362 -0.0011986118288687567 -0.0022969779810282638 0.0041954561018240485 0.0012303437011269127 0.0013077993825128405 -0.0013994631368204359 4.9871781213670953e-05 -0.001687816601517826 -0.00040906022069509907 -0.0077964574270679259 0.0053435825429052732 -0.0024511056808403688 0.0023692245381085964 0.0035537113896678464 0.0039878843950391643
leaf_weight=731 1405 786 884 24707 83713 113 3243 183 8937 10846 905 1551 1780 12119 691 103 1236 11179 2745 4337 484 26587 3667 10807 11160 10968 169 256 378 16441 190 28611 57895 1981 6057 17890 100 12568 55212 395 3379 4741 20735 16919 6778 1584 3917 8694 5721 116 192 4768 35972 2067 10535 2749 1196 1983 10578 12551 2559 6855
leaf_count=731 1405 786 884 24707 83713 113 3243 183 8937 10846 905 1551 1780 12119 691 103 1236 11179 2745 4337 484 26587 3667 10807 11160 10968 169 256 378 16441 190 28611 57895 1981 6057 17890 100 12568 55212 395 3379 4741 20735 16919 6778 1584 3917 8694 5721 116 192 4768 35972 2067 10535 2749 1196 1983 10578 12551 2559 6855
internal_value=-1.332e-07 -0.00115923 0.00274754 -0.00310938 -0.000340894 0.00391368 0.00177034 0.00435622 -0.00261915 -0.00525007 0.00178028 -0.00095494 0.000193576 -0.002158 -0.0046003 0.00382322 -0.00146975 -0.00328027 0.00543899 0.000137903 0.00400967 -0.00235655 -0.00729368 0.00232261 0.00178591 0.00523077 0.00251058 -0.00069916 -0.00140886 0.0012814 0.0015896 0.00107042 -0.000709817 -0.000581716 -0.00473268 -0.000982438 0.00510388 0.000487842 0.000386704 0.000812926 0.00527797 0.00568785 0.00351143 0.00433065 0.00248583 0.00294214 0.00154087 -0.001396 -0.00279488 -6.87245e-05 -0.0020742 0.000745911 -0.0014314 -0.00132071 -0.00180335 -0.000831916 -0.00859031 0.00490072 -0.00274398 0.00233861 0.00256983 0.00353016
internal_weight=598599 421001 177598 124444 296557 80521 13780 66741 101256 23188 97077 138005 158552 59649 17594 44725 13355 41607 22016 7970 5810 46294 5594 46513 12065 19271 34448 88267 49738 50564 20548 30016 88011 59876 16903 28135 2567 74723 56992 17731 19088 8120 27703 17022 34279 8362 20358 10245 16900 83829 26779 17336 49360 38039 11321 3633 1927 2467 19515 25917 15110 27590
internal_count=598599 421001 177598 124444 296557 80521 13780 66741 101256 23188 97077 138005 158552 59649 17594 44725 13355 41607 22016 7970 5810 46294 5594 46513 12065 19271 34448 88267 49738 50564 20548 30016 88011 59876 16903 28135 2567 74723 56992 17731 19088 8120 27703 17022 34279 8362 20358 10245 16900 83829 26779 17336 49360 38039 11321 3633 1927 2467 19515 25917 15110 27590
is_linear=0
shrinkage=0.05


Tree=19
num_leaves=63
num_cat=0
split_feature=8 8 8 8 8 2 14 8 8 14 8 8 8 14 8 13 8 14 8 14 8 13 14 14 14 8 14 8 7 14 8 14 14 13 14 13 13 13 14 14 14 13 14 14 3 14 14 2 14 3 14 14 14 13 8 14 14 14 14 14 13 14
split_gain=688.223 242.544 72.317 47.2365 35.135 29.0851 15.2449 14.9828 12.2139 9.88783 9.54149 5.78588 4.41835 3.09748 2.85122 2.72175 2.60045 2.3882 2.36342 2.36134 1.79861 1.79481 2.28467 1.77075 1.64379 1.57818 1.3072 1.26455 1.22944 2.69347 1.16158 1.13966 1.13608 2.36583 0.988553 0.987801 0.977134 0.970768 0.937229 0.929583 0.911944 0.91133 1.56423 1.45263 0.829529 1.37531 0.804178 1.01607 0.798261 0.79133 1.22745 0.773363 0.748138 0.738249 0.737981 0.71117 0.692329 0.689001 0.652002 0.629254 0.627496 0.618831
threshold=1.6215000000000004 1.4975000000000003 1.7195000000000003 1.3795000000000002 1.5615000000000003 21.500000000000004 0.1100111360681031 1.7995000000000003 1.2795000000000003 -0.087539844788921503 1.6745000000000003 1.5255000000000003 1.5895000000000004 -0.091324113235346713 1.8795000000000002 1.54966313260261 1.7595000000000003 -0.0095984486733865487 1.4285000000000003 -0.030499862288395182 1.1595000000000002 1.5942176516137458 0.095611870834130933 0.039869307748806489 0.0029609999302068206 1.4595000000000002 0.089107332273285281 1.3395000000000004 20.500000000000004 0.082218138307078151 1.7855000000000001 0.065214626695512604 -0.014768831539588299 1.5733002212122036 -0.087539844788921503 1.5524390734056372 1.7816378780913917 1.5687603135334347 0.05901113606810305 -0.13967041977196723 0.050351305368240069 1.5687603135334347 0.030053586750684706 0.072498923975334542 12.500000000000002 -0.02639467016307195 0.072119389748146037 8.5000000000000018 -0.10488061025185401 12.500000000000002 -0.091324113235346713 0.17864477115549585 -0.021753853127978281 1.6235503479834801 1.9740000000000004 -0.069831502864130188 0.077536843043799722 0.014708424373687136 0.1018277726030923 0.019210217139922773 1.5942176516137458 -0.041556767729950976
decision_type=10 10 8 8 10 2 2 10 10 2 10 10 10 2 10 2 10 2 10 2 10 2 2 2 2 8 2 10 2 2 10 2 2 2 2 2 2 2 2 2 2 2 2 2 2 2 2 2 2 2 2 2 2 2 10 2 2 2 2 2 2 2
left_child=1 3 10 8 11 7 17 16 20 18 21 31 44 27 24 25 55 48 -5 -17 -1 23 40 -2 -9 52 32 -10 46 -30 -8 49 35 -34 -18 -13 -26 39 -38 -20 -23 42 61 -43 -6 -46 -12 -48 -7 -3 -51 -32 -11 -35 -16 -4 -25 -47 -49 -52 -21 -14
right_child=2 4 5 9 12 6 30 14 13 15 28 26 41 -15 54 19 34 -19 37 60 -22 22 -24 56 36 -27 -28 -29 29 -31 51 -33 33 53 -36 -37 38 -39 -40 -41 -42 43 -44 -45 45 57 47 58 -50 50 59 -53 -54 -55 -56 -57 -58 -59 -60 -61 -62 -63
leaf_value=-0.0088355706127356791 -0.00061474697316138416 -0.00082326360132402461 -0.00095934634759176724 -0.0033709055621614597 0.00025047396445115704 -0.0020395388269409268 0.0030053267768111974 0.00079844376021417007 -0.0049239793160363388 -0.0026029465808707071 0.0023441964528965482 -0.0016043356085051821 -0.0029286862487547605 -0.0018331840185790448 0.0063842189969428005 -0.0015911927757452816 -0.00076063394956632502 0.0010227279976617576 -0.005036084458621499 0.00030015777856348951 -0.0065073980357806139 0.0014130398036923718 0.0061845066496707696 0.0008016500039890568 0.0046896344129387958 -0.0019341692123916801 0.0026264888919298149 -0.0040960825916327246 -0.00035979324059323193 0.0021462940884695303 0.002989603078481882 0.0023558214752351955 -0.00063789774480990972 0.00081077307636192729 0.0040134719214027625 -0.00079944435150661641 0.004761419144287524 -0.0019942216855096217 0.0058378997952250704 -0.002751164242653056 0.0021919280981210765 0.00066839621628009781 0.00042513484453356691 0.0034952477770777233 -0.0023771294366776202 -0.00044186628871508153 0.0025692644850326199 0.0037102303004990268 -0.00033186262977354092 -0.0037591276110358722 -0.0014506763137921098 0.0052315038146251939 -0.0010013741817446063 0.0046180564074722284 0.0095031058817517527 0.0032450391189650183 0.001296604540896658 -4.1325805229467944e-05 0.0065913026489972078 -0.0005505265245589248 0.0037710033287923482 -0.00043363997555244692
leaf_weight=1013 1535 5973 101 23095 16389 884 1775 238 7966 18553 25927 5266 266 1208 2699 11002 109 3972 459 1084 4581 21002 269 10822 12032 24245 300 10956 1267 6972 497 207 67897 1996 20792 13804 3442 4645 4901 14730 4577 22088 49027 464 684 13507 3014 1101 3030 562 39823 1702 759 136 204 24143 20352 52346 239 2041 148 3781
leaf_count=1013 1535 5973 101 23095 16389 884 1775 238 7966 18553 25927 5266 266 1208 2699 11002 109 3972 459 1084 4581 21002 269 10822 12032 24245 300 10956 1267 6972 497 207 67897 1996 20792 13804 3442 4645 4901 14730 4577 22088 49027 464 684 13507 3014 1101 3030 562 39823 1702 759 136 204 24143 20352 52346 239 2041 148 3781
internal_value=-1.26542e-07 -0.00110127 0.00261017 -0.00295391 -0.00032385 0.003718 0.00143154 0.00411295 -0.00486225 -0.00245664 0.00169127 -0.000907193 0.000183898 -0.00428791 0.00513632 -0.0020177 0.00357987 0.000158988 -0.0030271 -0.00135874 -0.006929 0.00128922 0.00160062 0.00104315 0.00492971 -0.00220278 -0.000668475 -0.00444462 0.00230244 0.00176091 0.0039568 -0.00134626 -0.000679569 -0.0005864 0.00398857 -0.00102171 0.00497796 -0.00262677 0.00539379 -0.00282021 0.00155241 0.000460289 0.000347147 0.000726558 -6.81628e-05 -0.000146648 0.00244979 0.00307856 -0.000717551 -0.00136209 -0.00143795 0.00472481 -0.00254 0.00105364 0.00660339 0.00322752 0.00112478 -0.00012348 0.00422409 -0.00140679 0.00071711 -0.000597634
internal_weight=598599 421001 177598 124444 296557 80521 11860 68661 25724 98720 97077 138005 158552 20130 23516 55791 45145 7886 42929 12234 5594 58557 25848 32709 20613 43557 89399 18922 38520 8239 3974 48606 89099 70029 20901 19070 20375 19834 8343 15189 25579 75626 53074 22552 82926 66537 30281 4354 3914 48399 42426 2199 19312 2132 2903 24244 31174 65853 1340 41864 1232 4047
internal_count=598599 421001 177598 124444 296557 80521 11860 68661 25724 98720 97077 138005 158552 20130 23516 55791 45145 7886 42929 12234 5594 58557 25848 32709 20613 43557 89399 18922 38520 8239 3974 48606 89099 70029 20901 19070 20375 19834 8343 15189 25579 75626 53074 22552 82926 66537 30281 4354 3914 48399 42426 2199 19312 2132 2903 24244 31174 65853 1340 41864 1232 4047
is_linear=0
shrinkage=0.05


Tree=20
num_leaves=63
num_cat=0
split_feature=8 8 8 8 8 2 8 14 8 14 8 8 8 8 14 8 8 14 14 14 8 8 14 8 14 8 14 14 9 14 14 12 14 14 14 7 7 8 10 14 7 8 7 7 7 14 2 8 14 2 3 14 2 14 7 14 12 14 7 14 14 2
split_gain=620.686 193.844 94.0344 36.7354 30.9523 24.915 18.4082 13.908 10.9434 9.77721 7.3277 5.45489 3.45899 3.4405 2.82945 2.78611 2.08926 2.00589 1.93954 1.54816 1.47206 1.46184 1.37 1.32286 1.30063 1.11557 1.09138 1.06972 1.06681 1.00483 1.00312 1.36503 0.87361 0.822368 0.797136 0.784003 0.772531 0.750157 0.693352 0.693287 0.687915 0.682827 0.678393 1.72589 0.67716 1.22277 0.675785 0.664153 0.628654 0.613434 0.612058 0.611719 0.833281 0.582594 0.555673 0.944282 0.55165 0.531432 0.789172 0.516097 0.507283 0.480714
threshold=1.6055000000000004 1.4855000000000003 1.7045000000000001 1.3495000000000001 1.5515000000000001 21.500000000000004 1.7895000000000001 0.091273546693540833 1.6525000000000001 -0.10249478782937292 1.2455000000000003 1.5155000000000001 1.5815000000000003 1.8495000000000001 -0.012771575574402892 1.7455000000000003 1.3995000000000002 -0.041556767729950976 -0.13045057895381326 -0.0063369746556529707 1.4495000000000002 1.6325000000000001 0.23413795335978729 1.6855000000000002 0.047216323069124606 1.9495000000000002 0.10793188840022118 0.098637932610192727 1.1295000000000002 0.097228424425597218 -0.021078074717190916 1.4490333333333338 -0.007693015137906877 -0.055638412842621936 0.0096630253443470444 39.500000000000007 39.500000000000007 1.2995000000000003 1.6955000000000002 -0.057501076024665469 39.500000000000007 1.8195000000000003 1.5000000000000002 40.500000000000007 20.500000000000004 -0.0095984486733865487 9.5000000000000018 1.8895000000000002 0.13040155132661349 3.5000000000000004 15.500000000000002 0.066029166787542351 9.5000000000000018 0.0092102171399227623 20.500000000000004 -0.021078074717190916 1.4825166666666669 0.037522772754146956 40.500000000000007 -0.03903900006979321 -0.085638412842621955 19.500000000000004
decision_type=10 8 8 10 10 2 10 2 10 2 10 8 10 10 2 10 10 2 2 2 10 10 2 10 2 10 2 2 10 2 2 10 2 2 2 2 2 10 10 2 2 10 2 2 2 2 2 10 2 2 2 2 2 2 2 2 10 2 2 2 2 2
left_child=1 3 8 10 11 6 15 17 21 16 28 24 29 19 20 60 -5 -7 37 -8 42 54 -9 44 33 32 30 -16 -1 34 40 -32 -15 50 35 -6 -18 -12 56 -17 -13 -21 -11 -44 51 -46 49 -24 -14 -35 -3 -10 -53 -19 -2 -56 -36 58 -33 -20 -4 -62
right_child=2 4 5 9 12 7 13 22 23 14 18 26 48 25 27 39 36 53 59 41 -22 -23 47 -25 -26 -27 -28 -29 -30 -31 31 57 -34 46 38 -37 -38 -39 -40 -41 -42 -43 43 -45 45 -47 -48 -49 -50 -51 -52 52 -54 -55 55 -57 -58 -59 -60 -61 61 -63
leaf_value=-0.008629211021397588 0.00096403819989725626 -0.0017263917484764543 -0.00020824587542459471 -0.0035868193405349013 -0.00039624124951351069 -0.0011971921010037491 0.00045781365128211407 0.0029871866242459212 0.0016605015362125448 -0.0032546838873955819 -0.0053235958987292546 -0.0010123616938290181 0.00022742789882910881 0.00091675834535865242 -0.00057678385337066893 -0.0004125013716735079 -0.0025697304074058605 0.00010121437963275442 -0.0029640555345651449 0.004215170928668902 -0.0019921778167174935 0.0011808239581119866 0.0042967118310754176 0.0021568064409430241 0.0017630731320876633 0.0082377581810384182 0.0038397852586116183 0.004657012929470794 -0.0066123084774467288 0.0020324261804219061 0.0006896967349329943 -0.00053825495582997111 0.0055551155948937369 -0.0013121687649035284 0.0014167863092947213 -0.0013076987936670248 -0.0032407708548286675 -0.0044693392824228127 -0.00040125965520687628 0.0035303794028119328 -0.0018714801042558811 0.0047849573746610152 -0.0015305823295596291 -0.0026652497541997688 -0.0020604384804714807 0.0013718526605904161 -0.0014586575102911916 0.007236474694946083 0.0034463485183215724 -0.00024399698727895836 -0.0032416911573609577 0.0022103545040570473 0.0055943716973683999 0.0011242440295709236 -0.0022561496403056742 0.00060473106015262003 -5.971370094541534e-05 -0.00040525711902310876 -0.00096438876607103392 -4.1892053681964938e-05 0.0027152695817594871 0.0035473880124465822
leaf_weight=835 13137 15670 143 18860 20450 2284 247 4098 15489 2827 3756 15672 72277 103 1872 112 10911 3105 738 13421 28557 22482 770 19257 307 389 126 103 3052 484 1674 16242 7040 3105 643 2667 7067 8138 19268 24360 2737 8645 4238 16018 267 9223 27183 256 152 2370 696 3167 193 2522 291 32673 39152 8996 32817 190 22894 1878
leaf_count=835 13137 15670 143 18860 20450 2284 247 4098 15489 2827 3756 15672 72277 103 1872 112 10911 3105 738 13421 28557 22482 770 19257 307 389 126 103 3052 484 1674 16242 7040 3105 643 2667 7067 8138 19268 24360 2737 8645 4238 16018 267 9223 27183 256 152 2370 696 3167 193 2522 291 32673 39152 8996 32817 190 22894 1878
internal_value=-1.49333e-06 -0.00117909 0.00220093 -0.00298993 -0.00049263 0.0033926 0.00372586 0.00136691 0.00125452 -0.00259205 -0.00514384 -0.00106945 -1.80782e-05 0.00470624 -0.00216115 0.0031334 -0.00321918 5.24873e-05 -0.00456733 0.00439434 -0.00223219 0.000850265 0.00339627 0.00183703 -0.00148123 0.00563023 -0.0008099 -0.000303831 -0.00704558 -0.000239106 -0.000817397 -0.00071794 0.00548823 -0.00150155 -0.000252484 -0.000501396 -0.00283351 -0.0047391 -0.000155061 0.00351233 -0.00114009 0.0044384 -0.00252912 -0.00242785 0.00161974 0.00127529 -0.00135658 0.00503022 0.000234183 -0.000849782 -0.00179083 0.00179317 0.00240473 0.000559732 0.000689061 0.000579476 -3.58567e-05 -0.000758529 -0.000823308 -0.00236577 0.00276121 0.00277835
internal_weight=598296 389850 208446 107162 282688 92267 79232 13035 116179 90453 16709 127595 155093 29845 53615 49387 36838 7911 12822 22313 51640 68583 5124 47596 49331 7532 78264 1975 3887 82664 78138 59729 7143 49024 82180 23117 17978 11894 59063 24472 18409 22066 23083 20256 28339 9490 32658 1026 72429 5475 16366 18849 3360 5627 46101 32964 39795 58055 49059 928 24915 24772
internal_count=598296 389850 208446 107162 282688 92267 79232 13035 116179 90453 16709 127595 155093 29845 53615 49387 36838 7911 12822 22313 51640 68583 5124 47596 49331 7532 78264 1975 3887 82664 78138 59729 7143 49024 82180 23117 17978 11894 59063 24472 18409 22066 23083 20256 28339 9490 32658 1026 72429 5475 16366 18849 3360 5627 46101 32964 39795 58055 49059 928 24915 24772
is_linear=0
shrinkage=0.05


Tree=21
num_leaves=63
num_cat=0
split_feature=8 8 8 8 8 13 14 14 8 8 8 8 14 8 14 8 2 14 14 14 14 14 14 8 9 8 8 14 13 14 14 7 14 8 8 2 13 14 14 14 13 13 14 14 13 14 3 14 14 13 7 14 14 2 14 14 14 2 14 14 13 13
split_gain=560.287 183.738 74.0799 38.5659 24.1602 23.4233 17.9507 11.863 9.91571 8.09894 7.81626 4.02976 3.5253 3.00169 2.97543 2.83062 2.75911 2.74792 2.1693 1.69067 1.62087 1.54247 1.42003 1.32931 1.19501 1.19388 1.16901 1.01339 1.0037 1.82458 1.59165 0.999778 1.5854 0.994755 0.886837 0.862037 0.849585 1.44931 1.18594 0.802586 0.938209 0.793509 0.867161 0.778732 0.719537 0.689489 0.680172 1.1769 0.678496 0.638143 0.611137 1.11329 0.605046 1.04615 0.599692 0.587097 0.555528 0.761022 0.540449 0.535364 1.55315 1.11855
threshold=1.6095000000000004 1.4975000000000003 1.7045000000000001 1.3795000000000002 1.5545000000000002 1.6907371699262386 0.025119389748145985 0.063265538758841347 1.2645000000000002 1.4455000000000002 1.6525000000000001 1.5855000000000004 0.23413795335978729 1.5255000000000003 -0.18094641324931535 1.7695000000000001 19.500000000000004 -0.10249478782937292 -0.03110681984255825 0.12576263955926395 0.0746498760321639 0.0077609489224235171 -0.068726453306459087 1.3355000000000004 1.1295000000000002 1.6855000000000002 1.8895000000000002 0.065214626695512604 1.5942176516137458 0.015605329836928085 -0.030499862288395182 20.500000000000004 -0.016336974655652977 1.4155000000000002 1.4695000000000003 16.500000000000004 1.5942176516137458 -0.049988863931896936 -0.057501076024665469 0.014708424373687136 1.54966313260261 1.5942176516137458 0.15147934460106019 0.13682272811992249 1.6049724144486879 0.030053586750684706 12.500000000000002 -0.091324113235346713 0.015605329836928085 1.5367267329084688 20.500000000000004 -0.029565502533417273 0.02073074684419907 19.500000000000004 0.048730746844199098 0.1184814679925852 0.070401551326613535 9.5000000000000018 0.019210217139922773 0.045084943460572575 1.5776445871710891 1.5524390734056372
decision_type=10 8 8 10 10 2 2 2 10 10 10 10 2 10 2 10 2 2 2 2 2 2 2 10 10 10 10 2 2 2 2 2 2 10 10 2 2 2 2 2 2 2 2 2 2 2 2 2 2 2 2 2 2 2 2 2 2 2 2 2 2 2
left_child=1 3 10 8 13 6 22 14 24 18 31 28 20 27 -7 -16 19 23 33 35 44 34 -4 -10 -1 50 -14 46 30 -30 -6 -2 -33 -5 -11 -9 38 -38 -15 -32 -41 -22 -43 59 -8 -42 -3 -48 -39 -19 56 -52 -17 -54 -34 -18 -12 -58 -49 61 -61 -13
right_child=2 4 5 9 11 7 12 16 17 21 25 43 26 36 15 52 55 49 -20 -21 41 -23 -24 -25 -26 -27 -28 -29 29 -31 39 32 54 -35 -36 -37 37 48 -40 40 45 42 -44 -45 -46 -47 47 58 -50 -51 51 -53 53 -55 -56 -57 57 -59 -60 60 -62 -63
leaf_value=-0.0081589691644566465 0.0011484877294035479 -0.00073405513749190366 -0.0016434649822629423 -0.0030743730675923866 -0.002339813130193069 -0.0027000362721108502 0.00014509770726753638 0.0038316973974677222 -0.0046246787217841378 -0.0020656703480834496 0.0015900109588500946 -0.00040202049891549399 0.0040599808989762757 -0.0027172851642416705 0.0028977546573670365 0.0032424685704711721 0.0053496541157406572 -0.0024741856300104486 -0.00057035845012650365 0.0057113429576280605 0.0023755401704462688 0.0002271559285555875 0.00017627779445421595 -0.0037674508406216182 -0.0060852816276381477 0.002048966134773224 0.0069029276590131658 0.0022239704960011638 0.00021575668101951099 0.0037945495623791098 -0.00046153677697445832 -0.0021222766070796224 0.00023988279691373153 -0.0025767930026630134 -0.001668580341481523 0.0045654437653975897 -0.0007011079018194599 0.0010285717550828283 -0.00071255476229954576 -0.00022100314706102102 9.1446124296310791e-06 0.002977467998847239 0.0043757839920052439 0.0041566098966331301 0.0021244866087545842 0.00081130594329979332 -0.0035034226217091034 -0.0013121694707833188 0.0045535085993948614 -0.00012385753831320193 -0.0023972996871786988 0.0012927887836206387 0.0035820457123161131 0.004562580875261988 0.00083528347321331828 0.0067691898899216955 0.0021474648811418912 0.0056576415805554975 -0.00048084156146774239 0.0003820877181862851 0.0033240911846217345 0.00028153571890629134
leaf_weight=845 20742 5999 1329 18832 894 211 489 9104 7162 27665 16044 7348 1187 747 22635 3958 5357 1113 1112 1953 4545 896 5545 12271 3907 19257 520 213 3894 392 24153 487 4931 21526 28593 7144 2057 1004 59357 46801 8177 7127 1313 130 7515 3984 599 39803 158 390 209 9281 7071 4421 29711 843 2641 164 2056 37771 454 32259
leaf_count=845 20742 5999 1329 18832 894 211 489 9104 7162 27665 16044 7348 1187 747 22635 3958 5357 1113 1112 1953 4545 896 5545 12271 3907 19257 520 213 3894 392 24153 487 4931 21526 28593 7144 2057 1004 59357 46801 8177 7127 1313 130 7515 3984 599 39803 158 390 209 9281 7071 4421 29711 843 2641 164 2056 37771 454 32259
internal_value=-1.41866e-06 -0.00106834 0.0021929 -0.00266648 -0.000354353 0.00322297 0.00206294 0.00377008 -0.00439209 -0.00221702 0.00127434 2.80381e-05 0.00274092 -0.000922025 0.00322108 0.00325388 0.0046317 -0.00392407 -0.00274895 0.00432139 0.00256321 -0.00183107 -0.000175546 -0.00408338 -0.00645402 0.00174518 0.00492602 -0.00121729 -0.000203271 0.000543075 -0.000241348 0.000873232 0.000710707 -0.00280898 -0.00186385 0.00415431 -0.000695087 9.62912e-05 -0.00073747 -0.000218777 -0.000119334 0.00290817 0.003195 0.000290005 0.00200356 0.000271936 -0.00123241 -0.00130283 0.00150787 -0.00186432 0.00153876 0.00121152 0.00377563 0.00395926 0.000750533 0.00554267 0.00170351 0.00235269 -0.00127134 0.000283546 0.00041703 0.00015472
internal_weight=598296 402562 195734 124312 278250 92267 29570 62697 25688 98624 103467 166257 22696 111993 38296 38085 24401 20936 41470 18201 20989 57154 6874 19433 4752 47596 1707 48670 88295 4286 84009 55871 35129 40358 56258 16248 63323 3219 60104 83115 58962 12985 8440 77962 8004 12161 48457 42458 1162 1503 28339 9490 15450 11492 34642 6200 18849 2805 41859 77832 38225 39607
internal_count=598296 402562 195734 124312 278250 92267 29570 62697 25688 98624 103467 166257 22696 111993 38296 38085 24401 20936 41470 18201 20989 57154 6874 19433 4752 47596 1707 48670 88295 4286 84009 55871 35129 40358 56258 16248 63323 3219 60104 83115 58962 12985 8440 77962 8004 12161 48457 42458 1162 1503 28339 9490 15450 11492 34642 6200 18849 2805 41859 77832 38225 39607
is_linear=0
shrinkage=0.05


Tree=22
num_leaves=63
num_cat=8
split_feature=8 8 8 8 2 8 8 8 8 8 8 15 8 8 8 8 11 8 7 7 7 8 8 12 7 8 2 7 2 2 7 2 10 11 7 2 10 11 2 2 7 2 8 0 8 7 2 15 0 8 7 12 9 4 8 0 8 15 3 0 2 8
split_gain=506.009 178.813 52.3657 40.9585 22.0147 19.4176 10.6583 10.3956 8.2283 7.30965 3.61113 2.47843 2.22441 1.89553 1.84243 1.78585 1.48186 1.36998 1.29234 1.24473 1.10734 0.950734 0.777967 0.76336 0.710559 0.700627 0.690591 0.642697 0.639768 0.62987 0.615179 0.575055 0.537508 0.521708 0.496587 0.45548 0.455384 0.454583 0.450761 0.41847 0.415329 0.472144 0.41059 0.404339 0.395099 0.387547 0.992016 0.381953 0.35059 0.350367 0.337945 0.419873 0.315238 0.30385 0.292986 0.283489 0.279905 0.261557 0.242118 0.385108 0.241901 0.23642
threshold=1.6245000000000003 1.5035000000000001 1.7285000000000001 1.3955000000000002 21.500000000000004 1.5705000000000002 1.2925000000000002 1.8095000000000001 1.4555000000000002 1.6745000000000003 1.5395000000000001 0 1.7695000000000001 1.8795000000000002 1.5975000000000004 1.1985000000000003 1.8848571428571432 1.3455000000000001 20.500000000000004 22.500000000000004 20.500000000000004 1.4255000000000002 1.4785000000000001 1.5526833333333336 20.500000000000004 1.9895000000000003 23.500000000000004 19.500000000000004 2.5000000000000004 3.5000000000000004 19.500000000000004 2.5000000000000004 1.0215000000000003 1.6566428571428575 24.500000000000004 2.5000000000000004 1.6895000000000002 1.7904285714285717 12.500000000000002 4.5000000000000009 23.500000000000004 2.5000000000000004 1.5235000000000001 1 1.6445000000000001 12.500000000000002 2.5000000000000004 2 3 1.6485000000000001 53.500000000000007 1.6373500000000003 1.6995000000000002 4 1.2455000000000003 5 1.6005000000000003 6 12.500000000000002 7 19.500000000000004 1.7395000000000003
decision_type=10 8 10 10 2 10 10 10 10 10 10 9 10 10 10 10 10 10 2 2 2 10 10 10 2 10 2 2 2 2 2 2 8 10 2 2 10 10 2 2 2 2 10 1 10 2 2 9 1 10 2 10 10 1 10 1 10 9 2 1 2 10
left_child=1 3 9 6 7 10 15 12 21 18 24 -6 38 37 36 32 26 -8 44 31 33 40 -21 -22 28 -15 47 29 -3 -12 43 -10 39 -11 35 -23 58 -9 -4 -1 41 -5 -26 -16 -2 46 -19 -13 -30 -20 51 -29 -14 -46 -17 -31 -32 -24 59 -7 -39 -40
right_child=2 5 4 8 11 14 17 13 19 20 27 16 52 25 30 54 -18 45 49 22 23 34 57 -25 42 -27 -28 50 48 55 56 -33 -34 -35 -36 -37 -38 60 61 -41 -42 -43 -44 -45 53 -47 -48 -49 -50 -51 -52 -53 -54 -55 -56 -57 -58 -59 -60 -61 -62 -63
leaf_value=-0.010922862140049115 0.0011015165729637295 -0.0012121784090978226 0.0025167711964039011 -0.0029305108760364672 -0.0015793415100825887 0.00062715429911855912 -0.0040233926390093105 0.004039736739963007 -0.0018191832055344231 0.0019304772459750653 -0.00045573776598526795 0.00069185780044967815 0.0033384537678831715 0.0055195801304448793 0.00010499098384136453 -0.0056920944636694405 0.0040488347951109869 -0.0034639609810900567 0.00074317497086007667 -0.0019135683013851183 -0.000444387224568285 -0.00260787264601328 -0.0040035723291925694 0.001600077626880703 -0.001114393767987354 0.009061604154416595 0.0021558244665547048 -0.00060713424556110428 0.0001660634788009472 0.00077364450717935514 0.00020066363952696753 -0.00073821378696804166 -0.0065760973311018867 0.0023342346997601801 -0.0023326271388749683 -0.0013341605624467496 -0.00019063721625728864 0.0042721234718595394 0.0027597867130183915 -0.0075709877911700604 -0.0027995948371155534 -0.0016677030494159327 -0.0008354787655503646 0.00078726197982262086 0.0016509330609703961 -0.0033774334451215898 -0.0019188847089357339 0.0013716599113547849 -0.00054287382961594325 0.0010971185451194001 -0.00019075098682747708 -0.00033514518791036605 0.0037380150556107711 0.0012302554257086951 -0.0048795633685142833 6.8000775412224772e-05 0.00044011551110226846 -0.0015210577342019806 5.4935342065316991e-05 8.7480697221887425e-05 0.0047939777348082911 0.0031146714237684642
leaf_weight=131 9931 2227 7059 1229 741 5458 8255 7822 1558 16612 5086 3685 9046 2778 2575 1927 503 2517 17865 19350 484 973 104 8057 21568 147 1819 31337 3035 2028 21677 5850 1507 15434 21165 2519 15067 4011 7513 322 17189 1861 33988 14393 11446 12461 1769 4947 4084 11488 11861 25930 10866 6868 2615 4744 27928 40764 36255 8389 4975 12503
leaf_count=131 9931 2227 7059 1229 741 5458 8255 7822 1558 16612 5086 3685 9046 2778 2575 1927 503 2517 17865 19350 484 973 104 8057 21568 147 1819 31337 3035 2028 21677 5850 1507 15434 21165 2519 15067 4011 7513 322 17189 1861 33988 14393 11446 12461 1769 4947 4084 11488 11861 25930 10866 6868 2615 4744 27928 40764 36255 8389 4975 12503
internal_value=-1.34773e-06 -0.000942342 0.00224561 -0.00237164 0.00320905 -0.00020066 -0.00396522 0.0035598 -0.00192562 0.00147617 -0.000598023 0.00120801 0.00315534 0.00452287 0.00023937 -0.00576863 0.00139673 -0.00349622 0.00111403 -0.00157715 0.00199011 -0.00245006 -0.00165239 0.00148422 -0.000875903 0.00569759 0.00127042 -0.00037533 -0.000472543 -3.52436e-05 0.000424371 -0.000965556 -0.00703007 0.00212493 -0.00224148 -0.00168906 5.03825e-05 0.00431844 0.00286031 -0.00854029 -0.00270366 -0.00216997 -0.000943759 0.000684249 0.00135547 -0.00323637 -0.00282625 0.00108384 -0.000241166 0.000881699 -0.000433668 -0.00048398 0.00355649 0.00149317 -0.00522429 0.000280562 0.000335477 -0.00152873 0.000122864 0.000300717 0.00456104 0.00298147
internal_weight=598296 421696 176600 144066 78415 277630 31504 66720 112562 98185 145888 11695 46987 19733 131742 6502 10954 25002 57598 67626 40587 44936 60218 8541 64902 2925 10451 80986 9346 11858 66573 7408 1960 32046 24657 3492 65169 16808 27075 453 20279 3090 55556 16968 28245 16747 4286 8632 7119 29353 69128 57267 19912 18314 4542 6772 49605 40868 50102 13847 8986 20016
internal_count=598296 421696 176600 144066 78415 277630 31504 66720 112562 98185 145888 11695 46987 19733 131742 6502 10954 25002 57598 67626 40587 44936 60218 8541 64902 2925 10451 80986 9346 11858 66573 7408 1960 32046 24657 3492 65169 16808 27075 453 20279 3090 55556 16968 28245 16747 4286 8632 7119 29353 69128 57267 19912 18314 4542 6772 49605 40868 50102 13847 8986 20016
cat_boundaries=0 63 64 135 136 137 138 149 150
cat_threshold=0 0 0 0 0 0 0 0 256 0 0 0 0 0 0 0 0 0 0 0 0 0 0 0 0 0 0 0 0 0 0 0 0 0 0 0 0 0 0 0 0 0 0 0 0 0 0 0 0 0 0 0 0 0 0 0 0 0 0 0 0 262144 4096 64 0 0 655360 0 0 0 32768 8192 0 0 0 0 0 0 0 0 0 0 0 0 0 0 0 0 0 0 0 0 0 1 0 69206016 0 128 0 0 0 8 536870912 16384 0 0 0 0 0 0 0 0 0 0 0 0 0 0 0 32 0 0 0 524288 0 0 0 1024 524288 0 0 0 16384 0 278528 21 1 19 0 0 0 0 0 0 0 0 0 0 4 28
is_linear=0
shrinkage=0.05


Tree=23
num_leaves=63
num_cat=0
split_feature=8 8 13 14 14 8 8 14 8 14 14 14 14 13 2 8 2 13 14 8 8 13 14 8 14 8 14 14 2 13 14 14 13 14 8 13 2 14 14 13 13 13 13 14 2 13 14 13 13 13 14 14 13 13 8 14 14 14 14 14 10 14
split_gain=456.675 161.382 47.7369 38.1983 23.889 17.5822 12.8879 11.2135 9.73377 4.81253 4.76444 4.54611 4.18071 3.50967 2.9698 2.83991 2.67405 2.66532 2.65173 2.50405 2.36813 2.13206 2.09431 2.03396 1.66677 1.45725 1.4137 1.29355 1.32903 1.12242 1.11537 1.07745 1.05888 1.02653 0.93979 0.933998 0.863621 0.826604 0.826199 0.803053 0.798013 0.794678 0.782746 0.751915 0.73884 0.733588 0.714569 1.56169 0.850962 0.703983 1.32226 1.26352 0.659429 0.65895 0.646305 0.641653 0.638161 0.637234 0.588792 0.573073 0.571319 0.562581
threshold=1.6245000000000003 1.5035000000000001 1.6907371699262386 -0.1129708332124577 0.022218138307078309 1.5675000000000001 1.2995000000000003 0.0060849434605726458 1.6945000000000003 -0.072753853127978205 0.082218138307078151 -0.037704182444719729 0.19915643966100907 1.5733002212122036 16.500000000000004 1.3795000000000002 16.500000000000004 1.5426053357836518 -0.055638412842621936 1.5945000000000003 1.5355000000000001 1.637672227396908 0.055231168460411768 1.2195000000000003 -0.18094641324931535 1.8295000000000001 0.025119389748145985 0.16225525264032251 19.500000000000004 1.5426053357836518 0.10538427610798919 -0.044880610251853963 1.5687603135334347 -0.030499862288395182 1.6445000000000001 1.6547048977345689 19.500000000000004 -0.19648230170487532 0.1150388479627701 1.637672227396908 1.6049724144486879 1.637672227396908 1.5733002212122036 0.093712898865754193 16.500000000000004 1.5084090432148856 -0.0049464132493153281 1.5818107396984753 1.5524390734056372 1.5687603135334347 0.028168497135869778 0.084582699621322713 1.54966313260261 1.5084090432148856 1.9820000000000002 0.019549421046186625 0.1184814679925852 0.090295817555280281 0.050351305368240069 0.097228424425597218 1.0215000000000003 0.043985861117632925
decision_type=10 8 2 2 2 10 10 2 10 2 2 2 2 2 2 10 2 2 2 10 10 2 2 10 2 10 2 2 2 2 2 2 2 2 10 2 2 2 2 2 2 2 2 2 2 2 2 2 2 2 2 2 2 2 10 2 2 2 2 2 8 2
left_child=1 3 7 6 11 20 23 18 21 17 14 24 22 26 -6 -8 -13 45 -2 56 43 34 40 60 -4 42 29 28 -12 33 61 -31 37 53 -9 -24 -16 -17 46 -15 -10 -20 -14 -3 -26 -5 48 52 -22 50 -21 58 -48 -11 -27 -54 -7 -37 -51 -28 -1 -23
right_child=2 5 4 9 10 19 15 8 12 13 27 16 25 39 36 32 -18 -19 41 49 38 30 35 -25 44 54 59 -29 -30 31 -32 -33 -34 -35 -36 57 -38 -39 -40 -41 -42 -43 -44 -45 -46 -47 47 -49 -50 51 -52 -53 55 -55 -56 -57 -58 -59 -60 -61 -62 -63
leaf_value=-0.0078874795757473467 -0.0016157611514196731 -0.00090264587165688305 -0.0029790263853741671 -0.0029830716674566146 0.0028980499748350055 -3.1237842023872373e-05 -0.0035769290282411576 0.00080413785452623928 -0.0001998351624822065 -0.0022939757865396938 0.0041106848081215348 0.0018399556954545736 0.00259915541632679 0.00067967332780645635 0.0035985354002915021 -0.0068600505561560625 0.0029890260282148108 -0.0016842590768975122 -0.00016705655320035831 -0.00073491615143768342 -0.0012214875186301829 0.001638184529881237 0.0020663291081003451 -0.0046702680131626871 0.00094543162957755648 0.0049482836486384879 4.498689787198113e-05 0.0064716336487309779 0.0052205079766298769 -0.0013356839947844617 0.0060208380470673246 -0.00022087169477269164 -0.0019943785508649225 -0.0013458157922988845 0.0012562293140996137 0.0024698510436410043 0.0043144866193822167 -0.0028429417840280138 0.0040022529862024109 0.0046656718312478654 0.0015487684181005271 0.00078242963268171243 0.0048362743854522706 0.0034373931382433512 0.0017066143781163043 -0.002329374259765528 -0.00047374065612867868 0.0023461969066482079 -0.00050840179453015425 0.00049975324281655486 0.00034615674399605706 0.0041140952493151422 -0.00021535916364032859 -0.0017028722151386537 0.0091016823699807421 0.00080614332271261189 0.0028854292842183027 0.0034347466729599779 0.0014252514707738663 0.0038857814564835281 -0.0060314909298782044 0.0027297042102929366
leaf_weight=498 2307 49389 223 6074 14049 76849 16045 21967 715 6475 9451 8895 1624 1217 11148 129 11753 17602 4598 3003 5817 5727 12306 4682 5577 1146 731 822 3775 15565 165 2518 4263 16008 24114 5801 6770 17558 104 141 7462 4232 515 100 7442 14627 45604 526 14901 19672 48660 256 8816 17344 102 1862 188 2427 1883 112 2477 1487
leaf_count=498 2307 49389 223 6074 14049 76849 16045 21967 715 6475 9451 8895 1624 1217 11148 129 11753 17602 4598 3003 5817 5727 12306 4682 5577 1146 731 822 3775 15565 165 2518 4263 16008 24114 5801 6770 17558 104 141 7462 4232 515 100 7442 14627 45604 526 14901 19672 48660 256 8816 17344 102 1862 188 2427 1883 112 2477 1487
internal_value=-1.28282e-06 -0.000895229 0.00213333 -0.00225307 0.00303764 -0.000190624 -0.00344847 0.00138605 0.00158031 -0.00169856 0.00377958 0.00203026 0.00226858 -0.00141946 0.00344231 -0.00307133 0.00249402 -0.00213658 -0.000106352 0.00017505 -0.000623588 0.00116707 0.00207259 -0.00531986 0.00130713 0.00392997 -0.00147754 0.00454707 0.00442745 -0.00150713 0.00195614 -0.00118045 -0.00270175 -0.00165546 0.00104072 0.00234207 0.00386904 -0.00287224 -0.000451279 0.00109354 0.00139587 0.000288009 0.00313778 -0.000893876 0.00138054 -0.00252118 -0.000457253 -0.000365581 -0.000708615 0.000383879 0.000283318 0.000622076 -0.000390925 -0.00186356 0.00528774 -3.72324e-05 -2.412e-05 0.00275446 0.000580603 0.00055527 -0.00634217 0.00186318
internal_weight=598296 421696 176600 144066 79905 277630 45652 96695 85558 98414 46015 33890 32098 60111 31967 37995 20648 38303 11137 150511 127119 53460 28711 7657 13242 3387 58753 14048 13226 57910 7379 18083 21950 39827 46081 20534 17918 17687 77630 1358 8177 8830 2139 49489 13019 20701 77526 56808 20718 73474 51663 21811 56282 23819 1248 10678 77037 8228 21555 843 2975 7214
internal_count=598296 421696 176600 144066 79905 277630 45652 96695 85558 98414 46015 33890 32098 60111 31967 37995 20648 38303 11137 150511 127119 53460 28711 7657 13242 3387 58753 14048 13226 57910 7379 18083 21950 39827 46081 20534 17918 17687 77630 1358 8177 8830 2139 49489 13019 20701 77526 56808 20718 73474 51663 21811 56282 23819 1248 10678 77037 8228 21555 843 2975 7214
is_linear=0
shrinkage=0.05


Tree=24
num_leaves=63
num_cat=8
split_feature=8 8 8 8 8 13 8 8 8 8 2 8 8 15 8 8 8 11 8 8 13 13 9 7 11 8 8 13 13 8 2 7 7 8 7 2 7 2 8 2 4 2 0 10 10 8 2 13 7 11 2 15 4 2 1 15 10 10 0 8 7 12
split_gain=412.504 128.736 62.2741 24.5887 20.5631 17.2511 7.91578 7.25268 6.05935 4.87971 4.00373 3.61284 2.32113 2.24228 1.83402 1.31726 1.29429 1.21757 1.13497 1.00057 0.911859 0.829799 0.74742 0.685569 0.68116 0.670699 0.618953 0.597624 0.573531 0.554972 0.54107 0.515076 0.471979 0.438605 0.415405 0.408933 0.405116 0.389284 0.381615 0.375337 0.360555 0.354356 0.34834 0.306093 0.302553 0.292193 0.286302 0.282395 0.761406 0.280098 0.271216 0.268982 0.263626 0.233746 0.23227 0.224713 0.22374 0.217264 0.216574 0.209837 0.209397 0.238417
threshold=1.6055000000000004 1.4855000000000003 1.7045000000000001 1.3495000000000001 1.5515000000000001 1.6907371699262386 1.7985000000000002 1.6455000000000002 1.4255000000000002 1.2455000000000003 20.500000000000004 1.5155000000000001 1.5775000000000003 0 1.8595000000000004 1.8860000000000003 1.6745000000000003 1.8848571428571432 1.7395000000000003 1.4555000000000002 1.5942176516137458 1.5687603135334347 1.1295000000000002 21.500000000000004 1.2819285714285715 1.3955000000000002 1.5325000000000002 1.5687603135334347 1.5942176516137458 1.9525000000000003 23.500000000000004 23.500000000000004 19.500000000000004 1.8195000000000003 19.500000000000004 2.5000000000000004 24.500000000000004 2.5000000000000004 1.7755000000000003 3.5000000000000004 1 9.5000000000000018 2 1.6895000000000002 1.6885000000000001 1.5035000000000001 2.5000000000000004 1.5169350679153755 12.500000000000002 1.7256428571428575 15.500000000000002 3 4 2.5000000000000004 5 6 1.6655000000000002 1.3875000000000002 7 1.6255000000000002 20.500000000000004 1.5294833333333335
decision_type=10 8 8 10 10 2 10 10 10 10 2 8 10 9 10 10 10 10 10 10 2 2 10 2 10 10 10 2 2 10 2 2 2 10 2 2 2 2 10 2 1 2 1 8 10 10 2 2 2 10 2 9 1 2 1 9 8 8 1 10 2 10
left_child=1 3 7 9 11 10 18 21 25 22 15 23 28 -12 33 38 34 30 -7 36 26 59 39 35 -11 47 -13 43 44 -16 51 53 50 -8 52 -3 37 -10 58 -1 -22 46 -29 -14 -6 55 -27 -5 -49 -20 -18 -15 -9 -21 -48 -25 -28 -34 -4 -2 -23 -62
right_child=2 4 5 8 12 6 14 16 19 24 13 20 27 17 29 -17 32 -19 49 31 40 60 -24 45 -26 41 56 42 -30 -31 -32 -33 57 -35 -36 -37 -38 -39 -40 -41 -42 -43 -44 -45 -46 -47 54 48 -50 -51 -52 -53 -54 -55 -56 -57 -58 -59 -60 -61 61 -63
leaf_value=-0.0087654464807106879 0.00039884545957341485 -0.0015020848497721661 0.0024962069605515926 -0.0031550197557894339 -0.00020643323271179616 0.0023853710740461675 0.0034689742349663915 0.0015067240595551506 -0.002373444915033412 -0.0043626011023736519 -0.0012972585276951327 -0.00087531244557206671 0.00014013777136061346 0.00068582791945919158 0.0046254078568753795 0.0052696133724983675 0.0017094804158747493 0.0036650171257896196 0.0027651873755712977 -0.0017801112839808441 0.00040373548719528017 0.00097591590557388145 -0.0053883804727587852 -0.0036238128703348993 -0.0035191757002350694 -0.0025499579003908359 -0.00050438352402039984 0.00071983417597791804 0.00044318548380875767 0.0069601836724234511 0.0018192365976222751 -0.00167315910433442 0.00038977514225196257 0.0039196331191948324 0.00097727188474153073 -0.00035928141840694964 -0.0021053004331487431 -0.0011959211728246519 0.0028446446889132558 -0.0064111855554274712 -0.00059161712068305351 -0.0025594400375647253 0.00025940487901664325 -9.3910601543403536e-05 -0.00045040076442317889 -0.0010425603063879726 -0.0013221395576610035 -0.0017035630180978194 -0.0029171459395207966 0.0031194403983572754 0.0021571666684469504 0.0012436440385999357 0.0011048737170258802 -0.00084840074905629271 -0.0021883597022763824 -0.0013303585525778622 -0.0007464097656835506 0.0014101620552839026 0.0020016888273754973 0.00064706055075413498 -0.0014259175429793282 0.00069427244960084235
leaf_weight=236 22816 1011 3404 5765 43024 13359 11098 11081 973 3185 892 30137 48883 3917 4728 362 15572 518 9839 867 2697 15890 3052 104 9637 1958 30063 5397 2883 269 2628 26844 569 10514 12034 3468 21165 2519 2122 599 1373 15217 17312 19559 18035 11034 1471 1563 7467 12890 4322 5128 6461 3011 1633 33714 13994 6272 10599 13584 135 7443
leaf_count=236 22816 1011 3404 5765 43024 13359 11098 11081 973 3185 892 30137 48883 3917 4728 362 15572 518 9839 867 2697 15890 3052 104 9637 1958 30063 5397 2883 269 2628 26844 569 10514 12034 3468 21165 2519 2122 599 1373 15217 17312 19559 18035 11034 1471 1563 7467 12890 4322 5128 6461 3011 1633 33714 13994 6272 10599 13584 135 7443
internal_value=-1.21868e-06 -0.000961225 0.00179425 -0.00243695 -0.000401805 0.00276402 0.00323354 0.00102408 -0.00211142 -0.00419914 0.00176849 -0.000871959 -1.50087e-05 0.00111537 0.00388782 0.00228677 0.00143142 0.0012919 0.00275112 -0.00178574 -0.000660728 0.000640943 -0.00575104 -0.00120708 -0.00372868 -0.00262565 -0.000700701 0.000146999 -0.000245955 0.00475109 0.0011877 -0.00159534 0.00168355 0.00368821 0.00120351 -0.000617235 -0.00202298 -0.00152402 0.0022198 -0.00707658 6.79568e-05 -0.00243889 0.000369261 7.32526e-05 -0.000278494 -0.00126598 -0.00207651 -0.00288163 -0.00270709 0.00296609 0.00180674 0.00100421 0.00135872 -0.0010567 -0.00177785 -0.00133888 -0.000581259 0.00132529 0.00212511 0.000491476 0.000872775 0.000656502
internal_weight=598296 389850 208446 107162 282688 92267 62697 116179 90453 16709 29570 127595 155093 13083 26609 16487 56311 12191 36088 55379 78264 59868 3887 49331 12822 35074 74194 91151 63942 4997 11673 30722 26735 21612 29576 4479 24657 3492 16125 835 4070 20279 22709 68442 61059 44852 5062 14795 9030 22729 19894 9045 17542 3878 3104 33818 44057 6841 14003 36400 23468 7578
internal_count=598296 389850 208446 107162 282688 92267 62697 116179 90453 16709 29570 127595 155093 13083 26609 16487 56311 12191 36088 55379 78264 59868 3887 49331 12822 35074 74194 91151 63942 4997 11673 30722 26735 21612 29576 4479 24657 3492 16125 835 4070 20279 22709 68442 61059 44852 5062 14795 9030 22729 19894 9045 17542 3878 3104 33818 44057 6841 14003 36400 23468 7578
cat_boundaries=0 71 72 73 144 145 146 157 158
cat_threshold=0 0 524288 0 0 0 32768 0 256 0 0 0 0 0 0 0 0 0 0 0 0 0 0 0 0 0 0 0 0 0 0 0 0 128 0 0 0 0 0 16384 0 0 0 0 0 0 0 0 0 0 0 0 0 0 0 0 0 0 0 0 0 262144 4096 0 0 0 0 0 0 0 16384 1 24 0 0 131072 0 0 0 0 8192 0 0 0 0 0 0 0 0 4096 0 0 0 0 0 0 0 0 0 0 0 0 1 0 69206016 0 0 0 0 0 8 536870912 0 0 0 0 0 0 0 0 0 0 0 0 0 0 0 0 32 0 0 0 524288 0 32768 0 1024 524288 0 0 0 16384 0 262144 1 1 0 0 0 0 0 0 0 0 0 0 4 4
is_linear=0
shrinkage=0.05


Tree=25
num_leaves=63
num_cat=0
split_feature=8 8 8 14 8 13 14 14 8 14 8 14 14 13 8 2 13 14 2 14 13 8 14 14 8 13 14 14 14 13 13 14 13 14 14 14 14 13 2 14 14 13 13 7 14 14 14 14 14 13 9 14 13 13 13 13 14 13 13 14 13 14
split_gain=373.612 114.389 59.2435 20.7301 20.4762 16.8387 13.4721 10.6733 5.1257 4.55309 4.39413 3.55088 3.21794 3.57221 3.11301 2.34357 2.32441 2.21988 2.16527 1.78651 1.63633 1.44656 1.39325 1.36345 1.2775 1.16756 1.153 0.962351 0.948357 0.908834 0.897891 1.88389 0.870446 1.01457 0.987022 0.836351 0.812518 0.954302 0.807396 0.792169 0.784036 0.76097 0.755474 0.735621 1.34609 0.780218 0.704383 0.703755 0.70189 0.665525 0.650416 0.633603 1.25039 0.792364 0.614969 0.603469 0.596374 1.58654 1.1066 0.699309 0.635707 0.621837
threshold=1.6035000000000001 1.4755000000000003 1.6945000000000003 -0.16293947650256976 1.5445000000000002 1.6907371699262386 0.014708424373687136 0.052306984862093071 1.2455000000000003 -0.10249478782937292 1.6455000000000002 0.19915643966100907 -0.021753853127978281 1.5620247581554929 1.5745000000000002 16.500000000000004 1.54966313260261 0.0029609999302068206 16.500000000000004 -0.18094641324931535 1.5202232939343461 1.3395000000000004 0.055231168460411768 -0.074653736874871743 1.8295000000000001 1.6235503479834801 0.10008565673862514 0.10793188840022118 -0.072753853127978205 1.54966313260261 1.5687603135334347 -0.085638412842621955 1.5733002212122036 0.038675886764653174 0.10538427610798919 0.039869307748806489 0.026602985576863251 1.637672227396908 19.500000000000004 -0.021753853127978281 0.087060523497430223 1.5942176516137458 1.6547048977345689 19.500000000000004 0.062416233772568337 0.17864477115549585 0.028168497135869778 -0.16293947650256976 0.1184814679925852 1.5084090432148856 1.1295000000000002 1.0000000180025095e-35 1.5942176516137458 1.5524390734056372 1.5084090432148856 1.5620247581554929 0.034447458763057 1.5818107396984753 1.5547134964177483 -0.0033444328431315724 1.5459094809999721 0.053499587097057717
decision_type=10 8 10 2 10 2 2 2 10 2 10 2 2 2 10 2 2 2 2 2 2 10 2 2 10 2 2 2 2 2 2 2 2 2 2 2 2 2 2 2 2 2 2 2 2 2 2 2 2 2 10 2 2 2 2 2 2 2 2 2 2 2
left_child=1 3 10 8 12 6 28 17 50 20 32 22 30 29 40 27 39 19 -19 -7 -5 -10 -8 -18 41 -15 -17 -9 -4 46 31 47 33 -2 36 -25 -34 -38 -21 49 51 -13 -24 45 -45 -12 -14 -3 56 -11 -1 53 -53 -6 -48 -23 58 60 59 -16 -58 -62
right_child=2 4 5 9 14 7 11 15 21 16 43 24 13 25 48 26 23 18 -20 38 -22 55 42 35 -26 -27 -28 -29 -30 -31 -32 -33 34 -35 -36 -37 37 -39 -40 -41 -42 -43 -44 44 -46 -47 54 -49 -50 -51 -52 52 -54 -55 -56 -57 57 -59 -60 -61 61 -63
leaf_value=-0.0066927949152666699 -0.00037987034305110839 -0.0064891911029815678 -0.0016500388667918743 -0.0029476075351908097 -0.0010919797396337807 -0.0027169612616534562 0.0013221200994401113 0.0029797621941366503 -0.0038878974191152663 -0.0022532224830672199 0.0013812187922127783 0.0025256730744204945 -0.00092365724341143026 0.00087517786145127965 -0.002173531850809454 0.0038511288719153876 -0.0014081087824715231 0.0021758715657832625 0.0031458071664570634 0.0017218706955466298 -0.0022158468654960065 -0.003436811113305141 0.0018826482033791614 -0.00019421016307717069 0.0048845023738549546 0.0053951034837059287 0.0048146150278661707 0.0041000069685204199 -9.5919474118923484e-05 -0.00013414249452533831 -0.00083307087510549284 -0.0012570278856700867 0.00056051421780928647 0.00053829407271521257 0.0052983441770076758 0.0043373178154722134 0.0010729196302097248 0.0032769160149316262 0.002511637770111676 -0.00073366616390248014 0.0015162565621374556 0.0053056706677687892 0.0025004001845730143 -0.00031299045911609445 0.001138478913015767 0.0053092523613636651 -0.0007440270384311868 -0.0026084431872076346 0.0023416442813316428 -0.001782975254961847 -0.0051269526884605617 -0.00026319849361617639 0.0025628573807230607 -0.00038375001546434397 0.00014094102613587778 -0.0025307294376324648 5.0382004464561065e-05 0.0029176792941529657 0.00010721457382340903 -0.00039351501687382112 0.00029472410578021662 0.0010947181497112772
leaf_weight=846 3242 125 1200 12144 5313 203 7202 10427 8634 10697 27542 1891 41507 2380 586 13026 5076 10047 13466 8950 20597 3327 12363 2583 1268 152 4077 2349 5394 5038 11645 41933 11187 41812 125 106 8062 523 5069 1458 581 283 8253 1809 13652 127 5432 1786 351 25366 3069 59404 394 15386 3074 4105 32238 537 30767 9447 16218 2857
leaf_count=846 3242 125 1200 12144 5313 203 7202 10427 8634 10697 27542 1891 41507 2380 586 13026 5076 10047 13466 8950 20597 3327 12363 2583 1268 152 4077 2349 5394 5038 11645 41933 11187 41812 125 106 8062 523 5069 1458 581 283 8253 1809 13652 127 5432 1786 351 25366 3069 59404 394 15386 3074 4105 32238 537 30767 9447 16218 2857
internal_value=-1.09767e-06 -0.000931137 0.00167633 -0.00240605 -0.000427733 0.00251939 0.00167503 0.0029921 -0.00384304 -0.00203807 0.000853658 0.00210825 -0.000951617 -0.000689776 -8.74464e-05 0.00369808 -0.00171331 0.0024331 0.00273136 0.00194 -0.00248727 -0.00344772 0.0019208 -0.000925879 0.00362321 0.00114652 0.0040808 0.00318573 -0.000378744 -0.000774234 -0.00122334 -0.001327 0.000593864 0.000472225 0.0008693 -1.5578e-05 0.0008413 0.00120719 0.00200744 -0.00187627 -0.0003139 0.00288756 0.00212995 0.00124489 0.000968651 0.00139925 -0.000838713 -0.00286229 0.000109975 -0.00192246 -0.00546532 -0.00032711 -0.000244578 -0.000565538 -0.000424207 -0.00293634 0.000101521 0.000214049 -4.14842e-05 -0.000497481 0.000185755 0.000414545
internal_weight=598708 385159 213549 98008 287151 105468 37854 67614 19981 78027 108081 31260 113072 57583 174079 29879 45286 37735 23513 14222 32741 16066 27818 7765 3442 2532 17103 12776 6594 55051 55489 43844 64951 45054 19897 2689 19772 8585 14019 37521 81078 2174 20616 43130 15461 27669 50013 1911 93001 36063 3915 80497 59798 20699 8506 7432 92650 51850 40800 10033 51313 19075
internal_count=598708 385159 213549 98008 287151 105468 37854 67614 19981 78027 108081 31260 113072 57583 174079 29879 45286 37735 23513 14222 32741 16066 27818 7765 3442 2532 17103 12776 6594 55051 55489 43844 64951 45054 19897 2689 19772 8585 14019 37521 81078 2174 20616 43130 15461 27669 50013 1911 93001 36063 3915 80497 59798 20699 8506 7432 92650 51850 40800 10033 51313 19075
is_linear=0
shrinkage=0.05


Tree=26
num_leaves=63
num_cat=0
split_feature=8 8 8 14 8 14 13 13 8 14 8 14 13 14 13 8 13 14 14 13 7 14 14 13 13 8 14 8 7 14 14 13 13 14 13 14 14 14 13 8 7 14 14 14 14 14 7 3 14 14 14 14 13 13 14 13 8 13 14 13 13 13
split_gain=337.185 103.236 53.4672 18.7089 18.4889 15.3005 11.1803 10.938 4.64652 4.12891 3.97831 3.16139 3.1957 2.7287 2.82954 2.5607 2.19749 1.91402 1.6869 1.65745 1.54172 1.36943 1.16516 1.1522 1.13571 1.09706 1.07728 1.06113 0.955648 1.78196 0.981464 0.934842 0.896666 1.35137 0.879869 1.18086 0.847005 0.835384 0.779357 0.775275 0.771909 0.768723 0.704984 0.694517 0.677738 0.655515 1.43894 0.645851 1.15244 0.637129 0.632223 0.565233 1.60133 0.998703 0.631126 0.587121 0.559599 0.544631 0.540404 1.10584 0.720505 0.535854
threshold=1.6035000000000001 1.4755000000000003 1.6945000000000003 -0.16293947650256976 1.5455000000000003 0.022498923975334487 1.7383870967741937 1.6704107100160936 1.2645000000000002 -0.10048230170487525 1.6385000000000003 -0.023351271388434621 1.5620247581554929 0.23413795335978729 1.6907371699262386 1.5745000000000002 1.54966313260261 0.082218138307078151 -0.16293947650256976 1.5318691884456672 15.500000000000002 0.077536843043799722 0.0746498760321639 1.6235503479834801 1.5942176516137458 1.3395000000000004 -0.037704182444719729 1.9255000000000002 20.500000000000004 0.013708424373687246 0.17864477115549585 1.6049724144486879 1.5620247581554929 -0.078211632854578647 1.5084090432148856 0.02901113606810302 -0.047704182444719738 0.12576263955926395 1.6049724144486879 1.1595000000000002 18.500000000000004 -0.071368378156687381 -0.063544665651287899 -0.021753853127978281 0.087060523497430223 0.035605329836928108 9.5000000000000018 11.500000000000002 -0.040789782860077166 0.13682272811992249 0.16225525264032251 0.034447458763057 1.5818107396984753 1.5547134964177483 -0.0033444328431315724 1.54966313260261 1.4485000000000003 1.5620247581554929 1.0000000180025095e-35 1.5818107396984753 1.5524390734056372 1.5733002212122036
decision_type=10 8 10 2 10 2 2 2 10 2 8 2 2 2 2 10 2 2 2 2 2 2 2 2 2 10 2 10 2 2 2 2 2 2 2 2 2 2 2 10 2 2 2 2 2 2 2 2 2 2 2 2 2 2 2 2 10 2 2 2 2 2
left_child=1 3 10 8 11 7 13 36 39 19 61 32 34 14 22 44 43 40 -9 -5 -20 -16 38 -14 41 -10 -22 -15 30 -30 45 -24 33 -3 -13 -36 -4 -33 -7 -1 -8 -18 -34 56 58 47 -47 -12 -49 51 -19 53 55 54 -17 -53 -11 -27 60 -60 -6 -2
right_child=2 4 5 9 15 6 17 18 25 16 28 12 23 27 21 49 24 50 20 -21 26 -23 31 -25 -26 57 -28 -29 29 -31 -32 37 42 -35 35 -37 -38 -39 -40 -41 -42 -43 -44 -45 -46 46 -48 48 -50 -51 -52 52 -54 -55 -56 -57 -58 -59 59 -61 -62 -63
leaf_value=-0.0062379149205370361 0.0004141000942220821 -0.0025268821365503156 -0.0011777269804051568 -0.0026728242180127019 -0.0010802452235223589 -0.00012997951430161755 0.0030625842867840073 -0.0022157634831858702 -0.0036389734200665798 -0.00203895554772902 0.00092691796335936383 -0.0010092002768828298 0.00076433389453228664 0.0036662582515518717 0.0023932669049262284 -0.0020648552530759838 -0.0013117597942439404 0.0041543878021611837 0.001442573982581654 -0.0019812170759469102 0.0015774889685743457 0.0032594304196096311 0.0017815121326085481 0.0051361446175724268 0.0028078090569733662 -0.003264970576649838 0.0025417771508884253 0.0068511500038135392 -0.0015635226474698715 0.00094138777191635637 0.0053766514342086878 0.0022678439282270268 -0.0011326938040950914 -0.001231042135612208 -0.00067391088817236053 0.00030630380126519207 3.4183327534793546e-05 0.0033958361195365414 0.001633472147029481 -0.0046809626214485613 0.0037386960492289019 -0.00020032548610206355 -0.00048554942438376933 -0.00069698285496135016 0.0014268155241642924 0.0014081174535016516 0.003505317429586301 0.0012155066745422151 0.0030609925042902586 0.0038903209830734985 0.006488864970365632 8.0273993307985528e-05 0.002875651535369068 0.00010185384544323735 -0.00037383926668247178 0.00046507535536715927 -0.0016351276328733103 -0.0024041929599788181 -0.00024121955432245879 0.0023011179840766983 -0.00035786773653601083 0.00076454152642378573
leaf_weight=1016 39541 2135 2127 18131 4530 668 11117 241 7780 15185 15033 18584 2596 1565 12206 586 4293 7952 8316 16589 3915 7288 7685 160 212 3327 11132 314 736 20091 146 7133 10417 34899 38633 3338 4475 2132 10095 3753 6806 2440 7061 1458 573 10939 884 4611 1036 111 301 38139 557 30767 9447 13394 19719 4105 56290 431 14503 15064
leaf_count=1016 39541 2135 2127 18131 4530 668 11117 241 7780 15185 15033 18584 2596 1565 12206 586 4293 7952 8316 16589 3915 7288 7685 160 212 3327 11132 314 736 20091 146 7133 10417 34899 38633 3338 4475 2132 10095 3753 6806 2440 7061 1458 573 10939 884 4611 1036 111 301 38139 557 30767 9447 13394 19719 4105 56290 431 14503 15064
internal_value=-1.04278e-06 -0.000884581 0.00159251 -0.00228575 -0.000406346 0.00239342 0.00277494 0.0014428 -0.00365089 -0.00193616 0.000810975 -0.000887318 -0.000646992 0.00232992 0.00225554 -7.16724e-05 -0.0016105 0.00360946 0.001946 -0.00234238 0.00198893 0.00271709 0.00193088 0.00101814 -0.000795525 -0.00322397 0.00229088 0.00419849 0.00111751 0.000852867 0.00128633 0.00218923 -0.00116644 -0.00130575 -0.000722777 -0.000595953 -0.000356264 0.00252741 0.00152402 -0.00501266 0.00331933 -0.000908982 -0.000871252 -0.00176615 -0.000286302 0.00126796 0.00156492 0.00109817 0.00155408 0.000104477 0.00423953 9.99526e-05 0.00020911 -3.941e-05 -0.000472607 0.000180288 -0.00181081 -0.00278953 -0.00029926 -0.000221901 -0.000529799 0.000510777
internal_weight=598708 385159 213549 98008 287151 105468 75262 30206 19981 78027 108081 117823 63311 49086 47207 169328 43307 26176 23604 34720 23363 19494 27713 2756 6945 15212 15047 1879 53476 20827 32649 16950 54512 37034 60555 41971 6602 9265 10763 4769 17923 6733 17478 36362 76327 32503 11823 20680 5647 93001 8253 92890 52090 40800 10033 51533 34904 7432 75754 56721 19033 54605
internal_count=598708 385159 213549 98008 287151 105468 75262 30206 19981 78027 108081 117823 63311 49086 47207 169328 43307 26176 23604 34720 23363 19494 27713 2756 6945 15212 15047 1879 53476 20827 32649 16950 54512 37034 60555 41971 6602 9265 10763 4769 17923 6733 17478 36362 76327 32503 11823 20680 5647 93001 8253 92890 52090 40800 10033 51533 34904 7432 75754 56721 19033 54605
is_linear=0
shrinkage=0.05


Tree=27
num_leaves=63
num_cat=0
split_feature=8 8 8 14 14 8 8 7 8 8 14 14 14 8 8 14 14 8 7 7 14 7 8 14 7 14 12 7 8 14 2 14 2 14 7 7 14 7 14 2 14 2 2 7 7 14 14 14 14 8 14 14 14 7 12 7 14 7 14 14 7 14
split_gain=304.514 107.763 31.338 26.3842 13.279 11.6146 7.64003 6.53867 4.47879 4.38348 4.27316 2.29953 2.20216 1.72061 1.69126 1.65175 1.40862 1.35798 1.29654 1.29025 1.24531 1.1863 1.09696 1.07913 0.995597 2.00112 0.987603 0.931199 0.879263 0.84523 1.095 0.820656 0.885002 0.703975 0.68343 0.676194 1.15181 0.63664 0.725811 0.623346 1.18401 0.674037 0.615172 0.586436 0.981613 0.786626 0.557244 0.533444 0.529502 0.518756 0.511752 0.511499 0.494645 0.796958 0.620537 0.490157 0.481536 0.472538 1.18387 0.547616 0.450024 0.97702
threshold=1.6245000000000003 1.5035000000000001 1.7285000000000001 -0.12088132352990653 0.0029609999302068206 1.5685000000000002 1.2925000000000002 20.500000000000004 1.7995000000000003 1.6645000000000001 -0.072753853127978205 0.042498923975334509 0.085611870834130924 1.3695000000000002 1.5895000000000004 -0.0049464132493153281 -0.15599773044947726 1.9995000000000003 45.500000000000007 20.500000000000004 0.13682272811992249 1.5000000000000002 1.1985000000000003 -0.00078555415250203253 20.500000000000004 0.082795102265431422 1.4490333333333338 39.500000000000007 1.7585000000000002 0.092456750038657401 21.500000000000004 0.080329230427327328 9.5000000000000018 0.16225525264032251 19.500000000000004 45.500000000000007 0.030351305368240048 1.5000000000000002 0.031827772603092226 9.5000000000000018 0.036986227522251232 14.500000000000002 19.500000000000004 1.5000000000000002 40.500000000000007 -0.046621137623997659 -0.049988863931896936 -0.058013725119323005 -0.043357582155314704 1.8895000000000002 -0.030499862288395182 0.10793188840022118 0.049663025344347085 39.500000000000007 1.5110166666666671 1.5000000000000002 -0.08297083321245767 20.500000000000004 -0.016336974655652977 0.05901113606810305 20.500000000000004 0.15147934460106019
decision_type=10 10 8 2 2 10 10 2 10 10 2 2 2 10 10 2 2 10 2 2 2 2 10 2 2 2 10 2 10 2 2 2 2 2 2 2 2 2 2 2 2 2 2 2 2 2 2 2 2 10 2 2 2 2 10 2 2 2 2 2 2 2
left_child=1 3 9 6 7 15 22 16 28 33 18 19 23 -8 51 27 -4 29 21 -10 26 -5 -1 43 31 47 -17 50 -6 30 42 39 -33 57 -15 37 -37 -28 -39 -11 -41 -42 -13 -12 45 -45 -46 -26 -29 -31 -3 -7 53 -16 -54 -25 -9 -2 -59 -60 -30 -62
right_child=2 5 4 10 8 14 13 56 11 24 12 17 -14 34 52 20 -18 -19 -20 -21 -22 -23 -24 55 25 -27 35 48 60 49 -32 32 -34 -35 -36 36 -38 38 -40 40 41 -43 -44 44 46 -47 -48 -49 -50 -51 -52 -53 54 -55 -56 -57 -58 58 59 -61 61 -63
leaf_value=-0.0054890801076588657 0.00097082525594086554 -0.00080378775324591663 -0.0018617048389899561 -0.0026254084010022818 0.0021315397127548629 -3.6263714993193193e-05 -0.0030526408296910109 -0.0014078836982992717 0.0027076212960616994 0.0010763108394825185 -0.0019845431395890613 0.0029387996158404045 0.0040766183224353767 -0.0015819926036966033 0.00025389596623228317 0.00089230165654699707 0.0020481312556363731 0.0092254736838806983 -0.0021204313028842939 0.00060878956731945204 0.0050519366704700691 -0.0014652198392226831 -0.0040762502915138955 -0.0012701120469172838 -0.00272342418213763 0.001346300961934095 -0.00076050837728557346 -0.0022917590627160042 0.0026884144886679443 0.0035453116474139425 0.001271660319528294 0.0019213381353330476 0.0038017129213488727 0.0037826370760484307 -0.0024430079070038562 -0.00075342385777880266 -0.00024421610157144386 -0.00021249615372518566 0.00067875242588221309 0.0014684240712473364 0.0021728083831067564 0.0046746308206204786 0.0036644698953847313 -0.0010474630508485242 -0.0016088184687134783 -0.00022646406035424944 -0.0011931852495507763 -0.00017169226207926384 -0.0010038552169230339 0.0043572341269203741 -0.00041922706959642957 0.0018530673803595873 0.0022150232234393408 -0.00055517960385523116 0.00041654936690935777 0.00011614269305933379 -0.00017587192942179687 -0.0018797547341676921 0.00015173058167334977 0.00079841211526821649 0.00057795122403830738 0.0027004785590189831
leaf_weight=1975 22633 16095 238 2425 15360 73097 13945 991 2334 6286 2377 6724 201 2679 36090 1517 7181 101 18070 1067 106 24102 4514 883 240 9548 4718 851 21560 8163 740 3340 770 199 16495 24447 20349 25515 2509 21849 4863 285 5163 15123 12276 3615 23505 1397 12831 2592 18705 360 486 3324 36551 2295 3972 451 3834 22400 829 1567
leaf_count=1975 22633 16095 238 2425 15360 73097 13945 991 2334 6286 2377 6724 201 2679 36090 1517 7181 101 18070 1067 106 24102 4514 883 240 9548 4718 851 21560 8163 740 3340 770 199 16495 24447 20349 25515 2509 21849 4863 285 5163 15123 12276 3615 23505 1397 12831 2592 18705 360 486 3324 36551 2295 3972 451 3834 22400 829 1567
internal_value=-9.90646e-07 -0.000730589 0.00174181 -0.00183798 0.00248582 -0.000154133 -0.00293743 0.00098294 0.00276692 0.0011458 -0.00142274 0.00326426 -0.0011482 -0.00263005 0.000144327 -0.000504655 0.0019227 0.00344025 -0.00179379 0.00204915 -0.000363895 -0.00157128 -0.00450626 -0.00116568 0.00148325 0.00106938 -0.000371157 -0.000734486 0.00242683 0.00341526 0.00313781 0.00160705 0.00227362 0.000814747 -0.00232271 -0.000395876 -0.000522111 -0.000223167 -0.000132702 0.00152474 0.00162915 0.00231131 0.00325399 -0.00121577 -0.00118225 -0.000889073 -0.00133578 -0.000545801 -0.00108396 0.00374099 -0.000597086 -2.70044e-05 0.000308949 0.000185662 0.000440149 -0.000269025 -0.000421877 0.000802772 0.000660236 0.000703902 0.00261617 0.0019661
internal_weight=598708 422031 176677 144480 78582 277551 39608 12382 66200 98095 104872 26884 60275 33119 149908 127643 7419 23483 44597 3401 79161 26527 6489 60074 48578 11185 79055 48482 39316 23382 12627 37393 4110 49517 19174 77538 44796 32742 28024 33283 26997 5148 11887 56896 54519 18738 35781 1637 13682 10755 34800 73457 76451 39414 37037 3178 4963 49318 26685 26234 23956 2396
internal_count=598708 422031 176677 144480 78582 277551 39608 12382 66200 98095 104872 26884 60275 33119 149908 127643 7419 23483 44597 3401 79161 26527 6489 60074 48578 11185 79055 48482 39316 23382 12627 37393 4110 49517 19174 77538 44796 32742 28024 33283 26997 5148 11887 56896 54519 18738 35781 1637 13682 10755 34800 73457 76451 39414 37037 3178 4963 49318 26685 26234 23956 2396
is_linear=0
shrinkage=0.05


Tree=28
num_leaves=63
num_cat=0
split_feature=11 7 14 11 14 11 14 14 14 7 11 7 14 11 14 7 7 7 14 7 11 14 7 14 14 2 2 14 7 2 2 2 14 14 14 2 14 14 14 14 7 14 7 14 14 7 14 14 11 14 14 9 14 14 14 2 2 7 7 2 7 14
split_gain=214.71 84.0524 72.2324 25.3435 16.813 14.3786 11.2965 8.92412 5.12174 5.03434 4.14592 4.22585 3.86066 3.45307 3.08503 2.59426 2.98271 2.32943 2.29827 2.17646 2.14813 2.04066 2.0269 1.81356 1.81018 2.1751 1.76354 1.60987 1.55168 1.32848 1.32366 1.06073 1.04512 0.99698 0.971504 1.06347 1.0207 0.929372 0.897609 0.890575 0.862221 0.831028 0.829932 0.809103 0.793766 0.780763 0.726878 0.716687 0.702323 0.645046 0.635879 0.631043 0.622061 0.60184 0.588684 0.588241 0.552205 0.547797 0.898479 0.536346 0.522823 0.521926
threshold=1.582214285714286 20.500000000000004 -0.06555676772995099 1.6876428571428574 0.10008565673862514 1.3245000000000002 0.0077609489224235171 -0.011106819842558234 0.072498923975334542 39.500000000000007 1.4383571428571431 20.500000000000004 0.13040155132661349 1.6247857142857145 0.17864477115549585 39.500000000000007 2.5000000000000004 2.5000000000000004 0.048481467992585243 21.500000000000004 1.2393571428571433 0.060329230427327303 25.500000000000004 -0.11820658837140906 -0.017679057904565695 16.500000000000004 16.500000000000004 -0.13045057895381326 39.500000000000007 8.5000000000000018 3.5000000000000004 8.5000000000000018 -0.11649478782937293 0.13040155132661349 -0.047704182444719738 15.500000000000002 0.017228424425597137 -0.19648230170487532 -0.02639467016307195 -0.029565502533417273 39.500000000000007 -0.051039000069793221 23.500000000000004 -0.046621137623997659 0.032343537461373868 39.500000000000007 0.16225525264032251 0.19915643966100907 1.8848571428571432 0.14267588676465329 0.19915643966100907 1.1295000000000002 -0.16293947650256976 0.0029609999302068206 -0.17078978286007715 15.500000000000002 10.500000000000002 1.5000000000000002 40.500000000000007 25.500000000000004 23.500000000000004 0.055231168460411768
decision_type=10 2 2 10 2 10 2 2 2 2 10 2 2 10 2 2 2 2 2 2 8 2 2 2 2 2 2 2 2 2 2 2 2 2 2 2 2 2 2 2 2 2 2 2 2 2 2 2 10 2 2 10 2 2 2 2 2 2 2 2 2 2
left_child=2 3 5 13 7 20 9 23 24 17 27 -12 15 30 60 16 -8 -4 40 31 51 -17 29 54 37 -26 46 -7 -20 61 -2 -19 -13 43 -15 36 -36 -5 -21 -11 59 -25 -16 -32 -27 -34 -10 56 -44 -28 -14 -1 -22 -37 -3 -45 -38 -29 -59 -9 -6 -18
right_child=1 4 6 8 14 10 12 18 26 39 11 32 50 34 42 21 22 19 28 38 52 -23 -24 41 25 44 49 57 -30 -31 33 -33 45 -35 35 53 47 -39 -40 -41 -42 -43 48 55 -46 -47 -48 -49 -50 -51 -52 -53 -54 -55 -56 -57 -58 58 -60 -61 -62 -63
leaf_value=-0.0057153802770023897 6.4112582666758103e-05 -0.0055086242218065819 -0.0015225295908570502 -0.0023181538343635907 0.0019161488630151367 -0.0025192081789085184 -0.00043758257897682346 0.00020136976014960151 0.0026996691376400695 -0.0013320996243960694 -0.00037661377880861616 -0.0023859668585326792 0.0031620712077205723 0.00094784469001502232 0.0036782399322985849 -0.00040826318800890084 0.00060401287430039132 -0.00012869367139052186 0.00063357383242880093 -0.00084167872710013748 -0.0033097096514876148 0.00032138538281864667 0.00011971532918912183 -0.0012030250144236939 0.001942128389261804 0.0024167333747178413 0.0036344502637287385 -0.0025475578497633875 0.00010197522323900641 0.0022875746502289216 0.00046089682423777577 0.00070734319728624564 -0.0013027975251698627 0.0040445313143652037 0.0010357765449580491 0.0021100324640905515 0.0014694601389520249 0.0014899174924344269 -0.00032395685445691194 -0.00092327322551041867 -0.00038280009517725337 -0.00054908688318098533 0.0019822422974543905 0.0010992856858137296 0.0030159606810522275 -0.001814802591205396 0.0041256020657429874 0.0053273041470465422 0.004691067457527379 0.0053643435364405453 0.0071827608123421665 -0.0042311702626261563 -0.0019088042620792119 0.0035620206740163531 -0.0023618830238707296 0.0038947122896972456 0.0020060723496819932 -0.0013069976176858969 -0.0020230868948668281 -0.00016541105859452484 0.0010891396430791193 0.0014033576036600742
leaf_weight=875 4363 173 4401 167 2183 18481 11881 27224 9942 22266 7323 4762 461 5046 1382 48321 11032 13474 32087 15694 5915 11953 17357 8412 13516 10063 10511 2842 23990 1572 5934 5281 13321 267 6746 4343 10104 3947 17945 33158 14162 11500 2876 19768 12259 16882 982 139 261 568 125 3945 915 854 1055 190 9123 6267 14551 15724 15341 2506
leaf_count=875 4363 173 4401 167 2183 18481 11881 27224 9942 22266 7323 4762 461 5046 1382 48321 11032 13474 32087 15694 5915 11953 17357 8412 13516 10063 10511 2842 23990 1572 5934 5281 13321 267 6746 4343 10104 3947 17945 33158 14162 11500 2876 19768 12259 16882 982 139 261 568 125 3945 915 854 1055 190 9123 6267 14551 15724 15341 2506
internal_value=-9.41114e-07 0.000991799 -0.000904055 0.00193746 0.00021268 -0.00204576 -0.000399544 2.65544e-06 0.00266606 -0.000748504 -0.00181855 -0.00146878 -2.73294e-05 0.00126248 0.00149254 -4.99975e-05 0.000240266 -0.000417676 0.000178782 -0.00032487 -0.0036924 -0.000263566 0.000488319 -0.000940356 0.00232869 0.00244272 0.00327865 -0.00216954 0.000406153 0.000911737 0.000870364 0.000106716 -0.00169753 0.00100484 0.00159167 0.00169544 0.00156544 0.00133534 -0.000565496 -0.00108751 -4.44764e-05 -0.000825349 0.00265736 0.000973491 0.00274582 -0.00158898 0.00282785 0.00174994 0.00220762 0.00372314 0.00401973 -0.00450061 -0.00312203 0.00234863 -0.00280519 0.0011259 0.00172408 -0.00189641 -0.00180752 6.7085e-05 0.00119216 0.000751978
internal_weight=598708 285202 313506 128832 156370 96079 217427 134327 61955 112219 84429 42288 105208 66877 22043 104622 44348 56795 113187 52394 11650 60274 32467 21140 39952 35838 22003 42141 56077 15110 30522 18755 34965 26159 36355 31309 26112 4114 33639 55424 57110 19912 4519 25892 22322 30203 10924 19366 3137 11079 586 4820 6830 5197 1228 19958 19227 23660 20818 42948 17524 13538
internal_count=598708 285202 313506 128832 156370 96079 217427 134327 61955 112219 84429 42288 105208 66877 22043 104622 44348 56795 113187 52394 11650 60274 32467 21140 39952 35838 22003 42141 56077 15110 30522 18755 34965 26159 36355 31309 26112 4114 33639 55424 57110 19912 4519 25892 22322 30203 10924 19366 3137 11079 586 4820 6830 5197 1228 19958 19227 23660 20818 42948 17524 13538
is_linear=0
shrinkage=0.05


Tree=29
num_leaves=63
num_cat=1
split_feature=11 13 14 11 14 11 13 14 13 14 14 14 11 14 14 14 13 3 14 13 13 14 13 7 13 14 14 14 14 13 13 13 14 14 14 14 14 11 13 7 14 14 13 14 7 7 14 14 14 13 0 14 9 14 7 13 13 13 7 13 14 13
split_gain=193.808 81.2564 67.3587 16.4726 14.6301 13.0774 12.7513 10.0634 6.08996 6.05888 5.80782 3.86335 2.9303 2.70453 2.65786 2.44961 2.28997 2.28882 2.87475 2.15472 1.81737 1.80532 1.65896 1.48035 1.40055 1.30749 1.27083 1.26193 1.20191 1.11695 1.1168 1.0186 1.00062 0.988795 0.97752 0.925878 0.909919 0.884384 0.826665 0.788374 0.772232 0.76974 0.739071 0.715312 0.693532 0.671087 0.9348 0.669885 0.669042 0.64452 0.62702 0.586136 0.569516 0.567715 0.672924 0.556601 0.530523 0.517387 0.505117 0.49977 0.493157 0.485814
threshold=1.5858571428571431 1.6127524932844197 -0.06555676772995099 1.7196428571428575 0.058481467992585252 1.346214285714286 1.5733002212122036 -0.0024947878293729571 1.5620247581554929 0.13682272811992249 -0.039915056539427389 -0.047704182444719738 1.2393571428571433 0.062416233772568337 0.063265538758841347 -0.1129708332124577 1.5202232939343461 11.500000000000002 0.051827772603092244 1.5166211159358285 1.550899614426499 0.04178836714542123 1.5733002212122036 18.500000000000004 1.637672227396908 0.19915643966100907 0.0024249685760344701 -0.150014138882367 0.010361587157378007 1.637672227396908 1.5620247581554929 1.5202232939343461 -0.19648230170487532 0.035214445847498006 0.047216323069124606 -0.14484284706093839 0.15147934460106019 1.8848571428571432 1.5495233528697814 9.5000000000000018 -0.031556767729951078 -0.12375385312797836 1.6704107100160936 -0.16293947650256976 18.500000000000004 8.5000000000000018 0.017228424425597137 -0.16293947650256976 0.088443232270049035 1.637672227396908 0 0.0052102171399227579 1.1295000000000002 -0.18094641324931535 15.500000000000002 1.5202232939343461 1.50192924999321 1.5202232939343461 15.500000000000002 1.5318691884456672 0.087060523497430223 1.5776445871710891
decision_type=10 2 2 10 2 10 2 2 2 2 2 2 8 2 2 2 2 2 2 2 2 2 2 2 2 2 2 2 2 2 2 2 2 2 2 2 2 10 2 2 2 2 2 2 2 2 2 2 2 2 1 2 10 2 2 2 2 2 2 2 2 2
left_child=2 4 5 11 10 12 7 16 15 20 27 53 52 26 35 47 -4 18 45 34 55 38 37 36 41 39 42 -2 61 -15 59 -17 -26 50 -9 -5 58 56 -21 -20 -18 -10 -8 -14 -37 -13 -47 -7 -23 -28 -19 -46 -1 -3 -55 -6 -11 -49 -16 -30 -41 -12
right_child=1 3 6 14 9 8 13 19 24 22 28 17 43 29 23 31 40 33 25 21 -22 48 -24 -25 32 -27 49 -29 30 -31 -32 -33 -34 -35 -36 44 -38 -39 -40 60 -42 -43 -44 -45 51 46 -48 57 -50 -51 -52 -53 -54 54 -56 -57 -58 -59 -60 -61 -62 -63
leaf_value=-0.0054296112128666731 -0.0039538824951432169 -0.0027361481773550624 -0.0013148305943090858 -0.0010769291693945016 8.1745672592514518e-05 -0.002948099590988699 7.7274767779964245e-05 -0.00072397572001554368 -0.0018429510818006201 0.00038838161672928638 -0.00055798183768551181 0.00070571415851535121 -0.003005349098840844 0.0018628854806653078 0.0025217423692045094 -0.0020028310742989065 -0.00094949304146530595 0.003128587822803014 0.0016597550651971792 -0.00038485609298121457 0.00090680085236446615 0.00021222903712466519 0.0030614818019027842 0.0037769098423841292 -0.0015363589301911566 0.0058175121920669946 0.00073880009120534434 -0.001116664043598005 -0.00063540746425093083 0.0049695905951339329 0.00039907567967687325 -0.0014659601883155178 -2.2152399419680104e-05 0.0035843125248910378 -0.0002018442506055825 0.0021304244362357946 0.0042439474635408772 0.0043894928330126667 3.4300094411774975e-06 0.0021250487312444162 -0.00056697240368487015 -0.00096289676601947136 0.0011420746638544758 -0.0020189513376348773 0.0020133536113477544 0.0010086736955015622 0.0016370863982948392 -0.002537562724449089 0.0010848281384107168 0.0018201217152557709 0.0019796039963309131 0.003019047946497602 -0.0040196116932283282 0.00034275153663107456 0.0011071834560436983 0.00050349462254806383 0.0016092732734576745 -0.0020141075396462095 0.0030799205440956269 -6.3661888028746013e-06 0.0030862396428207907 -5.9152433988836898e-05
leaf_weight=875 406 120 26890 198 12542 3571 14135 23199 3505 1013 11944 5386 8860 1457 8767 14213 25072 1425 10119 31991 25307 21169 2307 6157 1362 222 9896 11295 3466 361 19770 23349 5484 1295 14609 12318 1135 266 23985 6788 27850 8535 1842 2319 1991 11791 11881 7444 2451 1601 10046 5320 3945 5821 5696 20792 7316 12903 7538 35482 1661 8254
leaf_count=875 406 120 26890 198 12542 3571 14135 23199 3505 1013 11944 5386 8860 1457 8767 14213 25072 1425 10119 31991 25307 21169 2307 6157 1362 222 9896 11295 3466 361 19770 23349 5484 1295 14609 12318 1135 266 23985 6788 27850 8535 1842 2319 1991 11791 11881 7444 2451 1601 10046 5320 3945 5821 5696 20792 7316 12903 7538 35482 1661 8254
internal_value=-8.94058e-07 0.000972389 -0.000832384 0.00198218 0.000243072 -0.0019396 -0.000361332 -0.000505912 -0.00167972 0.000788572 -0.000175566 0.00151961 -0.00324505 0.000612092 0.00275182 -0.00192095 -0.000939103 0.00167981 0.00152111 -0.000211427 0.000587342 -6.37981e-05 0.00187097 0.00311039 -0.000894412 0.00200307 0.000488504 -0.00121511 -2.14311e-05 0.00247978 9.30127e-05 -0.00166911 -0.000323401 0.00227464 -0.000522224 0.00232507 0.00287508 0.00155142 -0.00021848 0.00195746 -0.000748193 -0.00121909 0.000200036 -0.00280073 0.00235939 0.00120946 0.00132407 -0.00231647 0.000302777 0.000889378 0.00212679 0.00274517 -0.00427558 0.000685171 0.000720819 0.000344811 0.00146078 -0.00220561 0.00277979 -6.23449e-05 0.00231401 -0.000354133
internal_weight=598708 275835 322873 115675 160160 96365 226508 197216 80366 69543 90617 72251 15999 29292 43424 61480 79812 60614 47848 117404 58641 79596 10902 23597 18886 18790 27474 11701 78916 1818 58718 37562 6846 12766 37808 19827 17440 8595 55976 18568 52922 12040 15977 11179 19629 29058 23672 23918 23620 11497 11471 7311 4820 11637 11517 33334 8329 20347 16305 38948 8449 20198
internal_count=598708 275835 322873 115675 160160 96365 226508 197216 80366 69543 90617 72251 15999 29292 43424 61480 79812 60614 47848 117404 58641 79596 10902 23597 18886 18790 27474 11701 78916 1818 58718 37562 6846 12766 37808 19827 17440 8595 55976 18568 52922 12040 15977 11179 19629 29058 23672 23918 23620 11497 11471 7311 4820 11637 11517 33334 8329 20347 16305 38948 8449 20198
cat_boundaries=0 1
cat_threshold=16
is_linear=0
shrinkage=0.05


Tree=30
num_leaves=63
num_cat=10
split_feature=8 8 13 8 8 8 8 8 8 8 8 15 8 8 2 11 8 8 13 13 13 13 8 7 8 13 4 13 13 10 8 8 8 8 0 8 0 15 10 4 12 8 2 7 2 0 2 2 15 12 0 10 8 13 13 7 10 3 9 8 7 15
split_gain=223.867 79.04 23.8839 15.8869 11.3147 9.04055 3.71549 3.64662 2.87734 2.10948 1.8471 1.68858 1.59063 1.46975 1.11487 0.841138 0.734119 0.722817 0.646394 0.63592 0.577797 0.556271 0.537737 0.535482 0.470946 0.454375 0.445878 0.44404 0.440446 0.429897 0.41884 0.413973 0.335782 0.322587 0.315901 0.29412 0.292151 0.278191 0.268567 0.253059 0.235216 0.226864 0.224996 0.223693 0.341724 0.219123 0.2154 0.300104 0.212768 0.209423 0.208242 0.208058 0.203007 0.181317 0.174274 0.544344 0.167093 0.165125 0.25301 0.160492 0.156146 0.154696
threshold=1.6245000000000003 1.4985000000000002 1.6907371699262386 1.3775000000000002 1.5595000000000001 1.7695000000000001 1.2455000000000003 1.4455000000000002 1.6745000000000003 1.6985000000000003 1.5325000000000002 0 1.8355000000000004 1.5915000000000001 12.500000000000002 1.8848571428571432 1.3295000000000001 1.8255000000000001 1.5942176516137458 1.5733002212122036 1.5942176516137458 1.54966313260261 1.8895000000000002 12.500000000000002 1.1595000000000002 1.5942176516137458 1 1.5687603135334347 1.5687603135334347 1.0215000000000003 1.7295000000000003 1.7385000000000004 1.4185000000000001 1.4745000000000001 2 1.5085000000000002 3 4 1.6795000000000002 5 1.7063500000000003 1.9595000000000002 3.5000000000000004 53.500000000000007 9.5000000000000018 6 19.500000000000004 20.500000000000004 7 1.6120000000000003 8 1.3095000000000001 1.6005000000000003 1.5459094809999721 1.5169350679153755 9.5000000000000018 1.6895000000000002 12.500000000000002 1.4495000000000002 1.6455000000000002 1.5000000000000002 9
decision_type=10 8 2 10 10 10 10 10 10 10 10 9 10 10 2 10 10 10 2 2 2 2 10 2 10 2 1 2 2 8 10 10 10 10 1 10 1 9 10 1 10 10 2 2 2 1 2 2 9 10 1 8 10 2 2 2 10 2 10 10 2 9
left_child=1 3 8 6 10 9 24 21 28 26 18 -10 36 27 17 40 -8 30 35 33 43 32 -14 -23 29 52 -4 38 59 42 45 46 -5 -9 -27 -3 -7 -38 -6 -20 -16 -24 -1 44 60 48 -11 -48 -13 -39 -22 -30 -15 -26 -18 -56 -17 58 -29 -2 -12 -21
right_child=2 4 5 7 13 12 16 19 11 31 20 14 22 25 15 56 54 -19 39 61 50 23 41 -25 53 34 -28 57 51 -31 -32 -33 -34 -35 -36 -37 37 49 -40 -41 -42 -43 -44 -45 -46 -47 47 -49 -50 -51 -52 -53 -54 -55 55 -57 -58 -59 -60 -61 -62 -63
leaf_value=-0.0085070485932131606 0.00044461453163918664 -0.00090150647829463746 0.0013282320291498452 -0.0020033672793373833 -2.90394106024522e-05 0.0028771976221187994 -0.0029674221235950877 -0.0013166552760246958 -0.00084914994915979774 0.0016106695936609465 -0.0005819270682236716 0.0020592052259894834 0.0030461591734498856 0.0001222883319868702 0.00079814185356139045 0.0023719149730232962 -0.0025742618795758223 0.0030864850364556743 0.00034243928707498406 -0.00080704152782029028 0.00062043585367273311 -0.00072335680430266611 0.003788219513180072 -0.0016155342259234033 -0.0045693650839433095 9.3254759862754097e-05 0.00072025357869497932 2.9240123882739947e-05 -0.00027572687410920392 -0.0044176220597542054 0.0017576381349554443 0.0020565164779806776 -0.0016865389567587233 -0.0010731254953750917 0.00069640762049854319 -0.00066914870069043801 0.00041920395590728377 0.0022037973725347109 -0.00024362819223253248 -0.00064640741308168582 0.0012435564670503184 0.0055809543476289499 -0.0057736108599482742 -0.00017091686892330856 -0.00049803520989843454 0.0012331477471285532 0.0025949616648303555 0.0012531472473380713 0.0013311472975142116 0.0025356150751350741 -0.00018136492419418778 0.0008658358171835048 0.00030080250976153254 -0.0036887338700310485 -0.0012223277243465181 -0.0023751606821822819 0.0043891271772353276 9.1900418318374241e-06 0.0005526590657903771 0.00070586506936175545 -0.00017810751188618261 -0.0001652633631769704
leaf_weight=105 15143 20812 8563 17655 47327 4533 7379 27205 945 12878 2818 1878 9623 31903 12936 450 4590 676 1943 2178 1991 2108 1623 8319 817 2889 4655 4010 406 656 7359 15123 15889 27188 8902 39406 195 7345 21073 970 3845 198 266 11187 39689 16809 1334 606 2652 13486 1358 23624 31801 2054 1231 6088 133 6923 5442 9609 15904 1677
leaf_count=105 15143 20812 8563 17655 47327 4533 7379 27205 945 12878 2818 1878 9623 31903 12936 450 4590 676 1943 2178 1991 2108 1623 8319 817 2889 4655 4010 406 656 7359 15123 15889 27188 8902 39406 195 7345 21073 970 3845 198 266 11187 39689 16809 1334 606 2652 13486 1358 23624 31801 2054 1231 6088 133 6923 5442 9609 15904 1677
internal_value=-3.65029e-07 -0.000626223 0.00149407 -0.00167845 -0.000180956 0.00213188 -0.00286009 -0.00141042 0.000964049 0.00164022 -0.000516248 0.00124025 0.00270534 0.000103725 0.00128241 0.000965063 -0.00257555 0.00147043 -0.000714265 -0.00115095 -0.000344876 -0.00175414 0.00319526 -0.00143516 -0.00426804 0.000264175 0.00111412 -3.91611e-05 0.000694068 -0.00518693 0.00143237 0.00187248 -0.00185329 -0.00119493 0.000549294 -0.000749454 0.00248598 0.00239913 -9.5151e-05 1.31632e-05 0.000900199 0.00398315 -0.00654723 -0.000375744 -0.000414973 0.00132019 0.00168466 0.00217582 0.00163685 0.00241746 0.000296621 0.000846548 0.000211403 -0.00393933 -0.00233273 -0.00218126 0.0028321 0.000194714 0.000330599 0.000546035 -0.00023889 -0.000530378
internal_weight=598380 421753 176627 125405 296348 80162 23186 102219 96465 43159 136078 47683 37003 160270 46738 17364 19288 29374 63131 58248 72947 43971 11444 10427 3898 75495 13218 84775 48782 1027 28698 29941 33544 54393 11791 60218 25559 21026 68400 2913 16781 1821 371 69598 58411 21339 14818 1940 4530 20831 3349 24030 63704 2871 11909 7319 583 16375 9452 24752 18722 3855
internal_count=598380 421753 176627 125405 296348 80162 23186 102219 96465 43159 136078 47683 37003 160270 46738 17364 19288 29374 63131 58248 72947 43971 11444 10427 3898 75495 13218 84775 48782 1027 28698 29941 33544 54393 11791 60218 25559 21026 68400 2913 16781 1821 371 69598 58411 21339 14818 1940 4530 20831 3349 24030 63704 2871 11909 7319 583 16375 9452 24752 18722 3855
cat_boundaries=0 63 64 65 66 80 81 82 147 148 219
cat_threshold=0 0 524288 0 0 0 0 0 256 0 0 0 0 0 0 0 0 0 0 0 0 0 0 0 0 0 0 0 0 0 0 0 0 0 0 0 0 0 0 16384 0 0 2147500032 0 0 0 0 0 0 0 0 0 0 0 0 0 2147483648 0 0 0 0 262160 4096 1 68 16 0 0 0 0 0 0 0 0 0 0 0 0 0 16384 1 4 0 0 0 0 0 0 0 0 0 0 0 0 0 0 0 0 0 0 0 0 0 0 0 0 0 0 0 0 0 0 0 0 0 0 0 0 0 0 0 0 0 0 0 0 0 0 0 0 0 0 0 0 0 8388608 0 0 0 0 0 0 0 32768 0 0 524288 23 0 0 524288 0 0 0 0 1073741824 256 0 20 65536 0 16384 0 0 0 0 0 0 32 0 0 0 0 0 0 0 0 0 0 0 0 0 0 0 0 0 0 0 0 0 0 8454144 0 0 0 0 0 0 0 0 0 0 0 0 65536 0 0 1048576 0 262144 4096 0 0 0 0 0 16384 0 16384
is_linear=0
shrinkage=0.05


Tree=31
num_leaves=63
num_cat=1
split_feature=8 8 13 14 14 8 14 14 8 14 14 13 13 7 13 14 14 13 7 14 14 13 13 14 14 14 14 13 13 13 14 13 14 13 13 8 14 14 8 13 14 8 13 8 13 13 13 13 13 14 7 14 14 14 0 8 13 13 14 14 13 14
split_gain=202.056 72.0582 20.7897 18.2035 11.6958 7.95915 6.38451 4.62097 4.45908 3.70227 2.90257 2.88532 2.27707 2.075 1.93374 1.87257 1.61348 2.46201 1.52668 1.4342 1.35502 1.32565 1.15825 1.06951 1.05869 1.04545 0.932328 2.36339 1.13908 0.929799 0.923778 0.922367 0.919573 0.902392 0.836715 0.831836 0.817065 0.803954 0.800217 0.777064 0.893878 0.770572 0.747165 0.728599 0.65518 0.647148 0.584516 0.572616 0.562655 0.546572 0.53638 0.514332 0.50101 0.497131 0.462027 0.443289 0.435994 0.425172 0.717272 0.673023 0.41047 0.39584
threshold=1.6255000000000002 1.5035000000000001 1.6907371699262386 -0.13045057895381326 0.032343537461373868 1.5705000000000002 0.010361587157378007 0.17864477115549585 1.2925000000000002 -0.072753853127978205 -0.037704182444719729 1.6049724144486879 1.5733002212122036 18.500000000000004 1.5202232939343461 0.080329230427327328 0.017228424425597137 1.5620247581554929 15.500000000000002 -0.055638412842621936 0.10538427610798919 1.5733002212122036 1.5426053357836518 -0.19648230170487532 -0.020039000069793308 0.084582699621322713 0.035214445847498006 1.6235503479834801 1.5620247581554929 1.5084090432148856 -0.023351271388434621 1.54966313260261 0.069084943460572604 1.5942176516137458 1.6235503479834801 1.3495000000000001 0.069673381597143216 0.05901113606810305 1.1985000000000003 1.5084090432148856 -0.011106819842558234 1.8755000000000002 1.5620247581554929 1.7395000000000003 1.6547048977345689 1.637672227396908 1.5687603135334347 1.5524390734056372 1.6049724144486879 -0.036539844788921465 15.500000000000002 0.10341015521107856 -0.21883843750534868 0.19915643966100907 0 1.7495000000000003 1.5450734499456487 1.637672227396908 -0.11067076957267273 -0.076734461241158555 1.5367267329084688 -0.021753853127978281
decision_type=10 10 2 2 2 10 2 2 10 2 2 2 2 2 2 2 2 2 2 2 2 2 2 2 2 2 2 2 2 2 2 2 2 2 2 10 2 2 10 2 2 10 2 10 2 2 2 2 2 2 2 2 2 2 1 10 2 2 2 2 2 2
left_child=1 3 6 8 10 16 19 11 38 14 23 25 32 20 -5 44 22 29 -12 -2 50 41 49 -4 57 47 28 31 30 -18 -7 -28 39 -26 -19 -10 -33 56 -1 61 -41 -9 -16 -23 -13 -14 52 -8 -21 -3 -6 -15 -37 -22 -20 -52 -31 58 -24 -59 -32 -11
right_child=2 5 4 9 13 26 7 21 35 12 18 15 45 51 42 -17 17 34 54 48 53 43 24 -25 33 -27 27 -29 -30 37 60 36 -34 -35 -36 46 -38 -39 -40 40 -42 -43 -44 -45 -46 -47 -48 -49 -50 -51 55 -53 -54 -55 -56 -57 -58 59 -60 -61 -62 -63
leaf_value=-0.0045342328371132902 -0.0012734103072082441 -0.0022630537985582149 -0.0028213176171557278 -0.0019411230448969806 0.0020887297037714861 -0.0025240854577208731 -0.00015446270448521773 0.0016697632745443182 -0.002619110078839497 -0.0015374674114116838 0.0012756683495365622 0.00087414988835942612 0.00071813213386670062 0.0030880054757972861 -0.0014242233704994894 0.0019793446753756249 -0.00051244504753900771 0.0014461805662743816 0.0025906311378023068 -0.0010221168243561014 0.0030996657778138387 0.0070691343232551045 -0.003152749424825619 0.00086273649991491482 -0.00026816476648072312 0.00091911099574453674 0.00011450116154018555 0.0042201027070482575 0.00015553800021683172 -0.00023196552233758873 -0.00156647776665931 0.00038129668780859859 0.0019674038014183578 0.00102632079819559 0.005171438293574855 -0.0057092394200291968 0.0013043574199462975 0.00070634097378918011 -0.0033310945849754931 -0.00093226332253352117 0.00010345510199342749 0.0044303991945301843 -0.00088669261822123431 0.0032780034460129859 0.0013655732739409768 0.0042013643868267538 -0.0015292365168878706 0.00055581237193766365 0.00024520569521286787 -0.0007557687374568563 0.0043243955953450163 0.0040714555990070912 -0.0021739110748891051 0.005163242817632383 0.0018933951832857878 0.0024847862571476284 0.00022746181097980318 -0.00039352514064586646 -0.00066781601523687297 0.0017816486936207425 -0.00023358921284336354 -0.0010078091896529187
leaf_weight=1995 2257 616 200 16910 15191 472 3587 3004 9360 8027 11113 13547 1201 8301 25271 8277 18527 1219 3287 970 3820 136 294 13150 34480 23847 52261 375 34315 28153 599 27647 265 1401 172 101 2625 2995 4498 41978 2192 276 8687 1860 13583 150 4308 13582 9019 25456 337 1583 12871 316 11233 11584 6324 1969 23705 434 16174 6293
leaf_count=1995 2257 616 200 16910 15191 472 3587 3004 9360 8027 11113 13547 1201 8301 25271 8277 18527 1219 3287 970 3820 136 294 13150 34480 23847 52261 375 34315 28153 599 27647 265 1401 172 101 2625 2995 4498 41978 2192 276 8687 1860 13583 150 4308 13582 9019 25456 337 1583 12871 316 11233 11584 6324 1969 23705 434 16174 6293
internal_value=-3.40655e-07 -0.000588805 0.00143421 -0.00149739 0.00202594 -0.00012154 0.000929586 0.00108917 -0.00252585 -0.00119033 0.00140538 0.000990366 -0.000924652 0.00261407 -0.00150426 0.00132103 -0.0003775 -0.00017108 0.00171674 -0.000135067 0.00241434 0.00252033 -0.000511578 0.000807545 -0.00039445 0.000704921 0.000155886 0.000259711 -1.10643e-05 -0.000222694 -0.000342578 0.000241717 -0.000971318 -0.000217621 0.00190682 -0.00223948 0.000461339 -7.94344e-05 -0.00370076 -0.000984633 -0.000880864 0.00190206 -0.00128671 0.00353632 0.00112019 0.00110487 -0.00203385 0.00040742 0.00012214 -0.000791381 0.00228574 0.00324551 -0.00220144 0.00325733 0.00205432 0.00253679 -0.000147694 -0.000634766 -0.000698258 -6.72272e-07 -0.00028119 -0.00130471
internal_weight=598380 424320 174060 144107 80115 280213 93945 81699 33133 110974 38983 76423 60106 41132 50868 35407 145745 57390 25633 12246 31248 5276 88355 13350 62283 41016 134468 82908 51560 55999 17245 82533 58755 35881 1391 26640 30272 37472 6493 58490 44170 3280 33958 1996 27130 1351 17280 17169 9989 26072 27112 9884 12972 4136 14520 11921 34477 26402 23999 2403 16773 14320
internal_count=598380 424320 174060 144107 80115 280213 93945 81699 33133 110974 38983 76423 60106 41132 50868 35407 145745 57390 25633 12246 31248 5276 88355 13350 62283 41016 134468 82908 51560 55999 17245 82533 58755 35881 1391 26640 30272 37472 6493 58490 44170 3280 33958 1996 27130 1351 17280 17169 9989 26072 27112 9884 12972 4136 14520 11921 34477 26402 23999 2403 16773 14320
cat_boundaries=0 1
cat_threshold=16
is_linear=0
shrinkage=0.05


Tree=32
num_leaves=63
num_cat=0
split_feature=8 8 8 14 8 14 13 13 8 8 14 14 13 14 13 13 14 13 13 14 14 14 13 13 7 8 14 14 14 13 13 14 13 8 14 13 13 14 14 13 14 13 7 13 13 14 14 14 13 14 13 13 14 14 8 13 14 13 13 14 13 14
split_gain=182.434 55.7807 29.026 10.7314 10.0217 8.9268 6.30754 5.86623 2.81455 2.22218 2.15945 1.91133 2.08056 1.79887 1.6109 1.52126 1.38043 2.64068 1.38725 1.71308 1.19295 1.17933 1.11252 1.08673 1.03429 0.954099 0.836322 0.811065 0.800278 0.78922 0.77033 0.711544 0.703167 0.685198 0.650244 0.648676 0.606239 0.587419 0.5459 0.53527 0.911833 0.531635 0.529282 0.523266 0.513406 0.762059 0.722068 0.509566 0.546389 0.488749 0.657842 0.485963 0.464537 0.450787 0.445163 0.441157 0.422333 0.830777 0.748639 0.467399 1.21409 0.453159
threshold=1.6035000000000001 1.4755000000000003 1.6945000000000003 -0.15599773044947726 1.5455000000000003 0.022498923975334487 1.7383870967741937 1.6704107100160936 1.2195000000000003 1.6455000000000002 -0.10048230170487525 -0.031556767729951078 1.5733002212122036 0.23413795335978729 1.6907371699262386 1.5693813235299068 0.032686243017449275 1.5818107396984753 1.5687603135334347 -0.027534202605968169 0.092456750038657401 -0.16293947650256976 1.5459094809999721 1.5202232939343461 16.500000000000004 1.3295000000000001 0.085611870834130924 0.06752277275414699 -0.031556767729951078 1.54966313260261 1.637672227396908 0.069673381597143216 1.6049724144486879 1.9415000000000002 -0.028211632854578724 1.6049724144486879 1.5084090432148856 0.019210217139922773 -0.007693015137906877 1.5620247581554929 -0.08297083321245767 1.637672227396908 18.500000000000004 1.5202232939343461 1.5687603135334347 0.040329230427327285 0.11223586075350268 0.06752277275414699 1.5084090432148856 -0.051575031423965349 1.7136094709819385 1.6547048977345689 -0.072753853127978205 -0.08297083321245767 1.7295000000000003 1.5674580698377787 -0.076734461241158555 1.7383870967741937 1.7233856722950194 -0.0024947878293729571 1.6704107100160936 -0.017269253155800964
decision_type=10 8 10 2 10 2 2 2 10 10 2 2 2 2 2 2 2 2 2 2 2 2 2 2 2 10 2 2 2 2 2 2 2 10 2 2 2 2 2 2 2 2 2 2 2 2 2 2 2 2 2 2 2 2 10 2 2 2 2 2 2 2
left_child=1 3 9 8 11 7 13 52 -1 44 23 39 29 14 26 28 18 22 19 53 42 -9 47 -5 -23 -10 35 -16 36 37 -14 -24 -28 -15 -26 -7 -12 -13 -31 40 -3 -19 -8 -21 45 -2 49 -18 -49 51 -51 -46 -4 -6 -36 -27 58 59 -11 -58 -61 -59
right_child=2 4 5 10 16 6 20 21 25 56 15 12 30 33 27 -17 17 41 -20 43 -22 24 31 -25 34 55 32 -29 -30 38 -32 -33 -34 -35 54 -37 -38 -39 -40 -41 -42 -43 -44 -45 46 -47 -48 48 -50 50 -52 -53 -54 -55 -56 -57 57 61 -60 60 -62 -63
leaf_value=-0.0040773025510119597 -0.0004560179874676482 -0.0021931796852499249 -0.0011966392307565287 -0.0020811143638046225 -0.0041887028594639634 -0.00025510154474867427 0.00230175008299677 -0.0020618656416396793 -0.002864841433150959 -0.002672673991600157 -0.0016289996370093948 -0.00070367728972170755 0.00072100216099144955 0.0028757408451002865 0.0016819892591243245 0.00084050215404970834 -0.00015574826007490864 0.0020324836167478753 8.5962039613996045e-05 -0.00087102283327138055 0.003316611069333212 0.0010719232400446361 0.00032009735681302084 -0.0014833560904310148 0.0012925998806157463 -0.0023875555601878102 0.0013439064376317266 0.0023274075097724591 -0.00051398896048650852 -0.00035229260064939489 0.0043669512735739829 0.0019080441377495657 0.0020434960617800209 0.0057206963180835351 0.0028824664906815373 0.0012155144192916298 -0.0011667333536595106 -0.0003454840155903643 0.00048840525716780162 -0.00068092007927313125 -0.00097334620195160782 0.0047414656679672694 0.0028256702055345752 -0.00024653703038289625 -0.00271687485541119 0.00036372711167536893 0.0046903883742394851 -0.0001468031131357649 0.00038477615484829714 0.00064855847563731733 0.0043161968564296637 0.00016858071152861407 -9.1207055949239771e-05 -0.0016511188738069166 0.0018575694156892687 -0.0017524053594957182 0.00051194599491802349 0.0016619795348607486 0.00049674101520077053 0.00083660708576979996 0.0018718533328997051 0.0044691200289995441
leaf_weight=2994 3068 1625 1153 12163 202 798 12633 243 7565 212 9377 45670 2218 1596 9646 923 37315 563 30574 3576 5756 10555 20982 20283 5010 7079 7532 9826 3748 7580 155 730 6866 244 1259 12425 29112 15274 2591 15914 26764 267 7795 54135 152 37350 107 8424 11343 20354 123 3648 5408 1310 6686 4454 7981 1984 1538 28219 3148 155
leaf_count=2994 3068 1625 1153 12163 202 798 12633 243 7565 212 9377 45670 2218 1596 9646 923 37315 563 30574 3576 5756 10555 20982 20283 5010 7079 7532 9826 3748 7580 155 730 6866 244 1259 12425 29112 15274 2591 15914 26764 267 7795 54135 152 37350 107 8424 11343 20354 123 3648 5408 1310 6686 4454 7981 1984 1538 28219 3148 155
internal_value=-3.19875e-07 -0.000650484 0.001172 -0.00168251 -0.00029943 0.0017622 0.00205447 0.00103796 -0.00265194 0.000596042 -0.00139924 -0.000653645 -0.000497261 0.00171932 0.00165939 -0.00116756 -5.316e-05 9.84064e-05 -0.000187556 -0.00032876 0.00268082 0.00140352 6.88537e-05 -0.00170744 0.00143934 -0.00242849 0.00141386 0.00200768 -0.00121144 -0.000545859 0.000959149 0.000373487 0.00167752 0.00325301 0.00173868 0.00112676 -0.00127935 -0.000613906 -0.00013813 -0.000913047 -0.00104317 0.00290393 0.00250167 -0.000285233 0.000410816 0.000301503 0.000592009 -4.70183e-05 0.000158236 0.000573945 0.000670589 5.31625e-05 -0.000285471 -0.00199013 0.00201998 -0.00214226 0.000873652 0.000905747 0.000112789 0.00085358 0.000940505 0.0018654
internal_weight=598380 384910 213470 97698 287212 105431 75117 30314 22092 108039 75606 117791 73488 48933 47093 43160 169421 79624 89797 59223 26184 23753 78794 32446 23510 19098 27621 19472 42237 71115 2373 21712 14398 1840 12955 13223 38489 60944 10171 44303 28389 830 20428 57711 64802 40418 24384 57082 19767 24277 20477 3800 6561 1512 7945 11533 43237 41487 1750 39348 31367 2139
internal_count=598380 384910 213470 97698 287212 105431 75117 30314 22092 108039 75606 117791 73488 48933 47093 43160 169421 79624 89797 59223 26184 23753 78794 32446 23510 19098 27621 19472 42237 71115 2373 21712 14398 1840 12955 13223 38489 60944 10171 44303 28389 830 20428 57711 64802 40418 24384 57082 19767 24277 20477 3800 6561 1512 7945 11533 43237 41487 1750 39348 31367 2139
is_linear=0
shrinkage=0.05


Tree=33
num_leaves=63
num_cat=0
split_feature=8 8 13 14 14 8 14 8 14 13 14 14 13 14 13 14 14 13 14 2 13 2 13 14 13 8 14 13 14 14 14 14 14 13 13 13 13 14 8 8 8 14 14 13 13 13 14 14 13 13 14 14 13 14 13 8 2 14 2 13 14 13
split_gain=164.715 58.7678 17.0036 14.9544 9.55515 6.48165 5.39903 4.13017 3.79131 2.53121 2.39416 2.38267 1.8411 1.75845 1.50163 1.40176 1.38757 2.05222 1.33927 1.24209 1.16377 1.13426 0.933078 0.904153 0.902101 0.900549 0.872371 0.855519 0.862662 0.846935 0.833316 0.807522 0.738088 1.75613 0.949621 0.77556 0.677036 0.741824 0.67645 0.666779 0.604789 0.57858 0.535361 0.527317 0.526136 0.514761 0.513235 0.495099 0.8918 0.490657 1.07419 0.939561 0.478907 0.467726 0.460129 0.438956 0.423521 0.408507 0.406995 0.401313 0.399367 0.381551
threshold=1.6255000000000002 1.5035000000000001 1.6907371699262386 -0.12088132352990653 0.032343537461373868 1.5705000000000002 0.014708424373687136 1.2925000000000002 0.17864477115549585 1.6049724144486879 -0.071368378156687381 -0.037704182444719729 1.5733002212122036 0.092456750038657401 1.5202232939343461 0.080329230427327328 0.0039318884002210739 1.5649604457008275 -0.044880610251853963 16.500000000000004 1.5687603135334347 16.500000000000004 1.5524390734056372 -0.21883843750534868 1.6235503479834801 1.3695000000000002 0.11223586075350268 1.5084090432148856 0.052675886764653186 0.15147934460106019 -0.046621137623997659 0.07560532983692804 0.029464381704086499 1.6235503479834801 1.5524390734056372 1.5733002212122036 1.5202232939343461 -0.021753853127978281 1.1985000000000003 1.7395000000000003 1.8555000000000004 0.19915643966100907 -0.021753853127978281 1.558709477621917 1.5818107396984753 1.6127524932844197 -0.023351271388434621 -0.046621137623997659 1.6127524932844197 1.6704107100160936 -0.053338409968128435 -0.089573378119072275 1.6547048977345689 -0.19648230170487532 1.6049724144486879 1.7495000000000003 19.500000000000004 0.053499587097057717 19.500000000000004 1.5426053357836518 -0.13967041977196723 1.548003773495507
decision_type=10 8 2 2 2 10 2 10 2 2 2 2 2 2 2 2 2 2 2 2 2 2 2 2 2 10 2 2 2 2 2 2 2 2 2 2 2 2 10 10 10 2 2 2 2 2 2 2 2 2 2 2 2 2 2 10 2 2 2 2 2 2
left_child=1 3 6 7 11 16 18 38 9 26 14 23 31 21 -5 52 22 27 60 -13 40 -6 30 -4 -19 -9 57 -18 59 32 -3 36 34 35 46 61 42 -38 -1 -22 -10 58 -12 -16 53 -14 -7 -24 -49 51 -51 -36 -11 -27 -20 -23 -57 -8 -15 -29 -2 -34
right_child=2 5 4 10 13 29 8 25 20 15 12 19 45 41 43 -17 17 24 54 -21 39 55 47 -25 -26 44 -28 28 -30 -31 -32 -33 33 -35 49 -37 37 -39 -40 -41 -42 -43 -44 -45 -46 -47 -48 48 -50 50 -52 -53 -54 -55 -56 56 -58 -59 -60 -61 -62 -63
leaf_value=-0.0041026940483422343 -0.003074317363254126 -0.0020014626537133958 -0.0029508010322707849 -0.0017122496497867395 0.0018402015531734058 -0.0024429613995084237 -1.0610816388132759e-05 -0.002260405914174654 0.0014705489274552967 0.00082198705601560561 -0.0012247236299161538 0.0011534215837992066 0.0006203877136074196 0.0026554816890490421 -0.0012480027930854699 0.0017914457968029708 -0.00051660709595093023 0.0009506588448088346 -0.00076129860023476834 0.001855760040349364 0.0064998349630749318 0.0041374938656886422 -0.00064112379629426355 0.00077354025704897376 0.0043856407905973139 -0.0043114649999157467 0.00099596426955831036 -0.00029779920208377816 0.00052451331629745025 0.0044868125429015247 -0.00064855904773847273 0.0022482629769660558 7.5223655182016003e-05 0.0032981399877968693 -0.0040129446839173777 0.00076618104327888287 -0.00076834195526613417 0.00036333932449154205 -0.0029949835991514968 0.0029635521669282034 0.003888834676927474 0.0049348371533650751 -0.00077934856840704476 -0.00080483607749418898 -0.0010885634296392867 0.003494378150854674 -0.00046390272486870887 -0.00024957256974861557 0.0017801546189454487 0.00016136632801741111 0.0018890590660663197 8.1297169942340884e-06 0.0012551108365117642 -0.0018096592048338755 0.00030706410645533935 0.002208028571561718 0.002712005643107856 0.00056143185339118816 0.0033724236594130149 -2.2639585432628664e-06 -0.00082215289892715823 0.00028929201671364237
leaf_weight=1984 211 1180 165 15331 13750 344 3565 13899 2884 12524 17453 11113 1159 6380 21123 8277 21022 2128 1123 14520 143 375 8804 13185 210 189 12142 34779 4459 112 32126 207 50443 460 146 5693 26737 1531 4514 1965 284 355 11000 9839 2728 180 6870 23364 554 4730 1111 29119 13014 16200 9826 10480 6922 25054 2870 17152 2933 35440
leaf_count=1984 211 1180 165 15331 13750 344 3565 13899 2884 12524 17453 11113 1159 6380 21123 8277 21022 2128 1123 14520 143 375 8804 13185 210 189 12142 34779 4459 112 32126 207 50443 460 146 5693 26737 1531 4514 1965 284 355 11000 9839 2728 180 6870 23364 554 4730 1111 29119 13014 16200 9826 10480 6922 25054 2870 17152 2933 35440
internal_value=-3.03881e-07 -0.000531617 0.00129492 -0.00135229 0.00183006 -0.00010971 0.000838557 -0.00218093 0.000997796 0.000906158 -0.00103914 0.00126916 -0.000825878 0.00236166 -0.00130756 0.00122598 -0.000340654 -0.000200292 -6.37041e-05 0.00155127 0.00229309 0.00218121 -0.000510187 0.000727509 0.00125919 -0.00195415 0.00064084 -0.000244372 -0.000142883 0.000140658 -0.000696491 -0.000868982 0.000137035 0.000216503 -3.57879e-05 0.000201023 -0.000880359 -0.00070705 -0.00333319 0.00320344 0.00168734 0.00295395 -0.00105254 -0.00110717 -0.00173149 0.00100673 -0.000558274 -0.000320557 -0.000202559 7.15788e-05 0.000489986 -1.1931e-05 0.0010427 -0.00183851 0.000197486 0.00244497 0.0024085 0.000490174 0.00287793 -0.000200189 -0.0009733 0.00016356
internal_weight=598380 424320 174060 144074 80115 280246 93945 39514 79852 74576 104560 38983 58267 41132 46293 33815 145778 79750 14093 25633 5276 31527 66028 13350 2338 33016 40761 77412 56390 134468 33306 56928 134356 92036 42320 91576 56721 28268 6498 2108 3168 9605 28453 30962 19117 1339 7214 32722 23918 35106 5841 29265 25538 16389 10949 17777 17402 28619 9250 51931 3144 85883
internal_count=598380 424320 174060 144074 80115 280246 93945 39514 79852 74576 104560 38983 58267 41132 46293 33815 145778 79750 14093 25633 5276 31527 66028 13350 2338 33016 40761 77412 56390 134468 33306 56928 134356 92036 42320 91576 56721 28268 6498 2108 3168 9605 28453 30962 19117 1339 7214 32722 23918 35106 5841 29265 25538 16389 10949 17777 17402 28619 9250 51931 3144 85883
is_linear=0
shrinkage=0.05


Tree=34
num_leaves=63
num_cat=14
split_feature=8 8 8 8 13 8 8 8 8 8 2 8 15 13 8 0 8 8 12 11 13 7 13 13 13 13 13 9 10 2 8 11 8 0 0 8 2 7 15 8 11 13 15 8 15 15 0 0 7 2 10 15 13 2 0 7 7 0 13 3 0 2
split_gain=148.739 45.2152 23.7639 9.10956 7.05849 7.01367 2.76787 2.45226 1.84511 1.7354 1.45615 1.31543 0.842588 0.795984 0.736593 0.631617 0.592882 0.58432 0.567156 0.510529 0.473554 0.655601 0.444306 0.433195 0.411723 0.373526 0.370845 0.356793 0.322887 0.368674 0.301567 0.293767 0.27392 0.255375 0.254188 0.227437 0.226254 0.228444 0.225075 0.216189 0.212531 0.207894 0.184941 0.183166 0.179973 0.177973 0.173551 0.173531 0.172619 0.218303 0.162951 0.160182 0.159399 0.164016 0.153782 0.144649 0.144205 0.141521 0.13105 0.128257 0.126339 0.270629
threshold=1.6005000000000003 1.4855000000000003 1.6945000000000003 1.3455000000000001 1.7046866203691244 1.5495000000000003 1.7985000000000002 1.4295000000000002 1.6395000000000002 1.2195000000000003 15.500000000000002 1.5195000000000001 0 1.5942176516137458 1.8695000000000002 1 1.5785000000000002 1.8860000000000003 1.5812833333333336 1.8848571428571432 1.5169350679153755 9.5000000000000018 1.5733002212122036 1.5942176516137458 1.5733002212122036 1.5942176516137458 1.5942176516137458 1.4685000000000004 1.0215000000000003 4.5000000000000009 1.3955000000000002 1.2819285714285715 1.7295000000000003 2 3 1.4585000000000001 9.5000000000000018 53.500000000000007 4 1.9740000000000004 1.6247857142857145 1.5464096853850375 5 1.3955000000000002 6 7 8 9 53.500000000000007 9.5000000000000018 1.6885000000000001 10 1.5084090432148856 8.5000000000000018 11 1.5000000000000002 1.5000000000000002 12 1.5112574375265824 16.500000000000004 13 9.5000000000000018
decision_type=10 8 10 10 2 10 10 10 10 10 2 10 9 2 10 1 10 10 10 10 2 2 2 2 2 2 2 10 8 2 10 10 10 1 1 10 2 2 9 10 10 2 9 10 9 9 1 1 2 2 8 9 2 2 1 2 2 1 2 2 1 2
left_child=1 3 8 9 10 11 15 20 24 28 17 23 -12 16 34 -6 50 32 -17 42 43 -22 35 36 57 48 -10 44 29 -1 -23 -11 -4 40 -8 -9 56 51 -36 -16 -28 -30 -14 -5 -15 -35 -29 -25 49 55 -7 -38 -18 -54 -27 -13 -3 -2 -59 -55 61 -33
right_child=2 5 4 7 6 13 14 22 26 31 12 25 19 27 39 18 52 -19 -20 -21 21 30 -24 47 -26 54 33 46 41 -31 -32 60 -34 45 38 -37 37 -39 -40 -41 -42 -43 -44 -45 -46 -47 -48 -49 -50 -51 -52 -53 53 59 -56 -57 -58 58 -60 -61 -62 -63
leaf_value=-0.0070259120621845765 4.7450445986310018e-05 -0.0010421915961322384 0.0011621967890011623 -0.001976064675788355 0.0022642443766824794 -0.00011903218249141275 0.0025843485632717415 -0.0012075549434386779 0.00059758685552207006 -0.0026805835036764034 -0.00075694440639141917 -0.00062538264218544334 0.0013209502884020405 -0.00017510321167671112 0.0029228131593926994 0.001358379654454276 -0.00022053688235957057 0.0031789137158684533 0.0017807681951754178 0.002288327893834435 -0.00081407004840496294 -0.0017649240759147003 -0.00040932376394751816 -0.0005503288816476544 0.00055717092560089341 0.00085254286285480624 0.00083712308886180675 0.00077289924111782901 -0.0040398879002683788 -0.0040133365565189595 -0.0013928524948059709 -0.0011139264161888595 0.001483808274061236 0.00094495807005639133 -6.3029968878254287e-05 -0.00098228791091624877 -0.0026206000300138727 -0.00054298090879979527 0.0021451376156197081 0.0049426042312837168 0.0012033008905044833 -0.0030944584456349534 0.000686196025739727 -0.0016274425218926439 0.00032039732115672983 0.00055423776412840797 0.00027901353605771232 0.00036133313129780675 -0.00020784283447988053 -0.00050081928135351807 -0.00029587370230383324 -0.00082518014486366383 0.00017463846032427592 -3.7780130774132118e-05 -1.5343691506190381e-05 -0.0002106854338639666 -0.00050961264136589214 -3.9001234106364876e-05 0.00033835830196657737 0.00016317029473647679 -0.0022988829491574114 -0.0022415754789354278
leaf_weight=139 5710 1392 16823 6509 3796 44006 4399 18639 17072 4117 913 2504 1285 3549 3314 15745 5489 415 16047 558 3751 8459 2673 850 19217 625 7643 4394 932 377 15289 874 10917 5125 125 28093 119 8480 18273 138 8229 1546 12683 8946 3770 7103 3050 1318 10160 36117 18504 34817 21237 35881 2608 13123 14624 2456 36393 10197 5483 1360
leaf_count=139 5710 1392 16823 6509 3796 44006 4399 18639 17072 4117 913 2504 1285 3549 3314 15745 5489 415 16047 558 3751 8459 2673 850 19217 625 7643 4394 932 377 15289 874 10917 5125 125 28093 119 8480 18273 138 8229 1546 12683 8946 3770 7103 3050 1318 10160 36117 18504 34817 21237 35881 2608 13123 14624 2456 36393 10197 5483 1360
internal_value=-2.88687e-07 -0.000589294 0.00105475 -0.0014612 0.00158989 -0.000251678 0.00193339 -0.00127651 0.000536893 -0.00261159 0.00110264 -0.000525554 0.0007124 -2.03956e-05 0.0023229 0.0016461 -5.84304e-05 0.00131663 0.00157109 0.00080472 -0.00155282 -0.00142836 -0.00103627 -0.000691198 0.000363721 -0.000368905 0.000781386 0.000328222 -0.00368699 -0.00482486 -0.00152538 -0.00233952 0.00128877 0.000893052 0.00221983 -0.00107214 -0.000716523 -0.000775776 0.00213011 0.00300356 0.00102633 -0.00345004 0.000746028 -0.00177427 8.03265e-05 0.000718635 0.000571955 3.02932e-06 -0.000396268 -0.000433265 -0.00017138 -0.000832282 3.85491e-05 5.96755e-05 0.000155025 -0.000277135 -0.000555901 0.000280291 0.000314421 6.68993e-06 -0.00215756 -0.00179239
internal_weight=598380 384001 214379 107187 105431 276814 61837 92359 108948 14828 43594 126737 15439 150077 26249 35588 135314 28155 31792 14526 42954 27499 49405 61600 63776 65137 45172 14763 2994 516 23748 11834 27740 28100 22797 46732 59432 43416 18398 3452 15872 2478 13968 15455 7319 12228 7444 2168 61904 51744 62510 34936 72804 67315 3233 15627 16016 44559 38849 46078 7717 2234
internal_count=598380 384001 214379 107187 105431 276814 61837 92359 108948 14828 43594 126737 15439 150077 26249 35588 135314 28155 31792 14526 42954 27499 49405 61600 63776 65137 45172 14763 2994 516 23748 11834 27740 28100 22797 46732 59432 43416 18398 3452 15872 2478 13968 15455 7319 12228 7444 2168 61904 51744 62510 34936 72804 67315 3233 15627 16016 44559 38849 46078 7717 2234
cat_boundaries=0 71 72 73 74 88 162 235 300 301 302 313 314 315 316
cat_threshold=0 0 524288 0 0 0 32768 0 256 0 0 0 0 0 0 0 0 0 0 0 0 0 0 0 0 0 0 0 0 0 0 0 0 128 0 0 0 0 0 16384 0 0 0 0 0 0 0 0 0 0 0 0 0 0 0 0 0 0 0 0 0 262144 4096 0 0 0 0 0 0 0 262144 16 23 16 0 0 0 0 0 0 0 0 0 0 0 0 0 16384 262144 4194304 0 0 0 0 0 268435457 0 134217728 32 0 0 0 65536 0 0 536870912 0 0 0 67108864 64 0 0 0 0 0 0 136 0 0 0 0 0 0 0 0 0 0 272760832 0 4194304 16777216 0 0 1048 0 0 0 0 4 0 8388864 0 1024 0 67108864 2 0 0 0 0 134217728 0 0 1048576 0 8388608 8320 0 0 0 4 262144 0 655360 0 0 0 0 8396800 256 0 0 65536 0 0 0 0 0 0 0 0 0 4 0 0 0 0 0 0 0 0 0 0 0 128 0 0 1 0 0 49152 8388608 0 16384 65536 2097152 0 0 0 256 0 32 0 0 0 0 32 0 0 0 0 0 262144 4096 0 4096 0 0 16777216 0 0 278536 0 2097152 0 0 0 0 0 0 0 0 0 0 20 0 0 0 8 0 0 0 0 0 0 0 0 0 0 0 0 0 0 0 0 67108864 0 128 0 0 0 0 0 0 0 0 0 0 0 0 0 0 0 0 0 0 0 0 0 0 0 0 0 0 0 32768 0 0 524288 27 100 0 0 0 0 0 0 0 0 0 0 4 5 16 6
is_linear=0
shrinkage=0.05


Tree=35
num_leaves=63
num_cat=0
split_feature=8 14 8 8 14 14 13 13 13 13 13 8 13 13 14 14 14 13 14 14 13 14 13 14 14 14 13 13 14 14 14 2 13 13 14 13 14 13 14 14 8 14 14 8 14 13 13 13 14 8 14 13 14 13 14 14 8 14 2 14 13 2
split_gain=134.268 41.5481 21.375 10.0699 7.11885 5.10894 4.69101 4.47823 3.95951 3.70414 3.19451 2.59507 1.90329 1.67881 1.73128 1.49091 1.48332 1.47692 1.41498 1.2863 1.17257 1.04885 1.21496 1.00602 0.970739 0.965654 0.949318 0.945234 0.943398 0.850528 0.74342 0.732881 0.721679 0.706316 0.860014 0.673213 0.663987 0.646323 0.631465 0.612719 0.607235 0.598949 0.597028 0.498601 0.486405 0.459193 0.443833 0.423944 0.412112 0.398444 0.39541 0.394755 0.393686 0.383387 0.379955 0.365175 0.3568 0.353345 0.352318 0.350162 0.349808 0.330638
threshold=1.6005000000000003 -0.051039000069793221 1.6945000000000003 1.3955000000000002 0.022498923975334487 0.018343537461373852 1.7383870967741937 1.6805745427964192 1.5818107396984753 1.550899614426499 1.5942176516137458 1.2645000000000002 1.637672227396908 1.5942176516137458 0.10008565673862514 -0.10048230170487525 0.23413795335978729 1.5084090432148856 0.089107332273285281 0.06752277275414699 1.6907371699262386 0.025605329836928096 1.6704107100160936 0.095611870834130933 0.082795102265431422 -0.18094641324931535 1.5392767299445389 1.5202232939343461 -0.03110681984255825 -0.17078978286007715 0.095611870834130933 19.500000000000004 1.5776445871710891 1.7233856722950194 -0.040789782860077166 1.5942176516137458 0.077536843043799722 1.5426053357836518 -0.18094641324931535 0.056795102265431392 1.9820000000000002 0.054522772754147082 -0.11067076957267273 1.5095000000000003 -0.019638412842622018 1.5524390734056372 1.5169350679153755 1.5687603135334347 -0.016336974655652977 1.1595000000000002 0.16225525264032251 1.6547048977345689 -0.12732411323534673 1.5818107396984753 0.15147934460106019 -0.016336974655652977 1.5345000000000002 -0.062753853127978196 19.500000000000004 0.060329230427327303 1.54966313260261 12.500000000000002
decision_type=10 2 10 10 2 2 2 2 2 2 2 8 2 2 2 2 2 2 2 2 2 2 2 2 2 2 2 2 2 2 2 2 2 2 2 2 2 2 2 2 10 2 2 10 2 2 2 2 2 10 2 2 2 2 2 2 10 2 2 2 2 2
left_child=1 3 13 11 7 9 16 44 17 27 15 49 53 19 21 29 20 59 37 28 30 33 -23 51 58 -9 -17 -3 -2 -5 32 -27 -6 42 -35 -32 -22 39 -13 -19 47 -39 -15 -31 -4 -30 -40 -18 -33 -1 -26 -10 -48 -11 -20 -29 -28 -44 -8 -7 -21 -24
right_child=2 5 4 10 6 8 24 25 23 12 -12 38 -14 14 -16 26 40 18 54 60 36 22 61 -25 50 31 56 55 45 43 35 48 -34 34 -36 -37 -38 41 46 -41 -42 -43 57 -45 -46 -47 52 -49 -50 -51 -52 -53 -54 -55 -56 -57 -58 -59 -60 -61 -62 -63
leaf_value=-0.0040742689953185392 -0.0019267371573996345 -0.00083605950749689206 -0.00063215914040828036 -0.0036361991293909672 -0.0011909505715117141 -0.00052646435750846048 0.0019309772277419442 -0.0021394337950615436 0.0017423566860816208 -0.00022067779977993823 -0.00028214428759491486 -0.0022191642602275357 0.0015296545539639711 -0.0033077619796823884 0.0037673381100119295 -0.0012565476358653979 0.0018835704629528228 -0.00019725090432753516 0.0012274386446916225 0.00040488599748195528 0.0014983927850149925 0.00092022792545103115 0.0020640077547758266 0.0061004388325831349 0.0026926887886923566 0.0010510137334911621 -0.00080548954031840661 -0.00064852338530190781 -0.0001947726092135789 -0.0014228316768828912 0.0011895111857722776 0.0013075985055316982 0.0010386726661722337 0.00073076755819475279 0.0022951717415846708 0.0019310808211159482 0.0021001778263560586 0.00013654106924509114 -0.0019590506198915924 0.00015702675829798874 0.0059659885063971562 0.00089552839024822732 -0.0002070638136050563 -0.0034569139894647678 0.00018609258459054376 0.0002649442724019611 -0.0016023736225012173 0.0034679806380791922 0.0020926014403738198 -0.0029474673697816559 0.0045419672504067423 0.0042806193307470325 -0.00066033440646276877 0.00011897726652149306 0.004290339832681571 -0.00036528812844522371 -0.0017400111890193744 0.00047723082402199748 0.0023876025007926833 -0.00014775288850789361 0.00070358550721623652 0.0039179170538494196
leaf_weight=995 566 33836 3614 452 372 13728 11139 214 1280 39914 11598 10041 1745 109 473 24299 926 34732 1885 21895 12223 14240 917 171 7924 15997 29507 20130 7551 24636 7215 3589 14883 5379 1050 5315 7334 44650 8463 18816 146 2760 2116 305 3651 19356 5991 776 3130 3709 300 174 1361 10492 107 26181 1058 17392 6805 10990 17746 326
leaf_count=995 566 33836 3614 452 372 13728 11139 214 1280 39914 11598 10041 1745 109 473 24299 926 34732 1885 21895 12223 14240 917 171 7924 15997 29507 20130 7551 24636 7215 3589 14883 5379 1050 5315 7334 44650 8463 18816 146 2760 2116 305 3651 19356 5991 776 3130 3709 300 174 1361 10492 107 26181 1058 17392 6805 10990 17746 326
internal_value=7.56925e-07 -0.000559099 0.00100224 -0.00131937 0.00150952 -0.000203318 0.00176944 0.000860833 2.02007e-05 -0.000421759 -0.0010578 -0.00210558 -9.37772e-05 0.000511527 0.000759439 -0.00116989 0.00148171 -1.10161e-05 7.23138e-05 0.000356376 0.00142747 0.00072518 0.00105109 0.00247275 0.00231031 0.00120358 -0.00102328 -0.000635174 9.34372e-05 -0.00148666 0.0012187 0.00123507 0.000984302 0.000531446 0.00098627 0.00150407 0.00172407 4.62758e-05 -0.00190906 -7.27628e-05 0.00287141 0.000180726 0.000382388 -0.00144771 -0.00022095 0.000135932 -0.00171217 0.00260596 0.00167329 -0.00318581 0.00276015 0.00204611 -0.00142798 -0.000149979 0.00139196 -0.000488402 -0.000837838 0.000403007 0.00210415 -0.000358083 0.000538604 0.00255023
internal_weight=598675 384006 214669 122415 105553 261591 75358 30195 129293 132298 91855 30560 52151 109116 42002 80257 49190 127668 102950 67114 47342 41529 15483 1625 26168 22930 54864 80147 27473 25393 27785 22716 15255 26046 6429 12530 19557 100958 25856 53548 1848 47410 19617 24941 7265 26907 15815 1702 6719 4704 8224 1454 7352 50406 1992 46311 30565 19508 17944 24718 39641 1243
internal_count=598675 384006 214669 122415 105553 261591 75358 30195 129293 132298 91855 30560 52151 109116 42002 80257 49190 127668 102950 67114 47342 41529 15483 1625 26168 22930 54864 80147 27473 25393 27785 22716 15255 26046 6429 12530 19557 100958 25856 53548 1848 47410 19617 24941 7265 26907 15815 1702 6719 4704 8224 1454 7352 50406 1992 46311 30565 19508 17944 24718 39641 1243
is_linear=0
shrinkage=0.05


Tree=36
num_leaves=63
num_cat=0
split_feature=8 8 13 14 14 8 14 14 8 14 13 14 13 14 14 13 13 2 14 13 2 13 14 14 14 13 13 13 14 14 14 13 13 13 14 8 13 14 13 14 8 14 8 8 8 13 14 8 13 13 14 8 13 14 8 2 14 14 13 14 13 14
split_gain=121.187 43.2259 12.3741 11.2993 7.28382 4.77761 4.42979 3.09829 2.58485 2.34966 1.86374 1.85198 1.56883 1.44456 1.19471 1.73794 1.06262 1.05919 1.03837 0.998495 0.923275 0.896323 0.820579 0.809041 0.793725 0.766131 0.763328 0.726262 0.837218 0.713451 0.675533 1.4346 0.775844 0.66978 0.819082 0.595527 0.578338 0.57141 0.562121 0.791275 0.509 0.498267 0.492448 0.481608 0.468066 0.466425 0.4616 0.401322 0.396528 0.388971 0.380148 0.377816 0.371105 0.369351 0.357474 0.356014 0.352789 0.328229 0.322775 0.321079 0.319894 0.95741
threshold=1.6285000000000001 1.5035000000000001 1.6907371699262386 -0.13045057895381326 0.032343537461373868 1.5705000000000002 0.011986274880676941 0.17864477115549585 1.2925000000000002 -0.080988863931896846 1.637672227396908 -0.047704182444719738 1.5818107396984753 0.10008565673862514 -0.0049464132493153281 1.5733002212122036 1.5426053357836518 16.500000000000004 -0.044880610251853963 1.5733002212122036 16.500000000000004 1.6235503479834801 0.069084943460572604 0.085611870834130924 0.069673381597143216 1.5776445871710891 1.558709477621917 1.54966313260261 -0.049988863931896936 -0.21883843750534868 0.039869307748806489 1.5942176516137458 1.5547134964177483 1.5084090432148856 0.052675886764653186 1.7555000000000003 1.5459094809999721 0.0069609999302068246 1.5620247581554929 -0.055638412842621936 1.8495000000000001 0.078582699621322707 1.7595000000000003 1.1985000000000003 1.3495000000000001 1.637672227396908 -0.051575031423965349 1.7495000000000003 1.5687603135334347 1.5318691884456672 -0.13967041977196723 1.4385000000000001 1.6049724144486879 0.034447458763057 1.7095000000000002 19.500000000000004 0.23413795335978729 0.026602985576863251 1.5084090432148856 0.035214445847498006 1.6704107100160936 -0.053338409968128435
decision_type=10 10 2 2 2 10 2 2 10 2 2 2 2 2 2 2 2 2 2 2 2 2 2 2 2 2 2 2 2 2 2 2 2 2 2 10 2 2 2 2 10 2 10 10 10 2 2 10 2 2 2 10 2 2 10 2 2 2 2 2 2 2
left_child=1 3 6 8 11 14 18 10 43 16 24 29 22 20 38 33 58 -13 50 40 54 59 27 -12 26 -26 -8 46 -29 -4 32 36 37 -16 49 -21 -32 -7 39 -3 -9 -38 -15 -1 -10 -33 -11 -22 51 57 -2 -46 -20 -51 -6 -49 -44 -35 -5 -17 -34 -62
right_child=2 5 4 9 13 30 7 19 44 12 23 17 -14 42 15 21 -18 -19 52 35 47 -23 -24 -25 25 -27 -28 28 -30 -31 31 45 60 34 -36 -37 41 -39 -40 -41 -42 -43 56 -45 48 -47 -48 55 -50 53 -52 -53 -54 -55 -56 -57 -58 -59 -60 -61 61 -63
leaf_value=-0.0035364487644718706 -0.00290936851991458 -0.0019345068585023364 -0.0027457122222859839 -0.00172058809529616 0.0029735336985366647 -0.0013463561289939899 -0.00068916332691956782 0.0012879523661792562 -0.0020381748958285687 -0.0010430017766405186 0.0010281127061419505 0.0009453625389852496 0.0019562507752035252 0.0054821530260866693 -0.00046657227583902654 0.0005275219919822112 -0.00092274261868031861 0.0015593635471100368 -0.00084225120389457605 0.0058935823142770433 0.003747090739396183 0.0039359365632075346 0.0018766234943553726 0.0018236516898499278 0.00061795836121638845 0.0011487031433742476 0.00044508924190029468 -0.00065798134732904094 0.0002375282126431194 0.00055895867019584578 7.4435885778477776e-05 0.001412797394589749 5.0863584954345017e-05 -0.00047691241461615555 0.0005064713108504375 0.0026586038465539305 0.00031173201173998453 -0.00021773764677925013 -0.00028037200214352335 -0.00057342819582514263 0.0033518919282102275 0.0012293619922618428 0.0025781759610184573 -0.0025889790798331726 -0.0016740448333046427 0.0037829084758306563 -0.00073998464462241747 0.0019205628710748969 -0.0011803632732722154 -0.00010922951985940241 -0.00076316363344275026 -0.0029136517390297868 0.00021971093790824718 0.00072717292826615285 0.0015620705898399779 0.0023614787546797 0.0050798887425723173 -0.00015910624807933835 -0.001314611866778071 0.0020923867574953415 0.00013757423428139743 0.0017581062607350758
leaf_weight=1910 222 1108 166 6912 463 1215 1651 2980 9315 20999 18038 12580 536 155 21854 2206 17915 15903 903 154 376 243 294 3884 27287 9056 14604 13171 3255 10128 42766 887 38894 16194 4454 1867 29658 14571 19722 29452 332 1557 6594 4504 12307 271 31304 11406 4270 32389 2922 647 9246 1376 14409 7648 144 16304 16786 385 4801 1125
leaf_count=1910 222 1108 166 6912 463 1215 1651 2980 9315 20999 18038 12580 536 155 21854 2206 17915 15903 903 154 376 243 294 3884 27287 9056 14604 13171 3255 10128 42766 887 38894 16194 4454 1867 29658 14571 19722 29452 332 1557 6594 4504 12307 271 31304 11406 4270 32389 2922 647 9246 1376 14409 7648 144 16304 16786 385 4801 1125
internal_value=7.19079e-07 -0.000453007 0.00111606 -0.00115718 0.00157228 -9.23904e-05 0.000724374 0.000865058 -0.00197034 -0.000916148 0.000781741 0.00108045 -0.000738356 0.00203524 -0.000291247 -0.0001873 -0.00121334 0.00128818 -0.000120736 0.00202928 0.00190251 0.00103236 -0.000759281 0.00116906 0.000620312 0.00075021 0.000329885 -0.000770557 -0.000480526 0.000505668 0.00012103 0.000221205 -3.16514e-06 -0.000224639 -0.000149874 0.00290511 0.000193871 -0.000304604 -0.000488476 -0.000622776 0.00149484 0.000357503 0.00269574 -0.00287112 -0.00175264 0.00196746 -0.000861642 0.00212946 -0.00159822 -0.000193991 -0.000914709 -0.00173596 0.000125224 -7.51442e-05 0.00160601 0.00209754 0.00263164 -0.000317471 -0.00143302 0.000760047 0.000103004 0.000445218
internal_weight=598675 425557 173118 144125 79972 281432 93146 79853 32953 111172 74520 38777 69559 41195 145687 95405 41613 28483 13293 5333 34302 2834 69023 21922 52598 36343 16255 68729 16426 10294 135745 75139 60606 92571 70717 2021 73981 15786 50282 30560 3312 31215 6893 6414 26539 1158 52303 19430 17224 66263 3144 12954 10149 33765 14872 19054 6738 32498 23698 2591 44820 5926
internal_count=598675 425557 173118 144125 79972 281432 93146 79853 32953 111172 74520 38777 69559 41195 145687 95405 41613 28483 13293 5333 34302 2834 69023 21922 52598 36343 16255 68729 16426 10294 135745 75139 60606 92571 70717 2021 73981 15786 50282 30560 3312 31215 6893 6414 26539 1158 52303 19430 17224 66263 3144 12954 10149 33765 14872 19054 6738 32498 23698 2591 44820 5926
is_linear=0
shrinkage=0.05


Tree=37
num_leaves=63
num_cat=2
split_feature=8 14 13 14 8 14 14 13 13 14 14 13 2 14 8 2 13 14 13 13 13 13 14 14 14 14 14 13 14 13 14 14 13 8 2 14 8 14 0 2 13 13 14 13 13 14 8 13 8 14 8 14 14 8 14 2 8 0 14 8 8 2
split_gain=109.423 34.0858 17.5975 8.47427 6.85632 5.62466 4.39294 3.50923 3.25766 2.47891 2.29333 2.26885 2.09848 1.71162 1.63643 1.40807 1.33065 1.37161 1.32414 1.23489 1.04123 1.01615 0.993898 0.978205 0.837914 0.765141 0.652526 0.683074 0.635721 0.604378 0.589331 0.579237 0.567704 0.553866 0.537062 0.527564 0.496878 0.486559 0.485653 0.457735 0.451705 0.44143 0.437902 0.601351 0.407425 0.402351 0.401583 0.400465 0.400257 0.398217 0.393818 0.385203 0.369174 0.351731 0.339786 0.337369 0.337114 0.327611 0.315902 0.297707 0.285982 0.285592
threshold=1.6005000000000003 -0.063544665651287899 1.6547048977345689 0.043246146872021669 1.3695000000000002 0.0086131374241383857 0.13040155132661349 1.5942176516137458 1.5620247581554929 -0.008519444094060245 -0.041556767729950976 1.5620247581554929 16.500000000000004 0.1018277726030923 1.2195000000000003 16.500000000000004 1.5084090432148856 0.087060523497430223 1.5687603135334347 1.5202232939343461 1.5733002212122036 1.6704107100160936 0.095611870834130933 0.050351305368240069 -0.11820658837140906 0.054522772754147082 0.04178836714542123 1.548003773495507 -0.21883843750534868 1.637672227396908 0.19915643966100907 -0.12375385312797836 1.5166211159358285 1.8860000000000003 16.500000000000004 -0.15599773044947726 1.4785000000000001 -0.02465373687487182 0 10.500000000000002 1.558709477621917 1.6049724144486879 -0.18094641324931535 1.54966313260261 1.5084090432148856 -0.0015185320074148077 1.8695000000000002 1.5524390734056372 1.7595000000000003 0.15147934460106019 1.4395000000000002 0.047216323069124606 0.23413795335978729 1.6645000000000001 -0.18094641324931535 18.500000000000004 1.7395000000000003 1 -0.021753853127978281 1.4975000000000003 1.7155000000000002 15.500000000000002
decision_type=10 2 2 2 10 2 2 2 2 2 2 2 2 2 8 2 2 2 2 2 2 2 2 2 2 2 2 2 2 2 2 2 2 10 2 2 10 2 1 2 2 2 2 2 2 2 10 2 10 2 10 2 2 10 2 2 10 1 2 10 10 2
left_child=1 4 6 10 14 8 9 16 19 31 28 24 45 15 -1 57 51 26 33 58 25 -10 39 -22 50 47 27 -18 -4 35 55 60 -26 44 -30 36 -13 -21 -14 -9 -28 -33 -16 -44 -8 -12 -32 -11 -17 -19 -6 -7 -20 -47 -31 56 -15 -5 -3 -34 -2 -56
right_child=2 5 3 13 11 7 18 22 21 20 12 29 38 30 42 48 17 49 52 37 23 -23 -24 -25 32 -27 40 -29 34 54 46 41 59 -35 -36 -37 -38 -39 -40 -41 -42 -43 43 -45 -46 53 -48 -49 -50 -51 -52 -53 -54 -55 61 -57 -58 -59 -60 -61 -62 -63
leaf_value=-0.0031735899525592868 -0.0047630317454922556 -0.0010222016471256895 -0.0026650040397562733 0.0011329993809637141 -0.0014875366328489807 -0.00057050544593677417 0.00024345265768932413 0.0014881629733799035 -7.6783122575538884e-05 -0.00054259583225259279 0.0005647011413493139 -0.0013882859626645691 0.0020325410892048871 0.0036526898035357672 -0.0021076001080492924 0.0038366357226590378 -0.00023576977789419287 0.0010426368498466104 0.0019035269680024273 -0.00062924247799737466 0.00035265754170298448 0.001467602419617596 0.0057516003027558334 0.00088635596066104986 -0.0014335132881975283 0.0003767586251072452 0.00011599124642102969 6.4647179131796642e-05 0.00012337537092853976 -0.00087058047653837249 0.0068974337872523481 -0.0013844808746743791 -0.00098651417975209794 0.0033043313666125903 0.00075499769569162831 -0.00071298703719415335 -0.0047505019574911678 -0.00035165098967179591 0.001404895021738576 0.0048614677999449796 0.00086894932774863481 -0.00028419534636337445 -0.0017125145317000634 0.00038025306603382586 0.0011073500171871699 0.001789327926737593 0.0034396684801497736 0.00010273470934705173 0.002047653057686821 0.0041052986345430078 -0.0025288041819595108 -0.00019266139885338189 0.0032079293708459516 0.00092365241877086039 -0.00020371794336002639 0.0028768428890927353 0.0020741224207458751 0.0015842424898507468 -0.00070966009969377513 -0.0017792598178833965 -0.0016695214579265346 0.00084090080729150481
leaf_weight=2931 103 15675 167 5779 14663 12113 1654 1961 30222 3288 8368 1807 4067 362 10833 319 38680 2422 2796 29650 16612 1104 160 17770 11027 43606 43682 37042 6735 1630 101 1125 30588 258 6727 14908 117 33759 14920 106 2087 4805 7383 360 7805 1263 498 8942 15721 111 968 15222 673 16537 4087 2514 5147 15735 16697 1232 272 779
leaf_count=2931 103 15675 167 5779 14663 12113 1654 1961 30222 3288 8368 1807 4067 362 10833 319 38680 2422 2796 29650 16612 1104 160 17770 11027 43606 43682 37042 6735 1630 101 1125 30588 258 6727 14908 117 33759 14920 106 2087 4805 7383 360 7805 1263 498 8942 15721 111 968 15222 673 16537 4087 2514 5147 15735 16697 1232 272 779
internal_value=6.83125e-07 -0.000504729 0.000904778 0.00136761 -0.0012812 -0.000218937 0.000461985 -1.5321e-05 -0.00046497 0.000345043 0.000969418 -0.00107235 0.00114099 0.00187452 -0.0020756 0.00172865 -4.43116e-05 2.52876e-05 0.00131801 -0.000609731 0.000412029 -2.23554e-05 0.00195503 0.000628494 -0.00123866 0.000278737 1.27839e-06 -8.88106e-05 0.000400965 -0.000655445 0.00250983 -0.00061345 -0.00112435 0.00101863 0.000438999 -0.000813549 -0.00159275 -0.000481453 0.00154115 0.00166115 0.000150325 -0.000492934 -0.00190236 -0.00161521 0.000956289 0.000850649 0.0040227 -7.07605e-05 0.00208323 0.00117685 -0.00155202 -0.000360096 0.00215659 0.000985076 -0.000245779 0.00239688 0.00217785 0.00146429 -0.000860997 -0.00101721 -0.00251921 -3.64845e-05
internal_weight=598675 384006 214669 104960 103313 280693 109709 153586 127107 96523 58784 81806 45155 46176 21507 37554 151359 124024 13186 95781 90218 31326 2227 34382 58478 55836 121491 75722 13629 23328 8622 6305 42847 9717 13462 16832 1924 63409 18987 2067 45769 5930 18576 7743 9459 26168 599 12230 16040 2533 15631 27335 3469 17800 6496 8023 5509 21514 32372 31820 375 4866
internal_count=598675 384006 214669 104960 103313 280693 109709 153586 127107 96523 58784 81806 45155 46176 21507 37554 151359 124024 13186 95781 90218 31326 2227 34382 58478 55836 121491 75722 13629 23328 8622 6305 42847 9717 13462 16832 1924 63409 18987 2067 45769 5930 18576 7743 9459 26168 599 12230 16040 2533 15631 27335 3469 17800 6496 8023 5509 21514 32372 31820 375 4866
cat_boundaries=0 1 2
cat_threshold=16 10
is_linear=0
shrinkage=0.05


Tree=38
num_leaves=63
num_cat=1
split_feature=8 14 13 14 8 14 14 13 13 13 14 14 9 3 14 13 7 13 13 14 13 14 14 14 13 3 14 13 14 14 14 14 14 8 8 8 7 14 0 8 14 14 7 14 13 8 8 13 14 13 13 13 7 13 13 13 8 14 13 8 14 8
split_gain=98.7568 30.7646 15.8828 7.64803 7.39815 3.96463 3.86052 3.03629 2.85664 2.37042 2.247 2.07362 1.95786 1.60082 1.54548 1.5309 1.26909 1.19827 1.18399 1.15018 1.08973 0.910821 0.802115 0.77817 0.772667 0.749993 0.762515 0.727775 0.71939 0.671315 0.628816 0.584047 0.539577 0.53126 0.481439 0.478171 0.474023 0.549944 0.42897 0.427248 0.403661 0.398811 0.379893 0.379047 0.469302 0.362428 0.362207 0.332533 0.427248 0.321411 0.321057 0.315545 0.313492 0.310045 0.30956 0.308703 0.307786 0.316279 0.346765 0.302832 0.301748 0.298379
threshold=1.6005000000000003 -0.051039000069793221 1.6547048977345689 0.043246146872021669 1.3955000000000002 0.13040155132661349 0.019210217139922773 1.5818107396984753 1.550899614426499 1.5942176516137458 0.010361587157378007 -0.017679057904565695 1.2395000000000003 11.500000000000002 0.10008565673862514 1.637672227396908 15.500000000000002 1.5733002212122036 1.5818107396984753 -0.098013725119323034 1.5426053357836518 0.059505120292737697 0.057522772754146974 0.095611870834130933 1.5084090432148856 11.500000000000002 -0.19648230170487532 1.5202232939343461 -0.17078978286007715 0.06752277275414699 -0.069831502864130188 0.051012805713078209 0.19915643966100907 1.8860000000000003 1.5185000000000002 1.7095000000000002 2.5000000000000004 -0.38737377499806386 0 1.7155000000000002 -0.076734461241158555 -0.012771575574402892 1.5000000000000002 -0.16293947650256976 1.54966313260261 1.8695000000000002 1.7595000000000003 1.5084090432148856 0.082795102265431422 1.5426053357836518 1.6049724144486879 1.550899614426499 17.500000000000004 1.6547048977345689 1.5084090432148856 1.5459094809999721 1.5035000000000001 -0.021078074717190916 1.5942176516137458 1.7655000000000001 -0.037704182444719729 1.5345000000000002
decision_type=10 2 2 2 10 2 2 2 2 2 2 2 8 2 2 2 2 2 2 2 2 2 2 2 2 2 2 2 2 2 2 2 2 10 10 10 2 2 1 10 2 2 2 2 2 10 10 2 2 2 2 2 2 2 2 2 10 2 2 10 2 10
left_child=1 4 5 11 12 10 8 20 24 19 30 25 36 -13 16 56 -5 33 29 28 22 -22 54 53 -3 -4 -27 -21 -6 49 39 -20 52 42 55 -15 37 -1 -37 -2 -28 -26 -7 -14 -45 -34 -18 -24 -49 -12 -32 -31 59 -9 -8 -30 -10 -58 -59 -16 -17 -29
right_child=2 6 3 14 9 17 7 23 15 -11 18 13 43 35 32 60 46 -19 31 27 21 -23 47 -25 41 26 40 61 34 51 50 -33 45 -35 -36 38 -38 -39 -40 -41 -42 -43 -44 44 -46 -47 -48 48 -50 -51 -52 -53 -54 -55 -56 -57 57 58 -60 -61 -62 -63
leaf_value=-0.0065929481759667398 -0.0026204750705256957 -0.00085865159824410398 0.00021656477718859092 0.0013871190707513054 -0.0032482487320553812 -7.0343019835937838e-05 -0.00045417741722242674 0.0015319617756360362 0.00054077795744123945 -0.00024134370597807565 -0.00082881980349584555 0.00083498605284286389 -0.001807626845515539 0.0026466194335435268 0.0029468640478246492 0.00079715181632968382 0.0036448039581596296 0.0020918544543997771 0.00044580091970780958 -0.0011812837469680334 0.00014510779788403193 0.0012447130324674404 -0.00013073991309030689 0.0053708853102044062 -0.00059922980807158627 -0.0022484669878762311 0.00035588756595088429 -0.00073678091480405968 -0.0013886117414473615 0.00029734984245104851 -0.00085853909530795658 0.00092172642465515901 0.0065525621157323972 0.0031776098180440631 -0.0031464975015860208 0.0019477447261966587 -0.0023879328312423195 -0.0031252686856062363 0.0013091629890087809 -0.00079911220430869576 0.00099497904990115244 -0.00035409008233166296 0.0010196458199288982 -0.0014888150117745972 -0.00016591712893884614 0.0032676850443698435 0.0019428630322594312 0.00011438994119266873 0.00079116322508239944 0.0001230607268415059 -5.8427186708959743e-05 0.00059534754649531621 0.0027218311782668415 0.0037827310944511285 -0.00016641620963329042 -0.0010469246964424242 -0.00033679188667476499 -0.00011790389871999462 0.00038677572365600698 0.0019106058804681408 0.0021209597830670296 -0.0015807129145897589
leaf_weight=128 441 15689 9646 21328 452 879 12819 1268 1690 11598 921 18275 11933 873 824 973 319 3213 12462 13892 43712 1968 11509 171 31146 203 3268 38050 12879 20699 1557 13354 101 268 326 3453 4974 1071 12938 1193 10128 35504 8826 11743 711 498 15614 16874 2706 23896 6438 15562 2609 174 34495 13581 15073 31228 3820 4883 772 1077
leaf_count=128 441 15689 9646 21328 452 879 12819 1268 1690 11598 921 18275 11933 873 824 973 319 3213 12462 13892 43712 1968 11509 171 31146 203 3268 38050 12879 20699 1557 13354 101 268 326 3453 4974 1071 12938 1193 10128 35504 8826 11743 711 498 15614 16874 2706 23896 6438 15562 2609 174 34495 13581 15073 31228 3820 4883 772 1077
internal_value=6.54109e-07 -0.000479492 0.000859553 0.00129925 -0.00113371 0.000438885 -0.000173343 2.6377e-05 -0.000358075 -0.000909505 0.000327791 0.000920977 -0.0018076 0.00116115 0.00178082 -7.38285e-05 0.00163933 0.00125211 0.000408098 -0.00100606 -1.64134e-06 0.000192481 -0.000114743 0.00218174 -0.000542958 0.000553785 0.000792981 -0.000870392 -0.00127014 0.000288106 -0.000396912 0.000691986 0.00237219 0.000981566 -0.00123676 0.00150641 -0.00260305 -0.00349546 0.00144568 -0.00129068 0.00083907 -0.000468646 0.000920923 -0.00160625 -0.00141329 0.00382156 0.00197694 8.25507e-05 0.000207922 8.77349e-05 -0.000214246 0.00042524 0.00226779 0.00180355 -0.000244381 -0.00121324 -0.000122888 -0.000145266 -6.28972e-05 0.00206023 0.00138281 -0.000760011
internal_weight=598675 384006 214669 104960 122415 109709 261591 125696 135895 91855 96523 58784 30560 35539 46176 53556 37261 13186 86894 80257 124083 45680 78403 1613 82339 23245 13599 53019 27238 61078 9629 25816 8915 9973 26786 17264 6173 1199 16391 1634 13396 66650 9705 24387 12454 599 15933 31089 19580 24817 7995 36261 8316 1442 47314 26460 51811 50121 35048 5707 1745 39127
internal_count=598675 384006 214669 104960 122415 109709 261591 125696 135895 91855 96523 58784 30560 35539 46176 53556 37261 13186 86894 80257 124083 45680 78403 1613 82339 23245 13599 53019 27238 61078 9629 25816 8915 9973 26786 17264 6173 1199 16391 1634 13396 66650 9705 24387 12454 599 15933 31089 19580 24817 7995 36261 8316 1442 47314 26460 51811 50121 35048 5707 1745 39127
cat_boundaries=0 1
cat_threshold=16
is_linear=0
shrinkage=0.05


Tree=39
num_leaves=63
num_cat=0
split_feature=8 14 13 14 8 14 14 13 13 14 13 14 8 14 13 13 14 13 2 2 14 13 14 13 14 14 14 14 14 14 8 13 8 8 13 14 2 13 14 8 13 8 13 8 13 13 13 14 13 8 13 2 13 14 8 14 2 14 14 14 13 8
split_gain=89.1291 27.8531 14.3997 6.75644 5.59101 4.60633 3.69304 2.83937 2.60112 2.17997 1.89818 1.78521 1.36073 1.33783 1.27425 1.17001 1.17027 1.13823 1.08397 1.05857 1.01808 0.975631 0.864608 0.802214 0.736956 0.701624 0.607096 0.544708 0.51813 0.513627 0.505858 0.490945 0.489816 0.476164 0.46973 0.467889 0.446449 0.441205 0.438278 0.427183 0.387261 0.373282 0.366473 0.361283 0.359014 0.356005 0.355419 0.355142 0.5049 0.350491 0.341428 0.339372 0.33721 0.327013 0.326833 0.326615 0.311258 0.299561 0.297578 0.295967 0.312344 0.290199
threshold=1.6005000000000003 -0.063544665651287899 1.6704107100160936 0.02073074684419907 1.3695000000000002 0.0052102171399227579 0.13040155132661349 1.5942176516137458 1.5547134964177483 -0.023351271388434621 1.5620247581554929 0.082795102265431422 1.2195000000000003 -0.047704182444719738 1.5733002212122036 1.5166211159358285 0.082795102265431422 1.5942176516137458 17.500000000000004 16.500000000000004 0.045605329836928117 1.6704107100160936 0.095611870834130933 1.5144917558127595 0.048730746844199098 -0.11820658837140906 0.14267588676465329 0.031827772603092226 -0.21883843750534868 0.057522772754146974 1.8155000000000003 1.637672227396908 1.8285000000000002 1.6995000000000002 1.5166211159358285 -0.13967041977196723 19.500000000000004 1.6704107100160936 -0.15599773044947726 1.4785000000000001 1.558709477621917 1.7085000000000001 1.5547134964177483 1.7295000000000003 1.6049724144486879 1.54966313260261 1.5942176516137458 -0.18094641324931535 1.54966313260261 1.4495000000000002 1.558709477621917 16.500000000000004 1.5084090432148856 -0.03110681984255825 1.7595000000000003 0.15147934460106019 19.500000000000004 0.049214445847498019 -0.19648230170487532 -0.028211632854578724 1.637672227396908 1.7095000000000002
decision_type=10 2 2 2 10 2 2 2 2 2 2 2 10 2 2 2 2 2 2 2 2 2 2 2 2 2 2 2 2 2 10 2 10 10 2 2 2 2 2 10 2 10 2 10 2 2 2 2 2 10 2 2 2 2 10 2 2 2 2 2 2 10
left_child=1 4 6 13 12 8 9 15 23 35 25 19 -1 28 32 29 27 24 -15 33 -19 46 37 -3 42 49 36 40 -4 -7 -28 38 52 -5 -27 -2 54 -9 39 -12 -17 -16 -11 -21 -37 -29 -10 -14 -49 -6 -26 -30 -8 -25 -13 -18 -45 -47 -33 -48 -61 -20
right_child=2 5 3 11 10 7 14 22 21 17 31 26 47 18 41 16 55 20 61 43 -22 -23 -24 53 50 34 30 45 51 -31 -32 58 -34 -35 -36 44 -38 -39 -40 -41 -42 -43 -44 56 -46 57 59 48 -50 -51 -52 -53 -54 -55 -56 -57 -58 -59 -60 60 -62 -63
leaf_value=-0.0028718817494694238 -0.002849812409545802 -0.00087891816269360264 -0.0024193305192737632 0.0019158330708049023 -0.0013540136754305165 -0.00040713244978560583 0.00020521250364754644 0.0012539088861819982 -0.00022941631577414633 -0.00059372394870715363 -0.0012506145740364977 0.0025565405954927089 -0.0019009183740390017 0.00071993789404834353 0.0037773605552501978 -0.00018364774824581676 0.0010396721309323302 0.00035622764687744254 0.0020951671952398935 0.0033883280150076877 0.00090714185418826914 0.0013637563574873716 0.0051954760123044258 -0.00064995187945227539 0.0002565422601020443 -0.001297562296429848 0.0057564349203194322 3.9073237649972147e-05 0.00012228471273314676 -4.6423268339239635e-05 0.0026924508209650718 -0.00092415490894539275 0.0025558140974173004 0.0011279494025934007 -0.00091887948865605426 -0.0015067983142527681 0.0024408495775689928 0.0046152928387563604 -0.00063832871565439844 -0.0043681217731637327 0.00010858401544783961 0.001886703884672913 6.7104458030387056e-05 0.0015267559884421461 -0.00036924316173376462 0.00021381751633265894 -0.00010906044523418951 -0.0015458812500245911 0.00038463065455238089 -0.0024521175910918657 0.00052108994117628781 0.00064309839323501924 0.00099261454154002415 -0.00041289496383857722 0.0017030295838042079 0.0038355870619191344 0.0019531413425896284 0.00076350933230816492 -5.6024210814600203e-05 0.00029529385058591926 0.0016825666082660102 0.0012677306101164737
leaf_weight=2952 237 19153 167 2123 14867 26653 1643 2274 29913 2661 1807 1265 10829 17211 284 39713 2072 16901 1191 318 16645 1101 160 24245 33324 11027 148 40971 6219 15672 1500 1214 444 19827 31820 845 3589 102 14908 117 15866 3233 9916 11294 3871 13971 5537 7371 355 764 19237 6293 7886 36373 9896 110 6892 3013 5282 3332 462 9609
leaf_count=2952 237 19153 167 2123 14867 26653 1643 2274 29913 2661 1807 1265 10829 17211 284 39713 2072 16901 1191 318 16645 1101 160 24245 33324 11027 148 40971 6219 15672 1500 1214 444 19827 31820 845 3589 102 14908 117 15866 3233 9916 11294 3871 13971 5537 7371 355 764 19237 6293 7886 36373 9896 110 6892 3013 5282 3332 462 9609
internal_value=6.24123e-07 -0.000455518 0.000816583 0.00126532 -0.00115742 -0.000197173 0.000442877 -2.19904e-05 -0.000431365 0.000341584 -0.000968822 0.00161737 -0.00187478 0.000773441 0.00122107 -4.86239e-05 3.36537e-05 0.000392958 0.000966328 0.00143899 0.000629583 -0.000104192 0.00163779 -0.000596836 0.000271097 -0.00112094 0.00205745 1.16103e-05 0.000347305 -0.00027357 0.00296761 -0.000587491 0.000932488 0.00120415 -0.00101634 -0.000682009 0.00195576 0.00139821 -0.000729987 -0.00144019 -0.000100225 0.00203938 -7.27114e-05 0.00171756 -0.000573067 0.000118861 -0.000145376 -0.00171615 -0.00145718 -0.00140769 0.000353365 0.000384232 0.00085685 -0.000507709 0.00179977 0.00118062 0.00168834 0.000311334 -0.000218264 0.000124038 0.000464224 0.00135898
internal_weight=598675 384006 214669 97542 103313 280693 117127 160577 120116 103637 81806 56852 21507 40690 13490 158041 115716 98684 28011 40454 33546 40345 2536 79771 65138 58478 16398 113534 12679 42325 1648 23328 9973 21950 42847 4953 14750 2376 16832 1924 55579 3517 12577 18504 4716 57955 39244 18555 7726 15631 52561 12512 9529 60618 11161 2182 18186 16984 6496 9331 3794 10800
internal_count=598675 384006 214669 97542 103313 280693 117127 160577 120116 103637 81806 56852 21507 40690 13490 158041 115716 98684 28011 40454 33546 40345 2536 79771 65138 58478 16398 113534 12679 42325 1648 23328 9973 21950 42847 4953 14750 2376 16832 1924 55579 3517 12577 18504 4716 57955 39244 18555 7726 15631 52561 12512 9529 60618 11161 2182 18186 16984 6496 9331 3794 10800
is_linear=0
shrinkage=0.05


Tree=40
num_leaves=63
num_cat=0
split_feature=8 14 13 14 8 14 14 13 14 13 13 13 14 14 8 14 13 14 13 14 13 13 14 13 2 2 14 13 14 8 8 8 2 13 14 13 8 14 13 8 13 14 8 13 14 13 13 14 14 14 13 8 8 14 14 14 8 2 8 2 8 9
split_gain=80.3334 25.2213 13.0048 5.50046 4.87815 4.39474 3.29696 2.65961 2.50574 2.44517 2.13965 1.74653 1.51479 1.47571 1.27207 1.02614 1.00985 1.07471 0.965972 0.786586 0.771291 0.763494 0.734557 0.676937 0.667155 0.610379 0.534162 0.538799 0.528376 0.527206 0.525961 0.519109 0.489232 0.488551 0.442471 0.439299 0.434638 0.393364 0.363727 0.354467 0.35043 0.342203 0.340269 0.333389 0.329021 0.482584 0.325673 0.322856 0.312387 0.307371 0.305506 0.301175 0.299944 0.292063 0.284593 0.277651 0.27598 0.27127 0.270487 0.261688 0.388077 0.260418
threshold=1.6005000000000003 -0.067324113235346691 1.6907371699262386 0.0029609999302068206 1.3695000000000002 0.0086131374241383857 0.17864477115549585 1.5942176516137458 -0.013648694631759993 1.5547134964177483 1.5942176516137458 1.5687603135334347 0.072498923975334542 0.060329230427327303 1.2195000000000003 0.0746498760321639 1.5084090432148856 0.089107332273285281 1.6704107100160936 -0.057501076024665469 1.6547048977345689 1.5144917558127595 -0.11820658837140906 1.5687603135334347 19.500000000000004 17.500000000000004 0.04178836714542123 1.5367267329084688 -0.078211632854578647 1.4495000000000002 1.7395000000000003 1.7395000000000003 19.500000000000004 1.5202232939343461 -0.19648230170487532 1.5318691884456672 1.6795000000000002 -0.018539844788921452 1.558709477621917 1.7095000000000002 1.5818107396984753 0.095611870834130933 1.9065000000000001 1.5524390734056372 -0.18094641324931535 1.54966313260261 1.6704107100160936 0.13682272811992249 0.057522772754146974 -0.19648230170487532 1.6547048977345689 1.6355000000000002 1.7695000000000001 0.047216323069124606 0.15147934460106019 0.11223586075350268 1.5145000000000002 12.500000000000002 1.7045000000000001 15.500000000000002 1.7295000000000003 1.1295000000000002
decision_type=10 2 2 2 10 2 2 2 2 2 2 2 2 2 8 2 2 2 2 2 2 2 2 2 2 2 2 2 2 10 10 10 2 2 2 2 10 2 2 10 2 2 10 2 2 2 2 2 2 2 2 10 10 2 2 2 10 2 10 2 10 10
left_child=1 4 6 19 14 9 8 16 28 21 15 22 24 50 61 43 53 26 40 34 48 -3 29 42 36 -21 27 -18 39 -6 -14 -25 47 -24 -4 -17 -5 -23 -28 -2 -11 -15 -8 51 -16 -46 -13 -32 -9 -48 -12 -10 -26 -7 -19 -37 -35 -20 -27 -38 -61 -1
right_child=2 5 3 12 11 7 23 20 10 18 13 46 30 41 44 35 17 54 57 25 -22 37 33 31 52 58 38 -29 -30 -31 32 -33 -34 56 -36 55 59 -39 -40 -41 -42 -43 -44 -45 45 -47 49 -49 -50 -51 -52 -53 -54 -55 -56 -57 -58 -59 -60 60 -62 -63
leaf_value=-0.0035169860491697821 -0.0025053079605215803 -0.00082488292271783387 -0.0019660096718425893 0.0030708487225593602 -0.0012701557991548454 -0.00049498966893172819 0.0011252374678342187 0.0010722304637146146 -3.5332990290516324e-05 -0.00023466860334550203 0.00038150558005852934 -0.00062087696703230267 0.0038946608182446789 0.0009653615501372131 -0.0018088971912263632 0.00025256764854931422 -0.00026609072609286961 0.0010211453710753636 0.0010216965339153029 0.00062822008914251691 0.0041431450953068666 -0.00058202039258633154 -0.0011807902608723746 0.0052229954727614925 0.0031023039310736564 0.0019104491217186695 0.00010804908971531846 1.73081521549916e-05 -0.00022731300968873406 -0.0024781582466849249 0.0016553461468810553 0.0021710646710885787 0.0023109199242621306 -0.00080609422463286833 0.00036233001333025152 0.00049518181280613861 0.0010500553605579412 -0.00033546582434101538 0.00078289739487827229 -0.00078404068345780419 7.7151939319737193e-05 0.001455108409149578 0.0037182238893971467 0.00021386739083783802 -0.001470923911141711 0.00037978966682301792 -0.00084993632038192859 0.0024752638152902816 0.0028013867637519865 9.7334862521618337e-05 0.00070880971852035554 -0.00093218426653903343 0.0017138511369845033 -0.00016608849160460067 0.0036032848775106592 0.00085211504986150888 -0.0018482465158001734 0.0032749595858350203 0.0010872342386305464 0.0022616020880264032 0.0012968208627063495 -0.0024621391015571805
leaf_weight=808 415 20700 209 326 16067 12117 3048 1631 9451 30010 16467 12268 332 12738 10902 12966 25158 1917 1007 10506 283 37958 15143 150 412 1164 44252 50311 7051 957 12518 1959 5002 28024 8612 16677 11292 28193 2091 1071 12876 4954 132 23943 7337 370 1128 1328 311 3556 12573 1039 6959 15238 113 8092 650 154 6990 1121 14850 2121
leaf_count=808 415 20700 209 326 16067 12117 3048 1631 9451 30010 16467 12268 332 12738 10902 12966 25158 1917 1007 10506 283 37958 15143 150 412 1164 44252 50311 7051 957 12518 1959 5002 28024 8612 16677 11292 28193 2091 1071 12876 4954 132 23943 7337 370 1128 1328 311 3556 12573 1039 6959 15238 113 8092 650 154 6990 1121 14850 2121
internal_value=3.95862e-07 -0.000432775 0.00077571 0.00127235 -0.00111865 -0.000193154 0.000470298 -1.15791e-05 0.000419531 -0.000405973 0.00047894 -0.000934284 0.00156478 0.000742521 -0.00178457 0.000308259 -3.6833e-05 2.38983e-05 -0.000102522 0.00069623 0.00170452 -0.000559869 -0.00105934 0.00169353 0.00136888 0.000880151 4.88381e-06 -7.71644e-05 -0.000407894 -0.00133806 0.00192185 0.00238813 0.0018871 -0.000951048 0.000307164 0.00048836 0.00125598 -0.000476941 0.000138498 -0.00126474 -0.000141048 0.0011025 0.00123287 0.000110887 -0.00163213 -0.00138207 -0.00048546 0.00173399 0.00134914 -0.000130787 0.000523213 -0.000124163 0.00179146 -0.000311777 0.00116488 0.000611791 -0.000829718 0.00132058 0.00120475 0.00123428 0.00136454 -0.00275313
internal_weight=597998 383651 214347 81621 99331 284320 132726 153422 127437 130898 118900 77793 54140 46732 21538 72168 151197 123842 44047 27481 2225 86851 60841 5289 34960 18660 121812 75469 8537 17024 19180 2109 18848 43817 8821 37735 27589 66151 46343 1486 42886 17692 3180 34433 18609 7707 16952 13846 1942 4684 29040 10490 7371 27355 2030 24769 28674 1161 8154 27263 15971 2929
internal_count=597998 383651 214347 81621 99331 284320 132726 153422 127437 130898 118900 77793 54140 46732 21538 72168 151197 123842 44047 27481 2225 86851 60841 5289 34960 18660 121812 75469 8537 17024 19180 2109 18848 43817 8821 37735 27589 66151 46343 1486 42886 17692 3180 34433 18609 7707 16952 13846 1942 4684 29040 10490 7371 27355 2030 24769 28674 1161 8154 27263 15971 2929
is_linear=0
shrinkage=0.05


Tree=41
num_leaves=63
num_cat=1
split_feature=8 14 13 14 8 13 14 14 13 14 13 8 14 14 13 13 14 2 13 2 14 14 14 14 14 14 8 13 14 14 7 8 13 8 14 9 8 13 2 8 0 8 13 13 2 13 14 13 8 13 14 2 14 13 8 14 2 2 8 14 13 14
split_gain=72.5009 22.8742 11.766 5.63491 5.46903 3.05047 3.04216 2.98001 1.82564 1.76949 1.6689 1.46485 1.35349 1.20078 1.13718 1.1133 1.11684 1.00577 0.931137 0.865221 0.845853 0.819476 0.797138 0.726876 0.661281 0.598807 0.499493 0.454982 0.414285 0.406033 0.400044 0.39499 0.384983 0.381381 0.378263 0.368882 0.359983 0.358764 0.358425 0.352107 0.346545 0.323354 0.3209 0.307547 0.297626 0.295039 0.29238 0.406007 0.285957 0.284493 0.28249 0.491716 0.281362 0.271142 0.275896 0.267977 0.37132 0.266921 0.270571 0.2668 0.25545 0.315484
threshold=1.6005000000000003 -0.051039000069793221 1.6704107100160936 0.032686243017449275 1.3895000000000002 1.637672227396908 0.12576263955926395 0.013708424373687246 1.5687603135334347 -0.023351271388434621 1.5426053357836518 1.2795000000000003 -0.047704182444719738 0.092456750038657401 1.5818107396984753 1.5426053357836518 0.069673381597143216 15.500000000000002 1.5942176516137458 16.500000000000004 -0.17078978286007715 0.035605329836928108 0.051827772603092244 0.057522772754146974 -0.087539844788921503 0.048730746844199098 1.9185000000000001 1.637672227396908 0.16225525264032251 -0.21883843750534868 1.5000000000000002 1.8185000000000002 1.5687603135334347 1.5195000000000001 -0.15599773044947726 1.1295000000000002 1.5585000000000002 1.5084090432148856 12.500000000000002 1.7095000000000002 0 1.7495000000000003 1.5776445871710891 1.5547134964177483 16.500000000000004 1.5084090432148856 -0.16293947650256976 1.54966313260261 1.7085000000000001 1.5084090432148856 -0.43157113762399762 5.5000000000000009 0.054522772754147082 1.558709477621917 1.6855000000000002 -0.15599773044947726 15.500000000000002 19.500000000000004 1.7595000000000003 -0.037704182444719729 1.5084090432148856 0.082795102265431422
decision_type=10 2 2 2 10 2 2 2 2 2 2 8 2 2 2 2 2 2 2 2 2 2 2 2 2 2 10 2 2 2 2 10 2 10 2 10 10 2 2 10 1 10 2 2 2 2 2 2 10 2 2 2 2 2 10 2 2 2 10 2 2 2
left_child=1 4 6 12 11 7 9 10 20 34 45 35 29 19 26 23 36 -14 25 39 -6 -20 38 49 33 43 30 -10 57 -4 -8 -30 -12 -22 -2 50 -17 -26 59 -5 -19 -21 -36 -11 -31 -3 -13 -48 -16 -9 51 -1 -38 54 -27 -29 -57 58 -15 -7 -25 -62
right_child=2 5 3 13 8 22 14 15 27 18 32 46 17 28 48 16 -18 40 21 41 24 -23 -24 60 37 53 -28 55 31 44 -32 -33 -34 -35 42 -37 52 -39 -40 -41 -42 -43 -44 -45 -46 -47 47 -49 -50 -51 -52 -53 -54 -55 -56 56 -58 -59 -60 -61 61 -63
leaf_value=-0.0068043692129068694 -0.0032763450882817044 -0.0007624654891550764 -0.0021231426635602789 0.0017676876364696188 -0.0033997054192507585 0.0006163263083027587 -0.00010706849519845758 -0.00041652235313362939 -0.0005655797419254876 -0.00054718531310750406 -0.00026329962151748525 -0.0015679822181623422 0.00061816469542653487 0.0026407724665543368 0.0035219671004597334 0.00074632133613986354 0.0017780479132649002 0.0016153731974755661 0.00025357973543695123 0.0030994739803812798 -0.00103961431037889 0.00076166641165349399 0.0046113676501888237 -0.00011298765742269611 -0.0011506973319928501 0.00023712096836144296 0.004196421621653082 -0.00057207114743873467 0.0057651582915611843 9.9822337156981202e-05 0.00090394763677120607 0.002578459870543514 -8.2887807482888664e-06 -0.0028453737443660276 -0.002067188900271202 -0.0021268520405656761 8.7031519235054367e-05 -0.00069465070463814612 0.0040109460952035226 0.0010917552907451391 0.0010547990673439964 0.0016057409814462108 -0.00044200863624058732 5.5616430389690532e-05 0.00058727285383436455 -0.00049014994849726809 -0.001286350155878445 5.9319032575308139e-05 0.0017765679474409395 -0.00015823465411223469 -0.0022197251682852339 -0.0031208311845727045 0.00065007762634214155 0.00046314234737129085 -0.0014172586422283194 -3.3654106195963041e-05 0.0013794844550963031 0.0022880063509901258 0.0016154332412688039 0.0017959119356117951 0.00010370507874954838 0.00068556368685267417
leaf_weight=122 131 13647 169 2149 338 943 1077 14791 11887 2692 49702 12297 15759 711 256 2348 1063 3459 13073 370 33195 20196 211 11493 4939 32145 110 2099 108 6248 10691 976 21076 295 326 4768 48142 33998 122 18623 15718 17416 4449 9888 6278 36683 10871 591 2816 38183 366 352 2326 18728 254 5717 506 2763 6768 975 16903 2702
leaf_count=122 131 13647 169 2149 338 943 1077 14791 11887 2692 49702 12297 15759 711 256 2348 1063 3459 13073 370 33195 20196 211 11493 4939 32145 110 2099 108 6248 10691 976 21076 295 326 4768 48142 33998 122 18623 15718 17416 4449 9888 6278 36683 10871 591 2816 38183 366 352 2326 18728 254 5717 506 2763 6768 975 16903 2702
internal_value=3.76068e-07 -0.000411136 0.000736925 0.00114241 -0.00097538 -0.000146966 0.000398485 -0.000162891 -0.000787497 0.00030075 -0.000343881 -0.00157021 0.000753439 0.00151381 0.00106454 -3.99797e-06 0.000173433 0.000914108 0.000347618 0.00138085 -0.00090426 0.000562015 0.00168571 -0.000117707 -0.000892615 0.000235656 0.000842768 -0.000367074 0.00196643 0.000311286 0.00081142 0.00289595 -0.000187363 -0.00105552 -0.000625683 -0.00229706 0.000141137 -0.000752498 0.00138311 0.00116168 0.0011573 0.00163681 -0.000552963 -7.33774e-05 0.000344131 -0.000563988 -0.00139864 -0.00121697 0.00192202 -0.000230352 -0.0032632 -0.00406891 0.000112982 0.000311694 0.000224151 -8.35327e-05 8.125e-05 0.00186805 0.00171291 0.00121596 7.41769e-05 0.000183898
internal_weight=597998 383651 214347 97515 122341 261310 116832 259059 92974 101882 121108 29367 47631 49884 14950 137951 53879 34936 96976 38558 72765 33269 2251 84072 72427 63707 11878 20209 11326 12695 11768 1084 70778 33490 4906 5608 52816 38937 2040 20772 19177 17786 4775 12580 12526 50330 23759 11462 3072 52974 840 474 50468 51127 32399 8322 6223 10242 7479 1918 31098 19605
internal_count=597998 383651 214347 97515 122341 261310 116832 259059 92974 101882 121108 29367 47631 49884 14950 137951 53879 34936 96976 38558 72765 33269 2251 84072 72427 63707 11878 20209 11326 12695 11768 1084 70778 33490 4906 5608 52816 38937 2040 20772 19177 17786 4775 12580 12526 50330 23759 11462 3072 52974 840 474 50468 51127 32399 8322 6223 10242 7479 1918 31098 19605
cat_boundaries=0 1
cat_threshold=16
is_linear=0
shrinkage=0.05


Tree=42
num_leaves=63
num_cat=3
split_feature=8 14 8 8 14 14 7 8 7 14 8 7 8 7 12 8 2 14 0 14 7 2 14 8 14 7 2 0 8 7 14 7 14 7 9 14 7 2 3 14 2 14 14 7 14 8 14 2 14 12 7 14 14 2 2 7 14 2 0 14 2 14
split_gain=65.4328 20.644 10.0851 4.93761 3.70038 2.62431 2.42275 1.78194 1.66925 1.56569 1.37077 1.1874 0.829165 0.783537 0.65252 0.628611 0.501391 0.593049 0.462202 0.454201 0.439134 0.59404 0.562709 0.481997 0.43672 0.407268 0.42454 0.429562 0.396268 0.391275 0.387191 0.375828 0.527338 0.59453 0.363675 0.346463 0.341488 0.334301 0.443197 0.478533 0.426982 0.331333 0.314044 0.354191 0.312002 0.387936 0.287226 0.285302 0.277532 0.276228 0.269553 0.261255 0.258013 0.443774 0.25455 0.249178 0.568145 0.295031 0.408502 0.403891 0.539138 0.240914
threshold=1.6005000000000003 -0.051039000069793221 1.6945000000000003 1.3955000000000002 0.032686243017449275 0.027228424425597145 20.500000000000004 1.7785000000000002 39.500000000000007 0.16225525264032251 1.2925000000000002 39.500000000000007 1.6325000000000001 1.5000000000000002 1.4740166666666672 1.9980000000000004 18.500000000000004 -0.14484284706093839 0 0.12576263955926395 20.500000000000004 4.5000000000000009 -0.14484284706093839 1.4585000000000001 -0.15599773044947726 22.500000000000004 5.5000000000000009 1 1.5475000000000001 20.500000000000004 -0.00078555415250203253 1.5000000000000002 0.078582699621322707 45.500000000000007 1.1295000000000002 -0.089573378119072275 24.500000000000004 10.500000000000002 12.500000000000002 0.087060523497430223 15.500000000000002 0.17864477115549585 -0.076734461241158555 20.500000000000004 -0.027534202605968169 1.7395000000000003 -0.011106819842558234 22.500000000000004 0.11223586075350268 1.5966500000000003 3.5000000000000004 -0.019638412842622018 -0.43157113762399762 5.5000000000000009 19.500000000000004 23.500000000000004 0.069084943460572604 15.500000000000002 2 0.030053586750684706 9.5000000000000018 -0.150014138882367
decision_type=10 2 10 10 2 2 2 8 2 2 8 2 10 2 10 10 2 2 1 2 2 2 2 10 2 2 2 1 10 2 2 2 2 2 8 2 2 2 2 2 2 2 2 2 2 10 2 2 2 10 2 2 2 2 2 2 2 2 1 2 2 2
left_child=1 3 12 10 6 8 16 37 13 14 34 20 -2 -3 50 18 -4 -18 54 29 21 -5 23 -22 -13 26 -15 -28 -24 -20 -10 -16 33 -33 52 -26 -8 -6 39 40 -39 42 43 -14 -19 -46 -27 -35 -40 -43 -7 -29 53 -1 -9 57 -57 59 -59 -44 -61 -12
right_child=2 5 4 11 7 9 36 15 30 -11 61 24 41 25 31 -17 17 44 19 -21 22 -23 28 -25 35 46 27 51 -30 -31 -32 32 -34 47 -36 -37 -38 38 48 -41 -42 49 55 -45 45 -47 -48 -49 -50 -51 -52 -53 -54 -55 -56 56 -58 58 -60 60 -62 -63
leaf_value=-0.0064641506548543453 0.0002185372755017406 -0.00095347817319092081 0.00066508025206312869 -0.00098785969983992083 0.00075492827626309831 0.00038878917876191657 -0.00015701833633651962 0.0012933450312821631 -0.00054913244418831246 0.0048916472448314917 -0.0014344318626471741 -0.003179507743601406 0.00012313305076772874 -0.00016216275839171839 -0.00029059871202356667 0.0046333307448367129 -0.0011886477334477215 0.00076437240751456303 0.0013202577057281157 0.0018137520661512269 -0.0011343040472588614 -0.00021240953996056562 -0.0005989847616255364 -0.0032060247746994717 -0.0011040078133527664 -0.00029963607782599721 0.0014014254035781908 -2.3758263586007389e-05 -0.0017232941025002555 0.00047734185397280019 -0.00031683537675295377 0.00015438315783733439 0.00046700962978192724 -0.00025216657724846762 -0.0019798952066162746 -0.00080647835411299979 -0.002804863251050495 0.0010137601234215723 -0.00036312280695398368 0.0019367868970796656 0.001717311795039032 0.0043174092117697002 0.00033196308402591948 -0.0019556308297061288 0.0021252468069025174 0.0011663812922563205 -7.2494683004572673e-05 6.3914859786918026e-06 0.00081993206975725086 0.0010398807976970501 0.001618126035582598 0.0004443023920143576 -0.0020940925570631062 -0.0029647896503361571 0.0018614269214909326 -0.00039521570550872157 0.000463570044951885 0.0024385695904949865 0.00079104091445303675 0.0005839992900422775 0.0014641532375421018 -0.0011124868925628071
leaf_weight=122 52051 2713 17297 3071 9893 905 6763 2470 39996 167 14348 218 2196 9349 8395 160 280 3762 17681 4481 2289 12614 32629 320 17274 22312 793 6073 803 1493 32526 43726 7290 18995 5605 22567 124 13487 556 2054 2567 100 13944 226 1251 6727 36994 24341 4573 180 879 5856 363 352 9779 2161 17701 398 6026 11929 2037 9766
leaf_count=122 52051 2713 17297 3071 9893 905 6763 2470 39996 167 14348 218 2196 9349 8395 160 280 3762 17681 4481 2289 12614 32629 320 17274 22312 793 6073 803 1493 32526 43726 7290 18995 5605 22567 124 13487 556 2054 2567 100 13944 226 1251 6727 36994 24341 4573 180 879 5856 363 352 9779 2161 17701 398 6026 11929 2037 9766
internal_value=3.59497e-07 -0.000390579 0.000700085 -0.000926611 0.00104878 -0.000139618 0.000639207 0.00126308 -0.000269173 5.41772e-05 -0.00147714 -0.000743335 0.000362753 -0.00011758 4.64488e-05 0.00150628 0.000837452 0.0010855 0.00149234 0.00135996 -0.000585073 -0.000364237 -0.000681181 -0.00138841 -0.000947691 -8.97122e-05 9.36449e-05 0.00028163 -0.000625989 0.00125462 -0.000444948 2.99878e-05 5.85121e-05 2.43071e-05 -0.00212507 -0.000935479 -0.000204693 0.000998347 0.00110198 0.0012182 0.00112626 0.000494683 0.000486198 -7.08391e-05 0.00113974 0.00131674 -0.000157949 -0.000106939 0.000691685 0.00221043 0.000994499 0.000205842 -0.00309724 -0.00386547 0.00174545 0.000511092 0.000370134 0.000592636 0.000898141 0.000522318 0.000712373 -0.00130405
internal_weight=597998 383651 214347 122341 105398 261310 36204 69194 156612 104698 30556 91785 108949 84090 104531 36064 29317 12020 35904 23655 51726 15685 36041 2609 40059 81377 22071 12722 33432 19174 72522 102747 94352 87062 6442 39841 6887 33130 23237 18108 16054 56898 56618 2422 11740 7978 59306 43336 5129 280 1784 11929 837 474 12249 54196 19862 34334 6424 27910 13966 24114
internal_count=597998 383651 214347 122341 105398 261310 36204 69194 156612 104698 30556 91785 108949 84090 104531 36064 29317 12020 35904 23655 51726 15685 36041 2609 40059 81377 22071 12722 33432 19174 72522 102747 94352 87062 6442 39841 6887 33130 23237 18108 16054 56898 56618 2422 11740 7978 59306 43336 5129 280 1784 11929 837 474 12249 54196 19862 34334 6424 27910 13966 24114
cat_boundaries=0 1 2 3
cat_threshold=48 14 56
is_linear=0
shrinkage=0.05


Tree=43
num_leaves=63
num_cat=0
split_feature=8 14 13 14 8 14 14 13 14 13 13 13 14 14 13 14 14 13 8 14 13 14 13 2 14 13 14 13 2 13 8 8 14 13 8 14 13 14 8 13 8 14 2 13 8 13 14 8 13 8 8 14 14 14 8 8 13 14 8 10 2 8
split_gain=59.0538 18.6687 9.8031 4.18742 3.60066 3.30568 2.52674 2.35771 1.96023 1.66481 1.57305 1.43825 1.18208 0.960237 0.945081 0.936373 0.822963 0.729793 0.699692 0.638956 0.630543 0.621652 0.602227 0.595129 0.580738 0.548894 0.516107 0.57368 0.498049 0.48211 0.481882 0.45617 0.448743 0.442918 0.399345 0.381783 0.340843 0.339378 0.330954 0.326726 0.301675 0.283787 0.27669 0.276219 0.275901 0.272805 0.293232 0.272563 0.263014 0.258082 0.258076 0.254031 0.253174 0.244784 0.235753 0.233976 0.233527 0.266571 0.233358 0.23311 0.247144 0.229193
threshold=1.6005000000000003 -0.067324113235346691 1.6907371699262386 0.0029609999302068206 1.3455000000000001 -0.00078555415250203253 0.17864477115549585 1.6049724144486879 -0.014768831539588299 1.5687603135334347 1.637672227396908 1.5524390734056372 0.072498923975334542 0.0746498760321639 1.548003773495507 0.051012805713078209 0.052306984862093071 1.5202232939343461 1.2195000000000003 0.069673381597143216 1.5547134964177483 -0.076734461241158555 1.6704107100160936 19.500000000000004 -0.1129708332124577 1.558709477621917 -0.15599773044947726 1.7233856722950194 19.500000000000004 1.6704107100160936 1.7295000000000003 1.7395000000000003 -0.11820658837140906 1.5524390734056372 1.6795000000000002 0.12198627488067694 1.5202232939343461 0.092456750038657401 1.5255000000000003 1.6049724144486879 1.5485000000000002 -0.21883843750534868 17.500000000000004 1.5084090432148856 1.7895000000000001 1.5084090432148856 0.090295817555280281 1.7055000000000002 1.637672227396908 1.6245000000000003 1.9065000000000001 -0.03110681984255825 0.082795102265431422 -0.150014138882367 1.4385000000000001 1.5615000000000003 1.5084090432148856 0.10538427610798919 1.8055000000000001 1.0215000000000003 4.5000000000000009 1.6325000000000001
decision_type=10 2 2 2 10 2 2 2 2 2 2 2 2 2 2 2 2 2 8 2 2 2 2 2 2 2 2 2 2 2 10 10 2 2 10 2 2 2 10 2 10 2 2 2 10 2 2 10 2 10 10 2 2 2 10 10 2 2 10 8 2 10
left_child=1 4 6 21 18 9 8 14 32 17 13 24 28 33 16 40 36 38 59 61 56 41 -11 -23 54 50 -13 48 34 52 -27 -14 -2 49 -5 42 -7 -17 -3 -34 -16 -4 -33 -26 -30 -18 -47 -21 55 -10 -8 -19 -9 -20 -6 -28 -15 -58 -44 60 -1 -12
right_child=2 5 3 12 11 7 25 29 10 22 19 26 31 20 15 37 45 51 53 47 -22 23 -24 -25 43 30 27 -29 44 -31 -32 35 39 -35 -36 -37 -38 -39 -40 -41 -42 -43 58 -45 -46 46 -48 -49 -50 -51 -52 -53 -54 -55 -56 -57 57 -59 -60 -61 -62 -63
leaf_value=-0.005157765151554413 -0.0019994352047712316 -0.00065489054608040603 -0.0019610742782621461 0.0028204520861475381 -0.0011668717834383278 -0.00033705979581401404 0.00087189775799725487 0.0014598074057009056 -4.113267421339747e-06 -4.5695215090727261e-05 0.0015016168660415916 -0.00096161259879071746 0.0035041260190801812 -0.00010044656522127134 0.00059501801075293554 0.00072282594225918807 -0.00012781370521635084 -0.00048410658344988914 -0.0015825698551769072 0.0019964525665444968 0.00071820133092030658 0.00057130380738184021 0.0011365380929619167 0.001208760462513329 -0.0011508491604069694 0.0047111864250421135 -0.0005506867868856159 0.001238222610660039 0.0021954386063704366 0.0045404624027599186 0.0018187116944321379 0.0013319610641608043 -0.0011509176370226104 0.00023812639629477522 0.0010600317645185222 0.0021624249228603463 -0.00012155147377298484 0.002285038567263364 -0.0017504389543360286 -0.00018184778740476171 4.0376160048171122e-05 0.00012847869581275871 0.0033654845693075713 -0.00079135746230990425 0.0013999579618341157 0.00010496206338521482 0.00079737552775859628 0.0010401994708091539 -0.00011136440163574289 -0.00062590509144773963 0.0034122220963091914 -0.00028022965327433768 0.0040287958032318525 -0.00075138495418215214 -0.0019519786328210627 -0.0021176649624659559 0.00023343583342641931 0.00057705860551021052 0.0017028754960795194 -0.0021738481482463535 -0.0026784213438844056 0.00056559017739826853
leaf_weight=138 411 27624 169 326 19308 36322 2586 1107 8409 20479 678 6660 332 2837 2573 3343 13620 28665 10667 846 17193 18531 1137 4563 6728 153 20679 484 1330 168 2446 8038 996 39344 27263 2898 37074 388 707 6864 51972 4218 217 25964 6041 24688 1630 6253 3699 2082 104 32718 105 966 1006 241 13207 9856 7695 2421 370 18461
leaf_count=138 411 27624 169 326 19308 36322 2586 1107 8409 20479 678 6660 332 2837 2573 3343 13620 28665 10667 846 17193 18531 1137 4563 6728 153 20679 484 1330 168 2446 8038 996 39344 27263 2898 37074 388 707 6864 51972 4218 217 25964 6041 24688 1630 6253 3699 2082 104 32718 105 966 1006 241 13207 9856 7695 2421 370 18461
internal_value=3.45394e-07 -0.000371048 0.000665088 0.00109628 -0.000961141 -0.000164891 0.000399923 -2.81209e-05 0.000355479 -0.000377412 0.000407142 -0.000836371 0.00135143 0.000310613 -4.46738e-05 0.000118958 -0.000128813 -0.00047232 -0.00168746 0.000749021 0.000483455 0.000593607 1.64902e-05 0.000697255 -0.0009958 0.00147078 -0.000570317 -0.000466504 0.00117838 0.00203031 0.00198899 0.00166686 -0.000388863 0.000161154 0.00108083 0.00163449 -0.000228202 0.000885286 -0.00068223 -0.000304646 6.65398e-05 4.7983e-05 0.00153857 -0.000865341 0.00154349 5.38385e-05 0.000147847 0.00115416 -0.000500018 -0.000127511 0.000970111 -0.000375437 0.00168237 -0.00151355 -0.00120575 -0.000568738 0.000327626 0.000380283 0.00174848 -0.00237817 -0.00335194 0.000598749
internal_weight=597998 383651 214347 81621 99331 284320 132726 172990 127437 111330 119166 84769 54140 92928 171610 58276 113334 89714 14562 26238 43093 27481 21616 23094 53006 5289 31763 25103 34960 1380 2599 19180 8271 49835 27589 18848 73396 3731 28331 7860 54545 4387 15950 32692 7371 39938 26318 7099 24619 10491 2690 61383 1212 11633 20314 20920 25900 23063 7912 2929 508 19139
internal_count=597998 383651 214347 81621 99331 284320 132726 172990 127437 111330 119166 84769 54140 92928 171610 58276 113334 89714 14562 26238 43093 27481 21616 23094 53006 5289 31763 25103 34960 1380 2599 19180 8271 49835 27589 18848 73396 3731 28331 7860 54545 4387 15950 32692 7371 39938 26318 7099 24619 10491 2690 61383 1212 11633 20314 20920 25900 23063 7912 2929 508 19139
is_linear=0
shrinkage=0.05


Tree=44
num_leaves=63
num_cat=1
split_feature=11 14 13 14 13 14 14 14 13 14 14 14 2 2 14 14 13 9 13 13 13 14 13 14 14 14 13 14 14 0 14 2 13 13 13 14 13 14 14 14 14 14 13 14 14 2 14 14 14 13 14 13 2 14 11 13 3 14 2 11 11 13
split_gain=40.9998 17.5704 15.7342 4.09113 3.89863 3.72926 3.35356 2.97069 1.92211 1.39699 1.39297 1.31642 1.1983 1.142 0.904899 0.833355 0.754797 0.751453 0.632919 0.612504 0.59458 0.555387 0.545152 0.61722 0.542654 0.489411 0.484481 0.433853 0.411117 0.390829 0.365743 0.350605 0.346249 0.337624 0.336466 0.334724 0.333077 0.390819 0.320276 0.313097 0.312935 0.310605 0.309496 0.309487 0.283433 0.262509 0.258234 0.255119 0.217357 0.201913 0.197593 0.187217 0.185177 0.183027 0.175811 0.168002 0.165535 0.163657 0.152986 0.152009 0.148999 0.146898
threshold=1.5990714285714289 -0.063544665651287899 1.6235503479834801 0.064394664216348443 1.558709477621917 0.052675886764653186 -0.17078978286007715 0.02073074684419907 1.558709477621917 0.049214445847498019 -0.037704182444719729 0.17864477115549585 16.500000000000004 15.500000000000002 -0.087539844788921503 0.16225525264032251 1.5202232939343461 1.1995000000000002 1.637672227396908 1.7233856722950194 1.5084090432148856 -0.0015185320074148077 1.5084090432148856 0.072119389748146037 0.23413795335978729 -0.020039000069793308 1.5202232939343461 0.12198627488067694 0.11223586075350268 0 -0.11067076957267273 15.500000000000002 1.54966313260261 1.5620247581554929 1.637672227396908 -0.11820658837140906 1.5174795843423492 -0.38737377499806386 0.093712898865754193 -0.021078074717190916 -0.021753853127978281 -0.044880610251853963 1.54966313260261 -0.21883843750534868 -0.007693015137906877 12.500000000000002 0.0024249685760344701 0.028582699621322764 -0.21883843750534868 1.5318691884456672 0.11223586075350268 1.637672227396908 19.500000000000004 -0.43157113762399762 1.8083571428571432 1.5687603135334347 10.500000000000002 0.024361587157378021 10.500000000000002 1.6990714285714288 1.7096428571428575 1.6907371699262386
decision_type=10 2 2 2 2 2 2 2 2 2 2 2 2 2 2 2 2 10 2 2 2 2 2 2 2 2 2 2 2 1 2 2 2 2 2 2 2 2 2 2 2 2 2 2 2 2 2 2 2 2 2 2 2 2 10 2 2 2 2 10 10 2
left_child=1 6 3 10 7 12 17 16 20 18 35 26 21 24 48 34 40 36 25 51 -8 -4 -9 49 38 -6 -5 52 55 -16 -22 41 -19 47 -11 -2 37 -1 58 -18 -3 -20 54 -34 -31 -23 -35 -12 -14 -24 -25 -10 60 -38 -13 -28 -17 -27 -7 -46 -15 -45
right_child=2 4 5 11 9 13 8 22 19 15 33 42 14 27 29 56 39 32 31 -21 30 45 23 50 -26 57 28 -29 -30 44 -32 -33 43 46 -36 -37 53 -39 -40 -41 -42 -43 -44 61 59 -47 -48 -49 -50 -51 -52 -53 -54 -55 -56 -57 -58 -59 -60 -61 -62 -63
leaf_value=-0.0053706445094707199 -0.0014758797471557446 -0.00075347814758745238 0.00023215870564284068 5.0699008718224781e-05 -0.00022174634585071229 0.00072853412340722376 -0.0012214821686007227 -0.00023254912174009779 -0.00049156885852425891 0.00066745235776339477 -0.00030050188322564768 0.00062893701076622882 -0.0017608313273465609 0.0025895221263952991 0.0014179700872881439 0.0025630517954043316 -0.00042905533155208415 -0.0017288171114358255 0.00011019117399413078 0.0008015620898576914 -0.0009896328065304872 0.00049072609497875883 -9.9723134903103642e-05 0.00031845023993502851 0.0034983721089968259 7.4697617033377253e-05 0.0003045843609676954 0.0023122443121543533 0.00074361447730134772 0.00072644257195671235 -0.00071131277098265063 0.0030501606083586257 -0.0013830251552374528 -0.00010733844161513787 0.0018060315831783501 -0.00052394122252093982 -0.0023303721301229001 -0.0024958698247063687 0.0013557237546552067 -0.00021052866150576325 -0.00046620883218282831 0.00069504965684846396 0.0016358989169731964 -0.00096500957728767693 0.0016809067386770395 0.00082277589660686035 0.00022126477239742698 -1.4917259014408477e-05 0.00011331574586050375 8.4652940688982915e-05 0.0011062289850749286 -0.00012751536657169574 0.0017281590865344751 -0.0015577477040389018 0.0019118484915023751 0.00057290661356017801 0.0050737102273041793 0.00030216870518013457 0.0010469613248444013 0.0010437275806458172 0.0013725758275005408 -0.00015125064557964119
leaf_weight=139 1014 15514 11292 8337 11072 5735 11540 23254 14051 5775 11801 1786 168 257 5452 153 28481 3985 3640 1124 19679 11821 33929 11012 229 20665 21914 1878 10205 8990 29497 134 6867 8597 731 10340 1239 791 6318 38614 24375 6032 2614 3130 1025 11989 19631 23182 1955 26405 858 4717 6586 2010 314 7950 115 12808 11020 10783 11805 674
leaf_count=139 1014 15514 11292 8337 11072 5735 11540 23254 14051 5775 11801 1786 168 257 5452 153 28481 3985 3640 1124 19679 11821 33929 11012 229 20665 21914 1878 10205 8990 29497 134 6867 8597 731 10340 1239 791 6318 38614 24375 6032 2614 3130 1025 11989 19631 23182 1955 26405 858 4717 6586 2010 314 7950 115 12808 11020 10783 11805 674
internal_value=3.28125e-07 -0.000332772 0.000514901 0.000139837 -0.000119102 0.000961209 -0.00089909 -0.000224769 -0.000758734 0.000230861 -9.90447e-05 0.000475158 0.000716274 0.00131594 0.000957912 0.000907938 -0.000405692 -0.00149977 0.000146474 -0.000332172 -0.000898486 0.000520958 -2.19995e-05 4.58101e-05 0.0010764 6.64188e-05 0.000397482 0.00158788 0.000469636 0.00103821 -0.000822689 0.000510132 -0.00133113 -7.45399e-06 0.000795381 -0.000608957 -0.00209121 -0.00292554 0.00105236 -0.000303291 -0.000577936 0.000474942 0.00127277 -0.00118261 0.000937532 0.000657922 0.000121187 -0.000111255 -3.49917e-05 -1.90315e-05 0.000375393 -0.000400071 0.00151493 -0.00185239 0.000820763 0.000376014 0.00364039 0.000161736 0.000937968 0.00109904 0.0013985 -0.000820826
internal_weight=597998 363010 234988 127685 263567 107303 99443 202442 80608 61125 74565 53120 63475 43828 28373 6774 106984 18835 54351 19892 60716 35102 95458 72204 23302 44545 48406 20526 40069 26250 49176 9806 14656 63211 6506 11354 4179 930 23073 67095 39889 9672 4714 10671 20798 23810 28228 34983 2123 60334 11870 18768 18648 3249 2100 29864 268 33473 16755 11808 12062 3804
internal_count=597998 363010 234988 127685 263567 107303 99443 202442 80608 61125 74565 53120 63475 43828 28373 6774 106984 18835 54351 19892 60716 35102 95458 72204 23302 44545 48406 20526 40069 26250 49176 9806 14656 63211 6506 11354 4179 930 23073 67095 39889 9672 4714 10671 20798 23810 28228 34983 2123 60334 11870 18768 18648 3249 2100 29864 268 33473 16755 11808 12062 3804
cat_boundaries=0 1
cat_threshold=16
is_linear=0
shrinkage=0.05


Tree=45
num_leaves=63
num_cat=1
split_feature=8 14 13 14 14 8 14 13 14 13 13 13 13 14 14 13 14 14 14 14 13 14 14 2 13 8 8 13 8 13 2 14 8 8 8 14 8 14 8 13 8 14 13 13 13 13 2 14 14 14 13 14 14 8 8 2 13 14 14 0 14 13
split_gain=48.1091 15.365 8.12027 3.56027 3.43546 2.44496 2.11302 2.06191 1.53637 1.40734 1.29049 0.997717 0.92572 0.877586 0.86495 0.850724 0.873355 0.70104 0.64537 0.595582 0.592714 0.479259 0.466695 0.459537 0.449885 0.435749 0.427329 0.427033 0.41303 0.396051 0.394859 0.368579 0.357323 0.346224 0.331262 0.320164 0.305277 0.300699 0.299476 0.296524 0.288481 0.288298 0.382992 0.283666 0.282308 0.274478 0.271126 0.262293 0.257132 0.254293 0.253836 0.253427 0.253247 0.252369 0.246742 0.226208 0.222559 0.366893 0.214101 0.210317 0.20342 0.20153
threshold=1.6005000000000003 -0.080988863931896846 1.6907371699262386 -0.0063369746556529707 0.012456750038657429 1.3295000000000001 0.12576263955926395 1.6049724144486879 -0.02465373687487182 1.5687603135334347 1.5942176516137458 1.5733002212122036 1.5687603135334347 0.090295817555280281 0.045605329836928117 1.5202232939343461 0.077536843043799722 0.06752277275414699 -0.047704182444719738 -0.13967041977196723 1.5202232939343461 0.053499587097057717 0.025119389748145985 19.500000000000004 1.6704107100160936 1.7595000000000003 1.2195000000000003 1.5202232939343461 1.7045000000000001 1.6805745427964192 19.500000000000004 -0.15599773044947726 1.4285000000000003 1.7455000000000003 1.7045000000000001 -0.19648230170487532 1.8255000000000001 0.056795102265431392 1.5855000000000004 1.5524390734056372 1.5155000000000001 -0.19648230170487532 1.7233856722950194 1.5620247581554929 1.6049724144486879 1.5166211159358285 22.500000000000004 -0.03903900006979321 -0.150014138882367 0.23413795335978729 1.5733002212122036 0.10008565673862514 0.23413795335978729 1.7995000000000003 1.5255000000000003 18.500000000000004 1.5464096853850375 -0.38737377499806386 0.14267588676465329 0 0.011986274880676941 1.558709477621917
decision_type=10 2 2 2 2 10 2 2 2 2 2 2 2 2 2 2 2 2 2 2 2 2 2 2 2 10 10 2 10 2 2 2 10 10 10 2 10 2 10 2 10 2 2 2 2 2 2 2 2 2 2 2 2 10 10 2 2 2 2 1 2 2
left_child=1 5 6 9 18 26 8 15 31 20 21 36 19 23 60 17 22 46 35 32 54 39 43 28 -11 -15 56 -21 -6 51 -20 -2 -7 -32 -13 -4 45 -30 -26 -10 -29 -14 -43 -17 -33 -8 -5 -22 -28 55 -24 -9 -36 -25 -3 -27 57 -1 -18 -16 -12 -23
right_child=2 3 4 7 13 12 11 29 10 24 14 34 41 25 59 16 58 -19 30 27 47 61 50 53 38 49 48 40 37 -31 33 44 -34 -35 52 -37 -38 -39 -40 -41 -42 42 -44 -45 -46 -47 -48 -49 -50 -51 -52 -53 -54 -55 -56 -57 -58 -59 -60 -61 -62 -63
leaf_value=-0.0050772747083101429 -0.0031139289756538348 -0.00063857769664033503 -0.0016434194030040452 -0.00036306913204913068 0.0020030400727956226 -0.0011756409250659496 0.00016464221397054408 0.0013893469075950439 -0.00047673078132223204 -0.00010554197878272379 0.00012768615333867139 0.0030533759123605349 -0.00088339393480948373 0.0035492268353197222 0.0011021449322287625 -0.00015674306849097508 0.0010727133224578303 9.2322335873725277e-05 0.00063224893000218938 -0.0010491580767841315 -0.00048691517258126111 0.00019027658965869057 9.2343198052698041e-05 0.0020356458111287575 0.0024886087185362928 0.0013811118296960777 -0.0015171231786416141 -0.00069800781560220649 0.00087081453032976223 0.0045662327806969159 0.0019348672625077769 -0.0012654218134494784 -0.0024618197146770177 0.00091913406886290545 0.001237017637617356 0.0003221906941196426 0.0019400953310294009 0.0011858630568302836 0.00047736128311477109 5.6786753168504596e-05 -0.0020429068950959194 -0.00044486613691783675 0.00063690809091191758 9.3986308665485537e-05 -0.00027678497671494457 0.0007534392677604005 -0.00011302965819191187 -0.00028684865155245227 -0.00027709269624544064 0.0036601796727375804 0.00061626293752740458 0.0039598528331575488 0.0022700303316054017 0.001337985024458142 -0.0017555132263875148 0.0018698120599160853 -0.0018302972709124425 -0.0023617074700388774 0.0033953773373494225 0.00068032510101928795 0.00043000316446722753 0.00040773536340793764
leaf_weight=144 128 29109 211 34648 1108 12207 2602 1229 3238 21850 8905 346 3407 296 3550 40763 1364 16305 15159 15631 33140 30966 56777 1604 208 6054 7716 25751 15970 122 1098 829 565 3556 3060 11400 451 14406 1680 13309 405 10013 891 15597 5599 8271 15779 32398 442 148 2410 104 736 6756 503 3889 1945 913 107 19787 14832 16243
leaf_count=144 128 29109 211 34648 1108 12207 2602 1229 3238 21850 8905 346 3407 296 3550 40763 1364 16305 15159 15631 33140 30966 56777 1604 208 6054 7716 25751 15970 122 1098 829 565 3556 3060 11400 451 14406 1680 13309 405 10013 891 15597 5599 8271 15779 32398 442 148 2410 104 736 6756 503 3889 1945 913 107 19787 14832 16243
internal_value=2.90321e-07 -0.000334667 0.000600107 -0.00017244 0.000992506 -0.00095109 0.000358927 -3.5367e-05 0.000286547 -0.000385973 0.000330542 0.000908287 -0.000839841 0.00124902 0.000529101 -5.02126e-05 3.10314e-05 -0.000192678 0.000582466 -0.000933726 -0.000471898 0.000183937 1.56192e-05 0.00114232 -4.15576e-05 0.00165834 -0.00163762 -0.000842395 0.00105482 0.00183946 0.000755927 -0.00045719 -0.00123254 0.00115877 0.0015723 0.000286471 0.000665408 0.00102023 0.000698939 -4.76146e-05 -0.000718832 -0.000481915 -0.000356471 -8.73565e-05 -0.000404287 0.000612535 -0.00028483 -0.000388014 -0.00144994 0.00160288 0.000113676 0.0015899 0.00143731 0.00147184 -0.00065755 0.00157226 -0.00214767 -0.00273166 0.00124166 0.000745256 0.000316588 0.000265097
internal_weight=598630 384123 214507 304093 81655 80030 132852 185205 117386 118888 110830 15466 68870 50231 47074 183750 117018 66732 31424 54559 95150 63756 115547 39844 23738 10387 11160 41787 31484 1455 19813 6556 12772 4654 4142 11611 11324 30376 1888 16547 26156 14311 10904 56360 6428 10873 50427 65538 8158 10091 59187 1333 3796 8360 29612 9943 3002 1057 1471 23337 23737 47209
internal_count=598630 384123 214507 304093 81655 80030 132852 185205 117386 118888 110830 15466 68870 50231 47074 183750 117018 66732 31424 54559 95150 63756 115547 39844 23738 10387 11160 41787 31484 1455 19813 6556 12772 4654 4142 11611 11324 30376 1888 16547 26156 14311 10904 56360 6428 10873 50427 65538 8158 10091 59187 1333 3796 8360 29612 9943 3002 1057 1471 23337 23737 47209
cat_boundaries=0 1
cat_threshold=4
is_linear=0
shrinkage=0.05


Tree=46
num_leaves=63
num_cat=13
split_feature=8 8 13 8 8 8 8 8 13 12 8 8 15 13 8 13 13 2 8 13 7 13 8 2 10 11 13 7 2 7 15 13 0 2 15 0 15 2 2 8 15 2 15 10 0 2 13 0 2 13 10 8 15 3 10 4 13 0 10 7 12 13
split_gain=43.4189 12.8495 7.32838 2.56643 2.34631 1.5552 1.05475 0.508308 0.487723 0.484303 0.445489 0.407972 0.333715 0.322418 0.287086 0.272303 0.271122 0.229598 0.216082 0.204466 0.264125 0.195973 0.195146 0.193432 0.233135 0.164266 0.159339 0.15239 0.143407 0.139214 0.135556 0.130911 0.129556 0.12764 0.125894 0.123593 0.210917 0.115854 0.107206 0.102958 0.121231 0.144783 0.0964106 0.0941827 0.0925687 0.131924 0.0910681 0.0856402 0.0990168 0.0839713 0.0830689 0.117627 0.0819581 0.0813165 0.0786914 0.0785101 0.0754468 0.0733648 0.0709598 0.06932 0.0681051 0.0680141
threshold=1.6005000000000003 1.4595000000000002 1.6907371699262386 1.5325000000000002 1.3295000000000001 1.7385000000000004 1.6495000000000002 1.4085000000000003 1.5687603135334347 1.6383500000000002 1.9820000000000002 1.2195000000000003 0 1.5942176516137458 1.5705000000000002 1.6547048977345689 1.5459094809999721 19.500000000000004 1.5035000000000001 1.5169350679153755 9.5000000000000018 1.5687603135334347 1.8895000000000002 3.5000000000000004 1.0215000000000003 1.6247857142857145 1.637672227396908 23.500000000000004 20.500000000000004 52.500000000000007 1 1.5318691884456672 2 19.500000000000004 3 4 5 9.5000000000000018 1.5000000000000002 1.8955000000000002 6 19.500000000000004 7 1.3895000000000002 8 9.5000000000000018 1.5084090432148856 9 11.500000000000002 1.5084090432148856 1.0215000000000003 1.1595000000000002 10 9.5000000000000018 1.6995000000000002 11 1.637672227396908 12 1.6655000000000002 6.5000000000000009 1.5576833333333335 1.5112574375265824
decision_type=10 10 2 10 8 10 10 8 2 10 10 10 9 2 10 2 2 2 10 2 2 2 10 2 8 10 2 2 2 2 9 2 1 2 9 1 9 2 2 10 9 2 9 10 1 2 2 1 2 2 8 10 9 2 8 1 2 1 8 2 10 2
left_child=1 4 6 13 11 17 21 19 14 39 12 23 -8 18 29 30 38 25 37 -6 -21 49 33 24 -1 -4 43 -18 -19 31 -14 -5 -15 -11 -23 36 -17 53 -9 40 41 -7 -28 -10 45 -13 -20 48 -33 -2 51 -25 -27 -3 -16 -54 -36 -51 -48 -45 -32 -62
right_child=2 3 5 8 7 9 10 16 26 22 -12 44 15 32 54 35 27 28 46 20 -22 34 -24 50 -26 52 42 -29 -30 -31 60 47 -34 -35 56 -37 -38 -39 -40 -41 -42 -43 -44 59 -46 -47 58 -49 -50 57 -52 -53 55 -55 -56 -57 -58 -59 -60 -61 61 -63
leaf_value=-0.0047612633429126435 -0.00013370387425523403 -0.00088403465079476293 0.00038585198926514337 -0.00027975522895415112 -0.0010859477385877447 0.00099906571903192356 -0.00031489731764333044 -0.0012828676248799707 -0.00012090828087279716 0.0011580040738182402 0.0034688365186215375 -0.00054829316845018006 0.00094943363909878557 0.0003492875219098723 1.1225715085640565e-05 0.0011748486032302898 -0.00016258183278409146 0.0013302714428310022 -0.00044404080450150267 -0.00035327755619626199 -0.000894452311157847 -0.00037506339622480744 0.0019253777817310953 -0.0030018774033168877 -0.0023265262576540832 0.00077927965728233361 0.0007690837656524742 -0.00055841181249579165 0.00057428410053320274 -2.8529446488223717e-05 0.00025677694693203345 6.5603476537361426e-05 -0.00020888693221834443 0.0014461200781865941 0.0002934071582375951 0.00055915134290941866 0.00059634480882603854 -0.00048838205512864513 -0.00072175733168845574 0.0016850396980447162 0.00084926364622619523 0.0013259988147470321 0.00023832401915421434 0.00023435156535846766 -0.0014609146445083271 -0.0013380557666888184 -0.00020851592701713617 -0.00021943770296650535 -0.00014202845366038353 2.990838258334494e-06 -0.0015725228359118482 -0.0012078320112777876 0.00066525822142749044 -0.00030286128906316183 -0.00010829522781091131 0.00036220966172731292 0.00051959493606206322 0.00018738829594696531 -0.00036289683480397869 4.0449769166814271e-05 -2.3126482121757876e-05 0.00044808087431210043
leaf_weight=110 2603 628 6380 24418 11308 19301 1288 877 6149 9257 125 805 1207 2047 52806 2663 3060 1898 8383 2647 15210 633 1255 263 926 10088 966 11839 937 17484 6088 8157 2093 6574 19450 13040 4079 42299 29000 541 11135 4107 7371 6705 5939 1541 22406 18616 19394 6384 1544 140 7130 14469 18630 3052 4549 35100 11146 14747 783 34860
leaf_count=110 2603 628 6380 24418 11308 19301 1288 877 6149 9257 125 805 1207 2047 52806 2663 3060 1898 8383 2647 15210 633 1255 263 926 10088 966 11839 937 17484 6088 8157 2093 6574 19450 13040 4079 42299 29000 541 11135 4107 7371 6705 5939 1541 22406 18616 19394 6384 1544 140 7130 14469 18630 3052 4549 35100 11146 14747 783 34860
internal_value=2.77294e-07 -0.000317934 0.000570106 -0.000163534 -0.000859571 0.00094288 0.000340987 -0.000757147 -5.69331e-05 0.00110693 0.000486822 -0.00153168 0.000480998 -0.000364889 -9.44249e-05 0.000497313 -0.000651344 0.000652624 -0.000382908 -0.000919583 -0.000814232 0.000204886 0.00132522 -0.00203308 -0.00258504 0.000607117 0.000109468 -0.000477115 0.00108041 -0.000154839 0.000426678 -0.000186126 6.74385e-05 0.00127765 0.000317848 0.000650882 0.000826248 -0.000445943 -0.000738228 0.00100061 0.000989893 0.00105598 0.000301031 5.16059e-05 -0.00135115 -0.00106253 -0.000296632 -0.000136604 -8.05258e-05 0.000141772 -0.00173938 -0.00237864 0.00067676 -0.000327037 -1.99445e-05 0.000573857 0.000336141 0.000159057 -0.000259801 0.000101055 0.000411232 0.000437729
internal_weight=598630 384123 214507 298914 85209 81655 132852 73941 195443 52170 64133 11268 64008 103471 159505 62720 44776 29485 99331 29165 17857 68719 17086 2983 1036 26650 35938 14899 2835 88069 42938 70585 4140 15831 24632 19782 6742 57396 29877 35084 34543 23408 8337 27601 8285 2346 41935 46167 27551 44087 1947 403 20270 15097 71436 10182 23999 41484 33552 21452 41731 35643
internal_count=598630 384123 214507 298914 85209 81655 132852 73941 195443 52170 64133 11268 64008 103471 159505 62720 44776 29485 99331 29165 17857 68719 17086 2983 1036 26650 35938 14899 2835 88069 42938 70585 4140 15831 24632 19782 6742 57396 29877 35084 34543 23408 8337 27601 8285 2346 41935 46167 27551 44087 1947 403 20270 15097 71436 10182 23999 41484 33552 21452 41731 35643
cat_boundaries=0 71 146 147 220 221 286 360 429 430 431 496 497 498
cat_threshold=0 2147483648 524288 16 0 536870912 0 262144 256 0 129 0 0 0 0 0 0 0 0 0 0 4 0 64 0 0 0 0 0 0 0 0 0 0 0 0 2147484672 0 0 16384 0 0 16384 2147483648 0 0 131072 32768 0 0 134217728 0 0 0 0 0 2147483648 0 0 0 0 262144 4096 0 2048 0 0 0 4194304 1073741826 16384 262144 0 0 0 0 8388608 35651584 0 131072 32 0 0 0 0 0 0 0 536870912 0 0 0 67108864 64 2097152 536870912 0 0 0 0 0 0 0 0 16 0 0 0 0 0 0 272760836 0 4194304 16777216 0 0 0 0 0 0 0 4 0 0 0 1028 33554432 71303168 0 0 0 0 268435456 134217728 0 0 1048576 4 0 0 0 0 67108864 0 1048576 17 0 524288 655360 0 0 0 0 0 0 0 0 0 0 0 0 16384 0 0 0 0 0 0 0 0 0 0 0 0 0 0 0 0 64 0 0 0 2147483648 0 8 0 0 0 0 8388608 4194304 0 16 0 0 0 0 0 0 0 0 0 2147483648 0 0 1048576 0 67371008 4096 0 0 0 0 0 0 0 0 0 2097152 4 0 4194304 0 0 0 0 0 0 0 0 0 65536 0 0 0 0 0 0 0 0 0 0 0 0 0 0 0 0 0 0 0 0 0 0 0 0 0 0 0 0 0 0 0 0 0 0 0 0 0 0 0 0 0 0 0 0 0 0 0 524288 0 32768 0 0 524288 0 0 0 0 0 0 32768 268435456 0 0 16 65536 0 0 8 0 4096 0 0 0 0 0 0 0 0 0 0 0 0 0 0 67108864 1 0 0 0 2048 0 536870912 0 0 0 0 0 0 0 0 0 0 0 0 0 0 256 0 0 0 0 0 524288 0 32768 4096 1024 524288 0 1048576 0 16384 0 0 0 0 4 0 4194304 131072 0 0 0 0 268435456 0 512 20 0 0 0 8 0 0 0 0 0 0 0 0 0 0 0 0 0 0 0 0 0 0 128 0 0 0 0 0 0 8388608 0 0 0 0 256 0 0 0 0 0 0 0 0 0 0 0 0 131072 0 0 32768 0 1024 524288 0 0 0 16384 6 71 0 524288 0 0 0 0 0 0 256 0 16 65536 0 0 8 0 0 0 0 0 0 0 0 0 0 0 0 0 0 0 0 67108864 0 128 0 0 0 0 536870912 0 0 0 0 0 0 0 0 0 0 0 0 0 0 256 0 0 2147483648 0 0 0 0 294912 4096 1024 524288 1 16
is_linear=0
shrinkage=0.05


Tree=47
num_leaves=63
num_cat=3
split_feature=8 14 8 14 14 7 14 14 7 3 8 8 14 7 2 7 8 12 14 8 7 8 8 2 8 7 7 14 3 7 8 2 0 14 8 7 2 14 0 14 14 7 10 7 14 2 14 14 14 2 7 14 2 14 2 0 7 14 7 12 14 2
split_gain=39.1865 12.8927 5.96287 3.1303 2.54849 1.80949 1.7085 1.17072 1.09794 0.868012 0.840081 0.828043 0.678215 0.631064 0.60082 0.569309 0.491328 0.481255 0.469507 0.44675 0.430552 0.359436 0.309706 0.298848 0.294537 0.289553 0.280396 0.375494 0.375576 0.279859 0.353765 0.272946 0.303749 0.269943 0.26297 0.261097 0.452833 0.303245 0.272715 0.255566 0.251368 0.311569 0.2489 0.246374 0.231578 0.219135 0.219129 0.188839 0.182165 0.24704 0.178938 0.41555 0.296706 0.31114 0.422976 0.305845 0.178529 0.177073 0.244713 0.205818 0.174338 0.321193
threshold=1.6005000000000003 -0.049988863931896936 1.6945000000000003 -0.14484284706093839 0.051827772603092244 20.500000000000004 0.028168497135869778 0.16225525264032251 39.500000000000007 15.500000000000002 1.7855000000000001 1.3195000000000003 0.19915643966100907 1.5000000000000002 17.500000000000004 1.5000000000000002 1.6325000000000001 1.4740166666666672 -0.028211632854578724 1.9980000000000004 22.500000000000004 1.5275000000000001 1.7295000000000003 17.500000000000004 1.4895000000000003 22.500000000000004 1.5000000000000002 0.082218138307078151 15.500000000000002 23.500000000000004 1.4255000000000002 5.5000000000000009 0 -0.15599773044947726 1.1595000000000002 22.500000000000004 13.500000000000002 0.1150388479627701 1 -0.089573378119072275 -0.06555676772995099 20.500000000000004 1.0215000000000003 23.500000000000004 0.19915643966100907 9.5000000000000018 -0.017269253155800964 -0.019638412842622018 0.0069609999302068246 13.500000000000002 23.500000000000004 0.064394664216348443 15.500000000000002 0.030053586750684706 9.5000000000000018 2 3.5000000000000004 -0.062753853127978196 20.500000000000004 1.5596166666666671 0.1150388479627701 21.500000000000004
decision_type=10 2 10 2 2 2 2 2 2 2 10 10 2 2 2 2 10 10 2 10 2 10 10 2 8 2 2 2 2 2 10 2 1 2 10 2 2 2 1 2 2 2 10 2 2 2 2 2 2 2 2 2 2 2 2 1 2 2 2 10 2 2
left_child=1 3 12 11 5 14 8 17 15 13 35 34 16 -5 48 -3 57 56 33 23 45 -22 -20 -12 39 31 -19 28 -28 -13 -31 -17 -33 -16 42 36 44 -37 -38 -11 41 -18 -1 -7 -6 -15 -10 -34 -4 -50 52 -52 53 -42 -55 -54 -8 58 -2 -59 61 -25
right_child=2 6 4 9 10 43 7 -9 46 24 19 29 -14 20 18 25 40 26 22 -21 21 -23 -24 60 -26 -27 27 -29 -30 30 -32 32 47 -35 -36 37 38 -39 -40 -41 50 -43 -44 -45 -46 -47 -48 -49 49 -51 51 -53 55 54 -56 -57 -58 59 -60 -61 -62 -63
leaf_value=-0.003306231416016347 -0.00012763375681632677 -0.00079326672646270145 0.00023760489736784159 -0.0010521964773491745 0.00075139963013444021 -0.00010672991585880266 0.00038012319739742334 0.0043305200148461157 -0.00046902491862704332 -0.00087784467262718303 0.0010193100017384744 -0.00074750898721994514 0.0043378227424256286 -0.00034781027256757966 -0.0010825624676093295 -0.00011049795934026021 0.00010274583637845787 -0.0002412442139905195 0.0017453140922107811 0.0038457779448045175 -0.00047145399903168891 -0.0012935924798443492 0.0009461411872222227 0.0013387178693557444 -0.001732455660438826 -0.00011517930950932594 0.00015975712723423534 0.00046858706210744724 -5.1028387998504067e-05 -0.0010865889972465602 -0.0024536481986825284 0.0011833375855664029 -1.30914372267078e-05 0.00054965562353974492 -0.0014760216419564237 -0.00084675050202350074 0.0031033491729417955 0.00064817309102471797 0.0012080066898762616 -0.00061855024806522867 0.00023901102725232341 -0.0016711087735455492 -0.0017127849885486509 -0.0015738865693700234 0.0028398223907196785 5.0115625563116977e-05 -0.00028555592026625778 0.00038549680646731555 0.00037628726757142367 0.00075480097953103747 -0.00045942239331147277 0.00035741656059155424 0.00065876323170337614 0.00046086862297288863 0.0012385101881884639 0.0017494243549493452 0.0013782877680959757 0.00042733108572397461 -0.0022432339283612189 0.00014406720307137582 0.0016580791363539982 0.00039951522883016676
leaf_weight=396 2143 2719 5128 4190 14112 7191 928 160 24428 18952 11111 7160 103 8137 267 9134 3104 8376 1330 163 37733 1378 13698 12155 775 59109 35986 5322 51200 11260 494 803 6017 4941 8246 360 195 5880 6497 19060 13673 269 643 298 134 6019 48761 5871 8133 9172 1701 18393 5072 12031 2046 740 866 7565 146 42100 3672 984
leaf_count=396 2143 2719 5128 4190 14112 7191 928 160 24428 18952 11111 7160 103 8137 267 9134 3104 8376 1330 163 37733 1378 13698 12155 775 59109 35986 5322 51200 11260 494 803 6017 4941 8246 360 195 5880 6497 19060 13673 269 643 298 134 6019 48761 5871 8133 9172 1701 18393 5072 12031 2046 740 866 7565 146 42100 3672 984
internal_value=2.66667e-07 -0.000302038 0.000541611 -0.000720486 0.000809774 0.000551729 -0.000101511 5.68735e-05 -0.00020536 -0.000584746 0.00104398 -0.00118377 0.000282458 -0.000461373 0.000677544 -8.16203e-05 0.000278625 5.0214e-05 0.00087509 0.00123575 -0.000414899 -0.00050042 0.00101687 0.00122052 -0.000767503 -5.77123e-05 3.5779e-05 6.08616e-05 3.59733e-05 -0.000993934 -0.00114404 9.79265e-05 0.000247934 0.000465976 -0.00157048 0.000845809 0.000930412 0.000561927 0.00126968 -0.000747829 0.000379956 -3.87208e-05 -0.0023201 -0.000165111 0.000771044 -0.000178616 -0.000346792 0.000183601 0.000499345 0.000576907 0.000406275 0.000288269 0.000476926 0.00040889 0.000573894 0.000801773 0.000861957 0.000167397 -0.000262574 0.000187214 0.0013535 0.00126838
internal_weight=598630 384123 214507 124443 105421 50158 259680 102838 156842 96244 55263 28199 109086 57457 42669 83653 108983 102678 20236 28085 53267 39111 15028 27922 38787 80934 100884 92508 87186 18914 11754 21825 12691 5208 9285 27178 20938 6240 6692 38012 57029 3373 1039 7489 14246 14156 73189 11888 22433 17305 53656 20094 33562 27750 14077 5812 1794 51954 2289 49665 16811 13139
internal_count=598630 384123 214507 124443 105421 50158 259680 102838 156842 96244 55263 28199 109086 57457 42669 83653 108983 102678 20236 28085 53267 39111 15028 27922 38787 80934 100884 92508 87186 18914 11754 21825 12691 5208 9285 27178 20938 6240 6692 38012 57029 3373 1039 7489 14246 14156 73189 11888 22433 17305 53656 20094 33562 27750 14077 5812 1794 51954 2289 49665 16811 13139
cat_boundaries=0 1 2 3
cat_threshold=14 28 67
is_linear=0
shrinkage=0.05


Tree=48
num_leaves=63
num_cat=0
split_feature=8 14 13 14 14 14 14 13 14 13 13 13 13 14 8 13 14 13 14 14 14 8 13 13 8 2 13 8 14 2 13 2 13 14 14 14 14 8 14 14 8 8 13 8 8 2 10 14 8 8 14 13 8 8 14 8 8 8 8 8 13 8
split_gain=35.3671 11.6412 6.05813 2.67591 2.31026 2.05339 1.76118 1.55073 1.21845 1.18111 1.04934 0.961735 0.932017 0.802684 0.653568 0.635726 0.745314 0.607717 0.600404 0.588223 0.444025 0.4173 0.408526 0.392239 0.383111 0.37423 0.36304 0.395942 0.359973 0.341875 0.338465 0.335755 0.333924 0.327335 0.322247 0.319226 0.295278 0.290082 0.270375 0.249459 0.233419 0.23282 0.229854 0.226663 0.225851 0.225059 0.223893 0.214132 0.213358 0.210818 0.235637 0.393729 0.216658 0.209192 0.20328 0.194944 0.194392 0.188459 0.187431 0.184545 0.18189 0.288917
threshold=1.6005000000000003 -0.071368378156687381 1.6907371699262386 0.0029609999302068206 0.0039318884002210739 -0.15599773044947726 0.10538427610798919 1.6049724144486879 -0.02465373687487182 1.5547134964177483 1.5818107396984753 1.5942176516137458 1.5547134964177483 0.072498923975334542 1.3195000000000003 1.5318691884456672 0.065214626695512604 1.6704107100160936 0.06752277275414699 0.040329230427327285 -0.076734461241158555 1.7395000000000003 1.7233856722950194 1.5084090432148856 1.6785000000000003 19.500000000000004 1.5687603135334347 1.4055000000000002 0.038675886764653174 19.500000000000004 1.5006467550418605 22.500000000000004 1.5084090432148856 0.23413795335978729 -0.13967041977196723 0.062416233772568337 0.14267588676465329 1.5435000000000001 0.19915643966100907 0.034447458763057 1.9185000000000001 1.4845000000000004 1.6049724144486879 1.7885000000000002 1.1595000000000002 17.500000000000004 1.0215000000000003 -0.21883843750534868 1.8055000000000001 1.4845000000000004 -0.03903900006979321 1.637672227396908 1.5175000000000003 1.7155000000000002 -0.03110681984255825 1.5155000000000001 1.3995000000000002 1.5555000000000001 1.5705000000000002 1.5815000000000003 1.5524390734056372 1.6555000000000002
decision_type=10 2 2 2 2 2 2 2 2 2 2 2 2 2 10 2 2 2 2 2 2 10 2 2 10 2 2 10 2 2 2 2 2 2 2 2 2 10 2 2 10 8 2 10 10 2 10 2 10 10 2 2 10 10 2 10 10 10 10 10 2 10
left_child=1 5 6 20 9 14 8 15 34 23 30 28 32 24 44 18 37 49 31 -13 47 -15 56 55 -5 -22 27 -16 -10 -26 -8 -6 -7 -12 -2 -9 45 -17 -32 -39 -40 -34 -36 -31 46 -23 -1 -4 -47 -11 -51 52 -52 -27 -25 -3 -14 -56 -41 -19 61 -30
right_child=2 4 3 13 7 12 10 35 11 17 33 19 22 21 26 16 -18 59 -20 -21 25 36 -24 54 29 53 -28 -29 60 43 38 -33 41 -35 42 -37 -38 39 40 58 -42 -43 -44 -45 -46 48 -48 -49 -50 50 51 -53 -54 -55 57 -57 -58 -59 -60 -61 -62 -63
leaf_value=-0.0031431902516673364 -0.0022376553930295823 -0.00060020781507610227 -0.0017296245120256761 0.0028535606707685551 -0.0002977158131185961 -0.0010140497141100555 -0.00010253698019935813 0.0013918459410865508 -0.00023245109764206311 0.00056237909715488484 0.0011310616896118683 0.00024067233357529666 0.00080575006285073757 0.0030305319204179302 -0.0011004744224800661 0.00062406367376612395 0.0011232678341548741 0.0025625925288050473 0.00012107855400603344 0.00060225080155790645 0.00043845964036942338 0.0010548113021717569 0.0010988080595343646 -0.00044368992913239444 0.00081944383021479111 0.0021018088455402751 -0.00067541327023456772 -0.0026481726244220152 9.2496031888359768e-05 0.0019042447416007101 0.00050327780584940901 -6.3097711372356416e-05 -0.0006638357483395341 0.0022902446656030309 -0.0011556404550693269 0.0034367837742187422 0.002027482059118472 -2.5107285280739572e-05 0.00098554916312378537 0.00070006883467459537 0.0034253904116746873 -0.0012731579108341219 -0.00025822927104566905 0.0010933457209262691 -0.0014171460458870821 0.0029537941699158657 -0.0016271457695581446 6.0392809507385671e-05 0.0013731844056166594 -0.00028777661145805021 0.00079642616706823526 0.0012811823441091069 -9.2153767968247097e-05 0.00084463299587427649 -0.00024310025137201045 -0.001546260830905203 -0.00041046875739799706 -0.00068992027224361796 0.00013208607009289097 0.00077420897089622959 0.00025346273124570844 -0.0009507099034225489
leaf_weight=392 241 13739 174 253 34417 9978 2054 917 6379 1131 5133 21294 334 349 7915 2210 1682 167 20057 23842 18489 8833 471 31851 27410 359 6165 436 21347 996 15613 27380 37038 691 820 241 1252 48400 2031 1540 103 1637 5495 6394 8133 219 643 4197 8503 15035 705 552 25447 4227 35685 567 20114 2527 25558 1059 27124 685
leaf_count=392 241 13739 174 253 34417 9978 2054 917 6379 1131 5133 21294 334 349 7915 2210 1682 167 20057 23842 18489 8833 471 31851 27410 359 6165 436 21347 996 15613 27380 37038 691 820 241 1252 48400 2031 1540 103 1637 5495 6394 8133 219 643 4197 8503 15035 705 552 25447 4227 35685 567 20114 2527 25558 1059 27124 685
internal_value=2.59934e-07 -0.000286935 0.000514546 0.000853477 -0.000131078 -0.000773053 0.000306229 -5.74965e-06 0.000217233 -0.000289515 0.000678628 0.000260245 -0.000636161 0.00105714 -0.00117517 -1.88431e-05 8.19661e-05 -7.98071e-05 -0.000116618 0.000431667 0.000451214 0.00131741 -0.000357068 -0.000399121 0.000914911 0.000538743 -0.000966436 -0.00118128 0.000120922 0.000900817 0.000505102 -0.000193765 -0.000756161 0.0012686 -0.000443238 0.00181743 0.00128562 5.9427e-05 0.000575429 4.28987e-05 0.00110331 -0.000689627 -0.000374758 0.00120264 -0.00150568 0.00123271 -0.00220134 -1.08639e-05 0.00141287 -0.000111197 -0.000129449 -4.03065e-05 -6.81996e-05 0.000943047 -0.000350405 -0.000637703 -0.000390603 -0.000272649 0.000164365 0.00101781 0.000166779 6.00616e-05
internal_weight=598630 384123 214507 81655 290867 93256 132852 162402 107227 128465 25625 100671 69572 54209 23684 161244 79390 44096 81854 45136 27446 19156 20919 84369 35053 23075 14516 8351 55535 34800 19801 61797 48653 5824 6556 1158 18807 77708 17747 75498 2134 38675 6315 7390 9168 17555 1035 4371 8722 42870 41739 26704 26152 4586 70063 14306 20448 38212 27098 1226 49156 22032
internal_count=598630 384123 214507 81655 290867 93256 132852 162402 107227 128465 25625 100671 69572 54209 23684 161244 79390 44096 81854 45136 27446 19156 20919 84369 35053 23075 14516 8351 55535 34800 19801 61797 48653 5824 6556 1158 18807 77708 17747 75498 2134 38675 6315 7390 9168 17555 1035 4371 8722 42870 41739 26704 26152 4586 70063 14306 20448 38212 27098 1226 49156 22032
is_linear=0
shrinkage=0.05


Tree=49
num_leaves=63
num_cat=1
split_feature=8 14 13 14 14 13 14 14 14 14 13 13 2 13 14 14 14 13 13 8 13 8 13 13 14 2 13 8 2 14 8 14 14 14 13 8 8 13 8 2 8 14 0 8 13 13 13 14 14 13 14 14 13 8 14 8 14 8 14 8 14 8
split_gain=31.9188 10.5536 5.50684 2.98516 2.54486 1.62085 1.55521 1.54282 1.0437 1.01124 1.0102 0.883223 0.711289 0.683555 0.728988 0.648713 0.604782 0.543792 0.508034 0.497807 0.471338 0.45465 0.425307 0.414661 0.406221 0.393261 0.3654 0.344957 0.33545 0.336713 0.332858 0.316355 0.313959 0.302497 0.290311 0.28875 0.282466 0.273837 0.266643 0.257734 0.254694 0.253471 0.23608 0.221596 0.21926 0.213433 0.204709 0.258552 0.203106 0.194804 0.255717 0.19288 0.189343 0.385285 0.183377 0.176386 0.173691 0.170562 0.168466 0.167106 0.164635 0.161355
threshold=1.6005000000000003 -0.08297083321245767 1.6547048977345689 0.056795102265431392 -0.0073137569825507667 1.6235503479834801 -0.21883843750534868 0.1184814679925852 -0.017679057904565695 0.011216323069124569 1.5687603135334347 1.5524390734056372 15.500000000000002 1.548003773495507 0.051012805713078209 0.040329230427327285 0.12198627488067694 1.5818107396984753 1.5459094809999721 1.7095000000000002 1.5776445871710891 1.7595000000000003 1.5144917558127595 1.6907371699262386 -0.13465373687487178 16.500000000000004 1.7233856722950194 1.6885000000000001 15.500000000000002 -0.16293947650256976 1.5395000000000001 -0.15599773044947726 0.055231168460411768 -0.38737377499806386 1.5084090432148856 1.7695000000000001 1.7045000000000001 1.6049724144486879 1.6445000000000001 11.500000000000002 1.9185000000000001 0.11223586075350268 0 1.3355000000000004 1.5166211159358285 1.5084090432148856 1.7536580398458059 -0.43157113762399762 0.04178836714542123 1.5084090432148856 0.082795102265431422 -0.057501076024665469 1.637672227396908 1.5645000000000002 -0.12375385312797836 1.4155000000000002 0.019549421046186625 1.4685000000000004 0.23413795335978729 1.4285000000000003 -0.044880610251853963 1.5695000000000003
decision_type=10 2 2 2 2 2 2 2 2 2 2 2 2 2 2 2 2 2 2 10 2 10 2 2 2 2 2 10 2 2 10 2 2 2 2 10 10 2 10 2 10 2 1 10 2 2 2 2 2 2 2 2 2 10 2 8 2 10 2 10 2 10
left_child=1 6 7 8 10 13 18 9 28 31 22 24 38 15 30 45 25 34 33 -14 27 -18 -3 52 55 36 43 32 -4 -30 -15 -2 -11 -1 -9 -27 -5 -33 -10 -7 -36 -16 -21 -13 -26 -6 47 -20 -22 -17 -51 -24 -12 -54 -45 -8 -32 -46 -19 -56 -55 -58
right_child=2 4 3 16 5 39 11 17 12 20 23 26 19 14 41 49 21 58 46 42 48 -23 51 -25 44 35 -28 -29 29 -31 56 37 -34 -35 40 -37 -38 -39 -40 -41 -42 -43 -44 54 57 -47 -48 -49 -50 50 -52 -53 53 60 59 -57 61 -59 -60 -61 -62 -63
leaf_value=-0.004365322930647785 -0.0027969223161147336 -0.00061380178758854297 5.6283965654563978e-05 0.0017991681641004341 -0.00038939433516968312 0.0017564125588873083 -0.0010188245079452878 3.700274739415596e-05 0.0015860976858458619 -7.3397104941655018e-05 -0.00012094751781366485 0.00126521405077733 0.0020174194061991129 0.00053487264604956696 0.00067170302132958421 -0.00012356399626905378 0.0036855912186562799 0.0010919255996641667 -0.0019119081559362411 0.0011701734528063439 0.00020678098702108536 0.0015604188595982594 -0.00045939619071176224 0.0021360920661354448 -0.00091521337316963095 0.0028502830921675699 0.00050432847705982346 -0.0010128820869272658 -0.0011235723056467321 0.00048158127628728588 -6.3618455979597152e-05 -0.00083225900533527315 0.00021184175972590574 -0.0019525308388839081 0.00061822396712261311 0.0012085623476722476 0.00084591727777294848 -0.00015783613072832049 0.00047498440596445218 0.0042121986858546737 0.003103354070425177 0.0025182439417017585 0.00075769968399452456 -0.00066433540280542557 -0.00059667908563327599 -0.00016839792433612924 -0.00072947597646087282 -0.001176494367860299 0.00048830005442856191 4.1327066624825075e-05 0.00054273806983307494 -0.00028953320298293783 0.0015736687521468616 -6.109554651419086e-05 0.0008262957457441973 -0.0019558902577021613 0.00045771777073009195 -0.0011473517027552975 0.0020398710178285311 -0.00038981433250852786 0.00075625245258537934 7.0130846658349665e-05
leaf_weight=144 127 17838 9667 814 14132 772 12619 2396 553 12598 18820 181 948 3384 3587 17724 271 2595 1440 4504 10125 3528 24390 219 10339 273 997 651 335 13207 28575 1856 41185 1327 11922 14151 17155 7961 22880 124 104 196 16682 8703 20089 48147 1918 7029 17447 37082 2730 53088 481 3538 290 523 2975 1512 572 10893 746 27571
leaf_count=144 127 17838 9667 814 14132 772 12619 2396 553 12598 18820 181 948 3384 3587 17724 271 2595 1440 4504 10125 3528 24390 219 10339 273 997 651 335 13207 28575 1856 41185 1327 11922 14151 17155 7961 22880 124 104 196 16682 8703 20089 48147 1918 7029 17447 37082 2730 53088 481 3538 290 523 2975 1512 572 10893 746 27571
internal_value=2.46937e-07 -0.000272588 0.000488819 0.000747614 -0.000140292 -2.52302e-05 -0.000791771 0.000240823 0.000554189 0.000158752 -0.000320919 -0.000697243 0.000693198 -3.54443e-05 9.3386e-05 -0.00010672 0.00111518 0.000669863 -0.00131907 0.000896458 0.000216493 0.00171202 -0.000393684 -2.95532e-05 -0.000822132 0.00104519 -0.000429952 0.00013118 0.000281268 0.000441873 5.25942e-05 -0.000317419 0.000145028 -0.00218873 0.000539584 0.00123963 0.0008891 -0.000285342 0.000501206 0.00209628 0.000639715 0.000767374 0.000846299 -0.000476371 -0.000725857 -0.000218545 -0.0011959 -0.00130154 0.000384921 1.43235e-05 7.571e-05 -0.000343006 -4.96625e-05 0.000231887 -0.000492222 -0.00105612 2.49893e-05 -0.000635224 0.00126314 -0.000358278 8.12344e-05 0.00010788
internal_weight=598630 384123 214507 104968 306119 186999 78004 109539 68776 91950 119120 66146 45567 186103 66288 119815 36192 17589 11858 22134 82006 3799 95316 23804 45082 32393 21064 54434 23209 13542 62505 9944 53783 1471 14422 14424 17969 9817 23433 896 12026 3783 21186 20067 31940 62279 10387 8469 27572 57536 39812 77478 23585 4765 19886 13142 59121 21601 3167 11183 4284 30546
internal_count=598630 384123 214507 104968 306119 186999 78004 109539 68776 91950 119120 66146 45567 186103 66288 119815 36192 17589 11858 22134 82006 3799 95316 23804 45082 32393 21064 54434 23209 13542 62505 9944 53783 1471 14422 14424 17969 9817 23433 896 12026 3783 21186 20067 31940 62279 10387 8469 27572 57536 39812 77478 23585 4765 19886 13142 59121 21601 3167 11183 4284 30546
cat_boundaries=0 1
cat_threshold=16
is_linear=0
shrinkage=0.05


Tree=50
num_leaves=63
num_cat=1
split_feature=8 14 8 14 14 14 7 14 7 2 7 8 3 14 3 7 12 14 2 7 14 14 14 14 8 14 2 14 14 2 7 14 7 8 7 8 2 7 14 3 7 8 2 14 12 2 3 8 14 14 0 2 14 14 2 8 8 8 14 8 2 7
split_gain=28.7005 9.56931 4.29741 2.30875 1.94272 1.28044 1.21478 1.06138 0.845662 0.736727 0.691502 0.595802 0.575115 0.471997 0.455083 0.452344 0.406686 0.402982 0.402802 0.379542 0.62902 0.387853 0.322695 0.31664 0.295668 0.293509 0.58703 0.524769 0.286709 0.650054 0.273833 0.264013 0.25471 0.252001 0.24762 0.345188 0.293252 0.237625 0.314822 0.256751 0.234443 0.352881 0.229571 0.276963 0.22751 0.334091 0.23823 0.217019 0.211815 0.207358 0.19742 0.192534 0.184014 0.183316 0.183115 0.168105 0.166066 0.162822 0.162007 0.161327 0.153645 0.150778
threshold=1.6005000000000003 -0.049988863931896936 1.6985000000000003 -0.14484284706093839 0.043246146872021669 0.028168497135869778 20.500000000000004 0.17864477115549585 39.500000000000007 13.500000000000002 44.500000000000007 1.3295000000000001 12.500000000000002 0.19915643966100907 9.5000000000000018 1.5000000000000002 1.4740166666666672 0.11223586075350268 16.500000000000004 20.500000000000004 -0.049988863931896936 0.081239176395111259 -0.016336974655652977 0.23413795335978729 1.4855000000000003 -0.062753853127978196 15.500000000000002 -0.00078555415250203253 0.015605329836928085 10.500000000000002 25.500000000000004 0.11223586075350268 39.500000000000007 1.7295000000000003 22.500000000000004 1.5255000000000003 8.5000000000000018 1.5000000000000002 0.10008565673862514 15.500000000000002 20.500000000000004 1.4495000000000002 3.5000000000000004 0.079378862376002349 1.5308166666666672 8.5000000000000018 12.500000000000002 1.2195000000000003 0.070401551326613535 -0.17078978286007715 0 18.500000000000004 -0.041556767729950976 -0.089573378119072275 8.5000000000000018 1.4455000000000002 1.7995000000000003 1.7495000000000003 -0.017269253155800964 1.5295000000000003 8.5000000000000018 4.5000000000000009
decision_type=10 2 10 2 2 2 2 2 2 2 2 10 2 2 2 2 10 2 2 2 2 2 2 2 8 2 2 2 2 2 2 2 2 10 2 8 2 2 2 2 2 10 2 2 10 2 2 10 2 2 1 2 2 2 2 10 10 10 2 10 2 2
left_child=1 3 13 11 6 8 18 16 15 23 14 47 17 19 -5 -3 61 50 -4 25 -21 32 49 -6 53 -2 28 51 54 42 -8 -14 -22 -24 36 -36 -16 -18 39 -39 -13 -42 -30 -44 45 -17 52 -1 -41 -20 56 -28 -47 55 -27 -12 -11 -52 59 -10 -45 -7
right_child=2 5 4 10 9 7 30 -9 58 12 24 40 31 -15 34 44 37 -19 22 20 21 -23 33 -25 -26 26 27 -29 29 -31 -32 -33 -34 -35 35 -37 -38 38 -40 48 41 -43 43 60 -46 46 -48 -49 -50 -51 57 -53 -54 -55 -56 -57 -58 -59 -60 -61 -62 -63
leaf_value=-0.0016756792051463576 1.7428966791586289e-06 -0.00070057998790946929 0.00035367853874784908 -0.0011018508536984671 0.0006004482893468238 0.00044180262245208053 -0.00011186505119651257 0.0051739401506757975 -0.00037622358414590251 0.002619794088789085 -0.0007453321263397617 -0.00055857930661900549 -0.00035133063234479844 0.0034781275084757334 -0.0004068761656069886 2.1989881417213406e-05 -0.00022282432935133998 0.0014948625829498594 -0.0010365084175591541 -0.0015537134767674629 0.00013759608592186045 0.00033300745371516572 0.0014582007847346414 0.0018179145918508909 -0.0016816441099807352 -0.00028044266469343804 0.00070373577022781256 0.0030200343165132735 -6.6115494962776426e-05 0.0012770187113537647 -0.0024819569948557468 0.00067297514185255078 -0.00019952916581636142 0.00076609172351579631 -0.00041186457877139286 -0.0011924630298125489 2.1196692525005987e-05 0.00014890387443386902 0.00096252317551591892 -7.0085536540997833e-05 -0.0009099075141997449 -0.0024601735572741027 0.00033085710240279148 0.00069947657288922768 -9.0626893291822222e-05 0.00041866899015965671 -8.9007534362417972e-05 -0.0011725984359464835 0.00017768062374525046 0.00047897668362387245 0.0014141136253598705 0.0020714698063790905 0.0014273818114265838 -0.0005421762920430794 0.00022982285328874519 -0.001623671640994335 0.0012760751910718682 0.00092543855293928138 -0.00024787693476772228 -0.00096482231119941232 0.0018492116962396908 0.0013886958510361382
leaf_weight=2958 5496 2730 14305 2241 19629 1149 7094 101 23076 247 16805 5260 716 113 8636 15114 8358 5066 233 530 29839 23919 1472 549 723 2041 2938 297 2781 2106 124 5182 6898 12347 41735 1466 7454 36568 947 44418 11667 379 17698 3748 63135 857 791 7787 10705 7218 1838 282 957 16809 12690 563 3328 23479 48734 1226 315 663
leaf_count=2958 5496 2730 14305 2241 19629 1149 7094 101 23076 247 16805 5260 716 113 8636 15114 8358 5066 233 530 29839 23919 1472 549 723 2041 2938 297 2781 2106 124 5182 6898 12347 41735 1466 7454 36568 947 44418 11667 379 17698 3748 63135 857 791 7787 10705 7218 1838 282 957 16809 12690 563 3328 23479 48734 1226 315 663
internal_value=-2.30473e-07 -0.000259011 0.000463016 -0.000619403 0.000696253 -8.61485e-05 0.000438838 5.08622e-05 -0.000176173 0.000879741 -0.000503267 -0.00101865 0.00100437 0.000248289 -0.00040243 -6.75675e-05 4.58292e-05 0.00108353 0.000558834 0.000245018 0.00016133 0.000176315 0.00069681 0.000633573 -0.000681052 0.000346633 0.000388853 0.00100901 0.000336143 0.000433998 -0.000152582 0.000548627 7.42951e-05 0.000839815 -0.000375995 -0.000438354 -0.000208563 3.25089e-05 5.55457e-05 4.61782e-05 -0.000837075 -0.000958683 0.000361657 0.000416325 -4.61941e-05 0.000112126 0.000635086 -0.00131109 -2.19688e-05 0.000431586 0.0010114 0.000823519 0.000950829 -0.000659885 0.000159125 -0.000773804 0.0013651 0.000960537 -0.000300463 -0.000405918 0.000788614 0.000788265
internal_weight=598530 384012 214518 124483 102827 259529 42793 102909 156620 60034 96432 28051 39856 111691 61532 83584 102808 33958 35575 111578 61186 60656 21270 20178 34900 50392 44896 3517 41379 26648 7218 5898 36737 13819 59291 43201 16090 100996 92638 91691 17306 12046 24542 21761 80854 17719 2605 10745 55123 7451 28892 3220 1814 34177 14731 17368 3575 25317 73036 24302 4063 1812
internal_count=598530 384012 214518 124483 102827 259529 42793 102909 156620 60034 96432 28051 39856 111691 61532 83584 102808 33958 35575 111578 61186 60656 21270 20178 34900 50392 44896 3517 41379 26648 7218 5898 36737 13819 59291 43201 16090 100996 92638 91691 17306 12046 24542 21761 80854 17719 2605 10745 55123 7451 28892 3220 1814 34177 14731 17368 3575 25317 73036 24302 4063 1812
cat_boundaries=0 1
cat_threshold=16
is_linear=0
shrinkage=0.05


Tree=51
num_leaves=63
num_cat=0
split_feature=8 14 13 14 14 13 14 14 13 14 13 13 13 14 14 13 14 13 14 14 13 13 14 13 8 13 8 13 2 14 8 2 8 8 14 14 8 14 13 13 8 8 14 13 14 8 8 2 8 13 14 8 8 13 14 8 14 13 8 8 13 2
split_gain=25.9022 8.65204 4.53197 2.11112 2.04642 1.5399 1.40629 1.28289 1.05785 0.824186 0.732044 0.712367 0.597623 0.655916 0.559725 0.55693 0.488707 0.465554 0.464341 0.411956 0.370608 0.359208 0.352437 0.352171 0.349471 0.345565 0.342647 0.33759 0.334231 0.31747 0.302274 0.281545 0.28665 0.278914 0.273601 0.272225 0.249678 0.231316 0.221528 0.217245 0.20184 0.200672 0.200331 0.198567 0.197806 0.189005 0.187379 0.186953 0.180329 0.176262 0.174481 0.380655 0.173937 0.172554 0.249324 0.17169 0.169707 0.164916 0.159396 0.159392 0.171416 0.158973
threshold=1.6005000000000003 -0.08297083321245767 1.6907371699262386 -0.016336974655652977 0.012456750038657429 1.6049724144486879 0.0746498760321639 -0.19648230170487532 1.5776445871710891 -0.034768831539588201 1.5687603135334347 1.5459094809999721 1.5202232939343461 0.077536843043799722 0.090295817555280281 1.637672227396908 0.061827772603092253 1.5450734499456487 0.19915643966100907 -0.057501076024665469 1.6907371699262386 1.5144917558127595 0.025119389748145985 1.6704107100160936 1.7595000000000003 1.5230591478986972 1.7045000000000001 1.6704107100160936 16.500000000000004 0.19915643966100907 1.7785000000000002 18.500000000000004 1.7095000000000002 1.3495000000000001 -0.38737377499806386 -0.12732411323534673 1.5095000000000003 -0.13465373687487178 1.5620247581554929 1.5265643668814957 1.5475000000000001 1.5795000000000001 -0.21883843750534868 1.5524390734056372 0.23413795335978729 1.4955000000000003 1.5495000000000003 22.500000000000004 1.9065000000000001 1.5818107396984753 0.019210217139922773 1.6655000000000002 1.7595000000000003 1.7536580398458059 -0.43157113762399762 1.6385000000000003 0.033499587097057699 1.558709477621917 1.5845000000000002 1.4855000000000003 1.6704107100160936 14.500000000000002
decision_type=10 2 2 2 2 2 2 2 2 2 2 2 2 2 2 2 2 2 2 2 2 2 2 2 10 2 10 2 2 2 10 2 10 8 2 2 10 2 2 2 8 10 2 2 2 10 8 2 10 2 2 10 10 2 2 10 2 2 10 10 2 2
left_child=1 7 6 10 19 12 9 17 29 37 21 35 16 22 26 25 47 34 -10 42 59 45 36 33 -16 -11 61 -7 -28 39 -20 55 -33 -13 -1 -9 -14 -2 -38 -8 -24 -35 -4 -27 -26 -3 -23 -5 -31 -39 -17 -52 -30 54 -19 -21 -45 -42 -59 -12 -61 -6
right_child=2 3 4 5 14 27 8 11 18 15 20 23 13 -15 24 50 -18 53 30 31 -22 46 40 -25 44 43 28 -29 52 48 -32 32 -34 41 -36 -37 38 49 -40 -41 57 -43 -44 56 -46 -47 -48 -49 -50 -51 51 -53 -54 -55 -56 -57 -58 58 -60 60 -62 -63
leaf_value=-0.0040605806321942044 -0.0018734610076769924 -0.00056363211119408215 -0.0015830174509178939 -0.00030692774769536322 0.0012979857690523335 0.0012223808909110189 9.9750633708980011e-05 -0.00096972612403260598 0.00071843856591584875 -0.0018906612502965024 0.00060485439240320492 0.0010173427205874715 0.00052439623078260364 0.0010637441956161905 0.0029665176270215988 0.00018130114921058991 4.6424910735382171e-05 -0.0017268892012815955 0.0043176175979897386 0.0013519716849872568 0.0019743676354534857 -0.00031831226030765641 0.00073749682228287355 0.00010159356239444944 0.0011829421413591863 -0.00011069415063169954 0.00065151237580570159 0.0034964841785408113 0.0014630087797497715 0.00079182867466242235 0.0014664950315462766 0.001888281432047818 0.00069239255290529913 -0.00050102007674590881 -0.0017095463866472441 -0.00067395145342806582 -0.0001417657180025353 -0.0014395006336495805 5.6697845018289773e-05 0.00036301588968513693 4.1484607242277076e-05 -0.0024555772904546538 0.00016027291545208028 -1.9914578996138783e-05 0.0030890116532184724 -0.001348937882954631 -0.00084124198295946616 -0.000100300521541602 0.0026496756994830711 -0.00031721537804816832 0.0012486577830250105 0.00039465324042162398 0.00091016090282830205 -0.00060716223797700774 -0.0010169641315320478 0.00037394967609155876 0.00020206420484900533 0.00072914503698071759 0.00017965241703994661 -0.00014422713479212728 0.00038517322068599638 0.0025642863117178996
leaf_weight=133 283 13581 168 35950 786 1508 11277 11647 13969 222 838 302 1721 1479 291 7350 20123 1439 100 463 224 64241 1197 2752 9957 10237 16622 183 1529 1948 1321 539 7123 25493 1779 23427 49420 379 19652 25682 47327 132 8644 12300 138 812 1760 15740 140 4550 1451 12952 20469 1983 8799 14563 28703 1542 9157 18000 1671 362
leaf_count=133 283 13581 168 35950 786 1508 11277 11647 13969 222 838 302 1721 1479 291 7350 20123 1439 100 463 224 64241 1197 2752 9957 10237 16622 183 1529 1948 1321 539 7123 25493 1779 23427 49420 379 19652 25682 47327 132 8644 12300 138 812 1760 15740 140 4550 1451 12952 20469 1983 8799 14563 28703 1542 9157 18000 1671 362
internal_value=-2.1895e-07 -0.00024606 0.000439865 -0.000126348 0.00073302 -3.41265e-05 0.000259702 -0.000716579 0.000454951 0.000124177 -0.000313296 -0.000621036 -4.66243e-05 1.67267e-05 0.000931392 0.000167423 -0.000162625 -0.00114757 0.000806034 0.000417173 -4.83933e-05 -0.000381612 4.81629e-06 -0.000436201 0.00125824 7.77661e-05 0.000846031 0.00146848 0.000820727 0.000316575 0.00166714 0.000529861 0.00077652 -0.000493285 -0.00187309 -0.000772169 -7.0478e-05 -0.000483325 -8.52999e-05 0.000282688 9.48203e-05 -0.000511088 0.000127037 8.62944e-05 0.001209 -0.000607936 -0.000332257 -0.000244008 0.000916397 -0.00040351 0.00037953 0.000480688 0.000948587 -0.00103406 -0.00111675 0.000404086 0.000135475 8.15628e-05 0.000258848 -7.04859e-05 -9.9256e-05 0.00169729
internal_weight=598530 384012 214518 306126 81654 204999 132864 77886 54437 78427 101127 63753 203308 131495 50154 73215 71813 14133 15390 31500 20733 80394 130016 28679 10386 51462 39768 1691 38620 39047 1421 22688 7662 25927 1912 35074 70793 5212 69072 36959 59223 25625 8812 51240 10095 14393 66001 51690 2088 4929 21753 14403 21998 12221 10238 15026 41003 58026 10699 20509 19671 1148
internal_count=598530 384012 214518 306126 81654 204999 132864 77886 54437 78427 101127 63753 203308 131495 50154 73215 71813 14133 15390 31500 20733 80394 130016 28679 10386 51462 39768 1691 38620 39047 1421 22688 7662 25927 1912 35074 70793 5212 69072 36959 59223 25625 8812 51240 10095 14393 66001 51690 2088 4929 21753 14403 21998 12221 10238 15026 41003 58026 10699 20509 19671 1148
is_linear=0
shrinkage=0.05


Tree=52
num_leaves=63
num_cat=5
split_feature=14 13 14 13 14 14 13 13 14 14 13 13 13 13 14 14 2 2 13 13 11 13 14 14 14 15 11 0 11 11 11 14 14 2 14 11 13 14 2 13 12 11 2 13 15 13 2 14 11 11 9 14 11 13 11 13 11 11 15 13 0 11
split_gain=18.7833 13.8664 4.19854 3.32275 2.22657 2.03868 1.27477 0.893933 0.888894 0.716201 0.640915 0.618782 0.550425 0.504301 0.493793 0.417421 0.407079 0.372563 0.360127 0.31137 0.250034 0.230737 0.226265 0.220064 0.21385 0.210571 0.208881 0.207176 0.197156 0.186421 0.185321 0.180645 0.130065 0.124566 0.124516 0.121927 0.119534 0.119317 0.119132 0.118462 0.117665 0.112262 0.110904 0.108381 0.105857 0.105162 0.104111 0.103951 0.102965 0.102932 0.101813 0.0992069 0.0984621 0.0982125 0.0936455 0.0921864 0.0823013 0.0808665 0.0802629 0.0795624 0.0784594 0.0828182
threshold=-0.021078074717190916 1.5942176516137458 -0.10769301513790684 1.637672227396908 0.072119389748146037 0.06752277275414699 1.7233856722950194 1.5318691884456672 -0.21883843750534868 0.14267588676465329 1.6907371699262386 1.5202232939343461 1.5084090432148856 1.7233856722950194 0.12198627488067694 0.033499587097057699 15.500000000000002 22.500000000000004 1.5459094809999721 1.5166211159358285 1.649071428571429 1.637672227396908 -0.38737377499806386 0.23413795335978729 0.23413795335978729 0 1.6890714285714288 1 1.3055000000000001 1.5890714285714289 1.7347857142857146 -0.057501076024665469 -0.14484284706093839 19.500000000000004 0.027228424425597145 1.4162142857142859 1.5620247581554929 0.031827772603092226 1.5000000000000002 1.6547048977345689 1.3482833333333335 1.6583571428571433 19.500000000000004 1.7536580398458059 2 1.54966313260261 17.500000000000004 -0.38737377499806386 1.5745000000000002 1.8848571428571432 1.7285000000000001 0.018343537461373852 1.5747857142857147 1.5674580698377787 1.7033571428571432 1.5547134964177483 1.4747857142857148 1.566214285714286 3 1.7650153757999161 4 1.596214285714286
decision_type=2 2 2 2 2 2 2 2 2 2 2 2 2 2 2 2 2 2 2 2 10 2 2 2 2 9 10 1 8 10 10 2 2 2 2 8 2 2 2 2 8 10 2 2 9 2 2 2 10 10 10 2 10 2 10 2 10 10 9 2 1 10
left_child=2 4 8 11 7 6 21 17 18 13 19 38 -6 39 45 36 56 34 22 -10 -8 -3 -1 59 -16 -20 -25 -22 -21 -18 -15 35 40 -32 52 -13 -9 -19 -4 -7 -30 46 -43 47 -26 -14 -31 -27 -17 -28 -46 57 -2 -50 -41 -37 -5 -23 -12 -11 -53 -62
right_child=1 5 3 16 12 9 20 15 10 23 58 31 14 30 24 48 29 37 25 28 27 51 -24 26 44 43 49 -29 32 41 33 -33 -34 -35 -36 55 -38 -39 -40 54 -42 42 -44 -45 50 -47 -48 -49 53 -51 -52 60 -54 -55 -56 -57 -58 -59 -60 -61 61 -63
leaf_value=-0.0038575515751044192 -0.00034947449288819305 0.00022594175159534446 -0.00096266143009175655 0.001068466495625331 -4.3961949126464076e-05 0.00056941422256111913 0.0020787892237343398 -0.00010070814594977235 -0.00099112341583946985 0.0013313525188616614 0.00030919944251117204 -5.5766879692122933e-05 0.00018963391854876302 0.002001487379359295 0.00055963808507988964 0.00034853406162478709 0.002133385555929864 -0.00017282408590966531 -0.0015472153484643457 0.0006045129139989337 0.0010562699889801173 0.00073417281166312685 -0.0016938431246864749 0.0044006347739104145 0.0027932033925722154 -0.0012800531109191863 0.001708577479708252 0.00069862612940590574 -0.00058748548217916357 0.00043549121579029528 0.00095637650440027425 -0.00023009870573392242 -0.00058163318992260273 0.0012640937417097253 -0.00020804700238859103 -0.00046776550139170954 2.6172385758300062e-05 1.1189828846554295e-05 -0.00054566207351210247 0.0010044071560406339 -0.00091026949091678108 0.0001411158794031372 0.00056767618170077577 -0.0005990697647905856 0.0026104322067328784 0.00035896680247838561 0.00089926851781093687 -0.00088138474316288857 6.1517533479282587e-05 0.0033086125264090932 0.00093528200475580128 0.00062197288073289952 -0.00090878736833396141 0.00023331719241933614 0.00071309508725483049 -0.00031496611331745933 6.1851213276236354e-05 0.00028098832875150928 -0.00019391942820994496 0.0021687145365513064 0.00082497252370964443 0.00038752132024004178
leaf_weight=133 22792 19398 1826 206 11154 8150 370 57705 8500 2499 1277 2762 22923 549 10646 4379 167 16283 1822 310 5151 1087 1320 111 105 2673 482 20965 4480 2911 9277 41020 19177 5095 24608 22022 27366 19193 27618 4269 7635 3820 2535 1786 101 15281 2071 4211 41396 127 890 8759 815 10411 7798 17890 14217 10426 2054 320 1189 12017
leaf_count=133 22792 19398 1826 206 11154 8150 370 57705 8500 2499 1277 2762 22923 549 10646 4379 167 16283 1822 310 5151 1087 1320 111 105 2673 482 20965 4480 2911 9277 41020 19177 5095 24608 22022 27366 19193 27618 4269 7635 3820 2535 1786 101 15281 2071 4211 41396 127 890 8759 815 10411 7798 17890 14217 10426 2054 320 1189 12017
internal_value=-2.08002e-07 0.000194091 -0.000403996 -0.00025738 5.93988e-06 0.000650045 0.000504984 -6.67625e-05 -0.000772179 0.000947699 -0.000667126 -0.000374379 0.000273604 0.000879416 0.000344523 9.95877e-06 0.00025317 -0.000196256 -0.00115416 -0.000722482 0.000788124 0.000363157 -0.0018919 0.00162567 0.000628103 -0.00105199 0.00240583 0.000769838 -0.000650225 0.000475008 0.0010999 -0.000305022 -0.000662656 0.00106546 -0.000286747 -0.000377042 -5.98927e-05 -7.327e-05 -0.000571523 0.000716687 -0.000790907 0.00045058 0.00031127 -0.00094505 0.00129313 0.000257364 0.000628282 -0.00103618 0.000115721 0.00204225 0.00109496 0.000442662 -0.000368784 9.60419e-05 0.000816154 -0.000399275 7.62284e-05 0.000323776 -6.93491e-07 0.00142641 0.000504977 0.000426584
internal_weight=598530 404087 194443 139065 286048 118039 79362 224948 55378 38677 43433 113138 61100 35138 49946 141257 25927 83691 11945 40102 26486 52876 1453 3539 11742 10492 720 26116 31602 11504 14921 83694 31292 14372 48215 42674 85071 35476 29444 20217 12115 11337 6355 8670 1096 38204 4982 6884 56186 609 991 33478 23607 51807 12067 39912 14423 11513 3331 2819 21965 13206
internal_count=598530 404087 194443 139065 286048 118039 79362 224948 55378 38677 43433 113138 61100 35138 49946 141257 25927 83691 11945 40102 26486 52876 1453 3539 11742 10492 720 26116 31602 11504 14921 83694 31292 14372 48215 42674 85071 35476 29444 20217 12115 11337 6355 8670 1096 38204 4982 6884 56186 609 991 33478 23607 51807 12067 39912 14423 11513 3331 2819 21965 13206
cat_boundaries=0 72 73 146 217 218
cat_threshold=0 0 0 0 0 0 0 0 0 0 4 1376256 0 16384 0 0 0 0 0 0 0 0 0 0 0 0 0 0 0 0 0 0 0 0 0 0 0 0 536870912 0 0 0 0 0 0 0 0 0 0 0 0 0 0 0 0 0 16384 0 0 1048576 0 262144 4096 0 0 0 786432 0 0 0 8 4096 16 0 0 0 0 0 0 0 0 0 134217728 0 0 0 0 0 0 0 0 0 0 0 0 0 0 536870912 0 0 0 0 0 0 0 0 0 0 0 0 0 0 0 0 0 0 0 0 0 0 0 0 0 0 0 0 0 0 0 0 0 0 0 0 0 268435456 0 0 0 0 0 0 0 0 0 67108864 0 0 524288 0 0 0 0 0 0 0 4 0 0 0 0 0 0 0 0 0 32 0 0 0 0 0 0 0 0 0 0 0 0 0 0 0 2147483648 0 0 0 0 0 0 0 0 0 0 0 0 0 0 0 0 0 0 0 0 0 0 1048576 0 0 4096 0 0 0 0 0 16384 0 262144 100
is_linear=0
shrinkage=0.05


Tree=53
num_leaves=63
num_cat=0
split_feature=8 14 13 14 14 13 14 14 14 13 13 13 13 8 8 14 13 13 14 13 14 13 8 14 13 8 14 13 14 8 14 8 13 8 8 2 13 2 8 8 13 8 14 13 14 8 2 14 8 14 8 8 2 8 8 8 14 13 8 13 14 8
split_gain=20.9168 7.15235 3.76206 1.7199 1.61967 1.27961 1.17998 1.02549 0.824958 0.762396 0.721238 0.68331 0.577865 0.547765 0.518766 0.57098 0.500882 0.391902 0.371593 0.3245 0.357202 0.323795 0.345772 0.284156 0.283185 0.282553 0.27949 0.277097 0.254272 0.253991 0.249633 0.303744 0.244449 0.238623 0.232826 0.231804 0.230379 0.226055 0.252374 0.225454 0.215146 0.211854 0.206727 0.206252 0.201412 0.198198 0.189024 0.179417 0.170665 0.168693 0.167935 0.157683 0.154639 0.198717 0.150597 0.150463 0.149771 0.149617 0.143549 0.141621 0.139988 0.139731
threshold=1.6005000000000003 -0.049988863931896936 1.7046866203691244 -0.12732411323534673 -0.007693015137906877 1.637672227396908 0.10538427610798919 0.013708424373687246 -0.041556767729950976 1.637672227396908 1.5942176516137458 1.5459094809999721 1.5426053357836518 1.3295000000000001 1.6995000000000002 0.062416233772568337 1.5687603135334347 1.7233856722950194 0.051827772603092244 1.5084090432148856 0.092456750038657401 1.5942176516137458 1.4895000000000003 0.049663025344347085 1.5566843848877625 1.9495000000000002 0.052675886764653186 1.558709477621917 -0.087539844788921503 1.5555000000000001 0.040329230427327285 1.6855000000000002 1.5006467550418605 1.6645000000000001 1.4955000000000003 19.500000000000004 1.6547048977345689 17.500000000000004 1.6695000000000002 1.7045000000000001 1.5818107396984753 1.4195000000000002 0.14267588676465329 1.5084090432148856 0.043246146872021669 1.7795000000000003 12.500000000000002 -0.13967041977196723 1.2195000000000003 0.23413795335978729 1.6595000000000002 1.4955000000000003 19.500000000000004 1.8155000000000003 1.6215000000000004 1.5615000000000003 0.16225525264032251 1.5392767299445389 1.5355000000000001 1.5367267329084688 -0.043357582155314704 1.7595000000000003
decision_type=10 2 2 2 2 2 2 2 2 2 2 2 2 10 10 2 2 2 2 2 2 2 10 2 2 10 2 2 2 8 2 10 2 10 8 2 2 2 10 10 2 10 2 2 2 10 2 2 10 2 10 10 2 10 10 10 2 2 10 2 2 10
left_child=1 3 6 13 28 7 8 12 40 23 25 34 29 48 50 35 19 36 46 -9 44 22 -15 24 57 32 -18 33 -4 -3 54 -32 -8 -25 43 -16 41 -30 -39 56 -2 -13 52 -5 -21 -37 60 -42 -1 -41 -6 -14 61 -54 -11 -46 -12 -10 -38 -57 -7 -17
right_child=2 5 4 11 14 18 10 16 9 30 39 17 51 21 15 42 26 -19 -20 20 -22 -23 -24 27 -26 -27 -28 -29 37 -31 31 -33 -34 -35 -36 45 58 38 -40 49 47 -43 -44 -45 55 -47 -48 -49 -50 -51 -52 -53 53 -55 -56 59 -58 -59 -60 -61 -62 -63
leaf_value=-0.0014395894379169911 -0.0017056586611112253 -0.00030218103840521195 -8.6930065621697471e-05 -0.00072047800958330202 0.0035847574822548637 0.00029433185120261496 -0.00011399451829190852 -0.00017101273043067936 -0.0018333188469775168 0.00092366143448013795 0.0015837480645529178 0.00034339495502919647 0.00030681308683501099 -0.00076145130380647532 0.00058179765892588619 0.0014363558830327056 0.00027959689397976832 0.0022302159368663504 0.0031573886981955271 -4.4246910445885196e-05 0.00081064458178430369 -0.00036119834207257395 -0.00247705115955448 8.9658862274453297e-05 4.4961664618112029e-05 0.0030153026814962059 0.0012059608720296374 0.00030440135045266725 0.00023481228205599397 -0.001085564055686681 0.0012151999789943152 0.00047528462120323151 0.00046004487125317491 -0.001208467232417684 -0.0013653063861616432 0.0015485330400864755 0.0019446835378367528 0.0018126429229431867 0.00052418816377886848 0.00084529152548347788 -0.0017177743948591146 -0.00033589924083022449 0.0016761471193357863 -0.00046986221257723775 0.00036717378184645074 0.00080288047078573002 0.0029048133081039495 -0.00028773399665647385 -0.00099457734710884185 0.0017685104536358657 0.0016889738713992608 -0.00010989048316514898 0.0028575121516609472 0.0011377425781872986 0.00023936227788320954 -9.0820860300928401e-06 0.0035551936999268711 -0.00037500408603659751 4.2854222213446313e-05 0.00019299906151481783 0.0011638665975183696 0.0008459799213125877
leaf_weight=2959 313 49019 3157 11084 133 796 2061 26258 187 845 458 1183 2350 20336 20592 1078 7960 156 204 59543 1430 5724 298 25483 22394 104 907 25303 9965 1057 1531 14749 18517 359 861 1054 102 398 8429 4193 230 38559 1094 31657 4645 5769 113 4730 7924 561 960 66884 173 5778 16577 23528 122 2958 3640 13729 1106 14263
leaf_count=2959 313 49019 3157 11084 133 796 2061 26258 187 845 458 1183 2350 20336 20592 1078 7960 156 204 59543 1430 5724 298 25483 22394 104 907 25303 9965 1057 1531 14749 18517 359 861 1054 102 398 8429 4193 230 38559 1094 31657 4645 5769 113 4730 7924 561 960 66884 173 5778 16577 23528 122 2958 3640 13729 1106 14263
internal_value=-1.94479e-07 -0.000221114 0.000395277 -0.000532687 0.000687291 -7.16682e-05 0.000245137 -8.19784e-05 0.0001767 0.000205885 0.000549386 -0.00041126 -0.00018933 -0.000817145 0.000842124 0.000818475 1.0834e-05 -0.00027139 0.00112387 -1.41273e-05 2.59164e-05 -0.000693927 -0.000786228 0.000118773 -1.7433e-05 0.00041569 0.000374354 0.000186787 0.000328274 -0.000318717 0.000404096 0.000544868 0.000402552 7.16251e-05 -0.000551253 0.000665488 -0.000280364 0.000398027 0.000582283 0.00106778 -0.000434277 -0.000315679 0.00100583 -0.000534854 1.48546e-05 0.000918067 0.000917999 -0.000354046 -0.00111557 0.000954237 0.00191966 -9.57464e-05 0.00097139 0.00118774 0.000272552 9.88383e-05 0.00199843 -0.000461715 9.46946e-05 6.53837e-05 0.00079996 0.000887465
internal_weight=598530 384012 214518 124483 72843 259529 141675 257310 115659 110386 26016 87242 119310 37241 50894 49801 138000 43640 2219 129133 102875 26358 20634 76684 25539 20682 8867 51145 21949 50076 33702 16280 20578 25842 43602 27415 43484 18792 8827 5334 5273 39742 22386 42741 101445 6823 2015 4960 10883 4754 1093 69234 21292 5951 17422 41902 580 3145 3742 37257 1902 15341
internal_count=598530 384012 214518 124483 72843 259529 141675 257310 115659 110386 26016 87242 119310 37241 50894 49801 138000 43640 2219 129133 102875 26358 20634 76684 25539 20682 8867 51145 21949 50076 33702 16280 20578 25842 43602 27415 43484 18792 8827 5334 5273 39742 22386 42741 101445 6823 2015 4960 10883 4754 1093 69234 21292 5951 17422 41902 580 3145 3742 37257 1902 15341
is_linear=0
shrinkage=0.05


Tree=54
num_leaves=63
num_cat=0
split_feature=8 14 13 14 14 13 14 14 13 14 14 13 14 13 13 13 8 2 13 14 14 13 13 13 8 2 8 8 13 8 13 2 14 14 8 8 14 14 8 14 8 8 8 8 8 13 8 13 14 8 2 14 14 8 14 2 14 8 7 2 13 13
split_gain=18.8774 6.48071 3.42345 1.80124 1.68755 1.08892 1.05013 0.898318 0.804529 0.700288 0.565593 0.542874 0.41828 0.40339 0.402674 0.402606 0.390951 0.372067 0.371355 0.444231 0.410472 0.349692 0.323842 0.306523 0.305286 0.302171 0.332881 0.301678 0.271612 0.256896 0.242736 0.237041 0.23695 0.217873 0.208866 0.204708 0.202705 0.199283 0.196013 0.195285 0.188226 0.186512 0.186485 0.183402 0.183217 0.179801 0.300867 0.175358 0.174567 0.229352 0.171599 0.17077 0.167581 0.179595 0.163748 0.172484 0.163514 0.160993 0.158554 0.154358 0.147224 0.143514
threshold=1.6005000000000003 -0.087539844788921503 1.6704107100160936 0.043246146872021669 -0.00078555415250203253 1.5942176516137458 0.1184814679925852 -0.21883843750534868 1.5620247581554929 0.0024249685760344701 -0.047704182444719738 1.5524390734056372 0.12198627488067694 1.5818107396984753 1.7046866203691244 1.5620247581554929 1.8055000000000001 16.500000000000004 1.5318691884456672 0.065214626695512604 0.068582699621322699 1.6547048977345689 1.5459094809999721 1.5084090432148856 1.6995000000000002 16.500000000000004 1.7255000000000003 1.7085000000000001 1.7233856722950194 1.7595000000000003 1.5649604457008275 22.500000000000004 -0.15599773044947726 0.055231168460411768 1.6745000000000003 1.3355000000000004 -0.38737377499806386 -0.15599773044947726 1.9065000000000001 0.19915643966100907 1.6325000000000001 1.5345000000000002 1.3985000000000001 1.5155000000000001 1.4745000000000001 1.637672227396908 1.5645000000000002 1.5084090432148856 -0.033243525569643488 1.5275000000000001 23.500000000000004 0.042273546693540894 -0.036539844788921465 1.5275000000000001 -0.16293947650256976 18.500000000000004 0.056084943460572474 1.4655000000000002 1.5000000000000002 19.500000000000004 1.5524390734056372 1.5426053357836518
decision_type=10 2 2 2 2 2 2 2 2 2 2 2 2 2 2 2 10 2 2 2 2 2 2 2 10 2 10 10 2 10 2 2 2 2 10 10 2 2 10 2 10 10 8 10 10 2 10 2 2 10 2 2 2 10 2 2 2 8 2 2 2 2
left_child=1 7 6 10 8 18 9 22 23 30 54 32 25 27 44 38 -14 40 20 41 31 -7 36 43 -19 26 -5 33 35 -27 -2 -6 42 60 -17 -13 -1 -32 58 -36 -12 -20 -9 -3 -10 52 -47 -34 49 -25 -29 -43 -46 -54 -4 -56 -15 -49 -8 -26 -11 -35
right_child=2 4 3 12 5 21 15 11 14 13 17 28 16 56 -16 34 -18 24 19 -21 -22 -23 -24 48 59 29 -28 50 -30 -31 37 -33 47 61 39 -37 -38 -39 -40 -41 -42 51 -44 -45 45 46 -48 57 -50 -51 -52 -53 53 -55 55 -57 -58 -59 -60 -61 -62 -63
leaf_value=-0.0035926944819538106 -0.0015153976148729767 -0.00048269158504082947 -0.00098223688769653828 0.0011921587555223441 -0.00024084138510246144 0.00077252669620565047 -0.00013541991048204356 -0.00087599983279497721 0.00064996234985364434 -0.00035538412955139753 0.0012449785605312391 0.0013007101602527163 0.0030061497869986282 0.00022024715024017368 0.0030679049185262279 0.0023577557415094068 0.0011935759942612396 0.0013214377227096943 0.00057415219139081734 0.00088892359690479416 0.00010482052442948949 0.0025745414737364486 -0.00093483384041542826 -0.00032054441951933407 0.0004699173508603793 0.0023129146063733778 0.00058519072093082846 -0.0029712902987827955 0.00046515662414353627 0.0009135274450462849 -0.0021927223782839738 -4.9296153555260165e-05 -0.00081741214182343928 1.0168043023237203e-05 0.00064654344294350248 -0.00039837547522962629 -0.0015447288667738517 -0.00019826301754584369 0.0024053824213096653 0.0013071055888951707 0.00033173137716024882 -1.1776199012116765e-05 -0.0022292158197400706 -0.0014408337496502627 -0.00023735010855940338 0.0013895367057415518 8.355390475592707e-05 -0.00051867910641321534 -0.00019817513481133081 -0.00093320933610375144 -0.00066175708239299955 0.00016563707804790272 0.00064930128020786659 -4.451158015388562e-05 2.9482018239471951e-05 0.00045385039119277864 0.00044947838889838735 -0.0010617146557746714 0.00042549403320451119 0.00076707644017483115 2.3606278393924552e-05 0.00021718700727494357
leaf_weight=133 380 15562 333 2580 36635 2550 1434 6484 917 3322 579 179 329 18820 104 230 3106 1570 1578 1554 19520 301 10303 44383 10435 334 18150 103 997 18137 127 28888 7660 11470 4232 18382 1320 9062 118 1521 22092 64806 265 516 14218 487 4669 26159 39370 1582 367 17154 995 14901 9080 3252 13261 1440 10375 7519 11208 30992
leaf_count=133 380 15562 333 2580 36635 2550 1434 6484 917 3322 579 179 329 18820 104 230 3106 1570 1578 1554 19520 301 10303 44383 10435 334 18150 103 997 18137 127 28888 7660 11470 4232 18382 1320 9062 118 1521 22092 64806 265 516 14218 487 4669 26159 39370 1582 367 17154 995 14901 9080 3252 13261 1440 10375 7519 11208 30992
internal_value=-1.84755e-07 -0.000210058 0.000375513 0.000594345 -0.000110274 -6.3054e-06 0.000193195 -0.000632878 -0.000240881 0.000129524 0.000404883 -0.000556402 0.000838128 0.000172971 -3.88515e-05 0.000545545 0.00136718 0.000492839 -2.25446e-05 5.13041e-05 -9.64359e-05 0.000962778 -0.00103338 -0.000313178 0.000652832 0.000791769 0.000660732 9.36753e-05 -0.000338805 0.000938832 -0.000277039 -0.000156392 -0.00065771 0.000104079 0.000880255 -0.00038199 -0.00173219 -0.000225828 0.000377643 0.000821185 0.000355055 3.57225e-05 -0.000929134 -0.000513442 -4.77802e-05 -6.59211e-05 0.000206908 -0.000605757 -0.000275446 -0.000341631 -0.00116789 2.53559e-05 -0.000112634 -1.08281e-06 0.000111846 0.00014139 0.000315002 -0.000547012 0.000357381 0.000594365 -6.30425e-05 0.000161266
internal_weight=598530 384012 214518 97496 310690 172986 117022 73322 137704 99112 54860 61566 42636 89543 36291 17910 3435 42195 170135 85092 85043 2851 11756 101413 19524 39201 20730 57462 19558 18471 9569 65523 42008 56992 5983 18561 1453 9189 11927 5753 22671 83538 6749 16078 36187 35270 5156 35259 85335 45965 470 81960 30114 15896 12665 12332 32081 27599 11809 17954 14530 42462
internal_count=598530 384012 214518 97496 310690 172986 117022 73322 137704 99112 54860 61566 42636 89543 36291 17910 3435 42195 170135 85092 85043 2851 11756 101413 19524 39201 20730 57462 19558 18471 9569 65523 42008 56992 5983 18561 1453 9189 11927 5753 22671 83538 6749 16078 36187 35270 5156 35259 85335 45965 470 81960 30114 15896 12665 12332 32081 27599 11809 17954 14530 42462
is_linear=0
shrinkage=0.05


Tree=55
num_leaves=63
num_cat=0
split_feature=8 14 13 14 14 13 14 14 13 14 14 8 13 14 14 2 8 8 2 13 13 2 13 13 8 8 8 8 13 8 13 2 14 14 13 14 2 13 8 13 13 14 8 13 8 8 8 14 14 2 8 8 14 13 14 14 13 13 8 8 2 8
split_gain=17.0246 5.86499 3.12822 1.76852 1.52465 1.21626 0.95094 0.764936 0.660826 0.618878 0.590063 0.530816 0.498313 0.410517 0.403859 0.379998 0.379526 0.360694 0.334112 0.330164 0.326307 0.303136 0.291501 0.291444 0.277955 0.268937 0.263901 0.25002 0.238233 0.225901 0.218176 0.215478 0.214586 0.211361 0.210013 0.219677 0.204246 0.200834 0.19684 0.192948 0.18905 0.18516 0.184483 0.180192 0.168248 0.167776 0.167634 0.167149 0.161397 0.159808 0.175052 0.151013 0.149119 0.167221 0.236195 0.144656 0.227398 0.148474 0.22966 0.143071 0.138764 0.13869
threshold=1.6005000000000003 -0.044880610251853963 1.6547048977345689 0.056795102265431392 -0.1129708332124577 1.637672227396908 0.069673381597143216 0.028168497135869778 1.5318691884456672 -0.017679057904565695 0.19915643966100907 1.2995000000000003 1.5547134964177483 0.011216323069124569 0.16225525264032251 15.500000000000002 1.7095000000000002 1.7045000000000001 17.500000000000004 1.5687603135334347 1.558709477621917 12.500000000000002 1.7136094709819385 1.5202232939343461 1.9595000000000002 1.4395000000000002 1.7995000000000003 1.6645000000000001 1.5776445871710891 1.5655000000000003 1.5084090432148856 16.500000000000004 -0.15599773044947726 -0.11820658837140906 1.5084090432148856 0.0746498760321639 10.500000000000002 1.5687603135334347 1.7155000000000002 1.6547048977345689 1.5392767299445389 0.12198627488067694 1.5085000000000002 1.6049724144486879 1.5185000000000002 1.5495000000000003 1.4055000000000002 0.090295817555280281 0.17864477115549585 19.500000000000004 1.7755000000000003 1.4695000000000003 -0.18094641324931535 1.5367267329084688 -0.38737377499806386 -0.18094641324931535 1.6907371699262386 1.5687603135334347 1.3855000000000002 1.5785000000000002 23.500000000000004 1.3455000000000001
decision_type=10 2 2 2 2 2 2 2 2 2 2 10 2 2 2 2 10 10 2 2 2 2 2 2 10 10 10 10 2 10 2 2 2 2 2 2 2 2 10 2 2 2 10 2 10 10 10 2 2 2 10 8 2 2 2 2 2 2 10 10 2 10
left_child=1 4 6 9 11 7 13 8 29 31 20 52 30 33 19 27 -17 -5 48 34 -8 47 25 46 -12 -14 -20 36 40 60 51 -4 -33 38 -9 -36 -11 -10 -2 -27 -15 -28 -32 -35 -39 -41 -13 -7 -19 -18 -51 -6 53 54 -1 57 61 58 -25 -21 -3 -57
right_child=2 5 3 17 12 21 10 14 37 15 24 23 22 28 -16 16 49 18 26 59 -22 -23 -24 55 -26 39 41 -29 -30 -31 42 32 -34 43 35 -37 -38 44 -40 45 -42 -43 -44 -45 -46 -47 -48 -49 -50 50 -52 -53 -54 -55 -56 56 -58 -59 -60 -61 -62 -63
leaf_value=-0.0035512616256696745 -0.0031063710753288535 -0.000330435343084771 4.5877089456045918e-05 0.0017801727806355347 -0.0006022280629119582 0.00094002442869638408 0.00017341217152488844 -0.00012198187568422105 -0.00010339022249090458 0.00048949929352427098 0.00088440617910618032 -0.00079734800551480966 0.00077739693541345229 -0.00083628860018935115 0.0028558900317417341 0.0016439418704596474 0.00050902836579443729 0.00066842429179650681 0.0019268637278958434 0.0010441057826311606 0.00042930349570704276 0.0036210374293168864 0.0022319796354009123 -0.00088242050421468126 0.0035360993939570575 -0.00025528408198712682 0.00089027802917106876 0.00031752721317007107 0.00022042489218932162 -0.0013491997768267476 -0.00036233113418323145 -0.00084703729793123711 0.00039038263298118276 -0.00066128481112583766 2.7191546746907586e-05 0.00032050623369348717 0.0014741852470930594 0.00072371705967065462 -0.00069402179290487085 0.0016929498815969339 8.8829910729030364e-06 0.0015367700137162877 -0.00095162173113027149 -0.00011308443965988782 3.7526967514321067e-05 6.4592045176722912e-05 -0.0016734957872555822 0.0029940289471579611 0.0014392773706850247 0.0013281878048529365 0.00069013264925048734 -0.0017078392479136636 0.000308192634149332 -0.00097730997700329965 -0.0013684874078053603 0.00074776397173587214 0.00016911367066687529 -0.0005599217724030159 -0.0026950894171492226 0.00031819928483795413 -0.00015398402698238529 -0.00052609955165206044
leaf_weight=134 117 34682 11979 983 9708 1510 31322 21719 72544 1339 3175 10143 717 680 127 938 13137 21671 744 829 20686 126 126 2886 102 23577 10808 21159 19039 493 44480 362 10891 1860 69118 7033 868 930 305 166 24515 1234 1369 7723 22643 3361 577 106 701 1282 6656 319 190 5662 1650 216 1304 5623 186 3746 16416 19786
leaf_count=134 117 34682 11979 983 9708 1510 31322 21719 72544 1339 3175 10143 717 680 127 938 13137 21671 744 829 20686 126 126 2886 102 23577 10808 21159 19039 493 44480 362 10891 1860 69118 7033 868 930 305 166 24515 1234 1369 7723 22643 3361 577 106 701 1282 6656 319 190 5662 1650 216 1304 5623 186 3746 16416 19786
internal_value=1.10666e-08 -0.000199144 0.000357101 0.000552447 -0.000468893 -5.76663e-05 0.000170265 -6.683e-05 -0.000139672 0.00040334 0.000316195 -0.000692469 -0.000339914 2.15214e-05 3.80655e-05 0.000510786 0.000659855 0.000835515 0.000809103 3.45723e-05 0.000275192 0.00125893 -0.000167534 -0.000620733 0.000966943 -0.000178402 0.00101299 0.00037035 8.69413e-05 -0.000284025 -0.000426131 0.000193466 0.000350576 -0.000267712 1.51652e-05 5.42809e-05 0.00087677 -6.21905e-05 -0.00136285 -0.000203686 -1.39278e-05 0.000956527 -0.000379927 -0.000219487 6.45985e-05 0.000141232 -0.000844506 0.00107475 0.000692578 0.000616055 0.00079318 -0.000637402 -0.00107502 -0.00111031 -0.00153244 -0.000540774 -0.000470636 -0.000712639 -0.000992172 0.000449735 -0.000273748 -0.000512343
internal_weight=598478 384202 214276 104752 132180 252022 109524 250280 147708 68611 55285 48357 83823 54239 102572 45379 22013 36141 35158 102445 52008 1742 27947 40721 3277 27821 12786 23366 44234 51591 55876 23232 11253 10005 97870 76151 2207 96117 422 27104 25195 12042 45849 9583 23573 3527 10720 1616 22372 21075 7938 10027 7636 7446 1784 30001 21306 8695 3072 4575 51098 20002
internal_count=598478 384202 214276 104752 132180 252022 109524 250280 147708 68611 55285 48357 83823 54239 102572 45379 22013 36141 35158 102445 52008 1742 27947 40721 3277 27821 12786 23366 44234 51591 55876 23232 11253 10005 97870 76151 2207 96117 422 27104 25195 12042 45849 9583 23573 3527 10720 1616 22372 21075 7938 10027 7636 7446 1784 30001 21306 8695 3072 4575 51098 20002
is_linear=0
shrinkage=0.05


Tree=56
num_leaves=63
num_cat=1
split_feature=8 14 13 14 14 14 14 13 13 14 13 13 13 8 13 14 14 13 13 14 14 14 8 13 14 13 13 14 2 8 13 8 13 8 13 2 8 14 14 8 8 13 8 14 13 8 8 14 14 8 2 13 2 8 14 8 8 13 8 8 8 0
split_gain=15.3647 5.32549 2.85109 1.32829 1.10947 0.967932 0.931784 0.830123 0.702781 0.62786 0.578737 0.508658 0.42165 0.383049 0.36122 0.358751 0.309389 0.307013 0.303758 0.299938 0.289472 0.262201 0.250248 0.250131 0.240651 0.24015 0.218497 0.214569 0.210884 0.276562 0.198387 0.194801 0.193276 0.190854 0.189196 0.181807 0.212585 0.179222 0.178533 0.177453 0.17679 0.173232 0.170347 0.169653 0.176422 0.169429 0.167302 0.163827 0.158202 0.288675 0.158109 0.156594 0.152082 0.142633 0.140273 0.146275 0.137273 0.136855 0.135341 0.134949 0.134441 0.133184
threshold=1.6005000000000003 -0.071368378156687381 1.6907371699262386 0.012456750038657429 0.013708424373687246 -0.17078978286007715 0.095611870834130933 1.5942176516137458 1.5547134964177483 -0.034768831539588201 1.5818107396984753 1.558709477621917 1.5942176516137458 1.6645000000000001 1.6547048977345689 0.082795102265431422 0.15147934460106019 1.5202232939343461 1.5084090432148856 0.015605329836928085 -0.067324113235346691 0.082218138307078151 1.6745000000000003 1.6704107100160936 -0.38737377499806386 1.5084090432148856 1.5084090432148856 0.23413795335978729 18.500000000000004 1.6995000000000002 1.7233856722950194 1.5785000000000002 1.5230591478986972 1.4855000000000003 1.5112574375265824 19.500000000000004 1.8055000000000001 0.19915643966100907 -0.15599773044947726 1.7095000000000002 1.5255000000000003 1.558709477621917 1.5745000000000002 -0.43157113762399762 1.7536580398458059 1.5655000000000003 1.7595000000000003 -0.023351271388434621 -0.03110681984255825 1.5255000000000003 22.500000000000004 1.637672227396908 19.500000000000004 1.5285000000000002 0.043246146872021669 1.5595000000000001 1.6795000000000002 1.6049724144486879 1.8395000000000004 1.6455000000000002 1.3395000000000004 0
decision_type=10 2 2 2 2 2 2 2 2 2 2 2 2 10 2 2 2 2 2 2 2 2 10 2 2 2 2 2 2 10 2 10 2 8 2 2 10 2 2 10 10 2 10 2 2 8 10 2 2 10 2 2 2 10 2 8 10 2 10 10 10 1
left_child=1 5 6 20 8 17 9 16 25 38 32 26 22 -5 48 35 18 24 -6 -14 -4 41 34 -9 -1 40 -7 56 59 -30 -13 -16 -8 60 -11 39 -37 -34 -2 -15 -3 54 -43 -19 -45 47 -17 53 -10 -50 -24 -51 -48 -27 -20 -56 -12 -40 -29 -22 -28 -21
right_child=2 4 3 13 7 11 10 23 14 12 27 30 19 15 31 46 -18 43 21 61 28 -23 50 -25 -26 45 33 58 29 -31 -32 -33 37 -35 -36 36 -38 -39 57 -41 -42 42 -44 44 -46 -47 52 -49 49 51 -52 -53 -54 -55 55 -57 -58 -59 -60 -61 -62 -63
leaf_value=-0.0033809163676368258 -0.0022149096371661594 -0.00039697090501437438 2.989957366602398e-07 0.0031225098648337193 -0.00015106335048521653 -0.0007175778609483694 0.00010315479029643265 0.00090337288129967446 -0.00017215027421752126 -0.0014581381072446928 0.0017091712992704285 -0.00025004323091935236 3.2914042185246694e-05 0.0011031552336570731 0.0019818550909065412 0.0018755544394198119 0.0023535363263155369 -0.0011377409312796573 -5.8983266587785275e-05 0.00057561677935209527 0.00076042049331745236 0.0004425360435764023 -0.0016804328154456786 0.0031156773628343063 -0.0012052853263236187 -0.00025787379239636059 0.00046579623954277937 0.003222288669859521 0.0017109839221682997 0.0005234351031987997 0.00062084686702060883 0.0004487966178007885 0.00035366413476083255 -0.00099022405464224456 7.908030423535629e-05 0.001343182088201652 0.00071268971798380161 0.00090217251389450607 -0.0010140165938804363 0.00055281989471880888 -0.0013006954928693761 0.00065238036652628213 0.0001181002788739285 -0.00073716531107549058 -9.5674929017123801e-05 -0.00058653948257645174 0.00080104171361583022 -0.0001375780104817679 0.00065792429015310743 -3.630732594110103e-05 -0.00033393579417731548 0.00088746202017916096 0.0011727068679114978 -0.00069718218735325852 0.00033595554697311614 3.2262548392342459e-05 0.00067677208955287268 -0.00026199225930925387 0.001340922311676361 0.00025014076407349348 -0.00045412086293931123 0.00029353161491834701
leaf_weight=133 134 16086 5865 167 26240 10779 7599 1723 18026 201 339 19183 10876 1549 234 461 140 2398 50685 4916 1410 3869 251 138 2867 36915 401 114 524 7615 677 1810 15913 1671 47985 1744 5728 1643 702 26936 560 1654 15222 12312 1174 3031 9661 42201 1647 29534 1659 466 3849 1945 4481 34431 6413 4377 592 15979 41569 29074
leaf_count=133 134 16086 5865 167 26240 10779 7599 1723 18026 201 339 19183 10876 1549 234 461 140 2398 50685 4916 1410 3869 251 138 2867 36915 401 114 524 7615 677 1810 15913 1671 47985 1744 5728 1643 702 26936 560 1654 15222 12312 1174 3031 9661 42201 1647 29534 1659 466 3849 1945 4481 34431 6413 4377 592 15979 41569 29074
internal_value=1.05132e-08 -0.000189187 0.000339246 0.000572066 -8.38646e-05 -0.000518205 0.000196371 1.85281e-05 -0.000176941 0.000120798 0.000428501 -0.000436945 0.000150127 0.00073187 -2.71138e-05 0.000723874 4.25101e-06 -0.000837843 1.84293e-06 0.000261457 0.00031706 3.8205e-05 5.04191e-05 0.00106742 -0.00130174 -0.000253859 -0.000515987 0.000815328 0.000389835 0.000599891 -0.000220356 0.000624303 0.000313814 -0.000466195 7.2668e-05 0.00064033 0.00085985 0.000404997 -0.000413462 0.000582747 -0.000427374 2.35125e-05 0.000170465 -0.000750227 -0.000681321 -0.000219512 0.000938891 -0.000205788 -5.39191e-05 1.34249e-05 -0.000510884 -2.19581e-05 0.000906929 -0.000279862 -4.16664e-06 6.7235e-05 0.000728606 -0.000365934 0.00164471 0.000291517 -0.000445332 0.000334586
internal_weight=598478 384202 214276 81488 291038 93164 132788 138583 152455 100175 32613 74280 94962 50095 51717 49928 136722 18884 136582 44866 31393 110342 50096 1861 3000 100738 54420 7458 25528 8139 19860 2044 25155 43641 48186 35957 7472 17556 5213 28485 16646 106473 16876 15884 13486 84092 13971 81061 49673 31647 1910 30000 13510 38860 89597 38912 6752 5079 706 17389 41970 33990
internal_count=598478 384202 214276 81488 291038 93164 132788 138583 152455 100175 32613 74280 94962 50095 51717 49928 136722 18884 136582 44866 31393 110342 50096 1861 3000 100738 54420 7458 25528 8139 19860 2044 25155 43641 48186 35957 7472 17556 5213 28485 16646 106473 16876 15884 13486 84092 13971 81061 49673 31647 1910 30000 13510 38860 89597 38912 6752 5079 706 17389 41970 33990
cat_boundaries=0 1
cat_threshold=4
is_linear=0
shrinkage=0.05


Tree=57
num_leaves=63
num_cat=1
split_feature=8 14 13 14 14 13 14 14 14 13 13 13 13 14 14 8 14 13 14 14 13 8 13 14 8 13 8 8 8 13 13 13 13 8 2 14 8 2 8 14 8 14 8 8 8 14 8 8 8 8 14 2 8 15 14 13 2 14 14 8 8 8
split_gain=13.8667 4.83116 2.59792 1.2955 1.15492 1.01452 0.870148 0.682874 0.668486 0.499178 0.47467 0.427948 0.38943 0.467875 0.408225 0.37584 0.372527 0.297807 0.279628 0.275123 0.273991 0.264301 0.263829 0.250875 0.248379 0.246431 0.241376 0.237852 0.236971 0.233258 0.221723 0.219831 0.218307 0.23233 0.213773 0.205053 0.19715 0.193945 0.191801 0.18089 0.178051 0.166363 0.170205 0.165659 0.164091 0.160542 0.157133 0.155555 0.152877 0.142242 0.139278 0.133217 0.132567 0.129072 0.121501 0.140677 0.12009 0.116389 0.115177 0.193688 0.112734 0.112575
threshold=1.6005000000000003 -0.087539844788921503 1.7046866203691244 -0.014768831539588299 0.018630474422713931 1.6049724144486879 0.17864477115549585 -0.041556767729950976 -0.19648230170487532 1.637672227396908 1.5818107396984753 1.5459094809999721 1.5318691884456672 0.065214626695512604 0.051012805713078209 1.7095000000000002 0.073505212170627013 1.5450734499456487 0.11223586075350268 0.069673381597143216 1.5144917558127595 1.5235000000000001 1.5367267329084688 -0.087539844788921503 1.6685000000000001 1.6907371699262386 1.9885000000000004 1.7095000000000002 1.3495000000000001 1.5459094809999721 1.6907371699262386 1.6704107100160936 1.5942176516137458 1.7855000000000001 19.500000000000004 0.024361587157378021 1.5615000000000003 19.500000000000004 1.7055000000000002 -0.38737377499806386 1.7995000000000003 -0.11820658837140906 1.7155000000000002 1.4975000000000003 1.5755000000000001 -0.13045057895381326 1.5575000000000003 1.6355000000000002 1.4585000000000001 1.7685000000000002 -0.0049464132493153281 23.500000000000004 1.7995000000000003 0 0.029464381704086499 1.5776445871710891 22.500000000000004 0.06752277275414699 0.019210217139922773 1.6655000000000002 1.6455000000000002 1.7455000000000003
decision_type=10 2 2 2 2 2 2 2 2 2 2 2 2 2 2 10 2 2 2 2 2 10 2 2 10 2 10 10 8 2 2 2 2 10 2 2 10 2 10 2 10 2 10 10 10 2 8 10 8 10 2 2 10 9 2 2 2 2 2 10 10 10
left_child=1 8 6 10 23 12 7 41 17 16 20 45 14 21 44 -6 22 39 37 47 43 -14 -9 -4 -8 -12 32 -21 -13 -18 -30 -7 -26 -34 -25 -23 -37 57 -36 -1 -39 42 -2 -3 51 -10 -22 50 -47 58 -11 -5 -20 -19 -24 60 -16 61 -49 -60 -56 -17
right_child=2 3 4 5 15 31 24 9 11 19 25 28 13 -15 56 18 29 53 52 27 46 35 54 34 26 -27 -28 -29 30 -31 -32 -33 33 -35 38 36 -38 40 -40 -41 -42 -43 -44 -45 -46 48 -48 49 -50 -51 -52 -53 -54 -55 55 -57 -58 -59 59 -61 -62 -63
leaf_value=-0.0032056392142688164 -0.0027355465264072721 -0.00042616510926345332 -9.6341395895109994e-05 -0.00022567806205046976 0.0018939778646481446 0.0010002551635932605 0.0032740488856463773 -0.00088443807834418008 -0.00075522957659407029 0.00036623951106787517 1.5875193292411556e-05 0.0010589413970213228 0.00054126454430722035 0.00085709583514641328 -5.6188490456494914e-05 0.00080172206661216971 9.8638973539296758e-05 -0.0010881462282628248 0.0024410197979521232 0.0012482811743625597 -0.00022311248237559501 -5.0938448238911943e-05 -8.8349871707623406e-05 0.00029668063033707622 0.00051833506168254533 0.0016426331261447968 0.003027070319914291 0.00049287676218454774 -0.00037844533150134817 0.00033423075010398042 0.0001876083123134004 0.0028307736952505685 0.0033744033664847035 0.0010522606461587684 0.0017752616596070755 0.00063155311750704454 7.1194747655739087e-05 0.0014107305297238922 0.00056304165787483113 -0.0013005309244846588 0.00078203432986833027 -0.00029820865169465793 -0.00064207805338253486 -0.0011595177700458635 -0.00065119095240176298 -0.00049218592235550189 -0.00064355424691151322 0.00010883411270750336 -0.0012184306687985859 -0.001480587266440339 0.0013139786451889536 -6.324617827009752e-05 0.0010604635779271148 -0.00067832070480660831 5.3870286729761107e-05 0.00023516831178706108 0.00012485106386505538 0.00071930734078711541 0.00097479940568244352 0.00028541414894772693 -0.00047463200389756825 0.00045544684517341268
leaf_weight=134 142 14912 3143 37230 684 1510 101 755 10352 954 13147 307 2400 1707 19966 2860 17290 2489 183 1204 76218 58444 11149 20303 3748 237 116 7747 24395 26779 1862 184 117 1357 345 1630 42401 1302 6023 1776 8339 4857 307 812 1834 21423 2289 8995 750 119 653 19098 3492 9770 25263 12741 16925 12952 1093 15023 1051 13089
leaf_count=134 142 14912 3143 37230 684 1510 101 755 10352 954 13147 307 2400 1707 19966 2860 17290 2489 183 1204 76218 58444 11149 20303 3748 237 116 7747 24395 26779 1862 184 117 1357 345 1630 42401 1302 6023 1776 8339 4857 307 812 1834 21423 2289 8995 750 119 653 19098 3492 9770 25263 12741 16925 12952 1093 15023 1051 13089
internal_value=1.07136e-08 -0.000179727 0.000322285 -9.36671e-05 0.000565201 -1.9419e-05 0.000197508 0.000172728 -0.00054501 0.000195283 -0.000233952 -0.000471049 -2.96561e-05 3.59649e-05 -0.000103236 0.000731317 0.000135344 -0.000853451 0.000712479 0.000354439 -0.000273528 2.25997e-05 4.32819e-05 0.000326168 0.000817662 4.46814e-05 0.000771184 0.000594486 -0.000322156 0.000241799 -0.000338304 0.00119908 0.000721073 0.00123658 0.000375958 1.04524e-05 9.19389e-05 0.000672744 0.000628716 -0.00143419 0.000866939 -0.000383333 -0.00130415 -0.000464036 -0.00018576 -0.000592654 -0.000235371 0.000274376 -0.000516751 0.000243995 0.000751351 -0.000170606 0.00112921 -0.00076297 5.72336e-05 9.87931e-05 2.68696e-05 0.000607963 0.000252168 0.000332169 3.27615e-05 0.000517541
internal_weight=598478 384202 214276 310944 72715 203329 141561 136122 73258 130816 107615 59089 201635 106582 95053 42901 95028 14169 42217 35788 94231 104875 50959 29814 5439 13384 5338 8951 26564 44069 26257 1694 5222 1474 26671 102475 44031 38542 6368 1910 9641 5306 449 15724 58162 32525 78507 26837 22173 25230 1607 56328 3675 12259 50204 39055 36891 28901 25111 16116 26314 15949
internal_count=598478 384202 214276 310944 72715 203329 141561 136122 73258 130816 107615 59089 201635 106582 95053 42901 95028 14169 42217 35788 94231 104875 50959 29814 5439 13384 5338 8951 26564 44069 26257 1694 5222 1474 26671 102475 44031 38542 6368 1910 9641 5306 449 15724 58162 32525 78507 26837 22173 25230 1607 56328 3675 12259 50204 39055 36891 28901 25111 16116 26314 15949
cat_boundaries=0 72
cat_threshold=0 0 0 0 0 0 0 1073741824 0 0 4 1310720 0 16384 0 0 0 0 0 0 0 0 0 0 0 0 0 0 0 0 0 0 0 0 0 0 0 0 0 0 0 0 0 0 33554432 0 0 0 0 0 0 0 0 0 0 32 16384 0 0 0 0 262144 4096 0 0 0 786432 0 0 0 1073741832 4104
is_linear=0
shrinkage=0.05


Tree=58
num_leaves=63
num_cat=2
split_feature=14 13 14 13 14 14 13 13 14 13 14 13 13 14 14 2 11 2 13 13 11 15 13 14 14 11 11 14 11 13 14 11 14 11 11 14 2 2 11 2 11 2 13 2 11 13 14 11 11 11 11 14 11 15 14 2 14 14 11 13 11 14
split_gain=10.4973 7.73902 2.35984 1.79933 1.282 1.21391 0.890776 0.538798 0.474104 0.403664 0.387223 0.358572 0.321436 0.259025 0.256394 0.251249 0.243649 0.239525 0.222187 0.204229 0.177227 0.175267 0.162063 0.158989 0.151527 0.137462 0.127209 0.161723 0.126792 0.12512 0.118319 0.11464 0.127314 0.106317 0.104963 0.0967316 0.095394 0.0929657 0.0877046 0.0870241 0.0856155 0.0906118 0.0845515 0.0844987 0.0991927 0.0843883 0.0825903 0.0789778 0.0772801 0.0768109 0.0762135 0.074665 0.0839937 0.0724521 0.0721122 0.0769997 0.0712597 0.0697523 0.0695868 0.0679966 0.127843 0.0677703
threshold=-0.021078074717190916 1.5942176516137458 -0.11067076957267273 1.637672227396908 0.073505212170627013 0.082795102265431422 1.7233856722950194 1.5318691884456672 -0.21883843750534868 1.5202232939343461 0.23413795335978729 1.6907371699262386 1.5426053357836518 0.19915643966100907 0.038481467992585235 22.500000000000004 1.6350714285714287 15.500000000000002 1.5450734499456487 1.5202232939343461 1.6933571428571432 0 1.7816378780913917 0.040329230427327285 -0.38737377499806386 1.5817857142857146 1.6990714285714288 0.045084943460572575 1.3055000000000001 1.5006467550418605 0.13682272811992249 1.4162142857142859 -0.061362067389807311 1.7116428571428572 1.6583571428571433 0.1018277726030923 1.5000000000000002 1.5000000000000002 1.8848571428571432 19.500000000000004 1.5833571428571434 18.500000000000004 1.7536580398458059 9.5000000000000018 1.649071428571429 1.5620247581554929 -0.38737377499806386 1.5759285714285716 1.4797857142857145 1.5747857142857147 1.5759285714285716 0.032343537461373868 1.5745000000000002 1 -0.060503569110441073 19.500000000000004 0.031827772603092226 -0.16293947650256976 1.7904285714285717 1.6547048977345689 1.633357142857143 0.12576263955926395
decision_type=2 2 2 2 2 2 2 2 2 2 2 2 2 2 2 2 10 2 2 2 10 9 2 2 2 10 10 2 8 2 2 8 2 8 10 2 2 2 10 2 10 2 2 2 10 2 2 10 8 10 10 2 10 9 2 2 2 2 10 2 10 2
left_child=2 4 8 9 7 6 23 15 18 37 22 19 29 -14 45 36 -8 -5 24 -10 -12 53 30 59 -1 -19 -18 -28 -21 -6 -7 -11 -33 -15 54 49 -2 -4 -22 -36 41 -13 46 -25 -45 50 -23 -16 -30 -31 -9 52 -38 -20 55 -27 -17 -50 -24 -3 -61 -60
right_child=1 5 3 17 12 10 16 14 11 31 20 40 13 33 47 56 26 25 21 28 38 42 58 43 -26 34 27 -29 48 35 -32 32 -34 -35 39 -37 51 -39 -40 -41 -42 -43 -44 44 -46 -47 -48 -49 57 -51 -52 -53 -54 -55 -56 -57 -58 -59 61 60 -62 -63
leaf_value=-0.0030453572289517792 -0.00053196539090327136 0.00015029890970396276 -0.00077984692684648785 4.292893246541534e-05 -6.7696639101980915e-05 0.00065583895824909981 0.0024383197598670781 -1.974866850193732e-05 -0.00071736284379042559 9.9594044321340013e-06 0.0036542985117528587 6.4484686869726489e-05 0.00030295913891293356 0.0025231738540800394 0.00032874075299066776 -0.00012608130981259144 0.00088036114525931767 0.0019390633613837244 -0.0025479385058861225 0.00088871444804468488 0.0012699870935114297 -0.00098444844826044045 0.002071724065551252 0.00027845322874895745 -0.0012804641039807355 0.00019877187148300546 0.00045857429654239644 0.00069773360330627546 -0.00043768383837379548 0.0002794175345627695 0.00099369308948202349 -0.00030755656759407125 -0.00018117573612825633 0.00084859649696750769 4.4038303756922136e-05 0.00029785684635954559 -0.00024138239001331792 -0.00041485569215670028 0.0027269276979936738 0.0004195998645769074 -0.0002980287993611067 0.00097031921991801845 -0.00037372941106695055 0.00076461195491384472 0.00040812716168747406 3.0559018735066121e-05 -0.00062560037921198964 8.4021026810489905e-05 -0.0012214249327255873 2.4114907857650388e-05 -0.00013022588104464236 -0.0001353591987854242 -0.00063730771845612493 -0.0011254647732367928 0.00068688144571137425 0.00096657158401974072 1.4978934691792889e-05 -0.00059635968269205293 0.00093882681784754644 0.00048196817688106415 0.00019919968298896313 0.0015736224442722338
leaf_weight=134 2368 16390 1859 14547 7732 15795 183 33114 12093 4909 125 1450 24714 101 3546 16285 3800 134 100 171 475 2597 165 11048 1316 2215 14867 13476 21168 3949 3100 36704 43598 1540 3867 8609 24509 28352 132 2566 1284 341 1757 2264 14131 29647 4191 46934 504 11601 29534 20517 1417 1888 2533 383 19886 3900 3202 5905 12372 484
leaf_count=134 2368 16390 1859 14547 7732 15795 183 33114 12093 4909 125 1450 24714 101 3546 16285 3800 134 100 171 475 2597 165 11048 1316 2215 14867 13476 21168 3949 3100 36704 43598 1540 3867 8609 24509 28352 132 2566 1284 341 1757 2264 14131 29647 4191 46934 504 11601 29534 20517 1417 1888 2533 383 19886 3900 3202 5905 12372 484
internal_value=8.7023e-09 0.000145342 -0.00030171 -0.000195308 4.81384e-06 0.000486197 0.000406206 -4.87196e-05 -0.00058669 -0.000280278 0.000807948 -0.000505675 0.000214144 0.000343351 1.06117e-05 -0.0001484 0.000619064 0.000178383 -0.000863283 -0.000547875 0.00193987 -0.0007834 0.000771521 0.000295421 -0.00144356 0.000346826 0.000608707 0.000572285 -0.000468256 0.000107366 0.000711269 -0.000224602 -0.000238941 0.000951663 0.000328376 0.000163394 -0.000222408 -0.000437315 0.00158682 0.000193843 1.35651e-05 0.000236952 -0.000682074 0.000385332 0.000457354 -3.89411e-05 -0.000762891 0.000101212 -0.00047733 8.89503e-05 -7.18307e-05 -0.000206625 -0.000263022 -0.00120941 0.000497047 0.000311962 -4.85296e-05 -0.000667893 0.00106715 0.000224246 0.000290558 0.00102218
internal_weight=598478 403917 194561 141667 286003 117914 94436 227757 52894 115422 23478 40911 58246 26355 142775 84982 32326 26245 11983 37836 732 10533 22746 62110 1450 11698 32143 28343 25743 31891 18895 85211 80302 1641 11564 24159 48811 30211 607 6433 3075 1791 8545 27443 16395 92295 6788 50480 25572 15550 62648 46443 25926 1988 5131 2598 36171 4404 3851 34667 18277 3686
internal_count=598478 403917 194561 141667 286003 117914 94436 227757 52894 115422 23478 40911 58246 26355 142775 84982 32326 26245 11983 37836 732 10533 22746 62110 1450 11698 32143 28343 25743 31891 18895 85211 80302 1641 11564 24159 48811 30211 607 6433 3075 1791 8545 27443 16395 92295 6788 50480 25572 15550 62648 46443 25926 1988 5131 2598 36171 4404 3851 34667 18277 3686
cat_boundaries=0 72 144
cat_threshold=0 0 0 0 0 0 0 1073741824 0 0 4 1376256 0 16384 0 0 0 0 0 0 0 0 0 0 0 0 0 0 0 0 0 0 0 0 0 0 0 0 536870912 0 0 0 0 0 0 0 0 0 0 0 0 0 0 0 0 0 24576 0 0 1048576 0 262144 4096 0 0 0 786432 0 0 0 1073741832 4104 0 0 0 0 0 0 0 0 0 0 0 65536 0 0 0 0 0 0 0 0 0 0 0 0 0 0 0 0 0 0 0 0 0 0 0 0 0 0 0 0 0 0 0 0 0 0 0 0 0 0 0 0 0 0 0 0 0 0 0 0 0 0 0 0 0 0 0 0 0 0 8 4096
is_linear=0
shrinkage=0.05


Tree=59
num_leaves=63
num_cat=0
split_feature=8 14 13 14 14 13 14 13 14 14 13 13 13 8 14 13 13 14 12 14 2 13 8 8 8 8 14 8 8 13 14 8 8 13 2 8 8 8 8 13 13 14 8 14 8 2 14 8 13 8 7 13 2 13 13 13 14 8 13 14 8 2
split_gain=11.1777 3.99293 2.16618 1.06619 0.970552 0.913785 0.731066 0.543379 0.539891 0.535504 0.432882 0.402732 0.346874 0.332954 0.321161 0.294966 0.285551 0.264299 0.24853 0.247844 0.229206 0.223873 0.221842 0.221396 0.217588 0.213419 0.212263 0.385467 0.210247 0.192598 0.191839 0.188708 0.180913 0.1796 0.17928 0.174681 0.172682 0.168413 0.167254 0.150876 0.143633 0.177134 0.143678 0.139529 0.135645 0.134722 0.133779 0.130642 0.130553 0.130521 0.129994 0.124379 0.119141 0.117631 0.111796 0.110457 0.108561 0.122889 0.107736 0.107486 0.107194 0.103998
threshold=1.6005000000000003 -0.044880610251853963 1.7046866203691244 -0.14484284706093839 0.0092102171399227623 1.637672227396908 0.12576263955926395 1.5426053357836518 0.023378862376002289 -0.061362067389807311 1.5367267329084688 1.637672227396908 1.5942176516137458 1.7045000000000001 0.16225525264032251 1.6704107100160936 1.558709477621917 0.065214626695512604 1.1940333333333337 0.049663025344347085 12.500000000000002 1.5566843848877625 1.4955000000000003 1.7295000000000003 1.5835000000000001 1.5585000000000002 0.023378862376002289 1.6745000000000003 1.3995000000000002 1.558709477621917 -0.087539844788921503 1.6795000000000002 1.9495000000000002 1.5426053357836518 19.500000000000004 1.5035000000000001 1.7055000000000002 1.3955000000000002 1.5375000000000003 1.5084090432148856 1.5084090432148856 0.072119389748146037 1.5395000000000001 0.19915643966100907 1.7545000000000002 19.500000000000004 0.095611870834130933 1.5855000000000004 1.5166211159358285 1.8195000000000003 22.500000000000004 1.5687603135334347 16.500000000000004 1.5169350679153755 1.5318691884456672 1.5516355476671841 0.063265538758841347 1.7585000000000002 1.5318691884456672 0.17864477115549585 1.6485000000000001 17.500000000000004
decision_type=10 2 2 2 2 2 2 2 2 2 2 2 2 10 2 2 2 2 10 2 2 2 8 10 10 8 2 10 10 2 2 10 10 2 2 10 10 10 10 2 2 2 10 2 10 2 2 10 2 10 2 2 2 2 2 2 2 10 2 2 10 2
left_child=1 3 6 18 30 8 9 22 10 50 25 19 32 -6 16 28 40 61 53 21 46 58 39 59 -18 -3 -13 -28 -9 31 -4 -21 48 37 -32 55 -36 -20 -17 -5 -10 42 -42 44 -19 -46 -7 -43 -8 -47 -2 -37 -40 -1 -44 -12 -29 -58 -11 -14 -50 -15
right_child=2 5 4 7 13 20 12 15 14 11 35 26 23 17 -16 38 24 43 33 29 -22 -23 -24 -25 -26 -27 27 56 -30 -31 34 -33 -34 -35 36 51 -38 -39 52 -41 41 47 54 -45 45 49 -48 -49 60 -51 -52 -53 -54 -55 -56 -57 57 -59 -60 -61 -62 -63
leaf_value=-0.0016619427428005156 -0.00043353810317523417 -0.00022007373994281993 -9.5741722388319861e-05 -0.0005644319683497243 0.0018010515971259484 0.00081833777579420886 4.9725334101890741e-05 0.00055868308303567331 -0.00011050638594669409 -0.0019279670561461099 9.0700650307315643e-05 0.00013373681253449595 0.001509169548015803 0.00041336086418795599 0.0025410778738015633 0.0018838948932697304 0.00071467147678688694 0.0015689421992354444 -0.00074507100157247558 7.6889318953738653e-05 0.0031505379711263002 1.9715262354235664e-05 -0.0011964467671649077 0.0008026207497830954 0.00015708972807766515 -0.00091116569794906759 0.0010673102889245155 0.00022103685378891183 -0.00024529238563611379 0.0002454951647343551 0.00024180469744978112 -0.0012781995061906231 0.0024545978209062017 -0.00049429065885092942 0.0016494047351528044 -0.00010443749326294698 0.00049396608206209679 -0.0019846779974014091 0.00011282736081265837 -0.00036362861112633813 0.0002932633882201304 0.00053199283051912007 -8.5185319316543915e-05 0.0019106869993488738 0.00064953096824948682 0.0021015059215057155 0.0026891161611203255 0.00011374172785079333 0.0012859576560033817 0.00088572808835119671 -0.0017938088842625309 3.4160911664637613e-05 0.0015918850144078318 -0.00089337396738888421 4.6448993079204068e-05 0.00065171538845839585 0.00058233510018939282 0.0001987770512046973 -0.00036948467715316346 0.0032715568944811819 0.00041254106108096553 0.00062195277137563161
leaf_weight=563 2890 49349 3143 12919 620 1514 2655 826 23477 115 2752 13402 281 11677 127 152 2123 491 7098 31970 126 23274 936 2808 9950 1143 1895 11652 52380 27866 17793 259 104 15829 344 60226 5391 285 2844 33903 4033 2695 29955 261 15035 230 102 6077 365 5492 187 22137 143 4302 34948 1288 6072 3183 3104 125 9354 12238
leaf_count=563 2890 49349 3143 12919 620 1514 2655 826 23477 115 2752 13402 281 11677 127 152 2123 491 7098 31970 126 23274 936 2808 9950 1143 1895 11652 52380 27866 17793 259 104 15829 344 60226 5391 285 2844 33903 4033 2695 29955 261 15035 230 102 6077 365 5492 187 22137 143 4302 34948 1288 6072 3183 3104 125 9354 12238
internal_value=5.19817e-09 -0.000161367 0.00028935 -0.00038394 0.000511164 -4.46326e-05 0.000175411 -0.000310192 -5.25756e-05 0.000135292 -0.000119409 0.000151617 0.000497219 0.000650192 2.81156e-05 -0.000205024 2.52977e-05 0.000634483 -0.000657379 9.30651e-05 0.00109657 -3.4339e-05 -0.00043427 0.000960417 0.000255139 -0.000235718 0.000291655 0.000384472 -0.000232811 0.000149231 0.000271151 6.59995e-05 0.000377912 -0.000589276 0.000320163 -5.14405e-05 0.000563272 -0.000792923 0.000265968 -0.000419034 -2.12605e-06 3.06176e-05 3.68899e-06 0.000761658 0.000747544 0.000728114 0.000936419 0.00024224 0.000360458 0.000934597 -0.000516206 -6.71859e-05 0.000183636 -0.000982316 -1.43048e-05 0.000269559 0.000322579 0.000450421 -0.000425162 0.00205178 0.000445342 0.000520103
internal_weight=598478 384202 214276 132180 72715 252022 141561 104103 250280 125869 136895 122792 15692 46044 113385 56345 113258 45424 28077 86588 1742 26493 47758 3214 12073 50492 36204 22802 53206 60095 26671 32229 12478 23212 23528 86403 5735 7383 3139 46822 101185 77708 68936 21509 21248 20757 1616 8772 12374 5722 3077 82363 2987 4865 64903 4040 20907 9255 3219 406 9719 23915
internal_count=598478 384202 214276 132180 72715 252022 141561 104103 250280 125869 136895 122792 15692 46044 113385 56345 113258 45424 28077 86588 1742 26493 47758 3214 12073 50492 36204 22802 53206 60095 26671 32229 12478 23212 23528 86403 5735 7383 3139 46822 101185 77708 68936 21509 21248 20757 1616 8772 12374 5722 3077 82363 2987 4865 64903 4040 20907 9255 3219 406 9719 23915
is_linear=0
shrinkage=0.05


Tree=60
num_leaves=63
num_cat=2
split_feature=8 14 13 14 13 14 13 14 14 13 14 8 13 13 13 14 14 14 8 13 13 13 8 14 8 14 14 8 8 13 13 8 8 14 13 8 14 8 8 14 8 2 8 13 8 14 13 14 13 13 8 0 8 14 8 13 14 14 14 13 0 14
split_gain=10.0997 3.64716 1.98056 0.992846 0.753813 0.71286 0.736454 0.60531 0.480491 0.43648 0.417845 0.401908 0.367799 0.321963 0.305489 0.314134 0.295518 0.282298 0.283021 0.27514 0.243865 0.221408 0.220404 0.218698 0.237487 0.211656 0.19727 0.277506 0.188013 0.186362 0.18278 0.180562 0.172343 0.170657 0.160034 0.174496 0.159189 0.20742 0.156992 0.137632 0.134377 0.132421 0.131464 0.12975 0.128918 0.119772 0.116933 0.119849 0.116261 0.116129 0.115724 0.115687 0.202977 0.114398 0.110536 0.109668 0.160195 0.10898 0.10834 0.106995 0.10687 0.105954
threshold=1.6005000000000003 -0.089573378119072275 1.7233856722950194 -0.008519444094060245 1.6049724144486879 0.066029166787542351 1.5776445871710891 0.035214445847498006 -0.19648230170487532 1.5620247581554929 -0.072753853127978205 1.7595000000000003 1.637672227396908 1.5459094809999721 1.558709477621917 0.043246146872021669 0.042498923975334509 0.16225525264032251 1.7395000000000003 1.7046866203691244 1.5392767299445389 1.5459094809999721 1.3495000000000001 -0.060503569110441073 1.6695000000000002 0.1100111360681031 -0.0015185320074148077 1.6455000000000002 1.5515000000000001 1.5084090432148856 1.7233856722950194 1.5515000000000001 1.4745000000000001 0.072498923975334542 1.5144917558127595 1.5655000000000003 0.13682272811992249 1.7055000000000002 1.6445000000000001 0.14267588676465329 1.4555000000000002 19.500000000000004 1.7995000000000003 1.5818107396984753 1.8955000000000002 -0.13045057895381326 1.5006467550418605 0.098637932610192727 1.5202232939343461 1.6704107100160936 1.5095000000000003 0 1.6755000000000002 0.19915643966100907 1.4975000000000003 1.7536580398458059 -0.43157113762399762 -0.38737377499806386 0.02073074684419907 1.5776445871710891 1 -0.16293947650256976
decision_type=10 2 2 2 2 2 2 2 2 2 2 10 2 2 2 2 2 2 10 2 2 2 8 2 10 2 2 10 10 2 2 10 10 2 2 10 2 10 10 2 8 2 10 2 10 2 2 2 2 2 10 1 10 2 10 2 2 2 2 2 1 2
left_child=1 8 5 9 14 10 36 23 21 28 43 -9 20 40 15 34 31 38 -19 32 -12 57 -15 61 -25 41 -14 -28 29 54 -24 -16 -11 -6 35 -5 37 48 -8 46 45 -13 -43 -2 -38 -10 -17 -48 -7 -34 -36 52 -29 -27 -3 56 -23 -1 60 -60 -22 -4
right_child=2 3 7 4 33 6 17 11 13 19 12 25 26 22 16 39 -18 18 -20 -21 58 55 30 24 -26 53 27 51 -30 -31 -32 -33 49 -35 50 -37 44 -39 -40 -41 -42 42 -44 -45 -46 -47 47 -49 -50 -51 -52 -53 -54 -55 -56 -57 -58 -59 59 -61 -62 -63
leaf_value=-0.0026137235175504848 -0.0021688733285027549 -0.00037831470253493906 -0.00076934935157169093 -0.00020226182103026734 0.0008973061015760856 -6.8142851738453583e-05 0.0014494794905761776 0.0015482627862501283 -0.00064299826717253896 0.0006322479349407141 -0.0010453810685480533 0.00051917186601111527 4.8827999864605335e-05 0.0010810279522811097 0.00050493666085678378 -0.00011345697698655948 0.00066563579858192913 0.0029538992172847803 0.00085415545308606562 0.0025088397267643576 1.1380943671679599e-05 -0.0012128757234505531 -0.00032285638178178002 0.0010910887493603843 0.00039925444045443414 0.00098386891532509582 0.0011263579884394114 0.0011006860524070794 -0.00072063269064995782 -0.00020675249998511683 0.00041687617392027591 4.4612333222534925e-05 -8.7173951844083547e-05 0.0025122911333211612 0.00029468807931845727 -0.0012696180800692396 0.00033731401868521837 -0.0013350686834220069 0.00043567842192773906 0.0015623787896951423 -0.0011777284724245731 0.0014293689886847186 0.0007088472719059991 -0.00045828944076252816 0.0014983186159449502 -0.00043283802241332755 6.1797682047409847e-05 0.00062687333600825118 0.00017981286018162846 0.00030892868444655773 -7.7648965169657805e-05 0.00014236728936749602 0.00030863751337109141 0.0023322151059251349 -0.0010388196283752031 -0.00031558957563263213 -0.00064393943500044371 -0.0011310385496814694 -5.4380378758218089e-06 0.00017741929759409656 -0.00032680177076371874 0.0001462369614361724
leaf_weight=133 116 12237 336 21090 1357 5561 388 1333 10291 919 542 14922 11898 293 2314 10171 2336 171 2609 106 5769 1440 24933 1319 20827 2711 963 858 2057 74770 864 26832 29554 186 2147 390 8528 239 24163 149 760 693 7321 2500 246 19868 48130 957 31539 1974 74483 11474 14129 167 668 1958 8788 1818 21132 12873 3919 5303
leaf_count=133 116 12237 336 21090 1357 5561 388 1333 10291 919 542 14922 11898 293 2314 10171 2336 171 2609 106 5769 1440 24933 1319 20827 2711 963 858 2057 74770 864 26832 29554 186 2147 390 8528 239 24163 149 760 693 7321 2500 246 19868 48130 957 31539 1974 74483 11474 14129 167 668 1958 8788 1818 21132 12873 3919 5303
internal_value=6.55175e-09 -0.000153525 0.000274778 -8.00361e-05 -8.67685e-06 0.000185658 0.000300114 0.000533734 -0.000476652 -0.000191227 8.81085e-05 0.00070165 0.00010759 -0.000411946 -1.76627e-05 -4.60815e-05 0.000124528 0.000505774 0.000983312 -3.43913e-05 8.68479e-06 -0.000737586 -0.000282593 0.000369675 0.00044046 0.000657932 0.000218852 0.000292618 -0.000248123 -0.000237037 -0.000298081 8.1159e-05 -4.26997e-05 0.00109198 -0.000101026 -0.000221641 0.000178221 0.000133188 0.0004517 4.46591e-05 -0.000521097 0.000607216 0.000771153 -0.000534141 0.000369866 -0.00050455 4.08429e-05 7.28144e-05 0.000142646 -6.23736e-05 -6.72169e-05 0.000262276 0.000353746 0.00106211 -0.000412504 -0.000658412 -0.00072404 -0.00123211 2.17602e-05 6.37848e-05 -0.000125747 9.16817e-05
internal_weight=598522 383973 214549 312827 190542 159617 73444 54932 71146 122285 86173 27147 83557 57009 188999 157517 31482 27331 2780 32553 44235 14137 26090 27785 22146 25814 39322 27424 89732 87675 25797 29146 32447 1543 98110 21480 46113 37339 24551 59407 30919 22936 8014 2616 8774 30159 59258 49087 37100 31528 76630 26461 14987 2878 12905 12186 10228 1951 43693 34005 9688 5639
internal_count=598522 383973 214549 312827 190542 159617 73444 54932 71146 122285 86173 27147 83557 57009 188999 157517 31482 27331 2780 32553 44235 14137 26090 27785 22146 25814 39322 27424 89732 87675 25797 29146 32447 1543 98110 21480 46113 37339 24551 59407 30919 22936 8014 2616 8774 30159 59258 49087 37100 31528 76630 26461 14987 2878 12905 12186 10228 1951 43693 34005 9688 5639
cat_boundaries=0 1 2
cat_threshold=116 64
is_linear=0
shrinkage=0.05


Tree=61
num_leaves=63
num_cat=1
split_feature=8 14 13 14 14 13 14 8 13 14 14 13 13 13 14 14 14 13 13 14 8 8 8 8 8 13 13 13 14 8 13 8 8 2 8 14 13 8 8 14 2 8 8 2 8 13 14 8 3 8 14 2 8 14 8 2 11 14 13 0 8 14
split_gain=9.11495 3.30006 1.8073 0.98608 0.826693 0.741844 0.631981 0.418521 0.414116 0.386408 0.379561 0.36641 0.339417 0.324806 0.341875 0.311891 0.310127 0.285439 0.266018 0.242904 0.245383 0.236945 0.225447 0.210404 0.187704 0.187422 0.18256 0.174978 0.317754 0.16624 0.174916 0.256545 0.165364 0.155945 0.153317 0.148028 0.146947 0.184465 0.136973 0.136717 0.134896 0.330872 0.134637 0.133469 0.192078 0.131272 0.12683 0.125583 0.123038 0.122977 0.12105 0.119279 0.131876 0.117995 0.117862 0.114661 0.113254 0.11044 0.107112 0.106124 0.135216 0.105306
threshold=1.6005000000000003 -0.096336974655652927 1.6907371699262386 -0.020039000069793308 -0.007693015137906877 1.6235503479834801 0.084582699621322713 1.6745000000000003 1.5566843848877625 -0.21883843750534868 0.0024249685760344701 1.5392767299445389 1.5776445871710891 1.558709477621917 0.036986227522251232 0.062416233772568337 0.055231168460411768 1.7046866203691244 1.5202232939343461 0.19915643966100907 1.7555000000000003 1.6525000000000001 1.5175000000000003 1.4255000000000002 1.5435000000000001 1.6907371699262386 1.6049724144486879 1.5776445871710891 -0.43157113762399762 1.4485000000000003 1.637672227396908 1.5515000000000001 1.7395000000000003 12.500000000000002 1.3095000000000001 0.23413795335978729 1.5318691884456672 1.5655000000000003 1.3575000000000002 -0.076734461241158555 18.500000000000004 1.7595000000000003 1.5795000000000001 16.500000000000004 1.7995000000000003 1.5202232939343461 0.14267588676465329 1.5155000000000001 9.5000000000000018 1.8955000000000002 -0.091324113235346713 19.500000000000004 1.7185000000000004 -0.14484284706093839 1.6445000000000001 1.5000000000000002 1.6583571428571433 0.076795102265431417 1.5084090432148856 0 1.6795000000000002 -0.12088132352990653
decision_type=10 2 2 2 2 2 2 8 2 2 2 2 2 2 2 2 2 2 2 2 10 10 10 8 8 2 2 2 2 10 2 10 10 2 8 2 2 10 10 2 2 10 10 2 10 2 2 10 2 10 2 2 10 2 10 2 10 2 2 1 10 2
left_child=1 9 6 11 39 13 10 -6 49 27 26 22 21 14 36 40 24 29 23 54 -21 45 55 61 -15 34 50 28 -1 -13 -31 -32 -17 -7 -20 43 37 -5 -30 -4 -9 -42 -36 -34 -45 -12 48 -38 -16 58 -2 56 -53 -28 -10 -3 -41 -50 -8 60 -14 -11
right_child=2 3 4 5 7 33 8 15 19 18 12 17 59 16 46 32 -18 -19 25 20 -22 -23 -24 -25 -26 -27 53 -29 38 30 31 -33 35 -35 42 -37 47 -39 -40 51 41 -43 -44 44 -46 -47 -48 -49 57 -51 -52 52 -54 -55 -56 -57 -58 -59 -60 -61 -62 -63
leaf_value=-0.0035730462630823947 -0.0022405428148932374 -0.00071930051192209085 -5.1252533114928704e-05 -0.00016343625186328984 0.0019941329950432965 0.0010671548912623188 -0.00010979751325115217 0.00036259883377053406 0.001077793556980681 -0.00066532168297271286 -0.00090578161388127224 0.00034925305159697826 0.00098101076692334714 0.00049330818559713578 -0.00023838948556195629 0.0015330729520749576 0.00092890477894687394 0.0022481415317290357 0.0015886642059194857 0.0031966500549985111 0.000869732407580624 -0.00065626965457639245 -0.0011388632763948922 -0.0014555578937609885 5.0930662890643983e-05 0.0001257312535540206 -0.0012945960215090411 -0.00060308191976700919 -0.00088076827711942569 -0.00017324777944486159 0.0013209088702043745 2.5851992058969011e-05 0.00050116279905957348 0.0031241737956199615 -0.00036636994778358232 0.0022784818599699695 0.00047039802279048599 -0.00080213813511884752 -0.0027403492864002204 0.00031295051528052673 0.0015083500370383263 0.00049662387946068371 -0.002134581664614854 0.0013817211233415746 0.00068771686017302699 3.845460524936119e-05 0.0014842598611331114 -6.8817652071853289e-05 1.348696467652904e-05 0.0014469424299995372 -0.00057012911833175276 0.0014150444771912085 0.00041131951008744054 -8.9976751990424893e-05 0.00039454721571954452 -0.0002864027307694011 4.337523602947702e-05 0.00019025944863806829 0.00020057571704139347 0.00018405789492333368 0.00030742286023115515 -0.00040804256125271711
leaf_weight=118 118 1591 4393 45920 497 1050 3200 21561 657 8426 372 1731 917 2571 4212 544 1109 126 100 121 1780 1310 823 659 35611 2053 207 8139 3395 56565 415 4869 9871 101 33740 139 1103 1159 102 8963 880 9893 108 1080 12972 34987 149 51358 59093 187 1341 360 3597 11325 16066 39655 6892 10389 21168 35178 3973 7533
leaf_count=118 118 1591 4393 45920 497 1050 3200 21561 657 8426 372 1731 917 2571 4212 544 1109 126 100 121 1780 1310 823 659 35611 2053 207 8139 3395 56565 415 4869 9871 101 33740 139 1103 1159 102 8963 880 9893 108 1080 12972 34987 149 51358 59093 187 1341 360 3597 11325 16066 39655 6892 10389 21168 35178 3973 7533
internal_value=6.07945e-09 -0.000145848 0.000261038 -8.00632e-05 0.000446195 -1.82921e-05 0.000147301 0.000549481 0.000304473 -0.00047246 7.16661e-05 -0.000204934 0.000113978 -2.51435e-05 -5.45585e-05 0.000536871 0.000104659 -0.000129311 -0.000414562 0.000482271 0.00101784 4.05649e-06 -0.000319451 -0.000580034 8.07183e-05 -0.000338181 -0.000178269 -0.000731651 -0.00102112 -0.000134023 -0.000147548 0.000127564 0.000671015 0.00124766 -0.000366236 0.000651526 -0.000115031 -0.00017916 -0.000935008 0.000201103 0.000434788 0.000579267 -0.000372012 0.000642072 0.000741056 2.85206e-05 2.69579e-05 -5.74806e-05 2.40114e-05 0.00016962 -0.000705228 0.000257059 0.000502636 -0.0001116 0.00042139 -0.000303101 0.000195769 3.99181e-05 0.000159818 0.000214575 0.000432853 -0.00054388
internal_weight=598522 383973 214549 319600 81642 213825 132907 57437 43179 64373 89728 105775 76737 212674 173383 56940 39291 63706 52619 18624 1901 36669 42069 16618 38182 36001 12991 11754 3615 63580 61849 5284 24606 1151 33948 24062 99540 47079 3497 24205 32334 10773 33848 23923 14052 35359 73843 52461 73694 24555 1459 19812 3957 11532 16723 41246 15855 69482 24368 40068 4890 15959
internal_count=598522 383973 214549 319600 81642 213825 132907 57437 43179 64373 89728 105775 76737 212674 173383 56940 39291 63706 52619 18624 1901 36669 42069 16618 38182 36001 12991 11754 3615 63580 61849 5284 24606 1151 33948 24062 99540 47079 3497 24205 32334 10773 33848 23923 14052 35359 73843 52461 73694 24555 1459 19812 3957 11532 16723 41246 15855 69482 24368 40068 4890 15959
cat_boundaries=0 1
cat_threshold=4
is_linear=0
shrinkage=0.05


Tree=62
num_leaves=63
num_cat=0
split_feature=8 14 13 14 13 14 13 14 14 13 14 13 8 13 14 8 13 8 13 13 14 14 8 8 14 8 8 13 14 8 13 14 14 14 8 2 14 13 8 14 14 13 2 8 11 8 13 2 10 8 8 13 13 8 13 2 2 8 14 14 8 2
split_gain=8.22626 3.0055 1.63954 0.726185 0.645842 0.606001 0.55753 0.506086 0.497019 0.384638 0.374263 0.37562 0.360476 0.31165 0.28117 0.237177 0.231604 0.29611 0.231198 0.217729 0.203591 0.201267 0.215922 0.200515 0.198588 0.244243 0.194713 0.179644 0.167931 0.158317 0.153191 0.149989 0.147592 0.143708 0.304764 0.138991 0.134775 0.154469 0.133772 0.124005 0.123703 0.13382 0.117053 0.149726 0.116058 0.115392 0.115011 0.114347 0.110299 0.11016 0.109863 0.108045 0.107255 0.284037 0.0985828 0.097856 0.0976749 0.116212 0.0972259 0.0967001 0.0950268 0.0943137
threshold=1.6005000000000003 -0.053338409968128435 1.7233856722950194 -0.150014138882367 1.637672227396908 0.0746498760321639 1.5818107396984753 0.045084943460572575 0.017228424425597137 1.5426053357836518 -0.061362067389807311 1.6547048977345689 1.7685000000000002 1.5367267329084688 0.16225525264032251 1.5885000000000002 1.5426053357836518 1.5615000000000003 1.7233856722950194 1.5230591478986972 0.055231168460411768 -0.060503569110441073 1.6695000000000002 1.4855000000000003 0.17864477115549585 1.7595000000000003 1.5555000000000001 1.504530016522857 0.12198627488067694 1.3955000000000002 1.5318691884456672 0.19915643966100907 0.070401551326613535 -0.0015185320074148077 1.6645000000000001 11.500000000000002 -0.43157113762399762 1.7383870967741937 1.6495000000000002 -0.15599773044947726 0.029464381704086499 1.5776445871710891 19.500000000000004 1.7355000000000003 1.5732857142857146 1.6555000000000002 1.5776445871710891 1.5000000000000002 1.1020000000000001 1.6445000000000001 1.4935000000000003 1.5818107396984753 1.5818107396984753 1.5175000000000003 1.5084090432148856 1.5000000000000002 19.500000000000004 1.7995000000000003 -0.21883843750534868 -0.098013725119323034 1.5495000000000003 15.500000000000002
decision_type=10 2 2 2 2 2 2 2 2 2 2 2 10 2 2 10 2 10 2 2 2 2 10 8 2 10 10 2 2 10 2 2 2 2 10 2 2 2 10 2 2 2 2 10 10 10 2 2 8 10 10 2 2 10 2 2 2 10 2 2 8 2
left_child=1 3 5 27 8 10 30 21 13 23 39 19 -9 26 16 35 32 -18 29 -12 -19 58 -23 54 38 -26 47 48 56 -11 -7 -32 55 -13 -35 -6 61 44 -8 -2 46 49 -24 -44 -38 -43 -21 -3 -1 -42 -15 -52 53 -31 -5 -10 -14 -58 -4 -55 -53 -29
right_child=2 4 7 9 15 6 24 12 14 18 11 33 28 50 -16 -17 17 20 -20 40 -22 22 42 -25 25 -27 -28 36 -30 52 31 -33 -34 34 -36 -37 37 -39 -40 -41 41 45 43 -45 -46 -47 -48 -49 -50 -51 51 60 -54 59 -56 -57 57 -59 -60 -61 -62 -63
leaf_value=-0.0024678277343848109 -0.0018567946323848985 -0.00067638155569632293 -0.0010916237828538927 -0.00049630977369383275 0.001204388524853622 5.3079732498831967e-05 0.0013945074955307732 0.0016357071574388462 -0.00045826683965890922 0.00067964255483904238 -0.0015128912502645523 7.6017803957035643e-05 0.00049910022138889142 0.00023167562715720028 0.0023778996193580082 0.00040658157578199916 0.00054770430720706999 4.0144386434241039e-05 0.00095328085052046551 -0.00044470316509754134 0.00048395068237940746 0.0010305518597295341 0.00030014368667583637 -0.0011079977937928987 0.0028754712257068604 0.00081763841986327238 -0.0010516069582248665 -0.00123911799358112 0.0010762131232459216 -0.00021310876523473224 0.00022771234525152347 0.00074563240392337682 8.853007322827973e-05 0.0010289678752177175 0.00025830026372169074 0.0030698960121110855 -0.00052246957077356005 -3.8219525307548987e-05 0.00043503490759818112 -0.00031702336072206153 3.5058860348598057e-05 0.00032632547972374362 0.0010957996509225628 0.00045119205188547839 -0.001533782919179632 5.883394030466254e-05 -3.2581554580812444e-05 -0.00019642629283928706 -0.00090845976067767094 -0.00044788409583969302 -9.5570741881856113e-05 0.00040264538771051694 -5.7623662066496218e-05 -0.0017873249944144239 -0.0003270235985653594 -6.337075431189227e-05 0.0017755706319768057 0.0006889117189919304 0.00011911281833474138 -0.0007104216945670093 7.0562127992684195e-06 -0.00060999236262753288
leaf_weight=119 135 1275 171 11900 717 14205 371 910 1610 510 227 10121 13321 3069 126 1458 3437 43330 441 1965 2748 1338 16253 951 156 1905 696 1081 1855 36872 24632 1482 18105 1351 25423 116 18956 1684 17457 4161 26434 8192 1027 7333 288 7939 12225 46497 2410 1236 69924 1842 9740 240 31012 61273 255 7001 5468 1586 8633 1327
leaf_count=119 135 1275 171 11900 717 14205 371 910 1610 510 227 10121 13321 3069 126 1458 3437 43330 441 1965 2748 1338 16253 951 156 1905 696 1081 1855 36872 24632 1482 18105 1351 25423 116 18956 1684 17457 4161 26434 8192 1027 7333 288 7939 12225 46497 2410 1236 69924 1842 9740 240 31012 61273 255 7001 5468 1586 8633 1327
internal_value=5.92925e-09 -0.000138556 0.000247987 -0.000347147 -4.47437e-05 0.000166902 0.000292087 0.000483597 -5.2037e-05 -0.000282129 9.10823e-05 0.000111701 0.00066015 -0.000120487 1.70983e-05 0.000791118 1.4819e-05 0.000100006 -0.000186432 3.26003e-05 6.66121e-05 0.000353141 0.000411972 -0.000389883 0.00050872 0.000973399 -0.000221332 -0.000581559 0.000620575 -0.0001967 0.000185224 0.000257105 -3.72634e-05 0.000236517 0.000297188 0.00146417 -0.00053818 -0.000497421 0.000455001 -0.00036541 3.865e-05 8.02151e-05 0.000378345 0.00053038 -0.000537605 0.000194677 -8.96512e-05 -0.000209236 -0.000981835 1.34861e-05 -6.1929e-05 -7.31365e-05 -0.000205927 -0.000243254 -0.000373969 -7.34813e-05 0.000579499 0.000727101 8.23978e-05 -0.000851964 7.66195e-05 -0.00089242
internal_weight=598522 383973 214549 119117 264856 159617 60208 54932 262565 93252 99409 95113 23342 131936 130629 2291 130503 49515 49389 58218 46078 31590 25951 43863 19889 2061 48468 25865 22432 48948 40319 26114 80988 36895 26774 833 23336 20928 17828 4296 57991 43801 24613 8360 19244 16131 14190 47772 2529 27670 83468 80399 48438 38698 42912 62883 20577 7256 5639 1826 10475 2408
internal_count=598522 383973 214549 119117 264856 159617 60208 54932 262565 93252 99409 95113 23342 131936 130629 2291 130503 49515 49389 58218 46078 31590 25951 43863 19889 2061 48468 25865 22432 48948 40319 26114 80988 36895 26774 833 23336 20928 17828 4296 57991 43801 24613 8360 19244 16131 14190 47772 2529 27670 83468 80399 48438 38698 42912 62883 20577 7256 5639 1826 10475 2408
is_linear=0
shrinkage=0.05


Tree=63
num_leaves=63
num_cat=2
split_feature=8 14 13 14 14 13 14 14 13 13 14 13 13 14 8 12 8 14 13 8 8 13 8 13 14 13 8 8 8 2 13 13 8 13 2 14 7 13 8 8 8 14 14 2 8 14 8 8 3 14 8 8 14 8 13 14 14 8 8 14 15 15
split_gain=7.4242 2.73719 1.49607 0.868009 0.674025 0.649022 0.548712 0.354222 0.325352 0.301303 0.33875 0.298412 0.297991 0.290316 0.284704 0.233301 0.223551 0.20891 0.19978 0.178392 0.178132 0.170813 0.158693 0.158143 0.155101 0.154955 0.154525 0.149899 0.146894 0.143637 0.139537 0.139242 0.167253 0.136893 0.136443 0.147169 0.134664 0.125788 0.122588 0.117837 0.115765 0.112577 0.111778 0.111691 0.150744 0.109648 0.190941 0.110136 0.108863 0.183816 0.110495 0.106544 0.10388 0.0998552 0.0993094 0.135496 0.114344 0.146444 0.0969868 0.0942498 0.0867143 0.0858662
threshold=1.6005000000000003 -0.03110681984255825 1.7046866203691244 -0.1129708332124577 0.012456750038657429 1.637672227396908 0.10538427610798919 -0.041556767729950976 1.5524390734056372 1.558709477621917 0.036986227522251232 1.5942176516137458 1.6547048977345689 0.038675886764653174 1.7195000000000003 1.1940333333333337 1.4385000000000001 0.089107332273285281 1.6704107100160936 1.5195000000000001 1.5295000000000003 1.5084090432148856 1.5655000000000003 1.5112574375265824 0.039869307748806489 1.558709477621917 1.7045000000000001 1.6215000000000004 1.9495000000000002 12.500000000000002 1.5084090432148856 1.5318691884456672 1.5655000000000003 1.5649604457008275 18.500000000000004 -0.15599773044947726 1.5000000000000002 1.5776445871710891 1.6645000000000001 1.4755000000000003 1.7755000000000003 -0.089573378119072275 0.23413795335978729 19.500000000000004 1.8055000000000001 0.040329230427327285 1.7395000000000003 1.7195000000000003 9.5000000000000018 0.10538427610798919 1.5195000000000001 1.6745000000000003 0.092456750038657401 1.6325000000000001 1.7233856722950194 -0.33962113762399765 -0.19648230170487532 1.3195000000000003 1.5095000000000003 -0.15599773044947726 0 1
decision_type=10 2 2 2 2 2 2 2 2 2 2 2 2 2 10 10 10 2 2 10 8 2 10 2 2 2 10 10 10 2 2 2 10 2 2 2 2 2 10 8 10 2 2 2 10 2 10 10 2 2 10 10 2 10 2 2 2 10 10 2 9 9
left_child=1 3 6 15 34 9 7 37 19 10 31 28 23 20 51 61 -10 43 -18 30 -11 -17 -20 53 33 38 -13 -14 36 -7 39 32 -3 -25 41 -36 -8 -2 -26 -5 -19 -4 -42 -16 -45 47 -47 -29 -12 -50 -51 -6 -15 -9 56 -56 -23 -58 -33 -39 -37 -1
right_child=2 5 4 8 14 29 11 12 16 13 48 26 27 52 17 21 18 40 22 -21 -22 54 -24 24 25 -27 -28 45 -30 -31 -32 58 -34 -35 35 60 -38 59 -40 -41 42 -43 -44 44 -46 46 -48 -49 49 50 -52 -53 -54 -55 55 -57 57 -59 -60 -61 -62 -63
leaf_value=-0.0018505831081378817 -0.0014622390698771079 -0.00015752837126428016 -0.0003097641004297669 -0.00038464044910266836 0.0026219905205070973 0.00096327443057649023 -0.00016519460103224228 -0.00046037738084175146 0.00086513832055476437 0.00048621027121619246 -0.00022156519243476735 0.0014521695308563911 0.001095758587142744 0.00047281069216190282 0.00040448871833534601 -0.00069806416640317019 -0.00014487873035181966 0.002010846522034091 0.0017244692699719079 -0.00077047911269630207 2.7086806810223205e-05 -0.00061023247198197493 0.00019932646648236629 -0.00042289309707418645 3.255440943419478e-05 0.00017834147175987378 0.00058771579479958394 0.00018187961966293373 0.0021189058271460764 0.0028519106357618499 -0.00023149475280164898 0.00023933212763429745 -0.00075919336081812887 -4.5071724041577108e-06 -0.00061191751998735159 0.00084729859579055298 0.00029189420777103893 -0.0015882200160722137 -0.00085038233095871053 -0.0011281149526123347 0.00067687623644780001 0.00017694967093769494 0.0022725623398851436 0.0010271627623495243 0.00050484407169959446 0.00049537487288951927 9.6799570645003086e-05 -0.00036764389090043802 3.1521575335884103e-05 0.0023566397787071766 0.00057591044518491032 0.0010956229534497205 0.0015863718965273164 -0.0022327012803333881 -0.00038388964664430575 0.00030131343711818946 0.0009975325334456405 -0.000388032536649349 -7.3350907648937205e-05 -0.0002191759913273196 0.00035447416736606135 -0.00075362752201808066
leaf_weight=187 225 52593 1283 11873 125 1082 1762 337 596 2232 4214 580 521 2857 25111 5425 33147 170 183 1813 39503 6562 2509 2200 26696 35486 4756 13283 106 111 51858 2593 1181 17563 370 993 18847 129 399 558 9736 16058 111 1760 6421 8001 4812 979 68853 100 676 1339 226 104 1914 1158 192 28233 56885 4936 9350 4659
leaf_count=187 225 52593 1283 11873 125 1082 1762 337 596 2232 4214 580 521 2857 25111 5425 33147 170 183 1813 39503 6562 2509 2200 26696 35486 4756 13283 106 111 51858 2593 1181 17563 370 993 18847 129 399 558 9736 16058 111 1760 6421 8001 4812 979 68853 100 676 1339 226 104 1914 1158 192 28233 56885 4936 9350 4659
internal_value=5.63289e-09 -0.000131628 0.000235588 -0.000297569 0.000419773 -2.42311e-05 0.00014094 9.42497e-05 -0.00021523 -3.0215e-05 -5.81085e-05 0.000348251 0.000113404 8.62281e-05 0.00054018 -0.000472258 -9.52651e-05 0.000516999 -0.000111237 -0.000281354 5.16409e-05 -0.000435585 0.000303004 6.59724e-05 7.10297e-05 0.000109592 0.000681678 0.000255695 0.000262364 0.001139 -0.00026756 -0.000112435 -0.000170742 -5.10815e-05 0.000227609 0.0003679 0.000252815 -0.000305432 1.95523e-05 -0.000418013 0.000717197 0.000140939 0.000694864 0.000456762 0.000617212 0.00023953 0.000345687 0.000144158 2.5211e-05 4.01461e-05 0.000805386 0.00122595 0.000554441 -0.00087834 -0.000398171 -0.0001256 -0.000422104 -0.000378674 -5.97192e-05 -0.000254044 0.000402951 -0.000801331
internal_weight=598522 383973 214549 150867 72827 233106 141722 115671 102537 231913 187095 26051 110381 44818 44773 48330 36435 43309 35839 66102 41735 43484 2692 82785 82344 62581 5336 27596 20715 1193 64289 113252 53774 19763 28054 10713 20609 5290 27095 12431 10017 17341 9847 33292 8181 27075 12813 14262 73843 69629 776 1464 3083 441 38059 3072 34987 28425 59478 5065 10343 4846
internal_count=598522 383973 214549 150867 72827 233106 141722 115671 102537 231913 187095 26051 110381 44818 44773 48330 36435 43309 35839 66102 41735 43484 2692 82785 82344 62581 5336 27596 20715 1193 64289 113252 53774 19763 28054 10713 20609 5290 27095 12431 10017 17341 9847 33292 8181 27075 12813 14262 73843 69629 776 1464 3083 441 38059 3072 34987 28425 59478 5065 10343 4846
cat_boundaries=0 63 135
cat_threshold=0 0 0 0 0 0 0 0 0 0 4 0 0 0 0 0 0 0 0 0 0 0 0 0 0 0 0 0 0 0 0 0 1 128 0 0 0 0 0 0 0 0 0 0 0 0 0 0 0 0 0 0 0 0 0 0 0 0 0 0 0 0 4096 0 0 0 0 0 0 0 0 0 0 0 1048576 0 0 0 0 0 0 0 0 0 0 0 0 0 0 0 0 0 0 0 0 0 0 0 0 0 0 0 0 0 0 0 0 0 0 0 0 0 0 0 0 0 0 0 0 0 0 0 0 0 0 0 0 0 0 0 0 0 0 0 4096
is_linear=0
shrinkage=0.05


Tree=64
num_leaves=63
num_cat=1
split_feature=8 14 13 14 14 14 14 14 13 13 14 13 14 8 2 14 8 13 8 14 8 2 8 13 13 8 13 8 8 2 8 8 13 13 2 14 13 8 14 9 8 13 8 8 14 14 14 14 8 2 2 8 14 13 15 14 8 14 8 14 8 13
split_gain=6.70058 2.48824 1.36002 0.77768 0.558636 0.495404 0.477543 0.448553 0.377528 0.347983 0.293312 0.288975 0.271538 0.24971 0.206462 0.205952 0.198511 0.198289 0.194647 0.184593 0.1834 0.20481 0.214209 0.18065 0.180477 0.200418 0.17828 0.225783 0.176315 0.165742 0.165355 0.154648 0.145866 0.142904 0.139011 0.130699 0.130527 0.134137 0.127237 0.118888 0.116683 0.114043 0.110732 0.10735 0.103258 0.101678 0.101396 0.0994008 0.096904 0.0954873 0.0933654 0.0925727 0.0923006 0.0921896 0.0910894 0.0896907 0.130439 0.089602 0.0972862 0.0890312 0.171309 0.0879753
threshold=1.6005000000000003 -0.072753853127978205 1.6704107100160936 0.052675886764653186 0.0039318884002210739 0.16225525264032251 0.11223586075350268 -0.18094641324931535 1.5942176516137458 1.5942176516137458 0.0024249685760344701 1.5620247581554929 -0.041556767729950976 1.7355000000000003 16.500000000000004 0.23413795335978729 1.5095000000000003 1.5202232939343461 1.9525000000000003 0.077536843043799722 1.6385000000000003 16.500000000000004 1.7055000000000002 1.5495233528697814 1.5620247581554929 1.6745000000000003 1.5202232939343461 1.5255000000000003 1.7995000000000003 10.500000000000002 1.5685000000000002 1.6595000000000002 1.5166211159358285 1.5603868625758619 22.500000000000004 0.047216323069124606 1.5202232939343461 1.4455000000000002 0.16225525264032251 1.6285000000000001 1.3795000000000002 1.7233856722950194 1.5585000000000002 1.4555000000000002 -0.43157113762399762 -0.043357582155314704 -0.15599773044947726 -0.38737377499806386 1.6285000000000001 18.500000000000004 8.5000000000000018 1.5435000000000001 0.045605329836928117 1.6704107100160936 0 -0.12088132352990653 1.3955000000000002 0.047216323069124606 1.5685000000000002 -0.016336974655652977 1.7395000000000003 1.7536580398458059
decision_type=10 2 2 2 2 2 2 2 2 2 2 2 2 10 2 2 8 2 10 2 10 2 10 2 2 10 2 10 10 2 10 10 2 2 2 2 2 10 2 10 10 2 10 8 2 2 2 2 10 2 2 10 2 2 9 2 10 2 10 2 10 2
left_child=1 7 6 12 9 8 10 23 17 26 33 16 -4 31 -15 32 36 34 39 51 -14 -22 -23 47 25 35 27 -3 49 30 45 -5 -8 -2 -6 -12 37 55 -30 -17 -13 -42 -43 -28 54 50 -35 -1 -34 -16 -11 -19 -26 -10 -25 56 -9 -53 -59 -24 -61 -46
right_child=2 4 3 13 5 -7 15 11 53 29 24 40 20 14 28 18 -18 19 -20 -21 21 22 59 44 52 -27 43 -29 38 -31 -32 -33 48 46 -36 -37 -38 -39 -40 -41 41 42 -44 -45 61 -47 -48 -49 -50 -51 -52 57 -54 -55 -56 -57 -58 58 -60 60 -62 -63
leaf_value=-0.002244593677044447 -0.0013218755301499768 -0.00023235005138516458 5.4068835497964594e-05 0.0028123976221602217 -0.00012607626488665282 0.0027714699776598861 -1.6252970063945041e-05 -0.00050221226525204454 0.00054452178924183385 -0.00012406617827711401 -0.0003184152620732533 0.0011442402872146179 0.0011768755042410133 0.00038236542887604624 0.00092677230922460292 0.0021054198648677467 -0.0013850911805438329 0.00024101285446593182 0.0028290370062740264 0.00062885818690896253 0.00020168772328912961 0.00097946156892542136 0.00015243065885918347 -0.0020989272190709563 6.8043814200185394e-05 -0.00096181245019882542 0.0002391676939822923 -0.0010086386803045406 0.00055376133027908311 0.00064835175587927684 -7.0644609832058939e-05 0.00093035614154274727 0.0010717951851763523 -0.0015485844449011276 3.6216425496355611e-05 4.6939161950200394e-05 -0.00028491595559122324 -0.0010870830318257985 0.0016167122649210618 0.00057524723088546242 -0.00016345056416975563 0.001846727589914991 0.00020017373447525356 -0.00012701992563987773 -0.00048353911496924778 0.0006486537742182106 -0.00014761595123627901 -0.00085150478596716624 0.00032314207741046671 0.0018779390949861673 0.0010491375371532285 -7.0773506742457715e-06 0.00020583409908021003 0.0019024479105913391 -0.00071585812505301318 -0.00034270117914171681 -0.001362067193952092 0.00072150682855170187 9.0909092413183164e-05 0.00085448968880734487 0.00035849837107171302 -7.5930336256688988e-06
leaf_weight=133 276 31901 13351 114 41982 162 3417 7163 2353 1115 2646 180 601 16414 1574 139 464 5004 116 1311 25564 1535 3909 123 20050 528 2050 965 14777 1384 6838 2566 445 131 19242 32687 34118 773 287 1463 16399 121 654 84420 9535 1590 9159 3439 15069 317 200 70575 30860 132 2268 14226 470 630 20972 1977 14577 1081
leaf_count=133 276 31901 13351 114 41982 162 3417 7163 2353 1115 2646 180 601 16414 1574 139 464 5004 116 1311 25564 1535 3909 123 20050 528 2050 965 14777 1384 6838 2566 445 131 19242 32687 34118 773 287 1463 16399 121 654 84420 9535 1590 9159 3439 15069 317 200 70575 30860 132 2268 14226 470 630 20972 1977 14577 1081
internal_value=4.17964e-09 -0.00012505 0.000223811 0.00036166 -5.40382e-05 7.86741e-06 0.000108849 -0.000353189 5.10723e-06 -0.000131081 6.20794e-05 -0.000300888 0.000253594 0.000546063 0.000508769 0.00032705 -0.000355097 -4.40773e-06 0.000851227 3.95166e-05 0.000308904 0.000297936 0.000409786 -0.000588425 9.10472e-05 5.12916e-06 -0.000156015 -0.000255143 0.00063114 0.000136344 6.36134e-05 0.00101041 0.00027948 -0.000200681 -7.50695e-05 1.95787e-05 -0.000346676 -0.00043978 0.000574013 0.000708015 -0.000122168 -0.000135441 0.000457249 -0.000118338 -0.000501932 0.00037964 -0.000167371 -0.000903375 0.000344616 0.00108622 5.43678e-05 3.15662e-05 0.000151568 0.000616653 -0.00079878 -0.000416889 -0.000555158 2.0196e-05 0.0001093 0.000367053 0.000417733 -0.000435075
internal_weight=598522 383973 214549 97563 292826 162363 116986 91147 162201 130463 96337 74568 61514 36049 33369 20649 57214 159716 1718 98492 48163 47562 21998 16579 86771 35861 119336 32866 16955 11127 9743 2680 18931 9566 61224 35333 56750 22632 15064 1602 17354 17174 775 86470 13007 2905 9290 3572 15514 1891 1315 97181 50910 2485 2391 21859 7633 92177 21602 20463 16554 10616
internal_count=598522 383973 214549 97563 292826 162363 116986 91147 162201 130463 96337 74568 61514 36049 33369 20649 57214 159716 1718 98492 48163 47562 21998 16579 86771 35861 119336 32866 16955 11127 9743 2680 18931 9566 61224 35333 56750 22632 15064 1602 17354 17174 775 86470 13007 2905 9290 3572 15514 1891 1315 97181 50910 2485 2391 21859 7633 92177 21602 20463 16554 10616
cat_boundaries=0 72
cat_threshold=0 0 0 0 0 0 0 0 0 0 0 1310720 0 0 0 0 0 0 0 0 0 0 0 0 0 0 0 0 0 0 0 0 0 0 0 0 0 0 0 0 0 0 0 0 0 0 0 0 0 0 0 0 0 0 0 0 0 0 0 0 0 0 0 0 0 0 524288 0 0 0 0 4096
is_linear=0
shrinkage=0.05


Tree=65
num_leaves=63
num_cat=2
split_feature=8 14 13 14 13 14 13 14 8 14 13 13 14 14 13 8 13 14 13 8 14 8 14 8 13 8 8 8 8 14 8 14 15 13 8 13 14 14 10 13 8 8 0 8 7 8 3 14 7 8 3 12 8 13 3 13 8 8 3 8 14 14
split_gain=6.01503 2.26764 1.23136 0.695819 0.567333 0.484947 0.468195 0.401056 0.321207 0.291019 0.290711 0.259266 0.295899 0.248649 0.241034 0.227831 0.208208 0.18451 0.182067 0.175806 0.164001 0.161217 0.15553 0.162243 0.158025 0.16464 0.146453 0.145986 0.141249 0.14001 0.135477 0.135434 0.127095 0.12174 0.15353 0.12114 0.130431 0.11904 0.112261 0.1048 0.222772 0.100922 0.0982548 0.11444 0.0979738 0.0943336 0.0917007 0.148567 0.0901346 0.102695 0.0893419 0.0819905 0.0807058 0.0792258 0.0789588 0.0786591 0.0782961 0.0758934 0.0738105 0.0736478 0.119759 0.0867589
threshold=1.6005000000000003 -0.033243525569643488 1.7233856722950194 -0.12088132352990653 1.637672227396908 0.066029166787542351 1.5818107396984753 0.045084943460572575 1.7685000000000002 -0.072753853127978205 1.5202232939343461 1.558709477621917 0.036986227522251232 0.038675886764653174 1.5620247581554929 1.4855000000000003 1.6704107100160936 0.16225525264032251 1.5084090432148856 1.7455000000000003 -0.10769301513790684 1.4055000000000002 -0.21883843750534868 1.2995000000000003 1.6907371699262386 1.5585000000000002 1.6245000000000003 1.5275000000000001 1.6495000000000002 0.13040155132661349 1.5585000000000002 0.015605329836928085 0 1.5084090432148856 1.5475000000000001 1.5318691884456672 0.19915643966100907 0.072498923975334542 1.1020000000000001 1.6547048977345689 1.6745000000000003 1.4935000000000003 1 1.6855000000000002 22.500000000000004 1.5835000000000001 9.5000000000000018 0.10538427610798919 18.500000000000004 1.8185000000000002 11.500000000000002 1.3482833333333335 1.4795000000000003 1.7536580398458059 10.500000000000002 1.5392767299445389 1.7785000000000002 1.5285000000000002 9.5000000000000018 1.6525000000000001 -0.080988863931896846 -0.007693015137906877
decision_type=10 2 2 2 2 2 2 2 10 2 2 2 2 2 2 8 2 2 2 10 2 10 2 8 2 8 10 10 10 2 10 2 9 2 10 2 2 2 8 2 10 10 1 10 2 10 2 2 2 10 2 10 10 2 2 2 10 10 2 10 2 2
left_child=1 3 5 18 11 9 35 20 -9 44 15 12 33 27 26 -5 21 28 38 -19 -4 -12 32 -24 25 51 -11 -13 -8 48 -18 54 -20 34 58 -7 56 -6 -1 -33 -41 -26 43 -22 -2 -15 -14 -48 -10 -50 -32 -25 -35 -34 -16 -28 -37 -49 -3 60 -44 -61
right_child=2 4 7 10 37 6 17 8 29 14 16 13 46 45 31 -17 30 19 22 -21 42 -23 23 24 41 -27 55 -29 -30 -31 50 39 53 52 -36 36 -38 -39 -40 40 -42 -43 59 -45 -46 -47 47 57 49 -51 -52 -53 -54 -55 -56 -57 -58 -59 -60 61 -62 -63
leaf_value=-0.0022380705923327089 -0.00039255101751265489 -0.0005919274941161651 -0.00021793368097685944 -0.00031372083331962188 0.00087151319603019943 2.3024192459771185e-05 0.0011079031055898315 0.0014849065272529343 0.00042938395804319488 -4.2782154910116552e-05 0.00042963823999538157 0.00052003087766665668 -0.00020314085328605169 0.00099948947432812203 -0.00027969513763215952 -0.0010947943796928178 0.0016658655491348193 0.0024014778930352477 -0.0020693491855294632 0.0007037098273096462 0.0017849876930744483 -0.00017910919913054313 0.0014576449347776363 -0.00022457339565408916 0.0016558298453836159 -0.0023853047199629469 -0.0013805002477866684 2.9448924085109316e-05 0.00034295757478611743 0.0010636637582252997 0.00011536941358895109 0.00010106846118209643 -0.00060598579864553888 0.0001955244074113297 -0.00097936584106747397 0.00017966872759545149 0.00065308799943168867 0.0023686211431164627 -0.00069023557112814909 0.00087978886767209905 0.00020700002655928501 2.4779960699400502e-05 0.00016813092554332075 0.00048057083311598824 -0.0018850932239919253 0.00035547500076091993 3.0155054103106901e-05 0.0020140794642502444 0.0012686791171230647 0.00058998289348588474 0.0014732183463913645 -0.00043047587601397212 -8.9146692703311178e-05 -0.00024994354972712182 4.5297985536168784e-05 -0.00038784740294886755 -0.00099295791952099042 0.00053713454424963384 -0.00016823074352016344 0.00016685500771066876 0.0012660433692640138 0.00035747001761606196
leaf_weight=120 2504 1096 1460 27849 1050 14609 620 927 13730 9994 1104 1575 4184 756 2035 966 162 163 131 2363 174 73285 125 6743 101 102 220 40794 22650 1187 2626 27374 8970 2557 646 31365 1490 152 4921 1324 17403 1555 508 4997 115 2294 68922 100 606 6945 127 17085 94685 1892 22901 2149 143 668 16541 11512 486 12399
leaf_count=120 2504 1096 1460 27849 1050 14609 620 927 13730 9994 1104 1575 4184 756 2035 966 162 163 131 2363 174 73285 125 6743 101 102 220 40794 22650 1187 2626 27374 8970 2557 646 31365 1490 152 4921 1324 17403 1555 508 4997 115 2294 68922 100 606 6945 127 17085 94685 1892 22901 2149 143 668 16541 11512 486 12399
internal_value=-3.80919e-07 -0.000118853 0.000211791 -0.000272386 -2.26668e-05 0.000141446 0.000235848 0.000415947 0.000572805 6.0889e-05 -0.000204357 -2.82131e-05 -5.39412e-05 7.9074e-05 7.71863e-05 -0.000339906 -0.000153831 0.000407396 -0.00044532 0.000813265 0.000299582 -0.000170075 -0.000406622 -0.000339322 -0.000348101 -0.000380789 -0.000126568 4.76855e-05 0.000363339 0.000535173 0.000260696 0.000112647 -0.000564028 -0.000103917 -0.00022229 0.000142894 0.000195964 0.00106083 -0.000727081 0.000163422 0.000254566 0.000124258 0.000324705 0.000523451 -0.000458088 0.000515106 2.42118e-05 3.78614e-05 0.000505695 0.000644451 0.000178009 -0.000372208 -8.16612e-05 -0.000543468 1.87756e-05 -0.000480031 0.000174347 0.000729445 -0.00019456 0.000283115 0.000704937 0.000265698
internal_weight=598237 383884 214353 147864 236020 159422 73403 54931 23395 86019 106119 234818 189399 45419 83400 28815 77304 25796 41745 2526 31536 74389 36704 25711 25586 23930 12363 42369 23270 22468 2915 71037 10993 115525 18283 47607 32998 1202 5041 46101 18727 1656 30076 5171 2619 3050 73874 69690 21281 7551 2753 23828 97242 10862 24936 2369 31508 768 17637 24905 994 23911
internal_count=598237 383884 214353 147864 236020 159422 73403 54931 23395 86019 106119 234818 189399 45419 83400 28815 77304 25796 41745 2526 31536 74389 36704 25711 25586 23930 12363 42369 23270 22468 2915 71037 10993 115525 18283 47607 32998 1202 5041 46101 18727 1656 30076 5171 2619 3050 73874 69690 21281 7551 2753 23828 97242 10862 24936 2369 31508 768 17637 24905 994 23911
cat_boundaries=0 72 73
cat_threshold=0 0 0 0 0 0 0 0 256 0 0 262144 0 0 0 0 0 0 0 0 0 0 0 0 0 0 0 0 0 0 0 0 0 0 0 0 0 0 0 0 0 0 0 0 0 0 0 0 0 0 0 0 0 0 0 0 0 0 0 0 0 0 0 0 0 0 0 0 0 0 0 4096 16
is_linear=0
shrinkage=0.05


Tree=66
num_leaves=63
num_cat=1
split_feature=8 14 13 14 14 14 14 8 13 13 14 14 13 14 13 8 13 8 13 13 13 8 13 14 14 13 8 8 8 13 8 8 14 2 14 13 8 14 8 11 2 8 13 14 14 2 8 8 2 8 14 2 13 11 2 8 14 8 8 14 15 2
split_gain=5.42866 2.06281 1.12485 0.590889 0.544315 0.454884 0.439709 0.334502 0.321254 0.311685 0.280133 0.2753 0.242798 0.226504 0.220171 0.188193 0.182786 0.311661 0.182745 0.169905 0.166841 0.205893 0.156453 0.154127 0.131729 0.126331 0.162719 0.122031 0.1212 0.120481 0.117997 0.11627 0.112634 0.123088 0.112437 0.111216 0.108213 0.105475 0.105458 0.101088 0.101023 0.102035 0.0988587 0.0973083 0.0966483 0.0962675 0.0958813 0.0955413 0.0953196 0.291774 0.094248 0.0925657 0.0915634 0.113601 0.0906748 0.0876251 0.0875171 0.0912346 0.0866304 0.0864806 0.0846504 0.0833826
threshold=1.6005000000000003 -0.089573378119072275 1.6907371699262386 0.0039318884002210739 -0.0073137569825507667 0.16225525264032251 0.095611870834130933 1.6745000000000003 1.5942176516137458 1.5818107396984753 -0.007693015137906877 -0.17078978286007715 1.5942176516137458 0.0746498760321639 1.5620247581554929 1.6555000000000002 1.5942176516137458 1.5195000000000001 1.7046866203691244 1.5202232939343461 1.5367267329084688 1.5395000000000001 1.54966313260261 0.077536843043799722 0.071216323069124635 1.5166211159358285 1.3455000000000001 1.4285000000000003 1.7545000000000002 1.5516355476671841 1.5885000000000002 1.3795000000000002 -0.21883843750534868 19.500000000000004 -0.38737377499806386 1.5202232939343461 1.5745000000000002 -0.085638412842621955 1.5235000000000001 1.6583571428571433 19.500000000000004 1.8295000000000001 1.7233856722950194 -0.38737377499806386 0.047216323069124606 1.5000000000000002 1.4555000000000002 1.7045000000000001 17.500000000000004 1.7585000000000002 -0.15599773044947726 16.500000000000004 1.7383870967741937 1.5390714285714286 8.5000000000000018 1.6645000000000001 0.19915643966100907 1.9255000000000002 1.5325000000000002 0.040329230427327285 0 1.5000000000000002
decision_type=10 2 2 2 2 2 2 10 2 2 2 2 2 2 2 10 2 8 2 2 2 10 2 2 2 2 10 10 10 2 10 8 2 2 2 2 10 2 10 10 2 10 2 2 2 2 10 10 2 10 2 2 2 10 2 10 2 10 10 2 9 2
left_child=1 11 6 9 32 8 10 -6 19 20 29 22 35 48 15 44 17 25 38 24 21 45 31 58 30 27 -27 -13 -15 -2 61 43 -4 37 42 -8 46 -34 -11 51 -30 -42 60 -1 -12 -3 -22 -14 -9 -50 -31 -39 53 -36 -49 -53 -37 -58 -21 -16 -24 -5
right_child=2 3 4 5 7 -7 12 13 -10 18 14 16 47 28 59 -17 -18 -19 -20 23 36 -23 34 -25 -26 26 -28 -29 40 50 -32 -33 33 -35 52 56 -38 39 -40 -41 41 -43 -44 -45 -46 -47 -48 54 49 -51 -52 55 -54 -55 -56 -57 57 -59 -60 -61 -62 -63
leaf_value=-0.0020352699639796116 -0.0014238798430559439 -0.00058861428809562591 -0.0011492715301000022 -0.00042137152267283446 0.0017457787034800276 0.0026649261929632762 3.1032959969761727e-05 0.00028105692711850525 0.00057014496319732796 0.00045442430163857234 -0.0002922293017099627 -0.00042074867878257586 0.0010131403064747369 0.0013304303082386181 6.5266074945817735e-05 -0.00073439815261316162 2.2054403806561515e-05 -0.0017483891594147903 0.0020786364368097113 0.00032548977457008286 0.00022398198635117245 -0.0010384461275278561 -0.0018171606057759135 0.00057704774187994465 6.24715444394741e-05 0.0007885416129705926 -0.00027690083825184902 -0.0012130106616889927 0.00047319965153679201 -0.0014979912719701753 -0.0006564686217585239 -0.0021082445089855503 -0.0002539543628724049 0.0003685312788879556 -0.00034077677209225438 0.00022970698128361544 -0.00043215826159825822 0.0001481832580502155 2.0614982699528484e-05 -7.1801700939761921e-06 0.001809221590154393 0.00069355977409080996 -0.00039641069364058066 -0.00067847922822695703 2.6509118345667928e-05 -0.0001977173611873117 -0.00010647015725574402 7.7788495500180838e-05 0.0012266102397931126 0.00038550681800078297 -0.00014792809221001666 0.0011782677494264315 0.00025364621603632262 -0.0013963403083959642 0.0005747770812583946 0.00037324385044233471 0.00050202952177709427 0.0020176913915756381 2.2910487657352514e-05 0.00018749952828309082 -0.00074941630005546142 -8.3843609833643304e-05
leaf_weight=136 194 1623 166 1910 480 161 6881 21321 2484 1545 2627 11243 941 504 23361 910 4144 381 113 2426 2263 759 207 1307 14617 362 35637 508 13072 131 966 155 1921 5373 8267 17496 2481 7114 15026 7035 215 4379 2352 4667 25121 53315 73174 1171 1101 16233 9799 399 625 263 4244 2212 1825 105 94934 38022 2273 43560
leaf_count=136 194 1623 166 1910 480 161 6881 21321 2484 1545 2627 11243 941 504 23361 910 4144 381 113 2426 2263 759 207 1307 14617 362 35637 508 13072 131 966 155 1921 5373 8267 17496 2481 7114 15026 7035 215 4379 2352 4667 25121 53315 73174 1171 1101 16233 9799 399 625 263 4244 2212 1825 105 94934 38022 2273 43560
internal_value=-3.63602e-07 -0.000112913 0.000201201 -5.75959e-05 0.000347403 8.53674e-06 0.000111468 0.000431395 5.90007e-06 -0.000129038 5.9519e-05 -0.000355763 0.000270776 0.000420293 8.75572e-05 -2.68704e-05 -0.000296583 -0.000324017 7.47262e-05 -2.87519e-06 -0.000154481 -0.000220565 -0.000519058 3.76907e-05 -6.84332e-05 -0.000312652 -0.000266187 -0.000454998 0.000565893 -0.000189848 -0.000109639 -0.000760395 0.000148675 0.000157632 -0.00043351 0.000203769 -0.000107243 9.69735e-05 6.10613e-05 0.000137196 0.000544082 0.000745773 -0.000628642 -0.000716898 -3.66696e-06 -0.000209265 -9.65571e-05 0.000548113 0.000351852 0.000438931 -0.000165739 0.000241637 -0.00033052 -0.000373322 0.000467303 0.000496264 0.000264955 0.000584488 3.04501e-05 0.00014098 -0.000848888 -9.80217e-05
internal_weight=598237 383884 214353 312664 81525 162365 132828 57305 162204 150299 100165 71220 32663 56825 90041 28658 52275 48131 16684 159720 133615 55697 18945 98667 61053 47750 35999 11751 18170 10124 46436 4958 24220 24054 13987 26307 77918 18681 16571 16760 17666 4594 4832 4803 27748 54938 75437 6356 38655 17334 9930 9725 9155 8530 5415 2611 19426 1930 97360 61383 2480 45470
internal_count=598237 383884 214353 312664 81525 162365 132828 57305 162204 150299 100165 71220 32663 56825 90041 28658 52275 48131 16684 159720 133615 55697 18945 98667 61053 47750 35999 11751 18170 10124 46436 4958 24220 24054 13987 26307 77918 18681 16571 16760 17666 4594 4832 4803 27748 54938 75437 6356 38655 17334 9930 9725 9155 8530 5415 2611 19426 1930 97360 61383 2480 45470
cat_boundaries=0 72
cat_threshold=0 0 0 0 0 0 0 0 0 0 0 1048576 0 0 0 0 0 0 0 0 0 0 0 0 0 0 0 0 0 0 0 0 0 0 0 0 0 0 0 0 0 0 0 0 0 0 0 0 0 0 0 0 0 0 0 0 0 0 0 0 0 262144 0 0 0 0 0 0 0 0 0 4096
is_linear=0
shrinkage=0.05


Tree=67
num_leaves=63
num_cat=3
split_feature=8 14 8 14 14 14 14 3 2 14 14 7 8 7 3 7 3 8 14 8 14 2 8 7 7 14 14 2 14 2 8 14 14 7 14 3 8 8 14 14 8 14 7 2 7 14 7 8 14 14 8 7 7 8 0 2 8 4 14 8 0 10
split_gain=4.89947 1.88553 0.633631 0.464235 0.425252 0.417101 0.32845 0.270469 0.238067 0.198199 0.182158 0.177884 0.177344 0.161036 0.158629 0.142485 0.142076 0.126231 0.139457 0.119467 0.117912 0.117933 0.11792 0.117847 0.116307 0.164419 0.128253 0.16185 0.185234 0.146569 0.108347 0.10761 0.106087 0.105298 0.180339 0.131876 0.170874 0.102669 0.102603 0.0987227 0.0979436 0.0958503 0.087806 0.0875856 0.086151 0.085806 0.0840156 0.253607 0.0886634 0.0831005 0.100685 0.0824476 0.0812156 0.0970664 0.0804931 0.0804307 0.0796334 0.110596 0.0771914 0.0757598 0.0729572 0.072231
threshold=1.6005000000000003 -0.060503569110441073 1.6985000000000003 0.037522772754146956 0.16225525264032251 -0.15599773044947726 0.013708424373687246 12.500000000000002 13.500000000000002 -0.16293947650256976 0.19915643966100907 39.500000000000007 1.9980000000000004 39.500000000000007 12.500000000000002 1.5000000000000002 9.5000000000000018 1.7455000000000003 0.10341015521107856 1.4895000000000003 -0.098013725119323034 13.500000000000002 1.7355000000000003 1.5000000000000002 23.500000000000004 0.034447458763057 -0.062753853127978196 8.5000000000000018 0.042273546693540894 22.500000000000004 1.5655000000000003 0.23413795335978729 0.11223586075350268 1.5000000000000002 0.092456750038657401 15.500000000000002 1.5615000000000003 1.7395000000000003 0.015605329836928085 0.093712898865754193 1.6445000000000001 -0.0073137569825507667 8.5000000000000018 23.500000000000004 2.5000000000000004 -0.43157113762399762 23.500000000000004 1.4095000000000002 -0.26606811159977889 0.056795102265431392 1.5955000000000001 25.500000000000004 39.500000000000007 1.6455000000000002 0 6.5000000000000009 1.8055000000000001 1 -1.0000000180025095e-35 1.5755000000000001 2 1.1020000000000001
decision_type=10 2 10 2 2 2 2 2 2 2 2 2 10 2 2 2 2 10 2 8 2 2 10 2 2 2 2 2 2 2 10 2 2 2 2 2 10 10 2 2 10 2 2 2 2 2 2 8 2 2 10 2 2 10 1 2 10 1 2 10 1 8
left_child=1 5 9 7 6 23 11 20 31 -2 24 15 14 16 17 -3 -7 -10 54 -15 37 22 58 61 26 -26 -11 38 -29 40 -13 42 -16 -8 35 36 44 -4 -28 52 -30 60 -5 -17 -35 55 48 -48 -47 50 -37 -9 -27 -54 -19 -25 57 -20 -22 -51 -23 -1
right_child=2 4 3 8 -6 13 33 51 12 10 -12 30 -14 19 32 43 -18 18 56 -21 21 41 -24 45 25 39 27 28 29 -31 -32 -33 -34 34 -36 49 -38 -39 -40 -41 -42 -43 -44 -45 -46 46 47 -49 -50 59 -52 -53 53 -55 -56 -57 -58 -59 -60 -61 -62 -63
leaf_value=-0.0020521047082729636 -0.0020224593874554153 -0.00041972873428058888 -0.0014349124091646186 1.3693648533550052e-05 0.0025316798697648558 -0.00055581643904918556 -0.0001473142291516436 -0.00053346879472043057 0.0008567102341489743 -6.571564062791701e-05 0.0021261087494947009 -0.00014456442526779377 0.0022951468370220529 -0.00029048913333349404 -0.00036007071071072019 1.1148348400568672e-05 -0.00014721120171228857 0.00062434337564546511 0.0023258875799209082 -0.00083755568178673918 -0.0013720270784106107 0.00027943422403142775 -0.0012551875628372558 -0.0019045797420026416 -0.0003233154301181578 7.7673835217129548e-05 -0.00025766441041260674 0.00020112192565986976 0.0016967901369119348 0.00026118321773019288 -0.00051824163061841655 0.00091449336346101058 0.00026628201078936279 4.5432377077247595e-05 0.00046732010927425562 -5.727822925974994e-05 4.487630317151185e-05 -0.00013056590967531434 0.00011593970767090572 0.00018403308564318989 0.00068397514783799821 0.00029591046083614808 0.00026172967213570797 -0.00010487055352245024 0.00044550178595596573 -0.00042188863894321532 -0.00045700657732837286 -0.0017597276420005634 -0.00012017730805982178 0.00019805123272618495 -0.0007276514758325067 -0.001983268517370464 -5.1161375692160718e-05 -0.00073264331221373148 0.00036168601552184309 -0.00064853457612144404 0.0005774741000361827 0.00083658583194738993 3.1994186662240825e-05 -6.4483699469387251e-06 3.8774728675821768e-05 -0.00077975031684770395
leaf_weight=120 109 2413 175 4591 161 2237 9267 788 1924 5688 112 59684 127 39225 777 46882 43429 3344 149 1024 100 4737 194 135 2701 27253 2030 23565 264 2670 2005 551 5202 1953 2286 46090 51665 1094 19400 15215 2491 17008 16014 24911 4327 6231 8880 390 3997 6350 567 112 9479 553 25301 2280 5831 763 4651 15792 9390 1583
leaf_count=120 109 2413 175 4591 161 2237 9267 788 1924 5688 112 59684 127 39225 777 46882 43429 3344 149 1024 100 4737 194 135 2701 27253 2030 23565 264 2670 2005 551 5202 1953 2286 46090 51665 1094 19400 15215 2491 17008 16014 24911 4327 6231 8880 390 3997 6350 567 112 9479 553 25301 2280 5831 763 4651 15792 9390 1583
internal_value=-3.47567e-07 -0.000107271 0.000191141 0.000280672 -3.72545e-05 -0.000282648 -3.8763e-05 0.00014263 0.000362439 0.0001086 0.000110684 -9.39684e-05 0.000429454 -0.000231493 0.000423981 -4.18104e-05 -0.000167227 0.000462294 0.00044085 -0.000304407 0.000163269 0.000179931 -4.68967e-05 -0.000468751 0.000108656 5.7128e-05 0.000159352 0.000184742 0.000261764 0.000525179 -0.00015671 0.000224905 0.000184884 1.54837e-05 2.71759e-05 1.92373e-05 7.48115e-05 -0.00031044 8.05493e-05 7.67009e-05 0.000781029 0.000215956 0.000206465 -2.91083e-05 0.000321085 -0.000437614 -0.000402793 -0.000511814 -0.000303983 -2.75693e-05 -6.5425e-05 -0.000713888 3.29016e-05 -8.87271e-05 0.000392693 -0.000718748 0.000645428 0.0010799 2.44207e-06 5.21991e-05 0.000119697 -0.000869405
internal_weight=598237 383884 214353 102823 274353 109531 274192 38249 64574 111530 111421 135895 43418 85915 43291 74206 45666 37312 35388 40249 37349 36080 4945 23616 111309 55201 56108 50420 28990 5425 61689 21156 5979 138297 129030 126744 57945 1269 21430 52500 2755 31135 20605 71793 6280 21913 19498 9270 10228 68799 46657 900 37285 10032 28645 2415 6743 912 4751 22142 14127 1703
internal_count=598237 383884 214353 102823 274353 109531 274192 38249 64574 111530 111421 135895 43418 85915 43291 74206 45666 37312 35388 40249 37349 36080 4945 23616 111309 55201 56108 50420 28990 5425 61689 21156 5979 138297 129030 126744 57945 1269 21430 52500 2755 31135 20605 71793 6280 21913 19498 9270 10228 68799 46657 900 37285 10032 28645 2415 6743 912 4751 22142 14127 1703
cat_boundaries=0 1 2 3
cat_threshold=16 1 48
is_linear=0
shrinkage=0.05


Tree=68
num_leaves=63
num_cat=1
split_feature=8 14 13 14 13 14 13 14 8 14 13 13 14 13 14 14 8 13 13 8 13 8 8 14 8 14 8 14 8 8 8 13 8 14 15 2 13 8 2 8 8 13 13 2 8 8 10 14 2 13 14 8 13 14 8 13 13 13 14 8 8 14
split_gain=4.42187 1.71915 0.950806 0.538182 0.468624 0.389042 0.340887 0.31 0.298486 0.243322 0.225169 0.212686 0.231957 0.206878 0.206811 0.180328 0.193947 0.160617 0.15557 0.152929 0.150723 0.197661 0.142153 0.142066 0.19965 0.1399 0.143391 0.136937 0.186668 0.135278 0.129487 0.126169 0.169417 0.115591 0.115067 0.108795 0.105386 0.120854 0.101578 0.195312 0.0991302 0.125359 0.112477 0.0974537 0.120108 0.0940144 0.089485 0.0883632 0.0852791 0.084926 0.0848543 0.078373 0.0761996 0.0804872 0.0864493 0.0842675 0.0826635 0.0755712 0.0749836 0.221494 0.0743412 0.0720474
threshold=1.6005000000000003 -0.03110681984255825 1.7233856722950194 -0.11067076957267273 1.637672227396908 0.07560532983692804 1.558709477621917 0.05901113606810305 1.7795000000000003 -0.061362067389807311 1.6547048977345689 1.558709477621917 0.043246146872021669 1.6049724144486879 0.052675886764653186 0.23413795335978729 1.7995000000000003 1.5318691884456672 1.5084090432148856 1.5515000000000001 1.5202232939343461 1.4855000000000003 1.4155000000000002 -0.060503569110441073 1.6695000000000002 -0.21883843750534868 1.2995000000000003 0.011986274880676941 1.6325000000000001 1.6585000000000003 1.5325000000000002 1.6907371699262386 1.5685000000000002 0.17864477115549585 0 12.500000000000002 1.5084090432148856 1.5545000000000002 10.500000000000002 1.6895000000000002 1.5385000000000002 1.637672227396908 1.5776445871710891 19.500000000000004 1.7355000000000003 1.4935000000000003 1.1020000000000001 -0.027534202605968169 13.500000000000002 1.6049724144486879 -0.21883843750534868 1.4895000000000003 1.5006467550418605 0.087060523497430223 1.5655000000000003 1.5318691884456672 1.5202232939343461 1.5202232939343461 0.0086131374241383857 1.7385000000000004 1.4855000000000003 0.0039318884002210739
decision_type=10 2 2 2 2 2 2 2 10 2 2 2 2 2 2 2 10 2 2 10 2 10 10 2 10 2 8 2 10 10 10 2 10 2 9 2 2 10 2 10 10 2 2 2 10 10 8 2 2 2 2 10 2 2 10 2 2 2 2 10 10 2
left_child=1 3 5 18 11 9 57 23 -9 49 20 12 36 17 30 -8 -17 -11 46 -12 21 -5 -22 50 47 34 -27 -15 -29 -19 -13 32 -28 -10 -20 -6 37 -3 -30 -40 41 -24 -42 58 -45 -33 -1 -25 -21 -2 -4 -14 -53 54 56 -56 -54 -7 -26 -60 -38 -32
right_child=2 4 7 10 35 6 15 8 33 13 19 14 51 27 -16 16 -18 29 25 48 22 -23 40 24 43 26 31 28 38 -31 61 45 -34 -35 -36 -37 60 -39 39 -41 42 -43 -44 44 -46 -47 -48 -49 -50 -51 -52 52 53 -55 55 -57 -58 -59 59 -61 -62 -63
leaf_value=-0.0019494994980050252 -0.001042238772036013 -0.00016817282629778837 -0.0010679718838087339 -0.00025645326794978618 0.00082764315983902513 -2.7167946509243716e-05 0.00031871075696942208 0.0014566862444529271 0.00046975663644443339 -0.00078552681071993339 0.0015549021440110114 0.00042234444125808515 0.00078781156305922188 3.4805561680639502e-05 0.00071134137449765206 0.0028085599065136081 0.0007325162630933261 2.6720361150935954e-05 -0.00082165339620974057 8.1732475647468945e-05 0.00041007472994923226 -0.00096780272059996926 -0.00013520726824157769 0.00074074322867230373 0.00010918707400241431 0.0014084456492681058 -0.00030488934852658436 0.00072075125510931252 6.5711324840076938e-05 -0.00034147989009901294 -3.638755352032358e-05 0.0015927946526962935 -0.0021567303876508961 0.0015401362017428257 -0.00040746369025858607 0.0024933304661384752 0.00020121825128877483 -0.00092515063616429964 0.00074667893856357839 0.00019474540888174689 -0.00063746013284761264 0.0012204671408456878 -0.00020578264869751145 0.0009312762242936972 0.0003610065897489878 2.4797432508964021e-05 -0.00057111014720639052 0.0018608567448189625 0.0012864859671989346 -0.00024100455052941452 7.9613009318300687e-05 -9.3762206466824433e-05 0.00012423420567128843 0.00030041479823125598 -5.2298529421744393e-05 0.0001018158559228046 0.00058815100563979362 0.0001512237800397353 0.00098352617135308469 0.00023902634765630778 -7.0141882173678676e-05 9.6781298381087518e-05
leaf_weight=120 361 19406 166 25150 1062 8122 28186 829 17104 660 198 2309 345 20646 1246 128 929 35878 2098 3677 1141 1016 61163 1147 7932 125 31051 1621 13621 2681 18294 101 124 256 8895 108 2586 542 1752 18829 2066 171 5597 1031 8840 1787 6269 208 153 3943 5436 10004 7510 3192 22752 14537 1101 22065 1100 10882 105154 22834
leaf_count=120 361 19406 166 25150 1062 8122 28186 829 17104 660 198 2309 345 20646 1246 128 929 35878 2098 3677 1141 1016 61163 1147 7932 125 31051 1621 13621 2681 18294 101 124 256 8895 108 2586 542 1752 18829 2066 171 5597 1031 8840 1787 6269 208 153 3943 5436 10004 7510 3192 22752 14537 1101 22065 1100 10882 105154 22834
internal_value=-3.29099e-07 -0.000101907 0.000181587 -0.000233382 -1.67518e-05 0.000119773 0.000221088 0.000360985 0.000529803 5.9557e-05 -0.000166345 -2.17897e-05 -4.51927e-05 7.60989e-05 7.62204e-05 0.000342755 0.00098392 -1.21187e-05 -0.000366384 0.000199909 -0.000181664 -0.000284074 -0.000143458 0.000277412 0.000319113 -0.000333035 -0.000281828 0.000137368 0.000196478 1.11947e-06 5.80018e-05 -0.000288219 -0.000312255 0.000485541 -0.000487629 0.000981399 -8.31742e-05 -0.00018874 0.00017163 0.00024173 -0.000152612 -0.000131428 -0.000322166 0.000292109 0.00042057 0.000108679 -0.000596999 0.000912687 0.00012986 -0.000308208 4.56075e-05 3.6397e-05 3.20103e-05 5.76403e-05 4.07572e-05 7.78248e-06 0.00018355 0.000103226 0.000228434 0.000307375 -6.36286e-05 3.75469e-05
internal_weight=598237 383884 214353 150902 232982 159422 59430 54931 18189 99992 100332 231812 187129 95688 44683 29243 1057 39219 50570 4028 96304 26166 70138 36742 31140 44181 33188 56469 35823 38559 43437 33063 31175 17360 10993 1170 127688 19948 34202 20581 68997 61334 7663 29785 9871 1888 6389 1355 3830 4304 5602 59441 59096 49092 45900 37289 8611 30187 19914 11982 107740 41128
internal_count=598237 383884 214353 150902 232982 159422 59430 54931 18189 99992 100332 231812 187129 95688 44683 29243 1057 39219 50570 4028 96304 26166 70138 36742 31140 44181 33188 56469 35823 38559 43437 33063 31175 17360 10993 1170 127688 19948 34202 20581 68997 61334 7663 29785 9871 1888 6389 1355 3830 4304 5602 59441 59096 49092 45900 37289 8611 30187 19914 11982 107740 41128
cat_boundaries=0 72
cat_threshold=0 0 524288 0 0 0 0 1073741824 256 0 4 1310720 0 16384 0 0 0 0 0 0 0 0 0 0 0 0 0 0 0 0 0 0 0 0 0 0 0 0 0 0 0 0 0 0 1073741824 2 0 0 0 0 0 0 0 0 0 0 49152 0 0 0 0 262144 4096 0 0 0 786432 0 0 64 1073741824 4489
is_linear=0
shrinkage=0.05


Tree=69
num_leaves=63
num_cat=0
split_feature=8 14 13 13 14 14 13 14 14 13 14 8 13 13 8 8 13 13 8 14 8 8 13 8 13 8 14 8 14 13 13 8 14 8 14 14 14 14 14 8 13 8 13 13 14 8 14 14 8 2 8 8 13 8 13 9 14 8 8 13 14 8
split_gain=3.99078 1.56068 0.863365 0.427173 0.417721 0.375412 0.381973 0.23681 0.234899 0.233457 0.221684 0.203442 0.189257 0.184112 0.181714 0.177096 0.167359 0.166594 0.153924 0.137284 0.144677 0.136645 0.130226 0.1303 0.128397 0.127101 0.117296 0.151911 0.113061 0.14311 0.11236 0.175015 0.111547 0.149583 0.105952 0.105839 0.105665 0.098933 0.0947703 0.0918445 0.153274 0.0910284 0.0883199 0.0882295 0.0872112 0.0868009 0.197279 0.11651 0.131659 0.0908159 0.0848597 0.0831667 0.159234 0.0875479 0.0828846 0.0807719 0.0904685 0.183342 0.0788819 0.14916 0.0970189 0.0790013
threshold=1.6005000000000003 -0.046621137623997659 1.7383870967741937 1.637672227396908 -0.12375385312797836 0.064394664216348443 1.6049724144486879 0.023378862376002289 0.054522772754147082 1.5426053357836518 -0.061362067389807311 1.7995000000000003 1.5547134964177483 1.5318691884456672 1.4295000000000002 1.6445000000000001 1.5776445871710891 1.6547048977345689 1.5555000000000001 0.14267588676465329 1.7495000000000003 1.5055000000000003 1.5202232939343461 1.3955000000000002 1.7233856722950194 1.5935000000000004 -0.10769301513790684 1.6445000000000001 -0.38737377499806386 1.7233856722950194 1.5426053357836518 1.5705000000000002 0.13682272811992249 1.7195000000000003 0.053499587097057717 0.092456750038657401 -0.18094641324931535 0.070401551326613535 0.19915643966100907 1.5095000000000003 1.5547134964177483 1.9495000000000002 1.7233856722950194 1.5084090432148856 0.072498923975334542 1.6495000000000002 -0.012771575574402892 0.0069609999302068246 1.7095000000000002 13.500000000000002 1.4595000000000002 1.4885000000000004 1.6127524932844197 1.5195000000000001 1.5202232939343461 1.7555000000000003 -0.037704182444719729 1.7095000000000002 1.7655000000000001 1.6704107100160936 0.087060523497430223 1.6885000000000001
decision_type=10 2 2 2 2 2 2 2 2 2 2 10 2 2 10 10 2 2 8 2 10 8 2 8 2 10 2 8 2 2 2 8 2 10 2 2 2 2 2 10 2 10 2 2 2 10 2 2 10 2 10 8 2 10 2 10 2 10 10 2 2 10
left_child=1 4 5 7 22 9 32 13 26 -2 -11 35 21 18 -14 -8 30 -12 -3 58 -21 43 23 36 -16 44 -4 -28 42 51 37 -32 33 54 -33 -10 -1 -9 -13 40 -15 -34 -24 50 -5 46 -19 -47 49 -49 -6 -30 53 -53 -7 56 -29 -58 59 61 -61 -17
right_child=2 3 8 25 12 6 15 16 11 10 17 38 14 39 24 19 -18 45 -20 20 -22 -23 28 -25 -26 -27 27 55 29 -31 31 34 41 -35 -36 -37 -38 -39 -40 -41 -42 -43 -44 -45 -46 47 -48 48 -50 -51 -52 52 -54 -55 -56 -57 57 -59 -60 60 -62 -63
leaf_value=-0.00080000598031216034 -0.00080622796920736526 -0.00014074791579351823 -0.00016844305540848002 0.0009990613115099631 -0.00031624142904344041 -8.1690568064816715e-05 0.0019025599781383317 -5.2277161734655272e-05 0.00089155862212444623 -0.0002687586841208436 1.2798564221391168e-05 0.00043945346374516181 0.00075418010396999496 2.3874000741448866e-05 -0.00010115747215217731 0.00049300268691370114 0.00060181910872365808 0.00019160895976680627 -0.00079660888183290105 0.0019726662301465369 0.00057877125101777564 -0.00074083701976445152 -0.00075390230591424823 -0.00141798978058234 0.0013753054548303497 0.00034108351422632542 0.0014983019639827346 0.00014974401249152257 -0.00028393396837263495 0.00021372986671121643 0.00037833974868745632 1.7858142872120666e-05 0.00025834516786203964 -0.00072324101528646947 0.00031042065059448741 0.0023320259268048908 -0.0003973099580090551 8.1976384821928679e-05 0.0018743485448167434 -4.7928066151097017e-05 0.00057700496791797504 0.0017745925832277866 -0.000326264931554544 -0.00018880366766579261 0.0024867624587689837 -6.6062687047758887e-06 0.0010205091283950008 0.0002909823627602961 9.6740309795588541e-05 0.00084420897504326189 -0.0010170260485158199 -0.0010244945756958327 -0.00033684422399746553 -0.0025764108197683963 0.00012554859706957096 -1.7157556529092602e-06 0.00090366688228573375 0.00032478668656160377 0.00019932232418655644 0.00048640028887874092 0.0010259041346076768 0.00014843543340692456
leaf_weight=2181 788 46851 1389 725 10793 5566 184 55285 1843 4901 45945 14393 646 6726 28980 2361 1238 3456 912 201 2521 1277 2481 404 148 880 263 6211 22356 1377 4532 30507 9769 562 3444 137 6436 18253 116 82788 1539 100 2352 48400 114 11056 906 8061 14295 817 450 407 1285 117 36226 2173 1481 17896 9872 4193 1040 5631
leaf_count=2181 788 46851 1389 725 10793 5566 184 55285 1843 4901 45945 14393 646 6726 28980 2361 1238 3456 912 201 2521 1277 2481 404 148 880 263 6211 22356 1377 4532 30507 9769 562 3444 137 6436 18253 116 82788 1539 100 2352 48400 114 11056 906 8061 14295 817 450 407 1285 117 36226 2173 1481 17896 9872 4193 1040 5631
internal_value=-3.13671e-07 -9.68136e-05 0.000172508 -2.46352e-05 -0.000237627 0.000120126 0.000200289 -2.9992e-05 0.000364739 5.06235e-05 5.8173e-05 0.000515805 -0.000178576 -7.37665e-05 -7.52602e-05 0.000356867 2.36603e-05 7.71269e-05 -0.000153271 0.000345851 0.0006817 -0.000229071 -0.00037357 -0.00054038 -9.36555e-05 0.000760886 0.000280051 0.00030228 -0.000324029 -0.000282068 1.72708e-05 8.64933e-05 0.000122326 8.70513e-05 4.75358e-05 0.000991227 -0.000499234 -1.89538e-05 0.000450926 -3.20613e-05 0.000126871 0.000273709 -0.000545791 -0.000218114 0.0012012 0.000153714 0.000363774 0.000126945 0.000190663 0.000341893 -0.00034429 -0.00031032 -0.000636404 -0.00137101 9.79478e-05 0.000290949 0.000315803 0.000369031 0.000306271 0.000386105 0.000593621 0.000250228
internal_weight=598237 383884 214353 253794 130090 168451 78226 252075 45902 90225 89437 16489 90694 138816 29774 26003 113259 84536 47763 25819 2722 60920 39396 9021 29128 1719 29413 28024 30375 25542 112021 38483 52223 42354 33951 1980 8617 73538 14509 91053 8265 9869 4833 59643 839 38591 4362 34229 23173 8878 11243 24165 1809 524 41792 27761 25588 19377 23097 13225 5233 7992
internal_count=598237 383884 214353 253794 130090 168451 78226 252075 45902 90225 89437 16489 90694 138816 29774 26003 113259 84536 47763 25819 2722 60920 39396 9021 29128 1719 29413 28024 30375 25542 112021 38483 52223 42354 33951 1980 8617 73538 14509 91053 8265 9869 4833 59643 839 38591 4362 34229 23173 8878 11243 24165 1809 524 41792 27761 25588 19377 23097 13225 5233 7992
is_linear=0
shrinkage=0.05


Tree=70
num_leaves=63
num_cat=6
split_feature=8 14 13 14 14 14 14 13 8 14 13 14 13 8 13 13 14 2 8 13 8 13 14 8 15 8 8 13 8 13 13 8 2 14 11 11 14 14 2 8 14 8 13 14 2 7 8 13 15 2 14 15 15 8 13 0 15 8 14 8 14 8
split_gain=3.65153 1.43918 0.801229 0.450769 0.435897 0.376805 0.334665 0.330524 0.236412 0.225237 0.210508 0.179395 0.179105 0.174168 0.166286 0.154651 0.171757 0.162336 0.154383 0.151378 0.302472 0.149315 0.147991 0.137763 0.133579 0.125184 0.116346 0.114292 0.104264 0.102801 0.10025 0.154132 0.0972966 0.101546 0.124988 0.0943695 0.092967 0.091702 0.0916036 0.137188 0.0898521 0.102651 0.0895915 0.0876896 0.0843558 0.0820915 0.0805878 0.0800744 0.0791284 0.0780745 0.0777363 0.0761736 0.0755419 0.0725757 0.125827 0.0921667 0.0833762 0.072163 0.0709105 0.0706857 0.0694926 0.115142
threshold=1.6005000000000003 -0.096336974655652927 1.6907371699262386 0.17864477115549585 -0.012771575574402892 0.018630474422713931 0.10538427610798919 1.6049724144486879 1.7045000000000001 0.0024249685760344701 1.5818107396984753 -0.21883843750534868 1.5818107396984753 1.7185000000000004 1.5620247581554929 1.5318691884456672 0.054522772754147082 22.500000000000004 1.5325000000000002 1.5942176516137458 1.5095000000000003 1.6907371699262386 0.10341015521107856 1.5575000000000003 0 1.6695000000000002 1.7995000000000003 1.504530016522857 1.4885000000000004 1.6049724144486879 1.5202232939343461 1.4255000000000002 18.500000000000004 -0.17078978286007715 1.7196428571428575 1.3055000000000001 -0.091324113235346713 0.072119389748146037 19.500000000000004 1.8095000000000001 -0.078211632854578647 1.6325000000000001 1.5084090432148856 0.23413795335978729 15.500000000000002 1.5000000000000002 1.5895000000000004 1.6805745427964192 1 19.500000000000004 0.035214445847498006 2 3 1.6355000000000002 1.637672227396908 4 5 1.4895000000000003 0.069673381597143216 1.6495000000000002 0.013708424373687246 1.5515000000000001
decision_type=10 2 2 2 2 2 2 2 10 2 2 2 2 10 2 2 2 2 10 2 8 2 2 10 9 10 10 2 10 2 2 10 2 2 10 10 2 2 2 10 2 10 2 2 2 2 10 2 9 2 2 9 9 10 2 1 9 10 2 10 2 10
left_child=1 11 6 4 10 32 9 15 59 29 23 24 13 42 45 17 18 58 -17 20 30 28 38 27 51 -16 44 57 -12 36 31 -13 40 34 -34 -32 -2 -19 -10 -40 -4 -42 -11 -27 -24 -8 -18 -9 -35 -28 -44 -1 -21 54 -14 56 -55 -3 -6 -7 -20 -62
right_child=2 3 5 -5 7 8 14 47 22 12 21 19 53 -15 25 16 46 37 60 52 -22 -23 26 -25 -26 43 49 -29 -30 -31 35 -33 33 48 -36 -37 -38 -39 39 -41 41 -43 50 -45 -46 -47 -48 -49 -50 -51 -52 -53 -54 55 -56 -57 -58 -59 -60 -61 61 -63
leaf_value=-0.0021098698472056202 -0.0018831713566313962 -0.00027086027787865893 -0.00021573929488840368 0.0033071944230468942 -0.00014367650781541138 0.0023648490152746731 -0.0001653648397474835 0.00060602283678326541 0.0002876868515264759 -0.00073327702155153362 0.0010631632279369894 -0.00035292698465768003 0.00024548870876815732 -0.0010749069047990786 0.0012631311389655745 0.00030446443241951963 0.00061212566868788191 -1.4478274415968464e-05 -5.0733665971888818e-05 0.00026530452182025368 -0.0016519756571534685 0.0011672460757960396 0.00089950695839834311 -0.00050024972768695575 -0.00039857051367390533 0.00032980023969292278 0.00039419565703030165 -0.00012323637987905195 1.0249827037652236e-05 -9.5724080862890135e-05 0.00095108639234781772 -0.0011448202021449151 -0.0020375572137009633 0.00052031359365206371 0.00015577591266422507 -0.00023723793249903372 -0.00042368487568077482 0.00019141779005423865 0.00083785629258969574 0.0003664375188942616 0.00066020478231665087 0.00010609761085033091 -0.00020662480881075251 0.00085963846238972528 0.0022327409230638298 0.00019670180686975314 0.00018280850156399028 0.0019332460278259 0.00021906046546492456 0.00081601245797989974 4.4555240751187381e-05 -0.0007507808643037972 -0.00014408958841486465 0.00049755020120716294 0.0010680859186640833 9.3474273420273516e-05 0.00010590796095145685 -0.00095631019229811616 -1.0020556612338346e-06 0.00098526000298338216 0.00051273340134228408 2.6609567720757756e-05
leaf_weight=106 119 10197 2070 100 42534 103 1749 1494 32140 389 239 16005 5363 364 426 4440 1553 33577 36950 1670 408 293 459 2743 9498 7550 3696 91758 14481 11499 168 639 104 3011 173 30220 1313 6446 1958 7286 874 19137 3292 871 160 14924 3691 123 8082 1560 47901 2268 3412 2937 509 30735 2557 399 10951 942 1245 56367
leaf_count=106 119 10197 2070 100 42534 103 1749 1494 32140 389 239 16005 5363 364 426 4440 1553 33577 36950 1670 408 293 459 2743 9498 7550 3696 91758 14481 11499 168 639 104 3011 173 30220 1313 6446 1958 7286 874 19137 3292 871 160 14924 3691 123 8082 1560 47901 2268 3412 2937 509 30735 2557 399 10951 942 1245 56367
internal_value=-4.2435e-07 -9.26998e-05 0.000164948 -4.9248e-05 -5.02986e-05 0.000288041 8.89961e-05 -4.9673e-06 0.000377368 5.01843e-05 -0.000125544 -0.000308347 7.70864e-05 1.49679e-05 0.000251692 -1.07888e-05 3.10884e-05 -5.7475e-05 1.63175e-05 -0.000268669 -0.000296452 4.95921e-05 0.000360919 -0.000150562 -0.000483881 0.000426905 0.000595751 -0.000141191 2.73454e-05 -0.000145474 -0.000284693 -0.00038333 0.00015905 0.000277885 -0.000667714 -0.000230668 -0.000544969 1.86828e-05 0.000327582 0.00046629 9.78592e-05 0.000130299 2.26588e-05 0.000384602 0.00124412 0.000158721 0.00030995 0.00070698 0.000301497 0.000519392 2.84029e-05 -0.00082006 -9.31975e-06 0.000153731 0.000316794 0.000127302 0.000315797 -0.000296671 -0.000114464 0.00112124 2.78807e-06 3.71147e-05
internal_weight=598228 383975 214253 319581 319481 81755 132498 199371 48304 106978 120110 64394 94047 51946 25520 197754 104246 93508 99002 52522 47440 15013 47259 105097 11872 8847 5875 102354 14720 12931 47032 16644 33451 11370 277 30388 1432 40023 41384 9244 22081 20011 51582 8421 619 16673 5244 1617 11093 5256 51193 2374 5082 42101 5872 36229 5494 10596 53485 1045 94562 57612
internal_count=598228 383975 214253 319581 319481 81755 132498 199371 48304 106978 120110 64394 94047 51946 25520 197754 104246 93508 99002 52522 47440 15013 47259 105097 11872 8847 5875 102354 14720 12931 47032 16644 33451 11370 277 30388 1432 40023 41384 9244 22081 20011 51582 8421 619 16673 5244 1617 11093 5256 51193 2374 5082 42101 5872 36229 5494 10596 53485 1045 94562 57612
cat_boundaries=0 72 143 215 290 291 360
cat_threshold=0 0 524288 0 0 0 0 1073741824 256 0 4 1310720 0 16384 0 0 0 0 0 0 0 0 0 0 0 0 0 0 0 0 16 0 0 2 0 0 0 0 0 0 0 0 0 0 1442840576 2 0 0 0 0 0 0 0 0 0 32 311296 0 0 0 0 537133056 4096 0 0 0 786432 0 0 64 1073741824 4288 0 0 524288 0 0 0 0 0 0 0 4 65536 0 16384 0 0 0 0 0 0 0 0 0 0 0 0 0 0 0 0 0 0 1 128 0 0 0 0 536870912 16384 0 0 0 0 0 0 0 0 0 0 0 0 0 256 0 32 0 0 0 0 0 262144 4096 0 4096 0 268435456 0 16384 0 278528 0 0 0 0 0 0 0 0 256 0 0 0 0 0 0 0 0 0 0 0 0 0 0 0 0 0 0 0 0 0 0 0 0 0 0 0 0 0 0 0 0 0 0 0 0 0 0 0 0 0 0 0 0 0 0 0 0 0 0 0 0 0 0 0 0 0 0 0 0 0 0 4096 0 8388608 524288 0 0 0 2048 0 0 512 20 65536 0 524288 0 0 0 8200 8192 0 0 4 0 0 0 0 0 0 0 0 0 0 0 0 0 0 0 0 8388608 0 0 0 0 0 0 0 0 0 0 0 0 0 0 1 0 0 0 2176 0 1048576 0 0 0 0 0 0 134217728 0 64 0 262144 0 0 0 8192 4 0 0 0 0 0 0 0 0 0 0 0 65536 0 16384 0 0 0 0 0 0 0 0 0 0 0 0 0 0 0 0 0 0 0 0 0 0 0 0 536870912 0 0 0 0 0 0 0 0 0 0 0 0 0 0 0 0 0 0 0 0 0 0 32768 0 1024 524288 0 0 0 16384
is_linear=0
shrinkage=0.05


Tree=71
num_leaves=63
num_cat=7
split_feature=14 13 14 13 14 14 2 13 14 14 2 15 13 13 11 4 13 13 11 14 2 14 14 0 13 11 2 11 11 11 11 11 15 14 11 15 13 11 13 11 2 11 11 13 11 11 0 14 2 11 11 0 11 2 11 14 14 9 14 14 11 13
split_gain=3.07967 2.24284 0.704179 0.487326 0.448895 0.39938 0.236989 0.196272 0.184523 0.157642 0.152776 0.147418 0.131249 0.125576 0.119437 0.118153 0.115122 0.107376 0.12251 0.112547 0.124149 0.106558 0.09453 0.0921891 0.088241 0.0985836 0.0835416 0.132261 0.0921132 0.0829269 0.082515 0.0723528 0.0707983 0.0692787 0.0750003 0.0673144 0.0661689 0.0621707 0.0595499 0.0588088 0.0586332 0.05764 0.0572107 0.0559105 0.0869781 0.0539853 0.0529335 0.0512908 0.0508133 0.0497566 0.0485909 0.048355 0.0472563 0.0467347 0.104855 0.0690307 0.0452741 0.0907515 0.0439055 0.0436565 0.0475324 0.0428224
threshold=-0.021078074717190916 1.5942176516137458 -0.10769301513790684 1.6547048977345689 0.082795102265431422 0.082218138307078151 13.500000000000002 1.5318691884456672 0.23413795335978729 -0.21883843750534868 22.500000000000004 0 1.5202232939343461 1.7650153757999161 1.653214285714286 1 1.5166211159358285 1.637672227396908 1.4162142857142859 -0.43157113762399762 5.5000000000000009 0.043246146872021669 0.19915643966100907 2 1.5367267329084688 1.5732857142857146 17.500000000000004 1.659071428571429 1.6407857142857145 1.3055000000000001 1.6675714285714289 1.5747857142857147 3 0.0086131374241383857 1.7096428571428575 4 1.7816378780913917 1.7076428571428575 1.7233856722950194 1.5745000000000002 15.500000000000002 1.4276428571428577 1.7319285714285717 1.7233856722950194 1.4990714285714291 1.4442142857142861 5 0.022498923975334487 1.5000000000000002 1.7076428571428575 1.497571428571429 6 1.7876428571428575 10.500000000000002 1.6364285714285718 0.049663025344347085 -0.26606811159977889 1.4685000000000004 0.12576263955926395 0.14267588676465329 1.8205000000000002 1.5524390734056372
decision_type=2 2 2 2 2 2 2 2 2 2 2 9 2 2 10 1 2 2 10 2 2 2 2 1 2 10 2 10 10 8 10 10 9 2 10 9 2 10 2 10 2 10 10 2 10 8 1 2 2 10 8 1 10 2 10 2 2 10 2 2 10 2
left_child=2 5 9 12 6 7 49 10 36 11 46 -1 48 24 38 37 -7 18 19 20 -13 39 -18 42 45 29 28 -28 40 -26 -24 -15 -32 -25 -35 -27 59 -10 -8 47 -5 -14 -16 -31 -45 -11 -2 -9 -4 53 -50 -41 -38 -3 -55 -56 57 -19 -54 60 -6 -43
right_child=1 4 3 26 8 16 14 21 15 13 -12 17 41 31 23 -17 22 56 -20 -21 -22 -23 30 33 25 35 27 -29 -30 43 32 -33 -34 34 -36 -37 52 -39 -40 51 -42 61 -44 44 -46 -47 -48 -49 50 -51 -52 -53 58 54 55 -57 -58 -59 -60 -61 -62 -63
leaf_value=-0.0021718351117442579 -0.00021762345154865902 0.00010846967307397663 -0.00048952891710524616 5.2086042131294129e-05 0.00038733648486678394 1.12871635619326e-06 0.00052745926574485958 3.5658731343031829e-06 0.0030339541179957887 -0.00034391995768333691 -6.7088041613030618e-06 -0.00280683205497202 2.7999276625879623e-05 0.00095262247005497311 0.00074065428792200545 0.00073297804823098812 0.00016305933770254143 -0.00032091014615696797 -0.0019680011074668098 -0.00051724889917209788 -0.00075208961942282646 7.5782088986556961e-05 0.001887651721215626 0.00012711187930561718 0.00095449608167427866 -0.00021505019547933855 0.00055927261978796973 9.8267873215374764e-05 -0.00019492724017602871 -0.00020190507766747838 0.0016620959478172378 2.2001106056539142e-05 0.00036083939053885013 0.00044622492924179013 0.00024883592151137576 -0.00070364804410998766 0.0015094510762032264 0.0014870633079816209 0.0012507791070088517 -0.00012293280969770067 0.000333653905198152 -0.00016250286129622447 0.00037716376452985633 0.0015943771651287773 -6.4204208497469112e-06 -0.00072079337631780066 -0.00010531064291193219 0.00014821367307407609 -0.0001940091403450994 -0.00012142150859878326 -0.00038674346932263625 -2.0883040627772712e-05 0.0005196920837063385 0.0004477039809810371 4.6638965290373095e-05 0.00029237796942945085 0.00021045842336957088 -0.0018182975861969521 0.0010303666586420031 0.00058373712077041632 6.1308818186541389e-05 -8.8853107891178682e-05
leaf_weight=118 14598 30244 1875 11187 15152 11420 849 36802 101 18058 39776 114 6489 277 1426 446 31899 5749 162 5225 207 45867 103 8683 160 1293 2273 4931 3338 19553 103 849 1924 5965 24904 1624 144 182 428 15973 2215 40961 4494 107 410 1003 37589 7353 23766 1825 3792 42458 3228 3695 7284 4703 388 103 484 2603 1207 38089
leaf_count=118 14598 30244 1875 11187 15152 11420 849 36802 101 18058 39776 114 6489 277 1426 446 31899 5749 162 5225 207 45867 103 8683 160 1293 2273 4931 3338 19553 103 849 1924 5965 24904 1624 144 182 428 15973 2215 40961 4494 107 410 1003 37589 7353 23766 1825 3792 42458 3228 3695 7284 4703 388 103 484 2603 1207 38089
internal_value=-4.04555e-07 7.82818e-05 -0.000163965 -0.000103856 0.000261631 2.56837e-06 0.00021296 -2.31275e-05 0.000456958 -0.000314687 -8.05266e-05 -0.000474527 -0.000146593 -0.000270181 0.000292985 0.00124003 0.000138494 -0.000455565 -0.000612667 -0.000573077 -0.00148181 1.24298e-05 0.000184594 0.000279592 -0.000284084 -0.000218479 0.000101355 0.000243724 4.00874e-05 -0.000179296 0.000507093 0.000250937 0.000436941 0.000251819 0.000286979 -0.00049022 0.00043194 0.00203913 0.000769888 -1.58954e-05 9.86218e-05 -0.000115256 0.000463937 -0.000188335 0.000324886 -0.000363751 -0.000136789 2.76536e-05 -0.000237666 0.000134615 -0.00022053 -4.88045e-05 0.000620753 0.000144789 0.000214835 0.000143053 -0.000312586 -0.000347265 0.000586278 0.000393544 0.000363282 -0.000127016
internal_weight=598228 403912 194316 138916 118047 285865 94500 240416 23547 55400 91963 12066 114972 43334 46749 729 45449 11948 5708 5546 321 148453 34029 45472 42208 23147 23944 7204 16740 20230 2130 1126 2027 39552 30869 2917 22818 283 1277 102586 13402 85539 5920 20070 517 19061 52187 44155 29433 47751 27558 58431 3856 45926 15682 11987 6240 5852 3712 18962 16359 79050
internal_count=598228 403912 194316 138916 118047 285865 94500 240416 23547 55400 91963 12066 114972 43334 46749 729 45449 11948 5708 5546 321 148453 34029 45472 42208 23147 23944 7204 16740 20230 2130 1126 2027 39552 30869 2917 22818 283 1277 102586 13402 85539 5920 20070 517 19061 52187 44155 29433 47751 27558 58431 3856 45926 15682 11987 6240 5852 3712 18962 16359 79050
cat_boundaries=0 72 73 74 137 208 209 210
cat_threshold=0 0 0 0 0 0 0 0 256 0 0 0 0 0 0 0 0 0 0 0 0 0 0 0 0 0 0 0 0 0 0 0 0 0 0 0 0 0 0 0 0 0 0 0 0 0 0 0 0 0 0 0 0 0 0 0 0 0 0 0 0 0 0 0 0 0 0 0 0 0 8 4096 1 16 0 0 0 0 0 0 0 0 0 134217728 0 0 0 0 0 0 0 0 0 0 0 0 0 0 536870912 0 0 0 0 0 0 0 0 0 0 0 0 0 0 0 0 0 0 16777216 0 0 0 0 0 0 0 0 0 0 0 0 0 0 0 0 0 0 268435456 0 0 0 0 0 0 0 0 65792 0 0 0 0 0 0 0 0 0 0 0 0 0 0 0 0 0 0 0 0 0 0 0 0 0 0 0 0 0 0 16384 0 0 0 0 0 0 0 0 0 0 0 0 0 0 0 0 0 0 0 0 0 262144 4096 0 0 0 0 0 0 0 278528 80 24
is_linear=0
shrinkage=0.05


Tree=72
num_leaves=63
num_cat=4
split_feature=8 14 14 8 14 14 14 3 7 8 14 14 7 7 7 8 3 14 14 14 2 2 14 8 3 8 7 14 8 14 7 14 7 14 2 8 8 2 0 8 2 2 2 8 1 7 2 8 2 7 7 8 12 8 15 7 15 2 2 2 2 14
split_gain=2.92754 1.20095 0.385895 0.366479 0.32076 0.289268 0.204607 0.1936 0.181384 0.188951 0.15073 0.127318 0.126368 0.146584 0.122764 0.198428 0.100299 0.132851 0.126359 0.0993468 0.243013 0.0961318 0.111824 0.106537 0.0925167 0.0893464 0.0882798 0.101732 0.0867762 0.0821099 0.0797653 0.106945 0.08856 0.0786775 0.0740377 0.161021 0.115093 0.0948702 0.0728867 0.0724928 0.108757 0.071436 0.0708606 0.0696858 0.069138 0.0688146 0.122486 0.0686825 0.0909846 0.0685077 0.0731199 0.202585 0.0657949 0.186372 0.0776282 0.063969 0.0634921 0.0632621 0.0620264 0.0620094 0.113807 0.134549
threshold=1.6005000000000003 -0.057501076024665469 0.17864477115549585 1.6985000000000003 0.047216323069124606 -0.150014138882367 0.027228424425597145 12.500000000000002 8.5000000000000018 1.9980000000000004 -0.16293947650256976 0.19915643966100907 39.500000000000007 1.5000000000000002 44.500000000000007 1.4755000000000003 12.500000000000002 0.1150388479627701 0.11223586075350268 -0.43157113762399762 5.5000000000000009 13.500000000000002 -0.0073137569825507667 1.7455000000000003 9.5000000000000018 1.7855000000000001 38.500000000000007 0.092456750038657401 1.4685000000000004 -0.062753853127978196 2.5000000000000004 0.10008565673862514 24.500000000000004 -1.0000000180025095e-35 17.500000000000004 1.7995000000000003 1.7455000000000003 13.500000000000002 0 1.5655000000000003 12.500000000000002 13.500000000000002 24.500000000000004 1.7095000000000002 1 20.500000000000004 19.500000000000004 1.5175000000000003 5.5000000000000009 1.5000000000000002 23.500000000000004 1.4155000000000002 1.4825166666666669 1.5255000000000003 2 26.500000000000004 3 17.500000000000004 5.5000000000000009 25.500000000000004 10.500000000000002 0.025605329836928096
decision_type=10 2 2 8 2 2 2 2 2 10 2 2 2 2 2 10 2 2 2 2 2 2 2 10 2 10 2 2 10 2 2 2 2 2 2 8 10 2 1 10 2 2 2 10 1 2 2 10 2 2 2 8 10 10 9 2 9 2 2 2 2 2
left_child=1 5 6 10 7 19 12 21 -6 16 -2 26 13 -3 24 -16 17 34 44 20 -1 23 -23 33 -7 -19 29 -28 -8 45 -30 32 38 -5 36 -36 41 -38 -32 -14 -41 -10 47 -24 -18 46 -12 48 -15 -21 56 -52 54 -54 -26 -9 -51 -27 -49 60 61 -31
right_child=3 2 -4 4 8 14 28 55 9 -11 11 -13 39 42 15 -17 18 25 -20 49 -22 22 43 -25 52 57 27 -29 30 59 31 -33 -34 -35 35 -37 37 -39 -40 40 -42 -43 -44 -45 -46 -47 -48 58 -50 50 51 -53 53 -55 -56 -57 -58 -59 -60 -61 -62 -63
leaf_value=-0.0028232102444294034 -0.0017735496106095223 -0.00035963698591071395 0.0030802444242872297 -0.0013551155738445505 -4.9102010039160784e-06 -0.00045215465951054402 0.0007775530187594192 -0.00044129780153463917 0.00036358898028772911 0.0020632372132897746 -0.00012381630958981871 0.0017946977905262639 -9.5635947367964501e-05 8.5559483729345532e-05 -0.00023191642912281682 -0.00099175868066510818 -0.00027828935639261944 0.0010744766702920621 0.00021589656821590551 -0.00062568144464203728 -0.00055243020744268111 5.9434994155470566e-05 0.00065171529034201506 -0.0013235864268182601 0.00028837961219075768 0.00032128148800029304 -9.4537891168654421e-05 0.00011717748482942645 -9.3700955698817286e-05 -9.6618862166767262e-05 0.00013631237322298386 0.00061533040490523714 2.2987846732057403e-05 1.160543535288635e-05 0.00090920495705935911 0.00034494758962183342 -2.6258329043199636e-06 0.00025974431480056069 0.00057713189533957206 -0.00016146528545328087 -0.00071602926188199794 0.00082216788110423705 -7.5051391666149529e-05 0.00021648101480744916 -0.0016921287733130158 -0.00072421994794527383 0.00056092892260154099 -6.7006456555279573e-05 0.00054382955010927488 6.457195230336529e-05 -0.0003510252607351174 -0.0013713006326568078 -0.00013289885027830894 -0.00066168559705627201 -7.4900274020395382e-05 -0.0017695671751389815 -0.00026798483957635969 0.00066373088842757962 4.6884811084582344e-05 6.7720153092166177e-06 0.0002276004133909365 0.00012994524287609024
leaf_weight=124 109 3072 100 107 4672 2152 385 884 5901 155 4680 109 71459 7071 31881 883 639 743 7442 1846 2364 15310 962 158 1588 2743 12991 10074 12367 7813 5214 805 84753 6630 1401 12963 4740 12615 1140 3637 1168 992 26946 20907 100 380 759 20093 1279 1716 10574 510 32289 1757 18477 101 8810 2653 29515 10441 23446 40633
leaf_count=124 109 3072 100 107 4672 2152 385 884 5901 155 4680 109 71459 7071 31881 883 639 743 7442 1846 2364 15310 962 158 1588 2743 12991 10074 12367 7813 5214 805 84753 6630 1401 12963 4740 12615 1140 3637 1168 992 26946 20907 100 380 759 20093 1279 1716 10574 510 32289 1757 18477 101 8810 2653 29515 10441 23446 40633
internal_value=-3.8561e-07 -8.30084e-05 -2.51995e-05 0.000147687 0.000215765 -0.000218267 -2.63543e-05 0.000115778 0.000293768 0.000320053 8.48737e-05 8.66933e-05 -6.11713e-05 -2.03368e-05 -0.000175453 -0.000252394 0.000314949 0.000344377 0.000153974 -0.000365183 -0.000665604 0.000131272 0.000163072 -4.02001e-05 -0.000130648 0.000560432 8.50193e-05 -2.06788e-06 2.82808e-05 0.000107806 2.55145e-05 4.15553e-05 3.64855e-05 -1.01014e-05 0.000310026 0.000399983 0.000256737 0.000188086 0.000216525 -0.000108277 -0.000296269 0.000429585 -8.06018e-06 0.000235627 -0.000469607 -7.37101e-05 -2.82617e-05 2.30856e-05 0.000155754 -0.000333317 -0.000308342 -0.00039797 -0.000117861 -0.000160188 -4.60429e-05 -0.000577496 -0.000213963 0.00048965 7.54807e-07 0.000120635 0.000137171 9.34067e-05
internal_weight=598228 383975 269004 214253 102818 114971 268904 45059 57759 53087 111435 111326 164240 87976 89027 32764 52932 44751 8181 25944 2488 44074 37179 6895 56263 6139 111217 23065 104664 88152 104279 91912 91107 6737 38612 14364 24248 17355 6354 76264 4805 6893 84904 21869 739 5819 5439 57958 8350 23456 21610 11084 54111 34046 20065 985 10526 5396 49608 82333 71892 48446
internal_count=598228 383975 269004 214253 102818 114971 268904 45059 57759 53087 111435 111326 164240 87976 89027 32764 52932 44751 8181 25944 2488 44074 37179 6895 56263 6139 111217 23065 104664 88152 104279 91912 91107 6737 38612 14364 24248 17355 6354 76264 4805 6893 84904 21869 739 5819 5439 57958 8350 23456 21610 11084 54111 34046 20065 985 10526 5396 49608 82333 71892 48446
cat_boundaries=0 1 2 77 152
cat_threshold=12 1 0 0 524288 0 0 256 0 0 0 0 4 65536 0 0 0 4096 1024 131136 8192 0 0 0 0 0 0 1 0 0 0 0 1073741824 0 0 0 0 0 134217760 67108864 8388608 4096 0 8 1048578 8454144 0 524288 16 0 256 0 0 0 0 0 4 0 0 2176 0 0 16384 2147483648 65536 536870912 0 0 0 0 0 0 0 0 0 0 4194304 0 8388608 524288 0 0 0 2048 0 256 0 4 65536 0 524288 0 0 0 8192 2097152 0 0 0 0 1073741824 0 0 0 0 0 0 524288 0 1 2097152 0 0 2147483648 0 8388608 0 4194304 0 0 8388608 2147483648 1 0 0 0 0 0 0 0 0 0 0 73728 128 0 1048576 0 0 0 0 0 0 134218240 0 0 0 262144 2 0 0 8192
is_linear=0
shrinkage=0.05


Tree=73
num_leaves=63
num_cat=1
split_feature=8 14 13 14 14 14 13 13 13 14 8 8 13 14 14 13 8 14 13 8 8 8 8 13 13 8 13 13 8 13 8 14 8 14 13 14 8 2 13 14 8 8 9 13 2 14 9 2 8 14 8 2 2 13 13 8 15 10 8 13 8 13
split_gain=2.64208 1.09139 0.631373 0.345516 0.343466 0.293766 0.298973 0.289189 0.183441 0.178148 0.182123 0.177829 0.173323 0.154272 0.149408 0.141545 0.178088 0.123299 0.117681 0.173334 0.12741 0.116148 0.113646 0.113438 0.112717 0.1117 0.106704 0.10348 0.102161 0.101545 0.090183 0.0877798 0.143806 0.0856115 0.110098 0.0824001 0.111702 0.0811445 0.0808617 0.0770354 0.180266 0.0746033 0.0740013 0.0736822 0.0713479 0.0698084 0.0695039 0.0765446 0.0960309 0.0686515 0.214403 0.100009 0.0670705 0.0670412 0.0664731 0.0763768 0.0657337 0.126133 0.0654601 0.164191 0.0643546 0.0639896
threshold=1.6005000000000003 -0.033243525569643488 1.7383870967741937 0.17864477115549585 -0.12732411323534673 0.056084943460572474 1.5776445871710891 1.5942176516137458 1.5516355476671841 0.0746498760321639 1.7995000000000003 1.5845000000000002 1.6547048977345689 -0.078211632854578647 0.047216323069124606 1.5318691884456672 1.5755000000000001 0.23413795335978729 1.5202232939343461 1.4855000000000003 1.5185000000000002 1.8295000000000001 1.5355000000000001 1.54966313260261 1.504530016522857 1.6325000000000001 1.6127524932844197 1.637672227396908 1.5095000000000003 1.5516355476671841 1.3985000000000001 -0.10769301513790684 1.6455000000000002 -0.43157113762399762 1.7233856722950194 -0.0011068198425583373 1.5555000000000001 1.5000000000000002 1.5265643668814957 0.12576263955926395 1.6945000000000003 1.5915000000000001 1.1295000000000002 1.6547048977345689 15.500000000000002 0.16225525264032251 1.7655000000000001 19.500000000000004 1.6855000000000002 -0.011518532007414704 1.6695000000000002 10.500000000000002 9.5000000000000018 1.550899614426499 1.5620247581554929 1.4385000000000001 0 1.0215000000000003 1.4935000000000003 1.6235503479834801 1.4895000000000003 1.5202232939343461
decision_type=10 2 2 2 2 2 2 2 2 2 10 10 2 2 2 2 10 2 2 8 10 10 10 2 2 10 2 2 10 2 8 2 10 2 2 2 10 2 2 2 10 10 10 2 2 2 10 2 10 2 10 2 2 2 2 10 9 10 8 2 8 2
left_child=1 4 5 7 24 8 39 14 38 31 -11 26 18 -10 15 16 37 25 19 -6 27 -19 -14 60 42 -8 -9 30 -17 -22 -20 -4 -33 56 58 -30 53 -3 -2 40 61 -25 -1 -15 -24 -12 47 -34 -49 -45 51 -51 -13 -37 -32 -56 57 -26 -35 -60 -16 -7
right_child=2 3 9 -5 12 6 17 11 13 10 45 52 22 43 23 28 -18 21 20 -21 29 -23 44 41 33 -27 -28 -29 35 -31 54 32 46 34 -36 36 -38 -39 -40 -41 -42 -43 -44 49 -46 -47 -48 48 -50 50 -52 -53 -54 -55 55 -57 -58 -59 59 -61 -62 -63
leaf_value=-0.0015528173747684304 -0.0016684177722938662 -0.00043955091827485332 -0.00013697886744361973 0.0029262322076538116 -0.00021582497443983244 -0.00011422186903514687 0.0010698025034021732 0.00037668833542065086 -0.00034335969767335009 0.0013761252473854899 0.00041368568659131923 4.0056368160580842e-05 0.0016688113137564365 -5.2102760906235026e-07 0.000825931288460584 0.0002518718490870353 -0.00071992887792414635 0.0023175345706896717 0.00045392037075724995 -0.0008942566145581643 -0.00065237305742309095 0.00062538680053177153 8.326379549486809e-05 0.00048008727555747568 -0.0025334653154023114 0.00024180000190847018 0.0010055859668243691 0.0015164333902066573 -8.4753765180307076e-05 -0.00021206764203033271 -0.00012643319255909046 0.0013892674200520455 0.0002178168246335997 -0.00027472059346628604 6.0088973391890641e-05 9.477615691207745e-05 -1.4706633005758641e-05 -8.3733894839263539e-05 -0.00033313853750428898 0.00019687208228509991 -0.00098141387163091565 0.00011202607319359124 -0.00052285966634593262 4.0064785057772318e-07 0.0011930339910322801 0.0011996662232649188 -1.9528455957772655e-06 0.0015354126803465136 0.00036173658242266943 0.00026717469864853341 9.3885547014121147e-05 0.00084923608502109342 0.00081911129548895619 0.00040263198558057698 0.00058939403319424675 -2.3707387497055949e-05 -0.00047099888029609462 -0.00039817600490199697 -0.0016666304761537621 -0.00034352828542672464 2.0040246333922286e-05 8.2278842298400868e-05
leaf_weight=183 119 1644 1401 100 29063 4652 412 1991 2566 544 9676 4145 122 35133 249 3579 1152 117 744 973 1468 761 4201 2295 123 35804 1020 100 33297 12124 48816 283 19878 27139 2409 7685 61494 63181 2401 11391 419 3441 3710 11614 150 291 2399 177 11353 1533 22036 1423 296 2297 530 12220 2156 158 298 1100 48322 37870
leaf_count=183 119 1644 1401 100 29063 4652 412 1991 2566 544 9676 4145 122 35133 249 3579 1152 117 744 973 1468 761 4201 2295 123 35804 1020 100 33297 12124 48816 283 19878 27139 2409 7685 61494 63181 2401 11391 419 3441 3710 11614 150 291 2399 177 11353 1533 22036 1423 296 2297 530 12220 2156 158 298 1100 48322 37870
internal_value=-3.65725e-07 -7.88571e-05 0.000140303 -1.21768e-05 -0.000185423 9.54224e-05 0.000155986 -1.34214e-05 2.3349e-05 0.000304453 0.000485257 0.000293099 -0.000141153 3.75774e-05 -2.34119e-05 -4.59713e-05 -0.000103708 0.000265413 -0.000154014 -0.000237802 -0.000120901 0.000850878 0.000163725 4.90052e-05 -0.000316668 0.00025122 0.000589732 -9.06894e-05 -1.08144e-05 -0.000259623 -9.32687e-05 0.000250906 0.000266847 -0.000286976 -0.000264507 -1.97877e-05 1.04767e-05 -9.27576e-05 -0.000396193 8.12762e-05 5.06119e-05 0.000259289 -0.000571275 5.1203e-05 0.000121523 0.000436633 0.000257451 0.000277265 0.000379754 0.000100846 0.000147523 0.000547375 9.19817e-05 0.000165618 -9.98812e-05 1.7784e-06 -0.000572307 -0.00128704 -0.000291908 -0.000625563 2.41717e-05 6.07812e-05
internal_weight=598228 383975 214253 236188 147787 168251 91426 236088 76825 46002 10511 7452 110511 74305 228636 174329 65977 37094 106038 30036 76002 878 4473 54307 37276 36216 3011 62410 108352 13592 62310 35491 34090 33383 30946 104773 71476 64825 2520 54332 42941 5736 3893 71739 4351 9967 33807 31408 11530 36606 24992 2956 4441 9982 61566 12750 2437 281 28537 1398 48571 42522
internal_count=598228 383975 214253 236188 147787 168251 91426 236088 76825 46002 10511 7452 110511 74305 228636 174329 65977 37094 106038 30036 76002 878 4473 54307 37276 36216 3011 62410 108352 13592 62310 35491 34090 33383 30946 104773 71476 64825 2520 54332 42941 5736 3893 71739 4351 9967 33807 31408 11530 36606 24992 2956 4441 9982 61566 12750 2437 281 28537 1398 48571 42522
cat_boundaries=0 72
cat_threshold=0 0 0 0 0 0 0 0 0 0 0 262144 0 0 0 0 0 0 0 0 0 0 0 0 0 0 0 0 0 0 0 0 0 0 0 0 0 0 0 0 0 0 0 8388608 0 0 0 0 0 0 0 0 0 0 0 0 16384 0 0 0 0 262144 0 0 0 0 524288 0 0 0 0 4096
is_linear=0
shrinkage=0.05


Tree=74
num_leaves=63
num_cat=13
split_feature=8 8 13 13 9 2 3 8 12 7 13 8 13 13 0 2 0 0 3 10 10 13 10 13 13 0 2 0 9 11 0 16 13 2 13 7 8 9 11 10 8 9 8 8 0 2 11 0 9 16 10 16 12 10 11 10 2 0 8 0 2 12
split_gain=2.38449 0.644081 0.575069 0.195708 0.181755 0.164221 0.10986 0.107849 0.100594 0.0971579 0.0818917 0.0801418 0.0773403 0.0732756 0.0699936 0.0691797 0.0681987 0.0595658 0.0541651 0.0514927 0.0477876 0.0479479 0.0464846 0.0414388 0.0363066 0.0342732 0.0342085 0.0309028 0.0302843 0.029009 0.0319542 0.0278283 0.0277123 0.0266571 0.0259817 0.0250312 0.0249651 0.0247208 0.0244892 0.0243627 0.0653602 0.0261373 0.0237572 0.0235864 0.0229536 0.0227134 0.0257766 0.0217423 0.0211914 0.0209319 0.0203143 0.020089 0.0200522 0.0197005 0.0195833 0.0194464 0.0193079 0.0191879 0.0190555 0.018994 0.0181565 0.0169945
threshold=1.6005000000000003 1.4495000000000002 1.6907371699262386 1.5942176516137458 1.2395000000000003 19.500000000000004 9.5000000000000018 1.9895000000000003 1.6403500000000004 52.500000000000007 1.548003773495507 1.5875000000000001 1.5318691884456672 1.7233856722950194 0 10.500000000000002 1 2 9.5000000000000018 1.4485000000000003 1.3885000000000003 1.6704107100160936 1.4095000000000002 1.5733002212122036 1.5084090432148856 3 3.5000000000000004 4 1.4595000000000002 1.7416428571428575 5 6 1.5202232939343461 20.500000000000004 1.558709477621917 39.500000000000007 1.9595000000000002 1.6555000000000002 1.5319285714285718 1.0215000000000003 1.1595000000000002 1.1295000000000002 1.3355000000000004 1.6895000000000002 7 2.5000000000000004 1.3055000000000001 8 1.5355000000000001 9 1.6355000000000002 10 1.5776833333333335 1.1405000000000001 1.4990714285714291 1.4795000000000003 19.500000000000004 11 1.4995000000000003 12 19.500000000000004 1.5130166666666671
decision_type=10 8 2 2 8 2 2 10 10 2 2 10 2 2 1 2 1 1 2 10 10 2 10 2 2 1 2 1 10 10 1 9 2 2 2 2 10 10 10 8 10 10 10 10 1 2 10 1 10 9 10 9 10 10 10 8 2 1 10 1 2 10
left_child=1 4 7 8 18 19 -6 10 9 12 24 13 17 47 -10 23 20 60 53 29 -12 -22 -14 45 -2 50 -16 -25 -18 30 -4 -29 44 43 -28 -24 57 -23 -13 40 -20 -41 -34 -7 -17 -8 -47 -5 -19 -49 58 -48 -37 -1 -15 -35 -56 -21 -11 -43 -3 -27
right_child=2 3 5 11 6 33 15 -9 14 25 16 38 22 54 26 32 28 48 39 36 21 37 35 27 -26 61 34 31 -30 -31 -32 -33 42 55 -36 52 -38 -39 -40 41 -42 59 -44 -45 -46 46 51 49 -50 -51 -52 -53 -54 -55 56 -57 -58 -59 -60 -61 -62 -63
leaf_value=-0.0015192759929160684 -0.00016714974496799764 -5.1035266362869371e-05 0.00022869361403284676 0.00022435758173388871 -0.00046753803880703423 0.00075255061472792779 -0.00019107912357039654 0.0016707567730364168 -8.3953740763843617e-05 -2.4503862931316084e-05 -1.0425444930088638e-05 -8.7949953436244432e-05 -0.00012188276733816786 0.0010810298601693542 0.00016130408294402998 -0.00020097979188477057 -0.0001996990740429036 -0.00024178688306597236 -0.0012029854577601279 0.00025879159984948727 0.00011666602772335685 0.0002857477445535727 -1.9333269106140698e-05 0.00050397722431844085 1.0135017197888482e-05 -0.00011956069075570784 -1.2984408620608942e-05 -0.00028146180717724041 4.4407251270594978e-05 -5.3548119055826405e-05 9.8660481114578306e-05 0.00024938266871596425 -0.00030560867872999058 0.00022194626648905982 6.0387285836503009e-05 -0.00014511269888993589 0.00094260402860216847 -8.5275411162954743e-05 6.8937973468277661e-05 -9.9256967874488953e-06 -0.0002069963386456948 -0.00026806772178447809 -0.00015066597740229248 0.0004084563874063433 -0.0003095634378070429 0.00027560561892685823 -0.00015482275994875187 -4.1039097141015729e-05 -0.00015439626176901294 0.00017557666263623141 -0.00011362054937921306 -1.6521392048576346e-05 -5.1427867681727514e-05 -0.00078162731289113359 0.00036987131885931983 0.00036878448430291877 0.0010904684373662318 0.00018954647066758855 0.00011747950625490522 -0.00049085850310261702 -0.00012741034254030266 -2.268071939482433e-05
leaf_weight=132 3323 17216 8224 5820 3236 528 5492 105 21038 3248 6464 4346 24809 205 4123 12580 1312 10308 334 23841 52314 6200 44280 461 22056 5281 35617 440 40240 1847 11230 537 2763 3834 18247 8309 123 484 5816 418 325 1492 23649 8771 8196 524 5099 2038 21212 2451 1550 5423 18272 288 468 5474 116 17883 8674 3250 14200 31692
leaf_count=132 3323 17216 8224 5820 3236 528 5492 105 21038 3248 6464 4346 24809 205 4123 12580 1312 10308 334 23841 52314 6200 44280 461 22056 5281 35617 440 40240 1847 11230 537 2763 3834 18247 8309 123 484 5816 418 325 1492 23649 8771 8196 524 5099 2038 21212 2451 1550 5423 18272 288 468 5474 116 17883 8674 3250 14200 31692
internal_value=-3.47832e-07 -7.49148e-05 0.000133288 -4.31053e-05 -0.000206747 0.000237571 -0.000183182 6.89423e-05 -5.39094e-05 -7.20753e-05 6.76719e-05 0.000103291 -9.12988e-05 0.000196185 -5.8536e-06 -0.000169061 8.68221e-05 -0.000134347 -0.000465092 0.000199104 0.000118619 0.000132778 -6.298e-05 -8.55925e-05 -1.30778e-05 -1.16341e-05 2.24922e-05 0.000171855 3.66908e-05 0.00013582 0.000153799 9.88299e-06 -0.000200858 0.000368119 1.1871e-05 -4.23577e-05 0.000231317 0.000258881 1.84144e-06 -0.000425512 -0.000711792 -0.000388951 -0.000166875 0.000427994 -0.000244061 -0.000107978 -6.66606e-05 0.000160641 -0.000182918 7.73608e-05 5.66175e-05 -8.37056e-05 -8.0713e-05 -0.00101346 0.00066059 0.000308301 0.000513004 0.00022922 7.87979e-05 -0.000422361 -8.55295e-05 -3.65086e-05
internal_weight=598228 383975 214253 309336 74639 81755 68400 132498 288076 209051 132393 21260 158606 11098 79025 65164 107014 62936 6239 63148 65462 58998 95670 17976 25379 50445 57987 1438 41552 21301 19454 977 47188 18607 53864 70861 41847 6684 10162 5819 659 5160 26412 9299 20776 16538 11046 10309 31520 4489 13472 10522 26581 420 789 9308 584 41724 11922 4742 31416 36973
internal_count=598228 383975 214253 309336 74639 81755 68400 132498 288076 209051 132393 21260 158606 11098 79025 65164 107014 62936 6239 63148 65462 58998 95670 17976 25379 50445 57987 1438 41552 21301 19454 977 47188 18607 53864 70861 41847 6684 10162 5819 659 5160 26412 9299 20776 16538 11046 10309 31520 4489 13472 10522 26581 420 789 9308 584 41724 11922 4742 31416 36973
cat_boundaries=0 1 2 3 4 5 6 8 9 10 12 14 15 16
cat_threshold=24 71 35 48 17 28 150997041 332048 105 29 154176196 276802 1493172368 275218 46 5
is_linear=0
shrinkage=0.05


Tree=75
num_leaves=63
num_cat=18
split_feature=8 8 13 13 9 13 3 8 2 12 7 15 13 15 2 8 15 15 13 12 13 10 7 13 2 15 2 15 2 15 13 2 15 15 10 15 2 2 2 15 15 11 13 13 13 15 11 13 9 2 15 8 2 11 15 2 15 7 2 10 16 16
split_gain=2.1301 0.582035 0.520922 0.171408 0.160638 0.124553 0.102868 0.101611 0.0890073 0.0878416 0.0785835 0.079957 0.0793091 0.0775801 0.0714212 0.0679077 0.0630561 0.0590501 0.0587644 0.0619886 0.0581694 0.0512259 0.0446596 0.0445623 0.0439989 0.0371978 0.0368443 0.0357042 0.0300459 0.0317044 0.0282511 0.0263771 0.0359179 0.0258057 0.0252875 0.0254658 0.0670003 0.0456515 0.0671056 0.0347213 0.0241573 0.0302911 0.0241531 0.024027 0.0349641 0.0255831 0.0236998 0.0231624 0.0223948 0.0250065 0.0223695 0.0221651 0.021516 0.0277697 0.0203041 0.0220785 0.019984 0.0199678 0.0199118 0.0199025 0.0194254 0.0190802
threshold=1.6005000000000003 1.4585000000000001 1.7233856722950194 1.5942176516137458 1.2395000000000003 1.637672227396908 9.5000000000000018 1.9885000000000004 19.500000000000004 1.6493500000000003 52.500000000000007 0 1.5318691884456672 1 10.500000000000002 1.5855000000000004 2 3 1.5084090432148856 1.5026833333333336 1.7233856722950194 1.3895000000000002 38.500000000000007 1.5733002212122036 1.5000000000000002 4 1.5000000000000002 5 25.500000000000004 6 1.5202232939343461 8.5000000000000018 7 8 1.3985000000000001 9 10.500000000000002 11.500000000000002 12.500000000000002 10 11 1.7196428571428575 1.558709477621917 1.5182152859996465 1.5144917558127595 12 1.5290714285714289 1.7650153757999161 1.5245000000000002 1.5000000000000002 13 1.6495000000000002 2.5000000000000004 1.3055000000000001 14 25.500000000000004 15 26.500000000000004 20.500000000000004 1.7095000000000002 16 17
decision_type=10 10 2 2 8 2 2 10 2 10 2 9 2 9 2 10 9 9 2 10 2 10 2 2 2 9 2 9 2 9 2 2 9 9 10 9 2 2 2 9 9 10 2 2 2 9 10 2 10 2 9 10 2 8 9 2 9 2 2 10 9 9
left_child=1 4 5 9 17 7 -6 18 16 10 12 28 43 58 23 20 -4 -1 -2 56 33 -14 54 52 -19 -16 50 -7 29 -12 -27 32 -23 -5 -29 36 39 -38 -39 -36 41 -15 57 44 48 -46 -17 -48 49 -3 -11 -37 -8 -54 -21 -56 -20 -28 -10 -24 -55 -25
right_child=2 3 8 15 6 27 14 -9 13 26 11 -13 21 40 25 46 -18 24 19 22 -22 31 59 61 -26 30 42 34 -30 -31 -32 -33 -34 -35 35 51 37 38 -40 -41 -42 -43 -44 -45 45 -47 47 -49 -50 -51 -52 -53 53 60 55 -57 -58 -59 -60 -61 -62 -63
leaf_value=-0.0013157174290095027 -0.00015910302734258353 -0.00037243474916122187 0.00031442004210827643 -5.6161707466922271e-05 -0.00044637781902414226 -0.00021442558361519043 -0.00017924225542810779 0.0016253007501183998 0.00052940299450493554 0.00027377394221836718 0.00015379885255397576 -0.00010759958199630428 -0.00012534926620662645 -0.00073922233379895635 -0.00036425100380823585 -8.5116251242626546e-05 0.00017047980214901444 -0.00090002668947003158 0.00011821395163928108 0.00035690897334097007 0.0006088939136438252 8.1291431449669345e-05 5.4629218794709592e-05 -3.4680584007868195e-05 -0.00037075791059151098 -0.00022289419896834723 -0.00015597706870108157 7.4398313031543112e-05 -7.7650968985258338e-06 7.329391577385942e-06 -0.00014423078626385193 -6.0155273923743974e-05 -3.395671061542221e-05 0.00018486269264382082 1.1660667783295593e-05 0.00026067985556023669 0.00042514473369429252 1.1675790308580278e-05 0.0002780413277736571 0.00035427729551016924 0.00026807948528735821 0.00013312555709287861 3.9769971717316839e-05 -0.00018467646428719616 8.7711383562306172e-05 -7.7711709282075512e-05 5.358868981853077e-05 0.00066886243144766535 -0.00011079763471150424 -0.00016097657470269915 2.4069938532822598e-05 0.00010730166733281736 0.00029759798079685706 -0.00013826851288899143 9.0845446108442953e-05 1.7191307337687152e-05 -0.00019669741333083534 -1.9020607902386257e-05 0.000380370333743189 -3.7861729703503976e-05 -4.5779816495118153e-06 0.00030715302647639996
leaf_weight=179 3365 1713 10912 1273 3244 694 5664 102 4470 1914 7906 14658 20454 131 2888 4180 25555 422 596 651 757 9134 10162 688 5650 20418 2857 10412 20716 6942 25882 51449 25927 8727 5297 2654 3131 3145 9528 850 9076 414 18871 13201 3134 9112 5949 157 29132 7606 1698 20943 518 5925 59110 12290 3135 38868 4495 13601 5024 1002
leaf_count=179 3365 1713 10912 1273 3244 694 5664 102 4470 1914 7906 14658 20454 131 2888 4180 25555 422 596 651 757 9134 10162 688 5650 20418 2857 10412 20716 6942 25882 51449 25927 8727 5297 2654 3131 3145 9528 850 9076 414 18871 13201 3134 9112 5949 157 29132 7606 1698 20943 518 5925 59110 12290 3135 38868 4495 13601 5024 1002
internal_value=3.30778e-07 -7.02161e-05 0.000126443 -3.92466e-05 -0.000192623 8.07123e-05 -0.000171302 4.79622e-05 0.000259071 -4.94043e-05 -6.43561e-05 -9.37252e-06 -8.05176e-05 0.000348125 -0.000158181 9.84673e-05 0.000213684 -0.000435653 4.63988e-05 5.33455e-05 0.000186299 -5.41886e-05 6.11315e-05 -7.53472e-05 -0.000406872 -0.000189876 2.07812e-06 0.000140261 3.11341e-05 8.54274e-05 -0.000178882 -3.73637e-05 -3.91907e-06 0.000154309 0.000144672 0.000160768 0.000199608 0.000254178 0.000211939 5.96326e-05 0.000248577 -7.51786e-05 -7.16913e-06 -0.000124592 -0.000108946 -3.53684e-05 6.61332e-06 6.94089e-05 -0.00013238 -0.000199846 0.000157213 0.0001245 -9.95121e-05 -6.01302e-05 8.07355e-05 7.81565e-05 -0.000146603 -2.83983e-05 0.000454172 1.69106e-06 -7.70545e-05 0.000169605
internal_weight=598558 383839 214719 306335 77504 159666 71253 103012 55053 285292 221084 50222 170862 18586 68009 21043 36467 6251 102910 99545 10757 106964 95814 18821 6072 49188 64208 56654 35564 14848 46300 86510 35061 10000 55960 45548 21951 15804 12673 6147 9621 545 60596 63898 50697 12246 10286 6106 38451 9319 3612 23597 17131 11467 72051 71400 3731 41725 8965 23763 10949 1690
internal_count=598558 383839 214719 306335 77504 159666 71253 103012 55053 285292 221084 50222 170862 18586 68009 21043 36467 6251 102910 99545 10757 106964 95814 18821 6072 49188 64208 56654 35564 14848 46300 86510 35061 10000 55960 45548 21951 15804 12673 6147 9621 545 60596 63898 50697 12246 10286 6106 38451 9319 3612 23597 17131 11467 72051 71400 3731 41725 8965 23763 10949 1690
cat_boundaries=0 72 143 212 284 360 432 497 568 639 713 778 852 921 986 1059 1133 1135 1137
cat_threshold=0 524288 0 16 0 0 0 2097152 0 0 48 65536 0 16384 8 0 0 0 0 0 0 0 0 262144 0 0 0 0 0 0 0 67109120 0 0 0 0 0 2147483648 536870912 0 0 0 0 0 1024 0 0 1 0 0 0 0 8388608 0 1032 256 2147483648 524288 0 1572864 0 32768 2147483648 0 524288 0 0 0 16384 1024 262144 1048576 0 0 524288 0 0 0 0 0 0 0 20 65536 0 0 0 0 0 0 0 0 0 0 0 0 0 0 0 0 0 0 0 67108864 1 0 0 0 0 0 536870912 16384 0 0 0 0 0 0 0 0 0 1073741824 0 0 0 8388608 0 32 0 0 0 1572864 0 294912 4096 1024 524288 0 0 0 0 0 278528 524288 524288 0 0 0 0 32768 268435456 65536 134217728 48 0 0 16384 8 0 4096 0 0 0 0 4 0 0 0 0 0 0 0 0 0 67108864 0 128 0 0 2048 0 0 0 0 0 4194304 32768 0 0 0 0 256 0 0 1073741824 0 256 0 0 0 0 0 0 0 0 4096 1024 0 0 1048576 16777216 16384 0 0 0 0 0 0 0 0 0 0 0 1310720 0 0 0 0 0 0 0 0 0 0 0 0 0 0 0 0 0 0 0 0 0 0 0 0 0 0 0 0 0 0 0 0 0 0 0 0 0 0 0 0 0 0 0 0 0 0 0 0 0 0 0 0 0 0 0 0 0 0 0 4096 0 276824064 131080 0 0 0 0 1073741824 0 0 4 1572864 0 0 0 0 0 0 0 0 0 0 0 0 0 0 0 0 33554432 0 0 0 0 131072 0 0 2147483648 0 0 0 0 2097152 1048609 8388608 503316480 0 0 0 0 0 0 0 0 536870912 0 0 270336 0 16384 0 0 536870912 0 0 0 1 786432 6144 0 0 0 4096 0 0 0 4 524288 0 0 16 0 536870912 4194304 2097152 67108864 0 0 0 0 0 0 16384 0 512 0 536870912 131072 4 0 0 0 0 0 0 0 0 0 0 0 0 0 0 2147483648 268566528 65536 536870912 0 0 4194304 8388608 4194304 512 0 0 0 0 0 16777216 0 0 0 32 2147483648 1048576 0 0 0 0 0 0 4194320 16 0 0 0 8192 64 65536 0 0 0 0 0 0 0 0 0 0 0 65536 0 16384 0 0 0 0 0 0 0 0 0 0 0 0 0 0 0 0 0 0 0 0 0 0 0 0 0 0 0 0 0 0 0 0 0 0 0 0 0 0 0 0 0 0 0 0 0 524288 0 32768 0 0 524288 0 0 33554432 0 0 0 0 0 0 134217728 0 65536 0 16384 2097152 0 0 0 0 536870912 32 0 0 0 0 0 0 0 0 1 0 67109120 0 8192 0 0 0 0 0 0 0 0 0 0 524288 0 16777248 4194304 0 0 4194304 0 0 0 2147483656 0 0 0 8 1572864 512 36864 8192 1024 524288 0 0 134217728 16777216 0 1024 0 1073741824 0 0 0 4 0 1073741856 1 0 4 0 0 0 0 33554432 4096 16 2147483648 0 131104 0 0 32 256 2097152 0 0 0 0 0 33554432 0 128 0 0 8193 262144 8388608 0 0 0 0 65536 0 0 524296 0 0 0 1024 0 0 0 0 32 0 0 0 0 0 0 0 0 536870912 2147483648 0 0 4096 0 8 0 4194304 33554432 0 0 0 0 0 0 0 32768 65536 0 0 0 0 0 0 0 0 0 0 0 0 536870912 0 0 0 0 0 0 256 0 0 0 0 0 65536 0 0 0 0 0 0 0 65544 0 8193 0 131072 0 0 0 8388610 1024 0 0 0 131072 1572864 0 32768 33685504 1024 524288 0 0 0 20480 1040 0 0 0 5 0 0 0 0 0 0 0 0 0 0 0 65536 0 0 0 0 0 0 0 0 0 0 0 0 0 0 0 0 0 0 0 0 0 0 0 0 0 0 0 0 0 0 0 0 0 0 0 0 0 0 0 0 0 8388608 0 0 0 0 0 524288 0 32768 0 0 524288 262144 0 131072 0 0 0 0 12288 0 0 0 0 0 16384 0 0 0 0 0 536870912 0 0 0 0 0 0 0 0 0 0 0 0 0 0 0 0 2048 0 0 0 0 0 0 0 0 0 131072 0 0 0 0 0 0 0 0 0 0 0 131080 0 0 4096 0 0 0 0 0 16777216 0 0 8 0 0 5 0 0 0 0 0 0 0 0 0 0 48 0 0 0 8 0 0 0 0 0 0 0 0 0 0 0 0 0 0 0 0 0 0 0 0 0 0 0 0 0 0 0 0 0 0 0 0 0 0 0 0 0 0 0 0 0 0 0 0 0 0 0 0 0 0 0 0 0 16384 0 0 0 0 0 0 0 0 0 0 0 65536 0 0 0 0 0 0 0 0 0 0 0 0 0 0 0 0 0 0 0 0 0 0 0 0 0 0 536870912 0 0 0 0 0 0 0 0 0 0 0 0 0 0 0 0 0 0 0 0 524288 0 32768 0 1024 524288 8192 0 0 0 0 2 0 2097152 0 0 0 0 0 0 0 0 0 536870912 0 0 0 0 536870976 2097408 0 0 0 0 0 0 0 64 0 0 0 0 0 0 0 0 2228224 0 4194304 64 257 0 8192 134217728 0 256 0 0 0 0 0 16384 0 4194306 0 0 0 0 268435456 136314880 0 4 1048576 2147483648 8388608 0 0 0 67108864 0 4194304 0 0 0 0 0 4096 0 0 4 0 0 16384 0 0 0 0 0 536870912 0 0 0 0 0 0 0 0 0 128 0 67108864 0 0 0 0 0 0 0 0 0 0 4194304 0 0 0 0 0 0 0 0 0 0 0 0 256 0 0 0 0 0 4096 0 1024 524288 0 0 0 16777216 0 0 0 0 1 1493172688 800594 134219825 336144
is_linear=0
shrinkage=0.05


Tree=76
num_leaves=63
num_cat=3
split_feature=14 13 14 14 14 13 8 8 13 8 8 8 13 8 8 14 14 8 14 15 10 14 8 14 7 8 13 8 13 8 8 7 13 7 8 14 3 14 14 8 14 8 7 8 7 7 15 13 14 14 13 15 7 8 8 14 13 8 13 8 8 13
split_gain=2.07053 1.41552 0.476582 0.345183 0.294769 0.277919 0.240316 0.169349 0.154057 0.311407 0.142588 0.137239 0.130396 0.122178 0.116423 0.109099 0.10183 0.12091 0.101098 0.102642 0.0957226 0.0872468 0.0852706 0.122376 0.11653 0.0851614 0.0827826 0.0807864 0.0785371 0.12014 0.0766091 0.121673 0.108519 0.0710962 0.068038 0.149851 0.0670779 0.0840775 0.0657772 0.0817805 0.0656481 0.108696 0.092452 0.129624 0.0883538 0.0714845 0.0648773 0.063881 0.0636147 0.0636137 0.0942971 0.0635445 0.0604472 0.169581 0.0584373 0.0979346 0.09718 0.0558386 0.0551912 0.152248 0.092654 0.109841
threshold=-0.021078074717190916 1.5942176516137458 -0.10769301513790684 0.082795102265431422 0.082218138307078151 1.6547048977345689 1.6595000000000002 1.5545000000000002 1.7233856722950194 1.7085000000000001 1.5845000000000002 1.5095000000000003 1.5202232939343461 1.6055000000000004 1.5155000000000001 0.16225525264032251 0.023378862376002289 1.5475000000000001 -0.19648230170487532 0 1.2955000000000003 0.23413795335978729 1.7395000000000003 0.0092102171399227623 16.500000000000004 1.6525000000000001 1.5084090432148856 1.5655000000000003 1.5084090432148856 1.4855000000000003 1.5185000000000002 43.500000000000007 1.5942176516137458 40.500000000000007 1.5775000000000003 0.049663025344347085 9.5000000000000018 0.061037225676220615 0.02901113606810302 1.7595000000000003 0.021522772754146938 1.6445000000000001 8.5000000000000018 1.7095000000000002 6.5000000000000009 9.5000000000000018 1 1.6127524932844197 0.1150388479627701 -0.041556767729950976 1.6049724144486879 2 8.5000000000000018 1.6445000000000001 1.5815000000000003 0.057522772754146974 1.550899614426499 1.5435000000000001 1.7536580398458059 1.8095000000000001 1.8095000000000001 1.7233856722950194
decision_type=2 2 2 2 2 2 8 10 2 10 10 10 2 10 8 2 2 8 2 9 8 2 10 2 2 10 2 10 2 10 10 2 2 2 10 2 2 2 2 10 2 10 2 10 2 2 9 2 2 2 2 9 2 10 8 2 2 10 2 10 10 2
left_child=2 4 18 8 12 28 15 -7 10 25 -3 48 13 34 -14 -5 27 -18 19 -1 47 58 23 24 -11 -10 -13 -16 29 -4 32 49 -30 -29 36 -36 -2 -38 -24 -40 52 44 -43 45 -42 -44 -28 -20 -6 50 57 -9 -12 -54 55 56 -19 -32 60 -60 61 -8
right_child=1 3 5 6 11 7 21 51 9 22 40 26 14 -15 16 -17 17 54 20 -21 -22 -23 38 -25 -26 -27 46 33 30 -31 31 -33 -34 -35 35 -37 37 -39 39 -41 41 42 43 -45 -46 -47 -48 -49 -50 -51 -52 -53 53 -55 -56 -57 -58 -59 59 -61 -62 -63
leaf_value=-0.00059742180433245155 -0.00029374573607258666 0.00049838133992067494 -0.00019686460288786085 0.0010356844644807005 0.00054716838867101443 0.0015194618713576349 0.00032621815445263251 0.00020407305862594471 0.0023500211621549998 -4.6347212543386993e-05 -8.8061684193399076e-05 -2.3111024572950631e-05 0.0003128243352394232 -0.0010497815883790966 -5.707271488418803e-06 0.0027448105951311608 0.00058693894772595919 2.9492925297270978e-05 -0.00013511451031724222 -0.00029182092941030011 -0.00025942005734673961 0.00090716880364666199 8.478118740857618e-05 0.00086254471154960832 0.00065880468601883227 0.00093998010091485599 0.0013057307864855379 -9.6838098605583277e-05 -8.0065937926061091e-05 -0.00091138189320615808 -0.00027978139668777334 -0.00082518541865952684 0.00062490263274891976 -0.00046381701818148149 -0.0010051114409859376 -0.00015069663203859236 -6.2827796882119455e-05 0.00013810444872343553 0.00072893637569533488 0.00022770352837399069 0.00024972545995276258 -9.3391434778266162e-06 0.00018669401743128002 9.7601937230214339e-05 0.00075531766916108389 0.00052701178671395296 0.00014446895629047346 0.00021800386701214568 0.0023047968173528664 -9.4490994228264142e-05 -8.9430977684354945e-05 1.2460659224878098e-05 0.00086406464902050661 5.4463097870382422e-05 5.141913891443124e-06 0.00056682634534982272 0.00031302362618884389 -0.00061405201052155468 0.0019335959873655263 0.00041836139516015125 9.8226156930685763e-05 0.0010107112017728186
leaf_weight=3738 2780 2413 13086 516 105 200 10153 5682 121 1401 6779 8710 3027 321 45289 114 974 19633 7889 10711 31565 694 8793 1224 1007 931 111 24175 73056 616 3744 696 550 1396 554 6963 50622 5803 852 18144 3864 10667 2952 17160 1113 3233 36521 1529 101 16487 4793 18063 680 13251 74412 1050 3572 1875 170 6678 4627 622
leaf_count=3738 2780 2413 13086 516 105 200 10153 5682 121 1401 6779 8710 3027 321 45289 114 974 19633 7889 10711 31565 694 8793 1224 1007 931 111 24175 73056 616 3744 696 550 1396 554 6963 50622 5803 852 18144 3864 10667 2952 17160 1113 3233 36521 1529 101 16487 4793 18063 680 13251 74412 1050 3572 1875 170 6678 4627 622
internal_value=3.14381e-07 6.47804e-05 -0.000133833 0.000210369 4.65635e-06 -8.43527e-05 0.000381551 7.06067e-05 0.000167705 0.000255957 0.000121565 0.00012129 -1.74263e-05 -7.66489e-05 5.45453e-06 0.00134495 -2.37489e-09 3.25832e-05 -0.000257774 -0.000371496 -0.00021768 0.000355097 0.000227626 0.000455462 0.00024854 0.00110216 0.00011544 -4.58231e-05 -0.000116645 -0.000228987 -0.000101435 -0.000172484 -7.47983e-05 -0.000116873 -7.19672e-05 -0.000213667 -5.39762e-05 -4.2163e-05 0.000197848 0.000250185 0.000106335 0.000144548 0.000112613 0.000168336 0.00036279 0.000364584 0.000148384 -7.77862e-05 0.00140892 -0.000155596 -0.000252352 5.84033e-05 3.43933e-05 9.39814e-05 2.71108e-05 9.45093e-05 7.31375e-05 -0.000391324 0.000337878 0.000455977 0.000285369 0.000365731
internal_weight=598558 404278 194280 118159 286119 138848 23574 23945 94585 32473 62112 45548 240571 67043 173528 630 170501 99641 55432 14449 40983 22944 31421 3632 2408 1052 45342 70860 114903 13702 101201 27595 73606 25571 66722 7517 59205 56425 27789 18996 59699 38989 34012 23345 4977 6185 36632 9418 206 26899 10412 23745 20710 13931 98667 24255 23205 5619 22250 6848 15402 10775
internal_count=598558 404278 194280 118159 286119 138848 23574 23945 94585 32473 62112 45548 240571 67043 173528 630 170501 99641 55432 14449 40983 22944 31421 3632 2408 1052 45342 70860 114903 13702 101201 27595 73606 25571 66722 7517 59205 56425 27789 18996 59699 38989 34012 23345 4977 6185 36632 9418 206 26899 10412 23745 20710 13931 98667 24255 23205 5619 22250 6848 15402 10775
cat_boundaries=0 72 135 206
cat_threshold=0 0 524288 0 0 0 0 1073741824 256 0 4 1376256 0 16384 0 0 0 0 0 0 0 0 0 0 0 0 0 0 33554432 0 0 0 0 0 0 0 2147483648 0 545259520 0 0 0 1 0 1375731712 2 0 0 0 0 0 0 0 0 0 32 278528 0 0 0 0 537133056 4096 0 0 0 786432 0 0 0 1073741832 4161 0 0 0 0 0 0 64 0 0 0 0 0 0 0 0 0 0 0 0 0 0 0 0 0 536870912 0 0 0 0 0 0 0 0 0 0 0 0 0 0 0 0 0 0 0 0 0 0 0 0 0 0 0 0 0 0 0 0 0 0 0 0 0 268435456 0 0 524288 0 0 0 0 0 65536 0 0 0 0 4352 0 256 268435456 0 0 4 0 0 0 0 0 1 0 0 0 0 0 0 1 128 0 0 0 67108864 0 0 2147483648 0 64 0 0 0 0 0 0 0 32 0 256 0 0 0 0 0 0 1048576 24576 2147745792 2147487744 536870912 8192 0 0 4194560 0 131072 278536
is_linear=0
shrinkage=0.05


Tree=77
num_leaves=63
num_cat=2
split_feature=14 13 14 14 13 14 8 8 13 8 8 8 13 8 8 14 14 15 10 13 8 13 13 8 8 14 8 8 2 15 13 8 14 8 8 8 8 8 14 13 14 8 13 2 8 13 13 14 14 8 14 8 2 8 14 8 14 8 14 8 13 8
split_gain=1.86925 1.25704 0.460433 0.305763 0.28264 0.247623 0.242949 0.162182 0.159586 0.262161 0.151293 0.123827 0.110848 0.102436 0.0946083 0.0929926 0.0913165 0.0969829 0.0874499 0.0848349 0.0872629 0.0846645 0.0821182 0.154764 0.0815918 0.0797257 0.114117 0.0796155 0.0774641 0.077339 0.0760831 0.0859025 0.078666 0.107501 0.1029 0.075898 0.0752421 0.0727018 0.113343 0.0754383 0.0706679 0.0894531 0.111816 0.0934305 0.128877 0.083802 0.0691394 0.0652241 0.0645048 0.0627652 0.0695099 0.0616539 0.0604169 0.0750205 0.076974 0.0600926 0.0599629 0.144992 0.0587066 0.0559445 0.0554102 0.0555649
threshold=-0.017269253155800964 1.5776445871710891 -0.10769301513790684 0.087060523497430223 1.6049724144486879 0.073505212170627013 1.6645000000000001 1.5485000000000002 1.7536580398458059 1.7395000000000003 1.5095000000000003 1.6445000000000001 1.5318691884456672 1.4955000000000003 1.5325000000000002 0.16225525264032251 -0.18094641324931535 0 1.2955000000000003 1.5392767299445389 1.4385000000000001 1.550899614426499 1.7536580398458059 1.6525000000000001 1.5185000000000002 0.033499587097057699 1.5835000000000001 1.5755000000000001 22.500000000000004 1 1.5084090432148856 1.5855000000000004 0.1018277726030923 1.6745000000000003 1.6195000000000002 1.5595000000000001 1.6985000000000003 1.5655000000000003 -0.059206588371409012 1.6704107100160936 0.021522772754146938 1.6445000000000001 1.6049724144486879 9.5000000000000018 1.7195000000000003 1.6704107100160936 1.54966313260261 -0.053338409968128435 0.045605329836928117 1.5815000000000003 0.050351305368240069 1.7185000000000004 13.500000000000002 1.7655000000000001 0.048730746844199098 1.7795000000000003 0.011216323069124569 1.7695000000000001 0.0039318884002210739 1.6145000000000003 1.7650153757999161 1.2995000000000003
decision_type=2 2 2 2 2 2 10 10 2 10 10 10 2 8 10 2 2 9 8 2 10 2 2 10 10 2 10 10 2 9 2 10 2 10 10 10 10 10 2 2 2 10 2 2 10 2 2 2 2 10 2 10 2 10 2 10 2 10 2 10 2 10
left_child=2 5 16 8 7 11 15 19 35 36 -6 12 28 -7 -14 -5 17 -1 60 24 -21 -9 37 -24 -4 27 48 58 49 -8 -15 -32 33 -33 -34 -3 -10 38 39 -12 -37 42 -42 -43 45 -45 -19 -23 -27 -2 -51 -13 55 54 -54 -46 -11 -58 -16 -48 61 -18
right_child=1 3 4 6 10 13 29 21 9 56 22 51 14 30 25 -17 18 46 -20 20 -22 47 23 -25 -26 26 -28 -29 -30 -31 31 32 34 -35 -36 40 -38 -39 -40 -41 41 43 -44 44 52 -47 59 -49 -50 50 -52 -53 53 -55 -56 -57 57 -59 -60 -61 -62 -63
leaf_value=-0.00060625970505850154 -9.0706746332548763e-05 0.00046384955710073226 -0.00013779458329498239 0.0010306209279373304 0.0014760173088016809 0.0012120818672524255 0.0016541924443371752 -0.00077229802099503518 0.0021276931939089401 5.5999756211273909e-05 -3.6447696435817807e-05 -0.00035334243760403936 0.00021586359185825788 -2.7619721920649905e-05 -5.9235755619990309e-05 0.0025708856461725922 0.00091750599107506467 -0.0005213525542272884 -0.00024169955470313526 0.00029780326244377555 -6.8932613602512384e-05 -0.00064422455234034446 0.0014829319916251054 0.00014576391881315455 -0.0005837869078789081 0.00016240354006115496 1.9925830649445863e-05 -0.00011055706444269506 -8.5783327682619966e-06 0.00032370732337437194 0.00040710577363911214 5.5635490979229988e-05 0.00059463924692198947 -0.00094412462081784143 0.00014807583558385187 5.1671455269681384e-05 0.00080784392946155539 -2.3750887649666005e-05 0.00088327834043135187 0.0012282540945307121 0.00017834561672829945 -2.4197648868599477e-06 0.00057489086857377475 0.00016201329004849664 2.0664654009108517e-06 0.00044932686518410985 -0.0002240132619294573 -0.00019774197022274988 0.00055070292800712777 -0.00081912843478010972 -0.0002129735116653118 -0.0013603983422303025 0.00016378038265246826 6.3945440229805977e-05 0.00052675047302581284 -0.0011857118155738271 0.00089384125215667763 0.00023593094850722564 5.5111700249795806e-05 -0.0013945533576685918 0.00057874418433174275 -0.00010192677683081188
leaf_weight=2881 42743 1614 49919 498 184 205 101 1031 117 4039 1496 1434 5348 10663 20415 122 136 2571 30239 1671 55365 999 223 7300 1047 4981 47288 23008 34938 22579 2479 23447 1397 272 16841 26987 1401 26064 569 128 5702 11133 2583 4822 7593 5358 11383 4514 1362 566 2877 170 4354 9157 2198 108 884 15898 24934 103 328 7791
leaf_count=2881 42743 1614 49919 498 184 205 101 1031 117 4039 1496 1434 5348 10663 20415 122 136 2571 30239 1671 55365 999 223 7300 1047 4981 47288 23008 34938 22579 2479 23447 1397 272 16841 26987 1401 26064 569 128 5702 11133 2583 4822 7593 5358 11383 4514 1362 566 2877 170 4354 9157 2198 108 884 15898 24934 103 328 7791
internal_value=2.99312e-07 6.42932e-05 -0.000121701 0.000193492 -7.63302e-05 2.34038e-06 0.000357199 -0.000114723 0.000156797 0.000275209 4.59512e-05 -2.2442e-05 -1.90746e-05 9.64726e-05 1.00273e-05 0.00133371 -0.000244893 -0.000341639 -0.000202324 -0.000100078 -5.81882e-05 -0.000356422 3.85971e-05 0.000185401 -0.000146957 1.0034e-06 4.6638e-05 -3.48002e-05 -6.47544e-05 0.000330504 9.23219e-05 0.000121103 0.000104205 4.41706e-05 0.000182282 0.000124384 0.000909571 -4.87206e-07 0.000276004 6.32332e-05 0.000117535 0.000151066 0.000301976 0.00012311 0.000164716 0.000313234 -0.000286769 -0.000278648 0.000245781 -0.00010725 -0.00031262 -0.000460075 0.000100132 0.000156372 0.000285546 -1.45911e-05 0.00022896 0.000270587 3.6353e-06 -0.00023451 -5.80863e-05 -8.44368e-05
internal_weight=598558 392616 205942 127248 150510 265368 23300 114546 103948 22339 35964 210064 208460 55304 127336 620 55432 16938 38494 108002 57036 6544 35780 7523 50966 121988 53631 68357 81124 22680 55099 44436 41957 23719 18238 81609 1518 28257 2193 1624 79995 53008 8285 44723 33590 10180 14057 5513 6343 46186 3443 1604 23410 15709 6552 7701 20821 16782 45349 11486 8255 7927
internal_count=598558 392616 205942 127248 150510 265368 23300 114546 103948 22339 35964 210064 208460 55304 127336 620 55432 16938 38494 108002 57036 6544 35780 7523 50966 121988 53631 68357 81124 22680 55099 44436 41957 23719 18238 81609 1518 28257 2193 1624 79995 53008 8285 44723 33590 10180 14057 5513 6343 46186 3443 1604 23410 15709 6552 7701 20821 16782 45349 11486 8255 7927
cat_boundaries=0 72 147
cat_threshold=0 0 0 0 0 0 0 0 256 0 0 1310720 0 16384 0 0 0 0 0 0 0 0 131072 0 0 0 0 0 33554432 0 0 0 1 0 0 0 2147483648 0 545259520 0 0 0 1 0 1342177280 2 0 0 0 0 0 4 0 0 0 0 278528 0 0 0 0 537133056 4096 0 0 0 786432 0 0 0 1073741832 4096 0 0 0 0 0 0 0 0 0 0 0 0 0 0 0 0 0 0 0 0 0 0 0 0 536870912 0 0 0 0 0 0 0 0 16 0 0 0 0 0 0 0 0 0 0 0 0 0 0 0 0 0 0 0 0 0 8 0 0 0 0 0 0 268435456 134217728 0 0 0 0 0 0 0 0 67108864 0 524288
is_linear=0
shrinkage=0.05


Tree=78
num_leaves=63
num_cat=28
split_feature=8 8 13 13 3 13 12 15 8 13 7 12 7 15 13 15 12 13 0 10 0 0 15 15 0 17 13 8 0 2 15 15 11 8 10 0 15 15 2 0 13 2 0 11 15 0 8 8 9 8 13 15 15 0 0 15 13 2 15 15 15 2
split_gain=1.54555 0.417426 0.410174 0.136885 0.132414 0.113495 0.0992678 0.0922203 0.0865208 0.0652277 0.0566422 0.0555539 0.0693484 0.058207 0.0520955 0.0520285 0.0516764 0.0565821 0.0498615 0.0448797 0.0432232 0.041022 0.0368803 0.0341378 0.0336313 0.0321776 0.0664654 0.0308811 0.0307898 0.0300749 0.0293253 0.0285188 0.0272585 0.0261878 0.0256323 0.0310771 0.127753 0.0441497 0.0330136 0.0249514 0.0247455 0.0244852 0.0248234 0.0239612 0.0230272 0.0334136 0.0216776 0.0216434 0.0203214 0.0202376 0.0356519 0.0316308 0.0265857 0.0229444 0.0190498 0.0189465 0.0186551 0.0185512 0.0248697 0.0184728 0.0184133 0.0182225
threshold=1.6005000000000003 1.4585000000000001 1.7383870967741937 1.5687603135334347 9.5000000000000018 1.637672227396908 1.1940333333333337 0 1.9885000000000004 1.7233856722950194 37.500000000000007 1.6573500000000003 52.500000000000007 1 1.5318691884456672 2 1.5026833333333336 1.548003773495507 3 1.1295000000000002 4 5 6 7 8 9 1.5620247581554929 1.5585000000000002 10 18.500000000000004 11 12 1.5745000000000002 1.6175000000000004 1.3985000000000001 13 14 15 12.500000000000002 16 1.5084090432148856 9.5000000000000018 17 1.3055000000000001 18 19 1.7585000000000002 1.3295000000000001 1.5395000000000001 1.5975000000000004 1.5942176516137458 20 21 22 23 24 1.6235503479834801 11.500000000000002 25 26 27 9.5000000000000018
decision_type=10 10 2 2 2 2 8 9 10 2 2 8 2 9 2 9 10 2 1 10 1 1 9 9 1 9 2 10 1 2 9 9 10 10 10 1 9 9 2 1 2 2 1 8 9 1 10 10 8 10 2 9 9 1 1 9 2 2 9 9 9 2
left_child=1 4 5 11 19 8 15 20 16 49 25 12 14 21 18 -6 60 40 55 -1 30 -14 -16 -7 61 -8 43 -11 57 -29 -4 -9 -26 -25 -35 36 -36 38 -37 46 -18 44 -43 -27 45 -24 -33 -12 -34 50 51 -5 53 -52 -39 -3 -28 58 -13 -22 -2 -19
right_child=2 3 7 9 6 23 10 31 -10 27 47 28 13 -15 22 -17 17 24 -20 -21 59 -23 41 33 32 26 56 29 -30 -31 -32 39 48 34 35 37 -38 54 -40 -41 -42 42 -44 -45 -46 -47 -48 -49 -50 -51 52 -53 -54 -55 -56 -57 -58 -59 -60 -61 -62 -63
leaf_value=-0.0014561081865294826 0.00015190585589090039 -3.1688052034983366e-06 0.00025669329227768681 -0.00010724890146651756 -0.0013651895198508038 -0.00020083017711226294 -0.000125691379193606 -0.0001481331409904786 0.0014943570640467692 0.00075522242966801758 -0.00045366622188142521 0.0002371405917182835 0.00012162125711417395 -8.135765626721108e-05 -0.00090667861167968938 -0.00034348779122257732 -0.0001465941222761998 4.9379138945141738e-05 -0.00015236956230915995 -0.0004261156013014963 0.00036619102026187793 -3.1052574082923304e-06 0.00015709451949084746 0.00038010531335351538 0.00028613668962799413 0.00033042386288617391 0.00022256326532580826 2.8133728996505339e-05 -3.120801868922257e-05 0.0006465561247938409 0.00049872217276894168 0.0004158761504153936 -0.00015251719356061916 5.6930524515024525e-05 0.00032147106808165044 -1.440756475703527e-05 6.7343253292855137e-05 6.0217875012958327e-05 0.00013492640565059878 0.00013132212828840322 -8.669128138654465e-07 -0.00012917381077791614 -5.2451493573636433e-05 -8.0789720958406014e-05 -4.03182937022853e-05 -3.981211088376291e-05 0.00015902521237800616 -0.00016790779564506401 8.6480354442323228e-05 -3.8809117637410318e-05 0.00037663565195928425 3.8238492934031533e-05 0.00013404693697321608 -0.000143885973948881 0.00019161831432766097 -8.8889442598408019e-05 0.00086150263332973847 1.8702030152806191e-05 2.6189949765207327e-05 0.00024329759149275098 -0.00018605036206268809 -4.4029968705529022e-05
leaf_weight=109 454 8981 1976 4566 121 797 17025 770 102 404 674 2705 9109 17514 116 4466 3358 14444 33199 3558 3757 23799 4119 1006 1693 367 1604 606 27474 291 3847 1632 906 11936 9376 9102 10492 3529 6237 13222 21987 13445 49048 10199 25134 4502 1654 39258 48607 8062 236 20344 13055 1529 13159 22907 123 12290 2900 19215 3284 8177
leaf_count=109 454 8981 1976 4566 121 797 17025 770 102 404 674 2705 9109 17514 116 4466 3358 14444 33199 3558 3757 23799 4119 1006 1693 367 1604 606 27474 291 3847 1632 906 11936 9376 9102 10492 3529 6237 13222 21987 13445 49048 10199 25134 4502 1654 39258 48607 8062 236 20344 13055 1529 13159 22907 123 12290 2900 19215 3284 8177
internal_value=2.85492e-07 -5.98069e-05 0.000107709 -3.35799e-05 -0.000163469 7.15882e-05 -0.000148905 0.000239925 3.88473e-05 4.29287e-05 -0.000133984 -4.81811e-05 -5.89333e-05 -7.74623e-06 -7.49193e-05 -0.000374164 3.74046e-05 4.42834e-05 -0.000109478 -0.000456732 0.000294748 3.14457e-05 -5.15773e-05 0.000122975 6.6412e-05 -8.12097e-05 -1.94873e-05 0.000392242 2.0317e-06 0.000228759 0.000417172 0.000148302 8.88355e-05 0.000126967 0.000122997 0.000138192 0.000187371 0.000107592 4.6283e-05 0.00016221 -2.01745e-05 -5.04472e-05 -6.89869e-05 -6.65066e-05 -1.61384e-05 5.43403e-05 0.000285721 -0.000172731 8.21071e-05 3.34196e-05 4.80763e-05 1.1543e-05 0.000109483 -7.25567e-05 0.000163884 -6.47555e-05 0.00026807 5.30521e-05 0.000128466 0.000263547 -0.000145095 1.56069e-05
internal_weight=598558 383839 214719 306335 77504 168646 73837 46073 103012 49093 69250 257242 211873 50422 161451 4587 102910 99172 65087 3667 28795 32908 96364 65634 73827 29318 12293 1301 45369 897 5823 17278 51206 64837 63831 51895 19868 32027 15339 16508 25345 96248 62493 10566 33755 8621 3286 39932 49513 47792 39730 24910 14820 1765 16688 31888 1727 17895 5605 22972 3738 22621
internal_count=598558 383839 214719 306335 77504 168646 73837 46073 103012 49093 69250 257242 211873 50422 161451 4587 102910 99172 65087 3667 28795 32908 96364 65634 73827 29318 12293 1301 45369 897 5823 17278 51206 64837 63831 51895 19868 32027 15339 16508 25345 96248 62493 10566 33755 8621 3286 39932 49513 47792 39730 24910 14820 1765 16688 31888 1727 17895 5605 22972 3738 22621
cat_boundaries=0 71 143 215 216 217 218 280 352 353 354 355 424 499 500 565 630 631 632 697 698 771 842 843 844 914 979 1047 1116
cat_threshold=524288 524288 524288 0 0 0 0 0 0 134217728 2068 0 0 0 8 0 0 0 0 8192 0 4 0 0 0 0 0 0 0 0 0 67108864 1 0 0 0 0 0 536871168 0 0 0 4194304 0 4194304 0 0 0 256 0 0 1090519040 0 256 0 32 0 0 0 1572864 0 294912 4096 1024 524288 0 1048576 16777216 16384 0 16384 0 524288 0 16 0 0 0 2097152 0 0 48 65536 0 16384 8 0 0 0 0 0 0 0 0 262144 0 0 0 0 0 0 0 67109120 0 0 0 0 0 2281701376 0 0 0 0 0 0 1024 0 0 1 0 0 0 0 8388608 0 1032 256 2147483648 524288 0 1572864 0 32768 2147483648 0 524288 0 0 0 16384 0 262144 1048576 0 0 0 0 0 0 0 0 0 0 0 262144 0 0 0 0 0 0 0 0 0 0 0 0 0 0 0 0 0 0 0 0 0 0 0 0 0 0 0 0 0 0 0 0 0 0 0 0 0 0 0 0 0 0 0 0 16384 0 0 0 0 0 0 0 0 0 0 0 0 0 0 4096 35 16 48 0 0 131072 0 0 0 0 0 0 0 4 0 0 0 0 0 0 0 0 0 0 0 0 0 0 0 0 0 0 0 0 0 0 0 0 0 0 1024 0 0 0 0 0 0 0 0 0 0 0 0 0 0 0 0 0 0 0 0 0 0 0 536870912 524288 524288 0 0 0 536870912 4194304 2097152 67108864 16777216 0 0 0 0 0 0 0 512 0 536870912 131080 0 0 0 0 0 0 0 0 0 0 0 0 0 0 0 2147483648 268566528 65536 536870912 0 0 4194304 8388608 12582912 0 32 0 0 0 0 16777216 0 0 0 32 2147483648 0 0 0 0 0 0 0 4194320 0 0 512 0 8192 64 65536 24 278802 70 0 0 0 0 0 0 0 0 0 134217728 16 0 0 0 8 0 0 0 0 0 0 0 0 0 0 0 0 0 0 0 0 0 0 0 0 0 0 0 0 0 0 0 0 0 0 0 0 0 0 0 0 0 0 256 0 32 0 0 0 524288 0 0 0 0 0 0 0 0 16384 134217728 0 131072 0 0 0 0 10489856 0 0 0 0 0 0 0 0 0 0 0 536870912 8 0 0 0 0 0 0 0 0 0 0 0 0 0 0 0 0 268435456 0 0 0 0 0 131072 0 0 0 0 0 65536 0 0 536870912 0 0 1073741824 0 1073741824 131080 0 134217728 2147487744 131072 0 16 1040 0 0 8388608 16777216 268435464 0 0 5 32 100 0 0 0 0 0 0 0 0 0 0 0 65536 0 0 0 0 0 0 0 0 0 0 0 0 0 0 0 0 0 0 0 0 0 0 0 0 0 0 536870912 0 0 0 0 0 0 0 131072 1 0 0 0 0 0 8388608 0 0 0 0 0 1572864 0 32768 0 1024 524288 0 0 0 0 0 0 0 12288 0 134217728 2048 65536 0 0 0 0 0 0 0 0 0 0 0 0 0 0 0 0 0 0 0 0 1 0 0 0 0 0 536870912 0 0 0 0 0 1024 0 131072 4718592 0 0 0 0 8388608 0 2147483648 1073742080 0 1581056 0 1572864 0 294912 0 0 524288 16 24 524288 0 0 0 0 0 0 0 0 16777280 0 65536 0 16384 0 0 0 0 0 536870912 8388608 0 0 0 0 0 0 0 0 0 0 67109120 0 128 0 0 8192 0 0 0 0 0 0 0 4194304 512 2147614752 4194305 0 0 0 0 8388608 262144 2147483656 256 0 0 8 524288 0 32768 8192 1024 524288 68 524288 0 655360 128 0 0 0 0 65792 134218304 0 0 0 0 0 0 0 0 0 0 32 0 0 0 0 0 0 0 0 128 0 16777216 0 128 0 0 0 0 0 0 8388608 0 0 8585216 0 0 2147483648 1 0 1073741824 32 2048 0 0 1 0 0 0 0 0 671089152 262144 4096 0 0 0 0 0 1048576 0 16384 0 2097152 0 1073741824 16777216 0 0 4 0 1073741856 1 0 0 4096 0 0 0 33554432 0 16 2147483648 0 131072 0 0 32 256 2097152 0 0 0 0 0 33554432 0 128 0 8388608 8193 262144 0 0 0 0 0 65536 0 0 67633152 0 0 0 1024 0 0 0 16777216 32 0 0 0 0 0 262144 0 0 536870912 2147483648 0 0 8392704 0 8 4 16 16384 524288 64 0 0 0 0 2105344 0 0 34864 0 0 0 8 0 0 0 0 0 32 0 0 262144 0 0 0 0 0 0 0 0 0 0 0 0 0 0 0 0 0 0 0 0 2097152 65536 0 0 0 65536 0 1073741824 0 0 1024 0 0 1048576 0 524288 0 4224 0 0 0 0 2 0 16793600 1024 0 0 0 0 0 0 0 0 0 0 0 65536 0 0 0 0 0 0 0 0 0 0 0 0 0 0 0 0 0 0 0 0 0 0 0 0 0 0 0 0 0 0 0 0 0 0 0 0 0 0 0 0 0 0 0 0 0 0 0 524288 0 32768 0 1024 524288 0 524288 0 0 0 0 0 0 0 134217728 20 0 0 0 0 0 0 0 0 0 0 4 0 0 0 0 0 0 0 0 0 0 1 0 0 0 0 0 256 0 0 0 4194304 0 0 0 0 0 0 0 0 1073741824 0 0 0 0 0 0 0 1048576 0 0 4096 0 0 0 1048576 16777216 0 0 0 0 0 0 0 4096 0 0 4 0 0 16384 0 0 0 0 0 536870912 0 0 0 0 0 0 0 0 0 0 0 67108864 0 0 0 0 0 0 0 0 0 0 4194304 0 0 0 0 0 0 0 0 0 0 0 0 256 0 0 0 0 0 0 0 1024 524288 0 0 0 16777216
is_linear=0
shrinkage=0.05


Tree=79
num_leaves=63
num_cat=3
split_feature=14 13 14 13 14 14 8 8 13 8 8 8 14 13 8 8 8 8 11 11 14 13 8 13 8 8 14 13 14 8 13 14 13 13 15 11 15 11 13 8 8 14 8 13 8 8 13 13 2 8 2 8 13 8 0 8 13 8 13 14 13 8
split_gain=1.61471 0.962662 0.495389 0.289917 0.251181 0.185606 0.181827 0.146968 0.145039 0.255353 0.108021 0.106971 0.0967029 0.0926461 0.184387 0.153899 0.0925527 0.0870084 0.0868393 0.11948 0.114135 0.0933839 0.0880756 0.0835453 0.115372 0.088629 0.100388 0.105693 0.0755226 0.0713658 0.0711312 0.0632824 0.0628497 0.0616736 0.0607423 0.060331 0.0595158 0.0582333 0.0760238 0.145645 0.106012 0.0565929 0.0897791 0.110638 0.0768211 0.0659552 0.0966098 0.0601435 0.0592752 0.0581235 0.101872 0.0828186 0.0795047 0.0574582 0.0557948 0.0557211 0.054852 0.0647587 0.0531389 0.0528852 0.0517512 0.0525858
threshold=0.0017883671454211882 1.5776445871710891 -0.098013725119323034 1.6907371699262386 0.1150388479627701 0.082218138307078151 1.6745000000000003 1.6155000000000002 1.7383870967741937 1.7395000000000003 1.5095000000000003 1.6525000000000001 -0.17078978286007715 1.5547134964177483 1.5545000000000002 1.4585000000000001 1.3095000000000001 1.5815000000000003 1.5719285714285718 1.7276428571428573 -0.21883843750534868 1.54966313260261 1.3795000000000002 1.5084090432148856 1.5885000000000002 1.5555000000000001 0.039210217139922794 1.5500476248258488 0.051827772603092244 1.6785000000000003 1.5202232939343461 -0.38737377499806386 1.7650153757999161 1.5166211159358285 0 1.5747857142857147 1 1.5747857142857147 1.548003773495507 1.4485000000000003 1.3775000000000002 0.056795102265431392 1.7655000000000001 1.7046866203691244 1.6395000000000002 1.7255000000000003 1.6907371699262386 1.7046866203691244 11.500000000000002 1.6355000000000002 9.5000000000000018 1.6795000000000002 1.6235503479834801 1.7045000000000001 2 1.5185000000000002 1.6547048977345689 1.6885000000000001 1.5006467550418605 0.088443232270049035 1.7650153757999161 1.8695000000000002
decision_type=2 2 2 2 2 2 8 10 2 10 8 10 2 2 10 10 8 10 8 10 2 2 10 2 10 10 2 2 2 10 2 2 2 2 9 10 9 8 2 10 10 2 10 2 10 10 2 2 2 10 2 10 2 10 1 8 2 10 2 2 2 10
left_child=2 5 12 13 8 11 -6 -5 17 29 -7 23 18 14 58 -15 -14 -3 21 20 -20 22 31 24 -2 26 27 55 30 -10 -27 -1 37 -12 -23 -34 -9 38 39 -18 -40 45 43 44 -43 46 49 -44 -47 52 -51 54 -19 -48 -52 -25 57 -46 -4 -58 -8 -62
right_child=1 4 3 7 6 10 60 36 9 -11 33 -13 16 15 -16 -17 32 41 19 -21 -22 34 -24 25 -26 28 -28 -29 -30 -31 -32 -33 35 -35 -36 -37 -38 -39 40 -41 -42 42 47 -45 56 48 53 -49 -50 50 51 -53 -54 -55 -56 -57 59 -59 -60 -61 61 -63
leaf_value=-0.0015022537785732901 -7.9202889562903921e-05 0.00054315788093791827 -0.00022570647759605664 0.00095311750728778824 0.0016059494021635743 0.0012598541260225523 0.00034967054030521306 0.00020130898687573657 0.0022474852176383136 0.00023247511839060084 1.1561614806008844e-06 -0.00048552345545402526 0.0008262021478667855 0.00059579706693572954 -0.00048239702873427491 -4.0770741005137971e-05 -0.00020159010573315864 0.00013373740012944182 -0.0025985374956743568 0.00014893780040087256 -0.0007607075567925615 -0.0010007063418645467 -0.0016774471330053703 0.00027095977152661091 -0.0009409602447271073 -0.00021289957184738684 0.00032840617509983958 0.00036193742533006967 3.9526447612018828e-05 0.0008542161608589519 -2.7238462305255864e-05 -0.00040810724508068762 0.00098506450649254464 0.0001369238383442576 -0.00020850855840078334 2.0555585670792539e-05 3.4152837704332714e-05 -0.00038142044039878373 0.00089479137837663409 -0.00085187316395326964 -0.00010117636982612663 0.00063771064568882564 -0.0001468963270848717 0.00060974466746875969 0.00022099504695115621 -0.00062550930765057971 0.00061544930306973728 0.00013218622560193344 4.5539259754252271e-06 -0.00010268843512218694 0.00062466358524032595 3.8316932397724585e-05 0.00056396839169866567 0.00022023183721758588 0.00018923414400272168 -2.5229991300020179e-06 0.0002259360668667871 -3.0677916641312277e-05 -8.5419588688001927e-05 0.00060605100627463741 0.0016420043841402496 0.00058513411632012851
leaf_weight=136 23223 1264 7294 499 324 202 7517 7742 100 27818 11386 1169 230 964 3186 63045 24822 9797 136 171 223 238 148 2025 395 5521 3666 2473 47333 1136 78662 4670 198 31522 13576 895 17054 3596 272 892 15076 954 2732 1822 5474 387 1358 6580 10536 7632 1161 6466 1206 2849 2064 23212 5813 4795 90545 1086 131 1159
leaf_count=136 23223 1264 7294 499 324 202 7517 7742 100 27818 11386 1169 230 964 3186 63045 24822 9797 136 171 223 238 148 2025 395 5521 3666 2473 47333 1136 78662 4670 198 31522 13576 895 17054 3596 272 892 15076 954 2732 1822 5474 387 1358 6580 10536 7632 1161 6466 1206 2849 2064 23212 5813 4795 90545 1086 131 1159
internal_value=2.70575e-07 7.11689e-05 -9.4854e-05 -5.40887e-05 0.000191334 1.277e-05 0.000442676 0.000103536 0.000169059 0.00026372 0.000106327 -8.72017e-06 -0.00021371 -7.8248e-05 -0.000108068 -3.11838e-05 -0.000174285 0.000131881 -0.000307647 -0.000938812 -0.00145693 -0.000289823 -0.000476066 -5.73168e-06 -9.36154e-05 7.01074e-06 8.25197e-05 4.99892e-05 -1.10036e-05 0.00096694 -3.94147e-05 -0.000439069 -0.000179315 0.000100897 -0.000223033 0.000195279 8.64386e-05 -0.000188483 -0.000171587 -0.000224148 -8.35257e-05 0.000124731 0.000178492 0.000238342 0.000201001 8.85376e-05 0.00012423 5.03076e-05 -1.77691e-05 9.10246e-05 3.39428e-05 0.000141545 0.000180894 0.000347806 0.000348512 1.94211e-05 0.000176734 0.000103479 -9.58781e-05 0.000285772 0.00039988 0.00069246
internal_weight=598558 342950 255608 190329 112161 230789 9131 25295 103030 29054 43110 187679 65279 165034 101025 64009 45981 73976 19298 530 359 18768 4954 186510 23618 162892 31376 27710 131516 1236 84183 4806 45751 42908 13814 1093 24796 44658 41062 25714 15348 72712 29256 19944 18122 43456 32533 9312 10923 28326 17323 9691 11003 4207 3225 25237 17168 10269 97839 6899 8807 1290
internal_count=598558 342950 255608 190329 112161 230789 9131 25295 103030 29054 43110 187679 65279 165034 101025 64009 45981 73976 19298 530 359 18768 4954 186510 23618 162892 31376 27710 131516 1236 84183 4806 45751 42908 13814 1093 24796 44658 41062 25714 15348 72712 29256 19944 18122 43456 32533 9312 10923 28326 17323 9691 11003 4207 3225 25237 17168 10269 97839 6899 8807 1290
cat_boundaries=0 72 145 146
cat_threshold=0 0 0 0 0 0 0 0 0 0 0 262144 0 0 0 0 0 0 0 0 0 0 0 0 0 0 0 0 0 0 0 0 0 0 0 0 0 0 0 0 0 0 0 0 0 0 0 0 0 0 0 0 0 0 0 0 16384 0 0 0 0 0 0 0 0 0 786432 0 0 0 1073741832 4096 524288 8 524288 0 0 16384 0 0 65792 0 0 0 0 67108864 0 0 0 0 0 131072 16777216 4 0 0 0 0 0 0 0 0 0 18874624 1 128 0 0 0 0 256 49152 65536 0 0 0 4194304 0 0 0 256 0 32 0 0 0 0 0 0 0 0 1048608 2 262144 4096 0 0 0 0 0 1048576 16 16392 0 2097152 76
is_linear=0
shrinkage=0.05


end of trees

feature_importances:
diferencial_vs_nacional=1677
precio_lag_1=1253
precio_medio_nacional_dia=999
dia_del_mes=339
dias_desde_shock=233
precio_mm_7=139
Rotulo_normalizado=85
dia_semana=75
precio_lag_30=41
semana_del_año=40
precio_mm_30=34
precio_lag_7=29
es_fin_semana=8
Provincia=5
mes=2
IDCCAA=1

parameters:
[boosting: gbdt]
[objective: regression]
[metric: l1]
[tree_learner: serial]
[device_type: cpu]
[data_sample_strategy: bagging]
[data: ]
[valid: ]
[num_iterations: 500]
[learning_rate: 0.05]
[num_leaves: 63]
[num_threads: 8]
[seed: 42]
[deterministic: 0]
[force_col_wise: 0]
[force_row_wise: 0]
[histogram_pool_size: -1]
[max_depth: -1]
[min_data_in_leaf: 100]
[min_sum_hessian_in_leaf: 0.001]
[bagging_fraction: 0.9]
[pos_bagging_fraction: 1]
[neg_bagging_fraction: 1]
[bagging_freq: 5]
[bagging_seed: 400]
[bagging_by_query: 0]
[feature_fraction: 0.9]
[feature_fraction_bynode: 1]
[feature_fraction_seed: 30056]
[extra_trees: 0]
[extra_seed: 12879]
[early_stopping_round: 0]
[early_stopping_min_delta: 0]
[first_metric_only: 0]
[max_delta_step: 0]
[lambda_l1: 0]
[lambda_l2: 0]
[linear_lambda: 0]
[min_gain_to_split: 0]
[drop_rate: 0.1]
[max_drop: 50]
[skip_drop: 0.5]
[xgboost_dart_mode: 0]
[uniform_drop: 0]
[drop_seed: 17869]
[top_rate: 0.2]
[other_rate: 0.1]
[min_data_per_group: 100]
[max_cat_threshold: 32]
[cat_l2: 10]
[cat_smooth: 10]
[max_cat_to_onehot: 4]
[top_k: 20]
[monotone_constraints: ]
[monotone_constraints_method: basic]
[monotone_penalty: 0]
[feature_contri: ]
[forcedsplits_filename: ]
[refit_decay_rate: 0.9]
[cegb_tradeoff: 1]
[cegb_penalty_split: 0]
[cegb_penalty_feature_lazy: ]
[cegb_penalty_feature_coupled: ]
[path_smooth: 0]
[interaction_constraints: ]
[verbosity: -1]
[saved_feature_importance_type: 0]
[use_quantized_grad: 0]
[num_grad_quant_bins: 4]
[quant_train_renew_leaf: 0]
[stochastic_rounding: 1]
[linear_tree: 0]
[max_bin: 255]
[max_bin_by_feature: ]
[min_data_in_bin: 3]
[bin_construct_sample_cnt: 200000]
[data_random_seed: 175]
[is_enable_sparse: 1]
[enable_bundle: 1]
[use_missing: 1]
[zero_as_missing: 0]
[feature_pre_filter: 1]
[pre_partition: 0]
[two_round: 0]
[header: 0]
[label_column: ]
[weight_column: ]
[group_column: ]
[ignore_column: ]
[categorical_feature: 0,1,4,5,6,15,16,17]
[forcedbins_filename: ]
[precise_float_parser: 0]
[parser_config_file: ]
[objective_seed: 16083]
[num_class: 1]
[is_unbalance: 0]
[scale_pos_weight: 1]
[sigmoid: 1]
[boost_from_average: 1]
[reg_sqrt: 0]
[alpha: 0.9]
[fair_c: 1]
[poisson_max_delta_step: 0.7]
[tweedie_variance_power: 1.5]
[lambdarank_truncation_level: 30]
[lambdarank_norm: 1]
[label_gain: ]
[lambdarank_position_bias_regularization: 0]
[eval_at: ]
[multi_error_top_k: 1]
[auc_mu_weights: ]
[num_machines: 1]
[local_listen_port: 12400]
[time_out: 120]
[machine_list_filename: ]
[machines: ]
[gpu_platform_id: -1]
[gpu_device_id: -1]
[gpu_use_dp: 0]
[num_gpu: 1]

end of parameters

pandas_categorical:[[0, 1, 2, 3, 4, 5, 6], [3, 4], [false, true], [false, true], ["post_shock"], ["   ES J NU\u00d1EZ ", "   PETROL STATION", " AGRICAR", " E.S. LA TORRETA", " E.S. SUR", " EL OLIVO", " FUENTECILLA I", " LAS GABIAS", " NUROIL", " OCTAPLUS", " POLO", " ROYMAGA PETROLEOS S.L.", " T. ALBERO", " TEB  24/7 ", "\"BP\"", "\"BP\" ROTONDA LAS VAGUADAS S.L.", "\"BP\"BEGUR", "\"BP\"PROPERLY, S.A.", "(SIN R\u00d3TULO)", "+B ENERGIAS", "+B ENERGIAS ", "-", "004602", "06/32718", "12241", "1PRIMER", "23ESO68F", "24H", "3 PUNT TRES", "3GS COMBUSTIBLES ", "42 OIL", "7267", "7345", "96053", "A CHAN DE AMOEDO", "A&A", "A&B ", "A. G. ", "A.AGUAZA", "A.N. ENERGETICOS, S.L - PERALTA", "A.N. ENERGETICOS-ALDEANUEVA", "A.N. GLUS", "A.O. LOW COST", "A.S. EL ARTINERO", "A.S. LA ESTACION DE ESPINOSA", "A2D", "A2OIL", "ABELLEIRA", "ABIERTO (SERVICIO ATENDIDO)", "ACEITES GUADALQUIVIR", "ACEITUNERA GRANADILLA", "ADELFAS OIL", "ADRIDAN", "AGD", "AGLA", "AGRARIA DE MIRALCAMP", "AGRARIA DEL TURON", "AGRICOLA DEL CAMP SANTA BARBARA", "AGRICOLA SAN ISIDRO", "AGRICOLA SAN JOSE ALCASSER COOP.V.", "AGRINZA", "AGRO DO FORNO", "AGROCANTABRIA", "AGROCANTABRIA LAR", "AGROCOMERCIAL HIGUERA ", "AGROPAL", "AGROPECUARIA DE JUNEDA", "AGROPIENSO", "AGROPONIENTE", "AGRUPACION COOP. VALLE DEL JERTE", "AGUDO GASOLEOS", "AIRA OIL", "AIRA OIL TABOADA", "AIRA SILLEDA", "AIREMAR I", "AIREMAR II", "AIRPORT GRANADA", "AL-KASERA", "ALAMEDA", "ALAMEDA EXPRESS", "ALAMEDA EXPRESS AREA", "ALAS", "ALAS CENTRAL", "ALCAMPO", "ALCOROIL S.L.", "ALFA ENERGY", "ALIBARRA LOW-COST", "ALIJA ENERGIA", "ALIMER", "ALIMERKA", "ALKARTASUNA USURBILGO BASERRITARREN KOOPERATIBA", "ALMAZARAS DE LA SUBBETICA", "ALPE", "ALQ", "ALSA Y SERVI OIL LOW COST", "ALTO LEON", "ALZICOOP CARBURANTS", "AM PLUS", "AM97 PLUS S.L.", "AMALIA DE SAJONIA", "AMAT OIL", "AMERICAN PETROL", "AMMNSA, S.L.", "AN ENERGETICOS", "AN ENERGETICOS - ARGUEDAS", "AN ENERGETICOS - CADREITA", "AN ENERGETICOS - CAPARROSO", "AN ENERGETICOS - CAR CARRION", "AN ENERGETICOS - CARCASTILLO", "AN ENERGETICOS - CASEDA", "AN ENERGETICOS - CASTEJON", "AN ENERGETICOS - FALCES", "AN ENERGETICOS - FUNES", "AN ENERGETICOS - FUNES 2", "AN ENERGETICOS - HUARTE", "AN ENERGETICOS - JARAMIEL", "AN ENERGETICOS - LARRAGA SAN ISIDRO", "AN ENERGETICOS - LARRAGA-ARTAJONA", "AN ENERGETICOS - LUMBIER", "AN ENERGETICOS - MELIDA", "AN ENERGETICOS - MENDAVIA", "AN ENERGETICOS - MIRANDA DE ARGA", "AN ENERGETICOS - OLITE", "AN ENERGETICOS - PE\u00d1ARANDA", "AN ENERGETICOS - RIBAFORADA", "AN ENERGETICOS - SANGUESA", "AN ENERGETICOS - SESMA", "AN ENERGETICOS - TAFALLA", "AN ENERGETICOS - TUDELA 2", "AN ENERGETICOS - URROZ", "AN ENERGETICOS - VALTIERRA", "AN ENERGETICOS - VENTAS DE ARMENTIA", "AN ENERGETICOS - VILLAFRANCA", "AN ENERGETICOS - ZUERA", "AN ENERGETICOS ANDOSILLA", "AN ENERGETICOS ARTAJONA", "AN ENERGETICOS AZAGRA", "AN ENERGETICOS MESENOR", "AN ENERGETICOS S,L - SOS DEL REY CATOLICO", "AN ENERGETICOS S.L. - LECERA", "AN ENERGETICOS S.L. - SARRIGUREN", "AN ENERGETICOS S.L. - TUDELA 1", "AN ENERGETICOS, S.L.", "AN ENERGETICOS, S.L. - ESGUEVILLAS DE ESGUEVA", "AN ENERGETICOS/BODEGA CIRBONERA", "AN ENERG\u00c9TICOS - ETXALAR", "AN ENERG\u00c9TICOS - EZKIBEL ", "AN ENERG\u00c9TICOS - MEDINA DE RIOSECO", "AN ENERG\u00c9TICOS - SARTAGUDA", "AN ENERG\u00c9TICOS - TAJONAR", "AN ENERG\u00c9TICOS COMARCA 2", "AN ENERG\u00c9TICOS UCOGAL", "AN GLUS", "ANAYA SL", "AND GO", "ANDAMUR \"EL LIMITE\"", "ANDAMUR \"GUARROMAN\"", "ANDAMUR \"LORCA\"", "ANDAMUR \"PAMPLONA\"", "ANDAMUR \"SAN ROMAN\"", "ANDRES TEJEDOR E HIJOS", "ANDRESOIL", "ANEU OIL", "ANEU OIL ", "ANEUOIL", "ANIBAL", "ANNA", "ANROROIL", "AOIL", "AORVA GROUP", "APARCADOLORES", "APELLAN", "APJ", "AQUAVEL", "ARALAR", "ARBA SA", "ARBEQUINA", "ARBESU", "AREA 117", "AREA CAMBRILS COOPERATIVA", "AREA DE SERVEIS TARADELL,SL", "AREA DE SERVICIO AGETRANS ", "AREA DE SERVICIO DE LA PEZA", "AREA DE SERVICIO EL DELFIN", "AREA DE SERVICIO LA PALMERA", "AREA DE SERVICIO LAS NIEVES *", "AREA DE SERVICIO PAMANES", "AREA DE SERVICIO TORO", "AREA DE SERVICIO TORRELAVEGA", "AREA DE SERVICIO URAL", "AREA DE SERVICIOS Y TRANSPORTES GUIJUELO SL", "AREA DEL BAJO CINCA", "AREA DIESEL", "AREA LOS LLANOS", "AREA SAN MARTIN", "AREA-220", "AREA117", "ARENAS CAMACHO, S.L.", "ARENTO", "ARGOMAR", "ARIOSA", "ARMENTIA", "ARRIBIDE", "ARROSSAIRES", "ARTEA OIL , S.A.", "AS TUR\u00cdS", "ASB ENERGIA", "ASC CARBURANTES", "ASIPO SERVICIOS", "ASIR", "ASJILEIVA BNAMARGOSA", "ASLE", "ASTIGI - \u00c9CIJA  - 5:30H A 23:30H", "ATALAYAS", "ATENOIL", "ATLANTIS EXPRESS", "ATRANSCAR CTM", "ATUGAS", "ATUNOIL", "AUROSERVICIO CIRUGEDA 24 H", "AUTO ESTACI\u00d3N DE SERVICIO BARAZAR S.A.", "AUTOENERGY LOW COST", "AUTOFUEL EXPRESS", "AUTOFUEL LOW COST", "AUTOIL", "AUTOIL BENIFAI\u00d3", "AUTOIL FOIOS", "AUTOIL MASSANASSA", "AUTOIL MUSEROS", "AUTOIL OROPESA ", "AUTOIL PAIPORTA", "AUTOIL PICASSENT", "AUTOIL PUZOL", "AUTOIL SEGORBE", "AUTOLAVADOS", "AUTOLAVADOS Y CARBURANTES ALSE SL", "AUTONET&OIL", "AUTONETOIL", "AUTOSERVEI 24 H", "AUTOSERVEI M3", "AUTOSERVEI PUIGCERD\u00c0 ", "AUTOSERVICIO", "AUTOSERVICIO 24H JLZ", "AVANTI", "AVANZA", "AVANZA ENERGY", "AVANZA LOW COST", "AVANZA OIL", "AVANZA OIL FIGUERES", "AVANZA OIL PAMPLONA", "AVELLANEDA OIL 1", "AVELLANEDA OIL 2", "AVIA", "AXXON RED, SL", "AYAFUEL", "AYBCARBURANTES", "AYUNTAMIENTO DE CORTES DE PALL\u00c1S", "AZEROIL", "AZEROIL LLOSA ", "AZUL-OIL", "B-OIL", "B.P.", "BAGARCIVA", "BAHIA DE ALMERIMAR ", "BALLENOIL", "BALLUS BAIX COST", "BALLUS BAIXCOST", "BAR / E.S. ALTAMAR J.A.", "BARAZA+", "BARCIA", "BASIC", "BATAN", "BDMED", "BDMED ELDA", "BDS", "BEJAROIL", "BELLAVISTA S.L.", "BENCINAS BORRIOL", "BENCINAS MESTRETS", "BENIARJO", "BENIEXPRESS", "BENIHORT", "BENZINA", "BENZINA ALAQUAS", "BENZINA CARBURANTES", "BENZINA CARBURANTES PEGO", "BENZINERA  \" 38 \"", "BENZINERA CASTELLBISBAL", "BENZINERA GRANOLLERS ", "BENZINERA LA GARRIGA", "BENZINERA MARTINET", "BENZINERA SANTA SUSANNA", "BENZINERA VILAMARXANT", "BENZINERES MONTOIL", "BENZOIL", "BERMUDEZ", "BERNAL", "BEROIL", "BEROIL ", "BEROIL GASTEIZ", "BEROIL LAS ROSAS", "BEROIL NAVALMANZANO", "BEROIL VILLANUBLA", "BEROIL, S.L.", "BEST FUEL", "BFUEL ALGECIRAS", "BFUEL CAMPAMENTO", "BI AHIZPAK", "BICOCA-OIL", "BIDASOA COMBUSTIBLES", "BIDASOIL", "BIDEKO", "BIESA", "BIGASOIL", "BIONET", "BLANCA", "BLANCA ENERGY ", "BLANCO", "BM COMPLET ", "BODEGAS SIMBOLO, SDAD. COOP. DE C-LM NTRA. SRA. DE CRIPTANA", "BOLA", "BON SERVICI", "BONAREA", "BONOIL", "BP", "BP ", "BP  ", "BQP FUEL", "BRAVOIL ", "BRIGHT SERVICE", "BRIOGAS", "BS ENERGY", "BTP", "BUENOS AIRES", "BUGA 2000", "BUQUERIN", "BURBUJAS", "BURGOS", "BV-CARBURANTES / \" DTO %\"", "BY ENERGY", "BYE", "BZ ALBORAYA", "BZ ESTACION DE SERVICIO", "B\u00daHO GAS", "C.CERRO/E.S. QUINTO P.", "C.P.G. LA MARINA", "C2I", "CAB", "CABEZO GAS", "CABEZO VENTURA", "CACENCA", "CALATORAO ES", "CALPE AUTOMOCION", "CALPE AUTOMOCION II", "CALSINA CARRE", "CAMPA", "CAMPAREZ GASOLINERA", "CAMPELLO - GOTETA II", "CAMPER", "CAMPO", "CAMPO DA CRUZ", "CAMPO ROQUETAS", "CAMPOADRA", "CAMPOASTUR", "CAMPODEZA, S.C.G.", "CAMPOEJIDO", "CAMPOEJIDO  ", "CAMPOENGUERA COOP V", "CAMPSA", "CAN S.L.", "CANARY GREEN CORNER, SL", "CANARY OIL", "CANARY OIL, S.L.", "CANDO", "CANGES DEL HOYO", "CANOIL", "CANSO CARBUANTES BENIMODO", "CANSO+CARBURANTS", "CAPI", "CAR OIL", "CARAMANZANA MARKETING Y MEDIO AMBIENTE, S.L.", "CARBA", "CARBUALGA ", "CARBUCRIAL", "CARBUGAL A BARCALA", "CARBUGAL A GRELA", "CARBUGAL ALVEDRO", "CARBUGAL CARBALLO", "CARBUGAL CEE", "CARBUGAL COLISEUM", "CARBUGAL CORISTANCO", "CARBUGAL CORTI\u00d1AN", "CARBUGAL FUENLABRADA", "CARBUGAL LARAXE", "CARBUGAL LOS ROSALES", "CARBUGAL MEICENDE", "CARBUGAL SAB\u00d3N", "CARBUGAL SADA", "CARBUGAL SANTIAGO", "CARBUGAL TOMI\u00d1O", "CARBUNOR", "CARBURANTES A92", "CARBURANTES ALMANZORA SL", "CARBURANTES ARG\u00c9S, S.L.", "CARBURANTES A\u00d1OVER", "CARBURANTES BLUE", "CARBURANTES BOLA\u00d1OS S.L.", "CARBURANTES CAMPO ARA\u00d1UELO S.L.", "CARBURANTES CLAVERO - SAN SEBASTIAN", "CARBURANTES COOLOSAR", "CARBURANTES COOPERATIVOS", "CARBURANTES FILABRES", "CARBURANTES GB", "CARBURANTES IBIZA, S.L.", "CARBURANTES LOS SE\u00d1ORITOS SL", "CARBURANTES PREMIUM", "CARBURANTES QUEVEDO", "CARBURANTES RIOJA", "CARBURANTES RIOJA SANTO DOMINGO DE LA CALZADA", "CARBURANTES SAGUNTO", "CARBURANTES VALTIERRA S.L.", "CARBURANTES Y SERVICIOS AYORA SL", "CARBURANTS BONOIL", "CARBURANTS SANT ISCLE", "CARBURANTS+DEL+CAMP+DE+LLUTXENT", "CARCEDOIL", "CARCELLER ROYO S.L.", "CARLA", "CARLOS DIEZ SEGOVIA", "CARMINA LOW COST", "CARREFOUR", "CARRREFOUR", "CASAT", "CASILLAS DE COMBUSTIBLES SL", "CASTELL XIVERT", "CASTELL-OIL", "CASTILLO DE MONTIEL", "CASTRIL", "CASTROIL", "CASTRONALON", "CAXIGO S COOP GALEGA", "CA\u00d1ETE", "CC OIL", "CEDYC", "CEEOIL", "CENTRE LA ALQUERIA", "CENTRE LA VEREDA", "CENTRO DE LAVADO LA ZORRERA SL", "CENTRO DE SERVICIOS AGRICOLAS, S.A.", "CENTRO DIESEL COMBUSTIBLES MURCIANOS", "CENTRO SUR", "CEPSA-MOEVE", "CEREALES RAMIRO GRUAS", "CERQUEDA SL", "CERTECSION SL", "CERVIA OIL", "CETANOIL", "CG CARBURANTES AZUAGA", "CH", "CHAMPINTER", "CHEAPOIL", "CHEMABALLESTER", "CHESTE AGRARIA", "CHESTE AGRARIA COOP.V.", "CHEVRON", "CHIQU\u00cdN II", "CHM", "CHT", "CIUDAD DEL TAXI", "CIVERA", "CKM", "CLAY", "CLC", "CLC CALIDAD LOW COST", "CLUN", "CLUN-MERCARURAL", "CN", "COAFOR ", "COAGAL", "COAGRI", "COARVAL CARBURANTS", "COATO", "COBASA", "COBASGUAR ", "COBELLA", "COBIDEZA", "COCAVICA", "COCOPE S.COOP.", "COCOPE, S. COOP.", "CODES", "CODO_CM", "COFRADIA DE PESCADORES", "COFRAD\u00cdA DE PESCADORES", "COHORSAN SCA", "COLOSO", "COMB.QUINTANA QUINTANA", "COMBUS", "COMBUS [B]", "COMBUSCAN", "COMBUSELLA", "COMBUSTIBLES  MONEGROS, S.L.", "COMBUSTIBLES CALAHORRA S.L.", "COMBUSTIBLES CANARIOS", "COMBUSTIBLES CHT CIJUELA", "COMBUSTIBLES CRIPTANA,SL", "COMBUSTIBLES DISPROSIO S.L.", "COMBUSTIBLES FIEL, S.L.", "COMBUSTIBLES GOMEZ", "COMBUSTIBLES GOMEZ ", "COMBUSTIBLES HUERTA", "COMBUSTIBLES LA LITERA", "COMBUSTIBLES LA MURADA", "COMBUSTIBLES LA MURADA,S.L.", "COMBUSTIBLES PIUDO", "COMBUSTIBLES RIO EUME", "COMBUSTIBLES TRABANCA", "COMBUSTIBLES VILLAFRANCA", "COMBUSTIBLES VILLAMANRIQUE", "COMBUSTIBLES Y LAVADO LOS PALACIOS", "COMBUSTIBLES Y LUBRICANTES LA NICOBA, S.L.", "COMERCIAL SAMA", "COMPOSTRA OIL", "CONDIS", "CONFOR AUTO", "CONFORT AUTO", "CONIYDE DOSHERMANAS", "CONSUMOMAR", "CONSUMOMAR S.C.A.", "COOP BORJA", "COOP EL PORVENIR", "COOP LA VI\u00d1A", "COOP SAN JOSE - S\u00c1DABA", "COOP SIERRA DE LUNA", "COOP SILLA", "COOP. AGRARIA SAN ISIDRO DE VALL D'ALBA, COOP.V.", "COOP. ARLANZA", "COOP. DIVINA PASTORA DE JERICA", "COOP. ISIDRO LA VALL", "COOP. IVARS", "COOP. LA UNION DE BENLLOCH", "COOP. LLUTXENT-OTOS", "COOP. NTRA SRA DEL PRADO S.C", "COOP. NTRA.SRA. PILAR", "COOP. N\u00aa S\u00aa DE LA ASUNCION DE SONEJA", "COOP. SAN ESTEBAN DE LUESIA", "COOP. SAN ISIDRO DE ALCALA", "COOP. SAN ISIDRO DE VILAFAMES", "COOP. SAN ISIDRO LECI\u00d1ENA", "COOP. SAN JOSE", "COOP. SAN JOSE DE BURRIANA", "COOP. SAN LORENZO", "COOP. SAN MARCOS", "COOP. VIRGEN DEL ROSARIO", "COOP. VIRGEN OLIVA", "COOP.+SAN+PEDRO", "COOP.ASPA", "COOP.CRETAS", "COOP.FONZ", "COOP.SAGRADO CORAZON DE ALTURA", "COOP.SAN ANTONIO", "COOP.SAN JUAN DE SAN JUAN DE MORO", "COOPCARLET", "COOPEGO", "COOPERATIVA AGRICOLA LA POBLA S.C.V.", "COOPERATIVA AGRICOLA SANT JOSEP", "COOPERATIVA AGRICOLA SANTA BARBARA", "COOPERATIVA AGR\u00cdCOLA DE CASTELL\u00d3 D'EMP\u00daRIES", "COOPERATIVA ALBALAT", "COOPERATIVA ATZENETA", "COOPERATIVA CABANES", "COOPERATIVA CATOLICO AGRARIA COOP.V.", "COOPERATIVA COLONOS DE G\u00c9VORA", "COOPERATIVA COMARCAL STMO CRISTO DE LA COLUMNA", "COOPERATIVA CORCHERA", "COOPERATIVA DE BENISANO", "COOPERATIVA DE BETX\u00cd", "COOPERATIVA DE CORBERA", "COOPERATIVA DE LLIRIA", "COOPERATIVA DE VIVER", "COOPERATIVA DIVINA AURORA", "COOPERATIVA LA VALCUERNA", "COOPERATIVA LINYOLA", "COOPERATIVA LUCENA", "COOPERATIVA NTRA SRA DE LOS SANTOS", "COOPERATIVA OLIVARERA CABEZA DEL BUEY", "COOPERATIVA OSCA", "COOPERATIVA RUISE\u00d1ADA", "COOPERATIVA SAN ATILANO", "COOPERATIVA SAN BLAS", "COOPERATIVA SAN ISIDRO", "COOPERATIVA SAN JOSE ", "COOPERATIVA SAN LAMBERTO", "COOPERATIVA SAN MARTIN", "COOPERATIVA SAN MIGUEL", "COOPERATIVA SAN PEDRO ARBUES", "COOPERATIVA SANT JOSEP", "COOPERATIVA SANT ROC", "COOPERATIVA SANTA CRUZ DE ALPERA", "COOPERATIVA SANTA MARTA VIRGEN", "COOPERATIVA VITICOLA SAN JOSE", "COOPIC", "COOPNOSTRA", "COOPRADO", "COOPSERVICE D'ARTESA", "COORDINACION AGRARIA SA", "COOVIMAG", "COPAL LOGISTICA", "COPERAL", "COPISO", "COPRECA", "COPROHNIJAR S.C.A.", "COPUZOL", "COPVILAR", "CORIDU", "CORREDOIRAS", "COSAFRA", "COSANPE", "COSANSE", "COSOTRANS", "COSTA DE ALMERIA", "COSTAOIL", "COSTCO", "COSTCO ", "COTES OIL ESTACI\u00d3N DE SERVICIO", "CRIEL", "CRP", "CSC", "CSM COMBUSTIBLES ", "D P S", "DAGAS-OIL S.L.", "DAGO", "DECA 2006 ", "DEL VALLE COMBUSTIBLES, S.L.", "DEL VILLAR ENERGIA", "DELFINCARFUEL", "DELFINOIL", "DELFIOIL", "DEOIL", "DIALCO EL PRADO", "DIESELF", "DIESELPRIX", "DIGANA", "DILAMOR", "DINERGIA", "DIP ENERGY", "DISA", "DISMUSA", "DISMUSA MASYMAS", "DISTREAX-22, S. L.", "DISTROL", "DLP", "DOEX", "DONBEX", "DONJIMENO", "DP", "DPM", "DRZ", "DST", "DST ARCA REAL", "DST BELVIS", "DST CABANILLAS", "DST MERCAOLID", "DURAMAX", "DUROIL", "E L   P U E N T E,  S.L.", "E S PETROANDALUS", "E-LECLERC", "E. LECLERC", "E. S. BETREN", "E. S. O PINO", "E. S. PEREZ RUMBAO S.A.", "E. S. SAN ISIDRO", "E. S. SAN JOS\u00c9", "E.E.S.S. MIRA", "E.LECLERC", "E.LECLERC HIPERMERCADO", "E.LECLERC INFANTE", "E.LECLERC LEON", "E.S \"EL CARRASCAL\"", "E.S BAHIA DE CASARES", "E.S CAMPOEJIDO ADRA", "E.S CAMPOEJIDO LAS PE\u00d1AS", "E.S CAMPOEJIDO TIERRAS ALMERIA", "E.S DE ALFAMBRA", "E.S DENIA", "E.S EL BARRIAL S.L", "E.S EL GORRION", "E.S EL PALMAR", "E.S GREDOS", "E.S H8 ENERGYS", "E.S JESMAR", "E.S LA ALMUDEMA", "E.S MINIOIL ", "E.S MIRADOR DE POQUEIRA", "E.S MOLVIZAR, S.L", "E.S MONOVAR", "E.S NERJA", "E.S NTRA SRA DEL ROSARIO", "E.S PACOCALCULA", "E.S PETROGAZ", "E.S PUERTA DO\u00d1ANA 2", "E.S SANT ISIDRE", "E.S TENTUDIA", "E.S VIDUEIROS", "E.S.  JAMILENA", "E.S.  PUNT DE TROBADA    -SABADELL-", "E.S. \"LAS ADELFAS\"", "E.S. \"SANTIAGO AP\u00d3STOL\"", "E.S. 2001", "E.S. ABOX-OIL", "E.S. AGUAMARINA ", "E.S. AGUAVIVA", "E.S. ALMENARA", "E.S. ALTO DO COUSO", "E.S. ALVAMAR", "E.S. AMADO S.L.", "E.S. AQUACENTER", "E.S. ARGOMILLA", "E.S. ATENAS", "E.S. BALAZOTE S.L.", "E.S. BALMAPA", "E.S. BARDENAS", "E.S. BARRAX S.L.", "E.S. BASURTO, S.L.", "E.S. BENETUSER", "E.S. CABRERIZOS", "E.S. CAMBA", "E.S. CAMPEJIDO DALIAS", "E.S. CAMPOEJIDO CTRA ALMERIMAR", "E.S. CAMPOEJIDO ROQUETAS", "E.S. CANAVA", "E.S. CARBURANTES DE ARNUERO S.L.", "E.S. CASHER", "E.S. CA\u00d1IZARES", "E.S. COMARCA DE LA VERA", "E.S. COOP SANTA MARIA DEL AGUILA - EL EJIDO", "E.S. CRISTALERIA", "E.S. DAIMUS", "E.S. DEHESA BOYAL", "E.S. DIEZ CENTIMOS", "E.S. EL ALAMO, S.L.", "E.S. EL CORTIJO", "E.S. EL CRUCE", "E.S. EL DESVIO", "E.S. EL FRESNO", "E.S. EL GRANADAL", "E.S. EL MOLINO ATARFE DOS", "E.S. EL MOLINO ATARFE I", "E.S. EL MOLINO MARACENA", "E.S. EL POLIGONO", "E.S. EL ROCIO", "E.S. EL VALLE", "E.S. ESLA M\u00d3VIL S.L.", "E.S. EUROPA", "E.S. FRES - BP", "E.S. GESTINCO CARDADOR ", "E.S. GRANASOL ", "E.S. GUARROMAN", "E.S. GUNTIN", "E.S. HERMANOS SIMO", "E.S. ILITURGI", "E.S. IRIXOA - IRIGAS GROUP", "E.S. ISLARES S.L.", "E.S. I\u00d1IGO", "E.S. KONTXA S.L.", "E.S. LA ALMORAIMA", "E.S. LA CALETA", "E.S. LA CATRIA", "E.S. LA CENTRAL", "E.S. LA CORONADA", "E.S. LA CRUZ DEL GALLO", "E.S. LA CUESTA", "E.S. LA HERMIDA", "E.S. LA JOYOSA", "E.S. LA LONJA", "E.S. LA LOPERANA", "E.S. LA PONDEROSA", "E.S. LA RURAL", "E.S. LA SANTA", "E.S. LA TORRE", "E.S. LAS BRUJAS - CERNEGULA", "E.S. LAS CUEVAS", "E.S. LAS PALMERAS", "E.S. LAS SALINAS", "E.S. LEMANS", "E.S. LETUR", "E.S. LOS MARCOS AREAPARKING 24H", "E.S. LOS PAROMALEJOS,S.L.", "E.S. MAGDAOIL", "E.S. MARIA AUXILIADORA", "E.S. MARJA", "E.S. MASSANASSA", "E.S. MC GAS", "E.S. METROARTE", "E.S. MIDES, S.L.", "E.S. MIRA", "E.S. MIRA, S.L.", "E.S. MIRASIERRA", "E.S. MOLERO S.A.", "E.S. MONASOR", "E.S. MONTEAGUDO", "E.S. MONTECOLLADO S.L.", "E.S. MONTEPINAR", "E.S. MUI\u00d1O GRANDE", "E.S. M\u00aa AUXILIADORA", "E.S. O VISO", "E.S. OGICA\u00d1AS ", "E.S. PAPA ALI", "E.S. PARRAGA", "E.S. PASEO DE LA VIRGEN", "E.S. PEDRON", "E.S. PEIBAR BARRANTES", "E.S. PEROXA (A)", "E.S. PETRER-ELDA", "E.S. PETRONACHIL", "E.S. PETRONACHIL - LOS ALAMOS", "E.S. PINEDA DE MAR", "E.S. PLUSOIL", "E.S. POLIGONO", "E.S. PREMIER", "E.S. REAL", "E.S. RETO AHORRO", "E.S. RIBEIRA DE PIQU\u00cdN", "E.S. RIO LINARES", "E.S. RIVERA", "E.S. ROCBLUME  -SABADELL- GAS-OILS_ROVIRA-", "E.S. RODALABOTA", "E.S. ROSALEDA  -ST. FRUITOS DE BAGES-     GASOILS ROVIRA", "E.S. SALADILLO", "E.S. SAN CORONADO", "E.S. SAN GREGORIO", "E.S. SAN LAZARO", "E.S. SANT GUIM", "E.S. SANT MARTI D'ALBARS", "E.S. SANT RAMON", "E.S. SANTA ANA DE LA JANDA", "E.S. SANTA FAZ", "E.S. SANTA RITA", "E.S. SECADERO", "E.S. SEGRI\u00c0", "E.S. SILES AGUILERA", "E.S. SOMAHOZ", "E.S. SOMARES S.L.", "E.S. SU EMINENCIA", "E.S. TEXAS", "E.S. TIEBAS", "E.S. TOBARRA", "E.S. TOCALU ", "E.S. TOSSA DE MAR", "E.S. TRABADELO", "E.S. TRECE\u00d1O S.L.", "E.S. TRES CAMINOS", "E.S. VADILLO", "E.S. VALDEHERRERA", "E.S. VALENCIANO MEDINA", "E.S. VALERO 24 H", "E.S. VALLE ZAHOR", "E.S. VEGAS DE TRIANA", "E.S. VILABOA", "E.S. VILLACASTIN, S.L.", "E.S. VILLALONGA", "E.S. VILLASOL", "E.S. VIRGEN DE LA SOLEDAD", "E.S. VIRGEN DE LOS REMEDIOS.", "E.S. VIRGEN DEL AGUA", "E.S.+AGRICOLA+S.C.J.+DE+ALBAL%2C+C.V.", "E.S.ARBOLEAS", "E.S.ARENES BELLPUIG", "E.S.AVINYONET", "E.S.BALERMAMAR S.C.A", "E.S.BELLAVISTA", "E.S.BENALUP", "E.S.CAMPO DE GIBRALTAR", "E.S.CAMPO DE TEJADA", "E.S.CAMPOEJIDO-LA ALDEILLA", "E.S.CARGOSA", "E.S.CHELVA", "E.S.D VILLANUEVA DE LA JARA", "E.S.EL CAMPILLO", "E.S.EL MOLINO ALHENDIN", "E.S.EL SALGUEIRAL", "E.S.EPILA", "E.S.FERREIRA", "E.S.GELIDA", "E.S.GOMEZ (BP)", "E.S.GUILLERIES,S.L.", "E.S.HNOS.BLAZQUEZ SL", "E.S.HORADADA", "E.S.HPG", "E.S.LA COLORADA", "E.S.LA MUELA", "E.S.LA RECTA", "E.S.LAS PILETAS", "E.S.LOS MOLINILLOS", "E.S.MAELLA", "E.S.MARIDI", "E.S.MAS", "E.S.METROARTE MONCADA", "E.S.MEX", "E.S.MIBECOSL", "E.S.MOIANES", "E.S.MOLERO S.A.", "E.S.NTRA . S\u00d1RA. DEL ROSARIO.", "E.S.NTRA.SRA.DE LA PE\u00d1A", "E.S.NUEVA MONTA\u00d1A", "E.S.ORIHUELA DEL TREMEDAL", "E.S.PEDRAJAS", "E.S.QUINTANAR", "E.S.RUTANCARES S.L.", "E.S.SAIZ", "E.S.SAN BENITO", "E.S.SANTA FE", "E.S.SOLBAS", "E.S.STO.DOMINGO DE GUZMAN", "E.S.TEIRABOA", "E.S.TERDIGUERA", "E.S.TERMENS", "E.S.TITAGUAS S.L", "E.S.VALEIXE", "E.S.VICASOL", "E.S.VISA", "E.S.VISTALEGRE", "E.SERVEIS TG", "E.SERVICIO TEIS P.R.", "E/S  SAN JAVIER", "E/S TALAVERA", "EASY FUEL", "EASYFUEL", "EASYGAS", "EASYGAS PORRI\u00d1O", "EASYREPOST", "ECO COMBUSTIBLE 24H LOW COST", "ECOAREA ALHAUR\u00cdN", "ECOBENZ", "ECOIL LEVANTE", "ECONOIL", "ECONOMIC FUEL", "ECONOMY CASH 24H", "ECONORIAS", "ECOSUMINISTROS", "ECOSUMINISTROS 24 H K40", "ECOZOIL ", "ECO\u00c1REA SANTA AMALIA", "ECU VILLARES", "EDETAGAS", "EDV", "EE SS HNOS. MORENO PADILLA", "EE SS LOS CARRASQUILLAS", "EE SS PUENTE DEL AVE", "EE SS SOMIEDO", "EE.SS AGUADERAS", "EE.SS VALLE PIQUERAS", "EE.SS. ALJORRA", "EE.SS. CAMANZO", "EE.SS. SAN SEBASTIAN", "EESS DE CABANES 40 PIES ", "EESS DYNEFF", "EESS GASOLEOS FERRER S.L", "EESS GASOLIVIA", "EESS LA CAVADA", "EESS LA FLORIDA ", "EESS LAS PALMERAS", "EESS MACEDA", "EESS NTRA SRA DE LOS MILAGROS", "EESS OC\u00c9ANO  LA AZADILLA", "EESS ROTONDA", "EESS TOSCANA", "EESSBENZA", "EESSMAS, S.L.", "EGEA HUESCAR", "EJIDO OESTE", "EL BADEN", "EL BALCON DE ANDALUCIA", "EL CANARI", "EL CANARI ONIL", "EL CARMEN", "EL CENTRO", "EL CRISTO ", "EL EMPALME", "EL ESCOBONAL", "EL GRADO ESTACION DE SERVICIO", "EL GRUPO SCA", "EL GUADALENTIN", "EL JUCAR", "EL LIMONAR", "EL MARINO", "EL MAYORIA COMBUSTIBLES", "EL PICO", "EL PILAR", "EL PLANO", "EL POLIGONO", "EL PORRAS", "EL PUEYO", "EL REMOLINO", "EL ROMERAL", "EL RUBIAL SOC. COOP.", "EL SALVADOR", "EL SOL", "EL SURTIDOR", "EL TANQUE", "EL TREBOL", "EL VALLE", "ELS GAFARRONS", "EMACOIL 24-7", "EMBOCADOR", "EMCCAT 24H.", "EMPRESOIL", "EMPURIES OILS L'ESCALA", "EMP\u00daRIES OILS SAUS", "ENCO SANT JORDI", "ENERCOM CARBURANTES", "ENERGIAS AF", "ENERGY", "ENERGY CARBURANTES", "ENERGY LA VARIANTE", "ENERGY24H", "ENERPLUS", "ENERQUIVIR{ SOTILLO BAJO{", "ENI", "ENTREAUTO", "EOIL", "EPERMENDI", "EPSILON PLUS ", "ERE AREA DE SERVICIO", "EROSKI", "ES", "ES ADENOR POLINYA", "ES AIDA", "ES ALGERRI", "ES ARTENARA", "ES BORJA - E.S.SOBRADO DE PICATO, S.L.U", "ES CALDERS", "ES CASTRONU\u00d1O", "ES COLL DE NARG\u00d3", "ES COLOSO", "ES COLOSO CHURRIANA", "ES DOSVILLAS SL", "ES EL PERAL", "ES ESLA", "ES ESUCARTO", "ES FEPSA  LA PALMA", "ES FERMAN LIA\u00d1O", "ES HERMANOS OLALLA", "ES LANDIBAR", "ES LAS CASAS", "ES LIMONAR", "ES LOS MONOS", "ES MALAVELLA", "ES MILL SERVICES", "ES NORIAS", "ES NTRA SRA OLIVAR", "ES OUTON", "ES PARKING DEL BAIX LLOBREGAT", "ES RB", "ES SALORINO", "ES SAN ANTONIOABAD. FUENTEALBILLA", "ES TADISUR ", "ES TAXLAGUNA ", "ES VEFRUBER", "ES ZARAGOZA", "ES.LA NARANJA", "ESC", "ESC-PETROLEOS", "ESCLATOIL", "ESCUDERO", "ESFER-OIL", "ESOIL", "ESPANOIL", "ESPECIAL OIL", "ESSER", "ESTACIO DE SERVEIS BALENYA", "ESTACIO DE SERVICI EL REGAIXO", "ESTACIO SERVEI BIGUES I RIELLS", "ESTACIO SERVEI CAN BUXERES", "ESTACIO SERVEI LLINARS", "ESTACIO SERVEI LLU\u00c7AN\u00c8S", "ESTACIO SERVEI OLIANA", "ESTACION  SERVICIO CHIPUDE", "ESTACION BOYA", "ESTACION DE CARBURANTES SAN BARTOLOME APOSTOL", "ESTACION DE SERVICIO ", "ESTACION DE SERVICIO A TRABE", "ESTACION DE SERVICIO AOIZ, S.L.", "ESTACION DE SERVICIO ARALAR", "ESTACION DE SERVICIO CARDENETE", "ESTACION DE SERVICIO CASTA\u00d1AR", "ESTACION DE SERVICIO COLOSO MARBELLA", "ESTACION DE SERVICIO DIEGO PILETA  Y AUTOLAVADO AGUA OSMOTIZADA: HIJOS DE DIEGO PILETA", "ESTACION DE SERVICIO EL SALADILLO", "ESTACION DE SERVICIO FAVENCIA JULIA", "ESTACION DE SERVICIO HERMANOS OLALLA ", "ESTACION DE SERVICIO LA FONTANILLA", "ESTACION DE SERVICIO LA FORTALEZA", "ESTACION DE SERVICIO LA NORIA", "ESTACION DE SERVICIO LIEBANA S.L", "ESTACION DE SERVICIO LUINTRA, S.L.", "ESTACION DE SERVICIO MARI\u00d1AMANSA", "ESTACION DE SERVICIO MONCAYO", "ESTACION DE SERVICIO O VAL", "ESTACION DE SERVICIO ORDES", "ESTACION DE SERVICIO ORTEGA", "ESTACION DE SERVICIO P44", "ESTACION DE SERVICIO PARA\u00d1OS", "ESTACION DE SERVICIO PENA DE MALATE", "ESTACION DE SERVICIO PETROBLUE ", "ESTACION DE SERVICIO PIADELA FASE III", "ESTACION DE SERVICIO PORTER, S.L.", "ESTACION DE SERVICIO PRADESOL", "ESTACION DE SERVICIO PRIETO, S.L.", "ESTACION DE SERVICIO RV", "ESTACION DE SERVICIO SIGRAS", "ESTACION DE SERVICIO SORIANO S.L.", "ESTACION DE SERVICIO TABEAIO", "ESTACION DE SERVICIO TOMAS TRECE\u00d1O", "ESTACION DE SERVICIO VALLE DE LECRIN", "ESTACION DE SERVICIO VALLE DE TRUBIA S.L.", "ESTACION DE SERVICIO VELEZ RUBIO", "ESTACION DE SERVICIO VENTA CAVILA", "ESTACION DE SERVICIO VICASOL S.L.", "ESTACION DE SERVICIOS \"FIS\"", "ESTACION DE SERVICIOS EL MIRADOR", "ESTACION DE SERVICIOS JEDULA", "ESTACION PLAYA BLANCA", "ESTACION SERVICIO", "ESTACION SERVICIO BONET SL", "ESTACION SERVICIO MUNICIPAL", "ESTACION SERVICIO NTRA SRA DE LA BLANCA", "ESTACION SERVICIO TEBA", "ESTACIONES ARNEDO", "ESTACIONES DE SERVICIO GASOLIVIA", "ESTACIONES GB", "ESTACI\u00d3 DE SERVEIS CENTELLES", "ESTACI\u00d3 SERRA CADI, S.L.", "ESTACI\u00d3N ABADES KM 44", "ESTACI\u00d3N AEROPUERTO", "ESTACI\u00d3N DE SERVICIO", "ESTACI\u00d3N DE SERVICIO ACEITES ALDEAHERMOSA", "ESTACI\u00d3N DE SERVICIO ARANDA", "ESTACI\u00d3N DE SERVICIO ARMENTERA S.L", "ESTACI\u00d3N DE SERVICIO EL CRUCE DE SANTA MAR\u00cdA DE TRASSIERRA", "ESTACI\u00d3N DE SERVICIO EL GOMERO", "ESTACI\u00d3N DE SERVICIO NIG\u00dcELAS, S.L. ", "ESTACI\u00d3N DE SERVICIO OUTOMURO S.L.", "ESTACI\u00d3N DE SERVICIO PERALTA DE ALCOFEA", "ESTACI\u00d3N DE SERVICIO PUERTA GUADIX 292", "ESTACI\u00d3N DE SERVICIO SALVACA\u00d1ETE", "ESTACI\u00d3N MADRID", "ESTACI\u00d3N VILANOVA DE AROUSA", "ESTRELLA ROJA", "ETXARRI OIL", "EUMOGAS, SL", "EUREKA", "EUROCAM", "EUROFUEL", "EUROIL CUATROCAMINOS", "EUROIL LARECTA", "EURONOR", "EURONOR ENERGY ", "EUROPA", "EUROPA 1", "EUROPETROL", "EUROPULPI", "EUSKADI LOW COST", "EUSKADILOWCOST", "EUSKOIL-STAR PETROLEUM", "EVOLUTION", "EXIBOX", "EXOIL", "EXOIL ALBERIC", "EXOIL CHIVA", "EXOIL EXPRESS", "EXOIL REAL DE GANDIA", "EXPLOTACIONES GASOAL", "EXPLOTACIONES GASOAL SL", "EXPOAGUILAS", "EXPOMARINA", "EXPRESS", "F.A.LES PLANES", "F.COCA P. S.L.", "F.DEL MORAL", "F21", "FACE PETROLEUM", "FACE PETROLEUM SAGUNTO", "FAMILY ENERGY", "FAMILY ENERGY, S.L", "FAMILY ENERGY,SL", "FARRE OIL", "FARRUCO S.A.", "FAST & GAS", "FAST FUEL", "FAST FUEL ALBACETE", "FAST FUEL HINOJOSA", "FC GO", "FC PETROLEOS", "FEIXAS AULET", "FEIXAS AULET ", "FEJAMA 2022, S.L.", "FENIX GESTION", "FENIX OIL", "FER PREU JUST", "FERNANDEZ BERMEJO", "FERTIBLEND", "FERVI CC PONTI\u00d1AS", "FINA", "FISCOGAS 24/7", "FITO", "FITOGAS", "FLUID", "FM", "FORESMA DESARROLLOS SL", "FRANCAS ENERGY", "FRII", "FROET-GAS", "FRU-ROSE, SCCL", "FRUCIMU", "FTH", "FUEL 10", "FUEL EXPRESS", "FUEL TRUCK", "FUEL Y FURIOSO", "FUEL-ENERGY", "FUELING", "FUELQUIN", "FULL  ENERGY BELLCAIRE D'EMPORDA", "FULL & GO", "FULL ENERGY - VILADAMAT", "FUSPRA ENERGY", "FUTURA PETROLIUM ", "FUTURGASOIL", "FYCASA LOGISTICA S.L.", "FYCSA FRESH AND CARRY,S.A.", "FYDEMSA", "G CANTALEJO", "G.P.S. OIL ", "GACOSUR BARBATE", "GACOSUR JEREZ", "GACOSUR MAIRENA", "GACOSUR PARSI", "GACOSUR VILLAMARTIN", "GADCAR", "GAFISUR ANTEQUERA", "GAFISUR PALMONES", "GAIA", "GALEA", "GALERA \u00c1REAS DE SERVICIO", "GALP", "GAL\u00c1N DE MEMBRILLA", "GAMAR", "GAMARRA LOW COST", "GAMBA OIL ", "GAMIZ", "GANAR, S. COOP.", "GAR", "GARATGE HORTA", "GARDENOIL", "GARRUCHO", "GARRUCHO ESPERA", "GAS AUTO", "GAS DEL MAS", "GAS SOLIS", "GASAMP", "GASDEN", "GASEXPRESS", "GASEXPRESS ", "GASEXPRESS ARCHENA", "GASEXPRESS CAMPELLO", "GASEXPRESS FOIOS", "GASEXPRESS GETAFE", "GASEXPRESS LA POBLA DE FARNALS", "GASEXPRESS PUERTO", "GASEXPRESS PUZOL", "GASEXPRESS SEGORBE", "GASEXPRESS SUECA", "GASEXPRESS TAVERNES", "GASEXPRESS TRES CRUCES", "GASEXPRESS VALLADOLID 5", "GASEXPRESS VINAROZ", "GASHOME", "GASLANDER", "GASLOWCOST", "GASMOR E HIJOS S.L", "GASO 10", "GASOELECTRIC LOW COST", "GASOIL 3B", "GASOILS CARRERAS DE PIERA S.L.", "GASOLEO B", "GASOLEO EXPRES", "GASOLEO EXPRESS (NICOLAS Y RIQUELME SL)", "GASOLEOS", "GASOLEOS ARANDA", "GASOLEOS ARIAS MARTINEZ, S.L.", "GASOLEOS CEAO", "GASOLEOS CERECEDO", "GASOLEOS DAGANZO", "GASOLEOS DE MONFORTE", "GASOLEOS GETAFE, S.L.", "GASOLEOS LA ELIANA", "GASOLEOS LA PARRILLA", "GASOLEOS MARTIN NAVAS SLU", "GASOLEOS SAN BENITO", "GASOLEOS SERSUCO", "GASOLEOS SIERRA OESTE,SL", "GASOLEOS SOTOMONTES,S.L.", "GASOLEOS TERUEL", "GASOLEOS TORRES LOW COST 24H.", "GASOLEOS TURBULA ", "GASOLEOS VILLAGER", "GASOLEOSJUCO", "GASOLINERA", "GASOLINERA AGULLENT", "GASOLINERA ALCOY ", "GASOLINERA ALFAFAR", "GASOLINERA ALISAL", "GASOLINERA ASPE", "GASOLINERA CAPELLAN\u00cdAS", "GASOLINERA CARTAGENA", "GASOLINERA CA\u00d1ADA ROSAL S.L.", "GASOLINERA CIEMPOZUELOS", "GASOLINERA C\u00c1CERES", "GASOLINERA D'ELX (S. ATENDIDO)", "GASOLINERA DE FORMENTERA", "GASOLINERA DE LA COOPERATIVA NTRA SRA DEL ROSARIO", "GASOLINERA EL EJIDO", "GASOLINERA EL ESPINAR DE SAN RAFAEL", "GASOLINERA EL MARGEN", "GASOLINERA ES", "GASOLINERA ETENOIL", "GASOLINERA G & S", "GASOLINERA GALMAR", "GASOLINERA GETAFE", "GASOLINERA GRANADA LA PALMA", "GASOLINERA JILOCA", "GASOLINERA LOS IBORES", "GASOLINERA LOW COST", "GASOLINERA LOW COST PENADES", "GASOLINERA MARTIN", "GASOLINERA NO\u00c1IN", "GASOLINERA OLIVARES", "GASOLINERA ORTUELLA", "GASOLINERA SAN ROQUE", "GASOLINERA SANTA BARBARA", "GASOLINERA SANTANA", "GASOLINERA TORREJ\u00d3N", "GASOLINERA TREVI\u00d1O", "GASOLINERA UTRERA", "GASOLINERA VALDEMORO", "GASOLINERA VALLADOLID PISUERGA", "GASOLINERA VILLAFLORES", "GASOLINERA VILLAREJO DE SALVAN\u00c9S", "GASOLINERA ZAMUDIO", "GASOLINERA ZARATAN", "GASOLINERAS DEL REY", "GASOLINERAS HF", "GASOLINERAS HT", "GASOLIVIA", "GASOLPOP,S.L.", "GASOLPRICE", "GASOLPRIME", "GASOLWIN", "GASOLWIN BENEIXAMA", "GASOLWIN LLIRIA", "GASOPOTENZ", "GASOPRIX", "GASORBA", "GASPLAY", "GASPUIG", "GASUIR", "GASUMA", "GAS\u00d3LEOS MONTEHERMOSO", "GAX", "GBA", "GC ENERGY", "GCL", "GECKOIL", "GECKOIL SANT PON\u00c7", "GEDS", "GENIL", "GESGASOLEO", "GF", "GHNPLUS", "GHOL", "GIAL", "GLOBAL HRV", "GLOBAL OIL", "GLOBAL OIL ", "GLOBAL OIL  ", "GLOBAL TANK", "GLOBAL TANK LA SERRETA", "GLOBAL TANK SILLA", "GLOBALTANK", "GLOBALTANK PINOSO", "GM FUEL STATIONS", "GM OIL", "GM OIL ", "GM OIL ELCHE", "GM OIL HOSPITALET DE LLOBREGAT", "GM OIL PALAM\u00d3S", "GM OIL TORREVIEJA", "GM10", "GMOIL", "GMR", "GO UBRIQUE", "GOEXPRESS", "GOLBAL OIL LOS MARTINEZ DEL PUERTO", "GONDELCU", "GONZALEZ CA\u00d1ABATE CARBURANTES", "GONZALEZ CA\u00d1ABATE, S.L.", "GOOD PRICE PALAU", "GOR", "GOTETA", "GP ENERGIA", "GPB", "GPS-NUEVA CONDOMINA", "GPS-PETRO PUENTE", "GPS.MOLINA", "GPS.MOLINA- TAPIADO", "GRANAOIL", "GRANASOL SAN PABLO", "GRATSA", "GREEN GAS", "GRUPO BARAMBIO", "GRUPO CIRUGEDA COLOM SL ", "GRUPO CRIADO", "GRUPO HEFAME", "GRUPO LARATRANS", "GRUPO MAICAS PEIRO", "GSM", "GUAY", "GUEROIL", "GUGAS", "GV OIL", "GVOIL", "G\u00d3MEZ Y SIRVENT", "H2EXAGON ARAFO", "H2EXAGON ESCALERITAS", "H2EXAGON JINAMAR", "H2EXAGON LAS TORRES", "H2EXAGON NORTE", "H2GO CORRALEJO", "H2GO MAXO ARME\u00d1IME", "H2GO MORRO JABLE", "H2GO MUELLE CHICO", "HAFESA", "HAFESA OIL", "HAM", "HAXX", "HAXX PUERTO DE MOTRIL", "HELLIN GAS S.L.", "HEMEGAS", "HENERGY", "HERMANOS CRUZ (REPOSTAR)", "HERMANOS FERNANDEZ GARCIA SA", "HERMANOS GUILLEN MONTERO S.A.", "HERMANOS MORENO PADILLA", "HERMANOS NAVARRO", "HERMANOS NU\u00d1O, S.L.", "HGOIL", "HIDRO&GAR.2", "HIGUEROIL", "HIJOS DE OLIVA", "HIPER OIL", "HIPER-OIL", "HISPANIA DE CARBURANTES", "HLH", "HNOS BA\u00d1OS", "HNOS GUILLEN MONTERO S.A.L.", "HNOS. FERNANDEZ URABAIN S.L.", "HNOS. FRIGOLS LILA, S.L.", "HNOS. L\u00d3PEZ GUNT\u00cdN C.B.", "HNOS.FERNANDEZ", "HNOS.MARTINEZ", "HOILA", "HORTOFRUCOOP S.C.A.", "HRUIZ", "IBAIA ENERGY", "IBERDOEX", "IBESSA", "ICOR ENERGIA", "IGUZQUIZA Y ECHEVERRIA S.L.", "ILIPAMAGNA", "IMPULSO365", "INDAPAK LOGISTICS", "INDASOL", "INDUSTRIAL GIL FOLGADO SL", "INDUSTRIAL LOS ANGELES", "INFINITY OIL", "INICIATIVAS RUMIAL", "INLOCOR S.L.", "INNOGAS", "INPEALSA", "INTERCON", "INV", "INVERSIONES CASTELLANO CANTABRICA, S.L.U.", "ION+", "ISABEL ALONSO", "ITALICA OIL", "ITURSER S.L.", "ITV LA FLORESTA", "IZELAI FUEL", "J. UTRILLA", "J.L E HIJOS", "J.L.SARDINA S.L.", "J.UTRILLA", "JAENCOOP", "JAENCOOP ENERGY", "JAENCOOP ENERGY CORTIJOS NUEVOS", "JAENCOOP ENERGY TORRES DE ALBANCHEZ", "JAENCOOP ENERGY VILLANUEVA II", "JAIMAPARK", "JBM", "JCARRION", "JCC", "JEISER OIL", "JES\u00daS DEL PERD\u00d3N BODEGAS YUNTERO S. COOP. DE C-LM", "JIMENOIL", "JOSBERFUEL", "JOSE GARCIA GUILLEN", "JOVINO ESTHER E HIJOS S.L.", "JOYMAR", "JPG PETROL", "JTFUEL", "JUAN MARTINEZ SAURA", "JUCOFUEL", "JULIA-OIL", "JULIA-OIL (FINA)", "JUNCADIESEL", "JUST FUEL", "KARLAVADO.COM", "L'AREA", "L'AREA ", "LA 23", "LA ADRADA", "LA AYORENSE CARBURANTES", "LA BARONIA DE TURIS COOP V", "LA CALANDINA", "LA CALLE DEL MOTOR", "LA CARABELA", "LA CA\u00d1ADA", "LA CHARLUCA ES", "LA CHICA", "LA CHUCA", "LA COOPERATIVA", "LA ERMITA S.L.", "LA ESTACION", "LA ESTRELLA DE QATAR", "LA FARINERA", "LA GAVIOTA GASOLINERA 24 HORA", "LA GAVIOTA GASOLINERA 24 HORAS", "LA GAVIOTA GASOLINERAS", "LA HITA - TORREVIEJA", "LA HITA- EL MOLINO", "LA HITA-EL PASICO", "LA HITA-EL VALLE", "LA HITA-JC1 MURCIA (SERV.ATENDIDO)", "LA HITA-LO PAGAN", "LA HITA-MORRASTELAS", "LA HITA-PINATAR PARK", "LA HITA-RODA", "LA INMACULADA", "LA JULIANA", "LA LAGUNILLA", "LA LANCHA", "LA LOBA 2000", "LA LOMA", "LA MORENICA", "LA MOTA - BIESA", "LA MOVIL GRUPO PUERTAS", "LA NORIA", "LA PANADELLA", "LA PAR\u00c1 ROCIERA", "LA PINTAICA", "LA PISTA S.L.", "LA PULGOSA", "LA REMEDIADORA", "LA RIBERA DE CABANES", "LA SALUD", "LA TARAMBANA", "LA TORRE", "LA TRAMUNTANA", "LA TROCHA", "LA UNION CHIVANA", "LA VALENTI", "LA VEGA", "LA VEGA DE PLIEGO", "LABOIL", "LABOIL, S.L.", "LAENCINA SODAD COOP LIMITADA", "LAFUENTE", "LAG SIG\u00dcEIRO", "LAG XALLAS", "LANDETE GIMENO", "LAPE\u00d1A MORATALLA, S.L.", "LAS CORREHUELAS, S.L", "LAS GAVIOTAS", "LAS LAGUNAS", "LAS MARISMAS DE ROTA (L.M.R.)", "LAS MAROMAS", "LAS MAROMAS-2", "LAS PALMERAS", "LAS PEPAS", "LAS TERRAZAS", "LAS TORRES", "LATEQUIN", "LAVABU", "LAVAOIL", "LAVAPLUS", "LAYTOR", "LB ENERGIA", "LERFU", "LEVANTINA", "LIBRE", "LILA ENERGY", "LIMIA OIL", "LION ENERGY", "LISARMINIA", "LISBONA OIL", "LLORSOIL- E. S. VALVERDE", "LO SOLA", "LOIMIL GAS", "LORRY PETROL", "LOS ANGELES", "LOS CALZONES", "LOS CEAS", "LOS CORRALES", "LOS DONCELES ENERGY", "LOS FILABRES SCA", "LOS LINARES", "LOS LLANOS II", "LOS REMEDIOS", "LOS REMEDIOS-PICASAT SCA", "LOS TORRAOS", "LOSADA - MONTAMARTA", "LOUCOS  A.S. EL TORO", "LOW COST", "LOW COST 24", "LOW COST 24H", "LOW COST ALZIRA", "LOW COST ATENDIDO O CORGO", "LOW COST CARBURANTES", "LOW COST CIRUGEDA", "LOW COST EUSKADI", "LOW COST EUSKADI - URRETXU", "LOW COST EUSKADI SL", "LOW COST FUEL", "LOW COST FUEL OIL", "LOW COST LA MOVIL", "LOW COST LM EXPRESS", "LOW COST LOS POZUELOS", "LOW COST REPOST", "LOW COST SAN CRISTOBAL", "LOW COST SANT FOST VILACARBURANTS", "LOW COST TIBURONOIL", "LOW COST VALLELADO", "LOWCOST BENAGUACIL", "LOWCOST MEDINA", "LOWCOST24H", "LOWCOSTFUEL", "LOWXEN", "LOZANO", "LUBRICANTES MARTIN", "LUCENA", "LUKOIL", "LUXOIL", "LUZAIDE", "LUZOIL", "M", "M AUTOMOCION", "M&D", "M3 PETROLEOS", "M4 REPOST", "MACMAOIL", "MADESE-BENAMAINA", "MAGNA OIL", "MANCEBO", "MANCHA CENTRO", "MANZANARES RUIZ", "MAPISAOIL", "MARINA DE LA PLANA", "MARINA RUBICON", "MARIN\u00c9", "MARISA", "MAROIL", "MAS DEL PI", "MAS GASOIL", "MASFUEL", "MASIP", "MASMAR OIL", "MASOIL", "MASOIL ALCOY", "MASOIL BENISA", "MASOIL CASTALLA", "MATARO", "MAXOIL", "MAXPETROL", "MAXPETROL ", "MAYAYO", "MAZANA ", "MC", "MELLADO", "MENCHERO VEGUE CARBURANTES S.L.", "MERCAOIL ENERGY", "MERCASOSA", "MERKAOIL", "MERODIO", "MEROIL", "MEROIL  ", "MEROIL (FER PREU JUST)", "MEROIL, S.L.", "MG", "MIFASCET,SLU", "MIGUEL PI", "MINGACHO", "MINGACHO OIL", "MINGORRIA", "MINIOIL", "MINIOIL ALBOLOTE", "MINIOIL OTURA", "MIRAMAR OIL", "MIRASIERRA", "MLC", "MLC ALUENDA", "MOEWE TALVAR", "MOGUEROIL", "MOMO OIL", "MONTE ALUMA", "MONTE LA REINA", "MONTEPIO", "MONTES NORTE ENERGETICOS S.L.", "MONTES NORTE ENERGETICOS, S.L.", "MONTLLOBE, S.A.", "MOOVE", "MORA", "MORA OIL ", "MORA Y CIUDAD COMBUSTIBLES ", "MORAFUEL", "MORAOIL", "MORENO", "MORGANE OIL", "MOSCARD\u00d3", "MOTOLUX", "MOTORACING 81", "MOZAR ENERGIA", "MP", "MUELAS DEL PAN", "MULTIMARCA COMBUSTIBLES", "MURILLO ROJO SL", "MUXU", "MYFUEL LOW COST", "MYG GASOLEOS", "M\u00ba MARIN", "N1JUNDIZ", "NADA ", "NADAL", "NAFAR MENDI", "NAFAROIL", "NAFTE", "NAKANOIL", "NALDA", "NARANJA", "NAVAMUEL", "NAVARRO Y VALERO, S.L", "NAVATRANS", "NEFT", "NEVADA ENERGIA", "NEW OIL MALAGA", "NIEVES", "NIEVES ", "NIEVES PARETS LLEVANTPARK", "NINGUNO", "NO", "NO ", "NO HAY", "NO ROTULO", "NO TIENE", "NOIL", "NOROIL", "NORPETROL", "NORPETROL AGONCILLO", "NORPETROL ARCOS", "NORPETROL LA PORTALADA", "NORPETROL LA VEGA", "NORPETROL LOS CARROS 2", "NORPETROL ORY", "NORTEGRA LOW COST", "NOVAOIL", "NOVEL OIL SYSTEM", "NTRA SRA DEL ROSARIO", "NTRA. SRA. DE LA ENCARNACION", "NTRA. SRA. DEL CARMEN - COOPERATIVA VINICOLA", "NTRA.SRA. DE LA ESTRELLA,S.C.A", "NUBOIL", "NUEVA ALISAL", "NUEVA CALONGE", "NUROIL", "NU\u00d1EZ VILLARREAL", "N\u00ba 10.935", "N\u00ba 7374", "O RODO", "O SURTIDOR", "O XEIXO,S.COOP GALEGA  OIL ", "OCHO AREAS DE SERVICIO", "OCHO \u00c1REAS DE SERVICIO", "OCHOA LORES (LA JAREA)", "OCTANOS", "OCTOPO", "OC\u00c9ANO", "OC\u00c9ANO EL CARRIZAL", "OC\u00c9ANO LOS REALEJOS", "OC\u00c9ANO PLAYA SANTIAGO", "OC\u00c9ANO SARDINA SUR", "OC\u00c9ANO TACO", "OD06", "OIL A42 ", "OIL BAROL SL", "OIL CITY", "OIL HUERCAL-OVERA  ", "OIL JCJ", "OIL LINE", "OIL PRIX", "OIL SANCHEZ ROMERO", "OIL+", "OILAREA", "OILMARA\u00d1A", "OILPRIX", "OLANCA", "OLEICOLA VALDEPE\u00d1AS DE JAEN S.C.A", "OLEOCAMPO, S.COOP.AND. DE 2\u00ba GRADO", "OLIVAR ALTO 24H", "OLIVARERA TRABUCO", "OMEGA ESPINARDO", "OMEGA SANGONERA", "ON365", "ONA LOWCOST", "ONAINDIA", "ONAINDIA LOWCOST", "ONDAMITA OIL", "ONDINA DEL SEGRE", "ONROAD 24", "OPERADORA SEVILLANA", "OPTYME", "OPTYME SELF SYSTEM", "ORAMBA ESTACIONES DE SERVICIO", "ORANGUTAN", "ORELLANA PERDIZ", "ORTEGAL OIL", "ORUCA", "OURENSANA DE PETROLEOS SL", "OUTLETUI", "P FUEL EXPRESS", "P G E HIJOS", "PALUSOIL", "PANAWAY ROAD", "PANDORA BIOENERGY SL", "PANDORA E ENERGY", "PANDORA ENERGY", "PARA Y SIGUE", "PARCELOGIC", "PARDI\u00d1AS, CENTRO LOGISTICO", "PARKING DE CAMIONES", "PASO HONROSO", "PATEROIL", "PCAN", "PCAN ARRIETA", "PCAN GIL", "PEDROGAS S.L. (JULIO CHARCO)", "PEDROSA CENTER", "PEGASOLINA STAR", "PEINADOR", "PENINSULA CARTAGENA", "PEPE RAMON", "PERTROPRIX", "PET. ALARC\u00d3N Y GARC\u00cdA ", "PETRANOIL STATION", "PETREM", "PETREM VALL D'EN BAS", "PETRO G24", "PETRO GRADO", "PETRO PINT\u00d3", "PETRO PINT\u00d3 S.L.", "PETRO SWAP", "PETRO VALLES", "PETRO-PINTO,S.L.", "PETRO7", "PETRO7 - PETROLIS INDEPENDENTS", "PETROALFA", "PETROAMARILLA", "PETROANDALUS S.A.", "PETROAS", "PETROBAGES S.L.", "PETROBAL", "PETROBIKE", "PETROCAMP", "PETROCAR", "PETROCASH", "PETROCASH BENS", "PETROCASH BETANZOS", "PETROCASH BETOTE", "PETROCASH CABO DE CRUZ", "PETROCASH CAMBRE", "PETROCASH FONTEFRIA", "PETROCASH LUGO", "PETROCASH NARON (POL. G\u00c1NDARA)", "PETROCASH OSEDO", "PETROCASH POL. IND. DE BERGONDO", "PETROCASH SADA", "PETROCASH SAIAR", "PETROCASH SARRIA", "PETROCAT", "PETROCAT DIRECTE", "PETROCAT KM 17", "PETROCOES     ", "PETROCOR", "PETROCORNER LOS CHOPOS", "PETROEIGHT", "PETROENCINA", "PETROENERGY", "PETROESPA\u00d1A", "PETROESTANY", "PETROFIGUERES NF", "PETROGAS", "PETROGLOP", "PETROGOLD", "PETROIL ENERGY AZAHARA", "PETROIL ENERGY GRANADAL", "PETROIL ENERGY GRANADAL II", "PETROIL ENERGY LA GRANJA", "PETROIL ENERGY TORRECILLA", "PETROJARAMA", "PETROKAL", "PETROL & GO", "PETROL & GO ", "PETROL & GO (TRES CAMINOS)", "PETROL & GO PUERTO DE SANTA MARIA ", "PETROL A RUA", "PETROL LENTELLAIS", "PETROL M\u00d3STOLES", "PETROL RED", "PETROL&GO", "PETROLAVILA", "PETROLCAR", "PETROLEOS CN-340", "PETROLEOS DE CUDEYO", "PETROLEOS MARTIN CORPORATION", "PETROLIA", "PETROLIFEROS DE TAHIVILLA", "PETROLIS", "PETROLIS COLLBLANC", "PETROLIS DE BARCELONA", "PETROLIS DE BARCELONA S.A", "PETROLIS INDEPENDENTS", "PETROLIS INDEPENDENTS - PETRO7", "PETROLIS INDEPENDENTS - PETRO7 ", "PETROLIS MIRAMAR", "PETROLOGIC OIL", "PETROLORCA - E.S. LA CAMPANA ", "PETROLORCA - U.S.", "PETROLOWCOST", "PETROLOWCOST SL", "PETROLUXE", "PETROMAR", "PETROMARESWAGEN", "PETROMARKT", "PETROMAX", "PETROMAX DE LEVANTE", "PETROMIRALLES", "PETROMIRALLES BERA", "PETROMODE", "PETRONOR", "PETROPASS", "PETROPLUS", "PETROPRIX", "PETRORCAL", "PETROR\u00c0PITA", "PETROSAND", "PETROSELVA", "PETROSERVICE", "PETROSET", "PETROSOL", "PETROSTAR ENERGIA", "PETROSTAR ENERG\u00cdA", "PETROSUR JQ43", "PETROUYA", "PETROVAP", "PETROVOLTREG\u00c0", "PETROVOLTREG\u00c0 - \u00c0REA DEL COLLSACABRA", "PETROZAL", "PETTRAN-OIL AREA LA TORRE", "PEYMON OIL S.L", "PGS", "PINA DE EBRO - AN ENERGETICOS", "PINAROIL S.L.", "PINS OIL", "PISTOIL VEJER ", "PK 11", "PLATERO", "PLATINUM GASOLINERA 24 HORAS ", "PLENERGY", "PLUS-24", "POCITO", "POLAGAS", "PONENT ENERGIA", "PONTEULLA", "POPULAR PRICE OIL", "PORBOL", "PORT CANT\u00d3", "PORTUOIL", "POSADA MENENDEZ ", "POSTE DE MATA", "POZONUEVO", "PREMIRA", "PREMIUM ENERGY CASTELLDEFELS", "PREMIUM ENERGY LA SAGRERA", "PRIMAFRIO", "PRIMER TRUCK AREA", "PRIMER- AREA VIC", "PRIO", "PRODENERGY", "PRODUCTORES DEL CAMPO, S.C.A.", "PUERTA DE LA MONTA\u00d1A ", "PUERTA LOS PEDROCHES", "PUERTO RICO, S.A", "PUNTA SOLERA", "PUNTO AZUL 24H", "PUZOL", "PU\u00c7OIL", "Q-H FUEL", "Q8", "QOIL", "QP ALMENSILLA", "QP BOLLULLOS", "QP CHIPIONA", "QP NERVION", "QUALITY ALMANSA", "QUALITY MONTSI\u00c0", "QUALITY OIL", "QUALITYFUEL", "R M", "R4 SAN MILLAN", "RABELL", "RANDERO", "RAPIDFUEL", "RASPA-OIL (SERV. ATENDIDO)", "RASPAOIL (SERV. ATENDIDO)", "REAL CONTRERAS E HIJOS, S.L.", "RED AHORRO ", "RED CAR OIL", "RED CAR OIL S.L", "RED DE COMBUSTIBLES CANARIOS", "RED OIL TEC", "REDCAROIL", "REDSTONE PREMIUM, S.L.", "REGENCOS OIL", "RENESUR", "RENESUR GR", "RENESUR-EL ALTIPLANO", "RENOVA OIL", "REP", "REPOSTA EXPRESS", "REPOSTAMAX", "REPOSTANDO", "REPOSTAR", "REPOSTAR - ANSELMO MONTERO BRAGADO", "REPOSTAR GOMEZ OSORIO", "REPOSTAR,  ANTONIO  DEL ESTAL L\u00d3PEZ S.L.", "REPOSTAR--ALFA", "REPOSTAR--VISTA ALEGRE", "REPOSTAR--ZARATAN", "REPSOL", "REQUES - T9", "REVISOIL", "RHR", "RHR ", "RIALCE, S.L.", "RIBERCOST", "RIOSOL", "RITOR DIESEL", "RIU D'OR", "ROAD RUNNER", "ROCK & OIL", "RODEROIL", "RONDA NORTE", "RONDA OESTE", "ROS", "ROSELLO", "ROYMAGA PETROLEOS", "ROYMAGA PETROLEOS,SL", "ROYO", "RS PETROL", "RSPETROL ", "RUBI OIL", "RURAL SAN VICENTE FERRER", "RUTA 4", "RUTA DEL FERRO E.S.", "RUTA SABI\u00d1ANIGO 29", "RUYCO PETROL", "RUYCOPETROL, S.L.", "R\u00cdO NUBIS", "S.A.T. PISAICA DE LA VIRGEN", "S.C.A. NTRA. SRA. DE LA CABEZA", "S.C.A. NTRA. SRA. DE MONSALUD", "S.C.A. SAN ISIDRO LABRADOR", "S.C.A. SANAGUSTIN", "S.C.A.A. NTRA. SE\u00d1ORA DEL CARMEN", "S.COOP.AND. AGR\u00cdCOLA VIRGEN DE LA OLIVA", "S.E. SAN AGUSTIN S.L.", "S2", "SAENZ DE MIERA SL", "SAFOROIL", "SAJARDINES", "SALLENT DE SERVEIS, S.L.", "SAN AGUSTIN", "SAN ANTONIO OIL", "SAN CRISTOBAL", "SAN ISIDRO", "SAN ISIDRO LABRADOR SOC. COOP. DE CLM", "SAN JERONIMO GASOLINERA", "SAN JUAN BAUTISTA S COOP AND", "SAN JUAN DE LA CRUZ", "SAN LAZARO", "SAN LAZARO GUEVEJAR", "SAN ROQUE ( LOW COST )", "SAN SEBASTIAN", "SAN TEODOMIRO", "SANANTONIO", "SANCHILAN", "SANGAR", "SANICOOP", "SANTA ANA", "SANTA CRUZ", "SANTA POLA", "SANTANA DOMINGUEZ", "SANTANA DOMINGUEZ, S.L.", "SANTIAGO", "SANTIAGO HERNANDEZ", "SARAS", "SARAS ENERGIA", "SARASATE", "SAT BEATA INES", "SAT CONDADO", "SAV SERVEIS", "SBC", "SBC ", "SBC SANXENXO", "SC SIERRA DE ALCUBIERRE", "SCA AGRARIA SAN ANTON", "SCA. NTRA. SRA. DE LAS VIRTUDES", "SCB TALAVERA", "SCVA VIRGEN DESAMPARADOS", "SDAD. COOP. DEL CAMPO NUESTRO PADRE JESUS", "SDAD. COOP. SANTIAGO APOSTOL", "SEA", "SECOTRANS", "SECSA", "SECTOROIL", "SEDIGAS, S.L.", "SEDIMACAR S.L.", "SEDIMACAR, S.L.", "SEDIMACAR, SL", "SEGRE OIL", "SEGUIN Y DIEGO S.L.", "SEGUROIL", "SEGUROIL SLU", "SEL", "SEMUTRANSA", "SENERSA S.L", "SERAGAS", "SERMUCO", "SEROIL  ENERGY", "SEROIL ENERGY", "SEROIL ENERGY ", "SERTELGAS,SL", "SERTUY", "SERTUY - SAN COSME - CELA - MOS", "SERTYMAN", "SERVATRA", "SERVI AGER ", "SERVIAUTO ECOLOGIC", "SERVICIOS AGRARIOS LA UNION SLU", "SERVICIOS PENEDES SA", "SERVICIOS PETROLIFEROS", "SERVICIOS POLIGONO PIADELA", "SERVICO", "SERVICOCETRA S.L.U.", "SERVICOOP", "SERVICOOP +", "SERVIFACIL", "SERVIGORDON", "SERVIOIL", "SET&GO", "SEVEN OIL", "SHELL", "SHOP AREA BENAS", "SI", "SIERRA DEL TERRIL SCA", "SIERRA ESPU\u00d1A TRADE", "SIERRA ESPU\u00d1A TRADE 2", "SIMON GRUP", "SIN ABANDERAMIENTO ", "SIN DETERMINAR", "SIN ROTULO", "SIS CARBURANTES", "SMART OIL", "SMART OIL ", "SMILE OIL", "SOC. COOP. N\u00aa SRA. ARGAMASA", "SOCIEDAD COOPERATIVA AGRARIA SANTA ANA", "SOCIEDAD COOPERATIVA SAN MIGUEL ARCANGEL", "SOL", "SOLNER", "SOLRAS", "SORLIGO", "SORLIGO ", "SP", "SPAROIL", "SPL", "SPLASH", "SPS", "STAR OIL ZAMORA", "STAR PETROLEUM", "STAR24H", "STARMA", "STAROIL", "STAROIL BARBANZA", "STAROIL POIO", "STAROIL SAN CIBRAO", "STELS", "STELS ", "STMO CRISTO DE LA EXPIRACION", "STOP OIL", "STORE FUEL ", "SUANCES", "SUBIGAS", "SUIMASA", "SUMALCA", "SUMAROIL", "SUMERGY -  GRUPO SERTRANIN", "SUMINISTROS AGROBUREBA, SL", "SUMINISTROS GASOLEOS TALAVERA, S,L.", "SUMINISTROS HERMANOS HT", "SUMINISTROS LA CASILLA S.L.", "SUMINISTROS MAZO", "SUMINISTROS PLIEGO S.L", "SUMINISTROS SAN ANTON", "SUPECO", "SUPER CASH VIMAR", "SUPER GASOIL", "SUPER GASOIL 2016 S.L.", "SUPER OIL", "SUPERFUEL", "SUR-OIL", "SUTACON", "SUVER GASOLEOS ", "SVG", "SYM SARRIA", "T9", "TAKI-OIL", "TALANTENA", "TALLERES ARRUBLA", "TAMOIL", "TARAY", "TARIFA OIL", "TARIFUEL", "TAXCO", "TECKMAR", "TENCAR", "TENERGY", "TEX", "TEXACOIL", "TEXAKO TRUCKS", "TGAS", "TGAS ARONA", "TGAS EL M\u00c9DANO", "TGAS EL ROSARIO", "TGAS GARAF\u00cdA", "TGAS HAR\u00cdA", "TGAS LA GORVORANA", "TGAS LA HIDALGA", "TGAS LAS GALLETAS", "TGAS LAS MERCEDES", "TGAS LOS BALD\u00cdOS", "TGAS SANTA CATALINA", "TGAS SARDINA DEL NORTE", "TGAS TACORONTE", "TGAS TEGUESTE", "TGAS-TU TR\u00c9BOL", "THADER I", "TIEBAS", "TIELMES S.L.", "TJ OIL", "TNS MOTOR", "TOBALINOIL", "TOPFUEL", "TORTUGA", "TRADILO INVERSIONES", "TRAMUNTANA", "TRANSGALLEGO LOGISTIC SL", "TRANSPORTES ABYCER S.L.", "TRANSPORTES RODOLFO Y VENTURA", "TRES CAMINOS SL-DIV.LA CA\u00d1ADA", "TRIFON", "TRONOVA ENERGIA", "TROPS", "TRUCK STOP DALIAS", "TRUCK STOP DEL PONIENTE ", "TRUCK STOP EL EJIDO S.L.", "TRUCKSTOP", "TRUEBA ENERGY", "TS", "TYCSA", "TYCSA AQUALON", "TYCSA RONDA NORTE", "TYCSA TRAFICO PESADO", "U. S. S\u00daRIA      *ROVIRA ENERGIA*", "U.S GASOLEOS GUILLEN S.L", "U.S. CALDES - GAS-OILS ROVIRA-", "U.S. DAVID COLLADO", "U.S. MANRESA -GAS-OILS ROVIRA-", "U.S. SANT QUIRZE SAFAJA  -GASOILS ROVIRA AUTOSERVEI-", "U.S. TORREGUADIARO", "U.S. TRANSMARAVILLAS", "U.S.SABADELL   - GAS-OILS ROVIRA-", "U.S.TORREHIERRO", "ULTREYA", "UNIDAD DE SERVICIO", "URAL ENERGY", "URBAN OIL", "URBI LOW COST", "UREPEL", "URKIDE", "URKIOIL", "URLAVE", "US ROSEMUR", "US SAN MIGUEL", "USC", "V.C.", "V.O.", "V2 GASOLINERAS", "VALCAMBUS S.L.", "VALCARCE", "VALCOR", "VALCOR SOCIEDAD COOPERATIVA ASTURIANA", "VALENCIOIL", "VALENTI", "VALERO 24H", "VALERO 24H ENERGIA", "VALEROIL", "VALLE DE LIENDO", "VALLFOGONINA", "VALLIWASH-PETROMIRALLES", "VC ENERGIA", "VCC ALFAFAR", "VCC ALGINET", "VCC ALICANTE ", "VCC ANOUER", "VCC BENISSA", "VCC CARLET", "VCC CATARROJA ", "VCC GANDIA", "VCC LA VALL", "VCC ONTINYENT", "VCC OROPESA", "VCC PATERNA ", "VCC PE\u00d1ISCOLA", "VCC QUART ", "VCC SANTA POLA", "VEGARA ", "VEN Y VEN OIL", "VENTA LA PETRA", "VERADIESEL", "VERDE Y SOSTENIBLE", "VIBE CARBURANTES", "VIBE-CARBURANTES", "VILA Y FAYOS ", "VILACARBURANTS", "VILALTA", "VILALTA CORPORACION SA", "VILAMARXANT", "VILLA RUBEUM,S.L.", "VILLAGER", "VILLALONQUEJAR", "VILLAL\u00d3N", "VINICOLA DE SARRAL, SCCL", "VIRGEN DE LA CORONA", "VIRGEN DE LAS NIEVES", "VIRGEN DEL ROBLEDO SCA", "VIROSQUE", "VIRSUR", "VLADOIL M\u00c1LAGA", "VLADOIL RIOGORDO", "VOLACAN", "VOLAROIL", "VULCO", "WASHMAX", "WENCES", "WETROAD", "WINDFUEL TARIFA LOW COST", "XOPLUC", "YARYMA 1", "YENO", "YETHI", "Z2OIL", "ZACAT\u00cdN ", "ZD URBAN VIC", "ZELAI LUZEA", "ZEPXA ECO", "ZONA DIESEL", "ZONA DIESEL ", "ZONA ZERO", "ZUFREGAS S.L", "|> ENERTRIX <|", "\u00c1REA 117", "\u00c1REA 117 DIR. M\u00c1LAGA", "\u00c1REA 117 DIR. SEVILLA", "\u00c1REA 117 MANISES", "\u00c1REA 117 PISTA DE SILLA", "\u00c1REA 117 RIBA-ROJA", "\u00c1REA117", "\u00c1RTICO OIL"], ["ALBACETE", "ALICANTE", "ALMER\u00cdA", "ARABA/\u00c1LAVA", "ASTURIAS", "BADAJOZ", "BALEARS (ILLES)", "BARCELONA", "BIZKAIA", "BURGOS", "CANTABRIA", "CASTELL\u00d3N / CASTELL\u00d3", "CEUTA", "CIUDAD REAL", "CORU\u00d1A (A)", "CUENCA", "C\u00c1CERES", "C\u00c1DIZ", "C\u00d3RDOBA", "GIPUZKOA", "GIRONA", "GRANADA", "GUADALAJARA", "HUELVA", "HUESCA", "JA\u00c9N", "LE\u00d3N", "LLEIDA", "LUGO", "MADRID", "MELILLA", "MURCIA", "M\u00c1LAGA", "NAVARRA", "OURENSE", "PALENCIA", "PALMAS (LAS)", "PONTEVEDRA", "RIOJA (LA)", "SALAMANCA", "SANTA CRUZ DE TENERIFE", "SEGOVIA", "SEVILLA", "SORIA", "TARRAGONA", "TERUEL", "TOLEDO", "VALENCIA / VAL\u00c8NCIA", "VALLADOLID", "ZAMORA", "ZARAGOZA", "\u00c1VILA"], ["01", "02", "03", "04", "05", "06", "07", "08", "09", "10", "11", "12", "13", "14", "15", "16", "17", "18", "19"]]
