tree
version=v4
num_class=1
num_tree_per_iteration=1
label_index=0
max_feature_idx=17
objective=regression
feature_names=dia_semana mes dia_del_mes semana_del_año es_fin_semana es_festivo_nacional regimen dias_desde_shock precio_lag_1 precio_lag_7 precio_lag_30 precio_mm_7 precio_mm_30 precio_medio_nacional_dia diferencial_vs_nacional Rotulo_normalizado Provincia IDCCAA
feature_infos=-1:1:0:6:2:3:5:4 -1:0:1 [1:31] [9:18] -1:0:1 -1:0:1 none [0:60] [0.92900000000000005:2.3889999999999998] [0.92500000000000004:2.3889999999999998] [0.88500000000000001:2.3889999999999998] [0.93328571428571439:2.2307142857142859] [0.91039999999999999:2.1439999999999997] [1.4394025423728813:1.9422209116708054] [-0.79946078779276086:0.58727911308203984] -1:2231:491:355:1354:2385:289:2156:2131:2128:467:729:277:2185:398:353:60:1158:2576:95:1113:1119:323:1845:1371:2468:1601:1597:232:1910:262:1020:2068:2125:2018:1743:19:576:2449:2462:356:342:1287:1283:2383:1508:1515:2069:298:1861:760:741:1289:1414:261:2425:2031:1488:1470:1898:1108:1943:1731:92:2574:1973:2015:1027:2010:1790:1263:1478:56:718:1999:2396:2398:393:1562:2223:2308:1856:2111:1567:1653:2322:1599:1614:74:320:1265:2361:1249:1955:1629:2117:2418:272:2563:2110:2039:1880:1255:1600:2422:403:2224:1548:339:362:1717:2203:1326:1111:2120:1630:1675:20:184:1089:1330:2090:1913:279:2445:2614:1783:365:1797:1372:2076:1320:1902:2017:270:2416:2613:227:1873:249:517:1823:697:1716:1830:1507:1738:2234:2106:2216:2578:116:1068:1509:2108:430:1547:1771:1796:1940:1091:1778:2186:2437:2009:2354:2575:1718:2038:2091:2160:308:480:1563:1984:197:1161:1575:1870:1998:2054:100:1106:1325:1624:2007:2157:2170:2194:2208:2382:38:518:532:2168:2202:101:213:292:389:544:727:1157:1395:2042:2052:2082:2481:354:574:748:1164:1302:1568:1650:1922:2098:2138:2345:2392:2648:358:619:1315:1410:1431:1546:1836:2135:2148:2279:2649:22:706:1644:1803:2123:2480:58:271:539:1281:1386:1387:1505:1911:1990:2171:2312:344:516:888:1276:1346:1802:1872:1968:2139:2364:2496:15:30:113:187:189:239:683:753:1294:1549:1550:1700:2387:2540:2567:351:698:796:1301:1338:1953:1985:2161:42:71:160:185:613:1323:1499:1589:1914:2122:2145:2249:2306:2452:2653:479:842:1316:1534:1604:2254:2325:2351:2424:2647:175:736:750:927:2505:151:314:733:1010:1093:1561:1781:1847:1971:2248:2267:2283:2413:2501:81:321:487:505:630:816:856:876:925:1350:1370:1521:1708:1728:1770:1829:2116:72:108:258:281:295:350:436:446:525:555:582:666:749:831:848:1016:1056:1063:1120:1123:1163:1269:1319:1351:1373:1407:1530:1584:1595:1608:1637:1647:1905:1920:2174:2243:2290:2299:2402:2479:2536:2593:3:41:78:182:250:329:346:357:405:461:465:508:563:575:577:665:669:672:815:833:849:1000:1009:1017:1032:1049:1181:1202:1250:1251:1260:1307:1397:1421:1425:1476:1500:1501:1695:1734:1740:1780:1918:1924:2067:2147:2262:2360:2450:2499:2550:2581:2621:2636:10:31:40:169:177:202:280:326:368:375:376:390:418:444:452:502:511:514:538:584:596:606:627:642:676:717:765:781:809:832:881:895:907:957:967:991:1012:1039:1048:1073:1079:1080:1117:1127:1185:1215:1216:1235:1267:1286:1295:1299:1300:1311:1327:1332:1347:1358:1362:1426:1467:1474:1517:1544:1574:1577:1586:1616:1649:1679:1693:1702:1752:1794:1833:1941:1949:1964:1965:1972:1986:2001:2022:2072:2077:2092:2136:2137:2164:2178:2348:2389:2411:2466:2495:2535:2545:2610:2646:4:27:79:126:154:233:278:283:291:299:302:305:327:369:402:428:457:469:501:524:527:550:588:638:646:658:660:692:712:719:744:761:807:834:887:903:1006:1028:1059:1067:1087:1088:1092:1094:1153:1155:1174:1197:1212:1221:1245:1252:1257:1310:1361:1391:1396:1403:1430:1447:1451:1460:1520:1532:1581:1623:1625:1633:1639:1643:1737:1749:1750:1799:1820:1838:1865:1976:2008:2019:2035:2037:2040:2047:2050:2066:2083:2102:2119:2134:2167:2177:2240:2244:2276:2277:2282:2311:2336:2412:2434:2467:2475:2483:2541:2554:2565:2601:2608:2641:2642:2645:8:32:36:44:54:57:73:90:111:112:193:210:211:215:276:297:317:359:381:383:391:434:438:448:450:471:485:545:546:551:553:562:564:591:610:612:615:652:655:659:738:742:775:780:784:786:865:906:919:972:977:999:1001:1002:1015:1018:1041:1043:1053:1083:1084:1104:1122:1132:1162:1192:1231:1234:1237:1248:1264:1273:1296:1312:1398:1400:1415:1417:1423:1434:1452:1483:1504:1514:1535:1540:1571:1592:1610:1615:1681:1689:1721:1723:1764:1782:1784:1800:1826:1834:1876:1895:1931:1932:1933:1936:1960:2004:2024:2033:2048:2079:2095:2113:2115:2142:2151:2188:2196:2201:2205:2214:2253:2261:2269:2272:2280:2296:2338:2428:2448:2469:2472:2485:2547:2551:2553:2569:2579:2580:2583:2625:2638:12:25:46:53:62:75:135:144:153:163:172:178:201:203:212:218:225:245:256:300:303:307:319:335:360:366:399:433:437:456:486:495:497:503:513:521:526:535:540:554:557:558:569:573:592:617:622:625:631:650:657:671:678:690:701:702:724:732:737:740:769:773:792:798:813:817:843:852:859:867:872:875:884:898:900:905:930:936:937:939:940:951:956:995:1019:1058:1070:1090:1099:1188:1200:1206:1207:1224:1256:1288:1317:1318:1328:1343:1348:1355:1389:1406:1416:1443:1458:1459:1465:1472:1480:1489:1513:1542:1578:1591:1618:1641:1648:1658:1664:1669:1678:1683:1685:1711:1720:1729:1746:1761:1777:1798:1828:1849:1874:1875:1885:1886:1893:1912:1935:1966:1983:1994:1997:2002:2023:2063:2088:2097:2140:2165:2192:2220:2225:2228:2241:2246:2256:2270:2275:2289:2295:2313:2327:2347:2350:2353:2384:2415:2440:2457:2458:2504:2511:2526:2558:2591:2635:1:6:13:34:51:55:70:84:88:94:96:97:122:132:133:155:162:196:228:237:243:266:301:311:333:336:343:388:395:404:421:422:424:427:429:439:454:459:468:473:482:488:492:498:510:522:542:572:585:589:593:603:618:626:641:644:663:679:696:714:715:720:728:763:764:771:783:791:794:795:801:802:808:830:837:841:846:847:851:858:863:868:878:883:886:891:894:909:911:915:920:921:944:949:953:955:962:965:968:978:980:983:985:1004:1046:1052:1062:1086:1107:1112:1130:1139:1147:1152:1175:1177:1187:1193:1218:1232:1268:1271:1272:1279:1341:1349:1363:1385:1401:1405:1408:1412:1441:1444:1456:1468:1475:1482:1484:1510:1512:1527:1552:1564:1582:1590:1632:1642:1646:1651:1652:1662:1674:1676:1680:1682:1688:1690:1697:1713:1741:1787:1801:1808:1810:1813:1831:1839:1844:1848:1863:1866:1869:1871:1882:1926:1946:1948:1977:1981:1989:2006:2013:2020:2026:2057:2071:2073:2112:2127:2159:2179:2183:2190:2209:2217:2232:2239:2247:2251:2265:2271:2285:2294:2314:2321:2328:2334:2341:2343:2355:2359:2370:2377:2378:2381:2391:2465:2478:2486:2488:2489:2491:2498:2509:2512:2522:2556:2559:2571:2586:2588:2599:2615:2618:2619:2629:2631:2632:2644:2650:2652:2656:28:37:48:64:66:68:69:82:89:93:102:107:115:120:124:125:128:130:131:134:143:152:188:194:199:206:222:226:231:242:254:268:284:318:324:367:370:372:382:401:410:423:431:441:464:474:481:494:500:519:536:543:561:568:570:578:604:608:632:635:645:674:689:694:695:705:707:731:735:745:777:790:812:814:819:824:829:840:860:864:870:877:892:899:913:918:929:934:945:950:975:981:987:992:993:1013:1021:1023:1026:1030:1037:1045:1050:1055:1060:1072:1077:1096:1100:1103:1115:1118:1124:1125:1135:1141:1142:1143:1144:1145:1146:1151:1166:1173:1189:1194:1195:1196:1208:1220:1241:1244:1254:1258:1291:1309:1329:1335:1339:1357:1359:1367:1378:1384:1413:1420:1437:1473:1481:1487:1495:1511:1518:1519:1526:1531:1560:1572:1579:1583:1603:1609:1617:1634:1635:1661:1668:1687:1698:1699:1714:1722:1726:1730:1733:1747:1768:1776:1786:1788:1793:1815:1841:1855:1883:1891:1899:1903:1907:1921:1927:1929:1944:1969:1974:1982:2016:2021:2030:2036:2045:2056:2060:2096:2099:2101:2105:2126:2132:2150:2207:2215:2230:2257:2260:2274:2288:2316:2320:2326:2340:2342:2346:2356:2371:2372:2375:2380:2390:2394:2401:2444:2461:2477:2484:2492:2497:2500:2503:2514:2521:2530:2531:2560:2561:2573:2584:2598:2611:2622:2623:2626:2633:2637:5:9:11:16:17:47:52:59:61:85:87:98:106:110:117:138:141:145:150:176:183:192:195:198:200:209:230:236:251:252:255:259:267:269:282:285:294:296:309:316:331:352:361:407:432:478:483:493:496:504:506:529:534:556:559:580:597:598:599:609:614:637:661:693:699:700:708:713:721:722:725:726:756:779:789:793:803:811:828:854:862:879:896:908:912:917:922:924:933:942:958:959:961:970:971:982:990:996:998:1007:1008:1014:1024:1034:1036:1044:1047:1057:1066:1069:1071:1076:1095:1121:1128:1136:1150:1165:1167:1190:1198:1203:1213:1217:1226:1227:1239:1240:1242:1261:1262:1280:1282:1298:1304:1306:1313:1321:1322:1324:1345:1369:1374:1377:1379:1381:1383:1419:1433:1445:1461:1462:1477:1486:1492:1493:1496:1502:1522:1533:1545:1566:1569:1580:1611:1620:1622:1631:1645:1657:1659:1665:1671:1686:1696:1712:1715:1736:1744:1759:1775:1791:1809:1827:1832:1843:1854:1858:1877:1878:1881:1890:1896:1897:1917:1919:1937:1947:1950:1952:1961:1963:1970:1978:2014:2028:2049:2051:2064:2086:2087:2094:2100:2114:2121:2143:2146:2162:2169:2175:2187:2219:2221:2226:2227:2236:2242:2245:2252:2259:2266:2292:2309:2330:2349:2357:2358:2362:2374:2397:2414:2417:2439:2456:2482:2494:2507:2519:2528:2532:2533:2537:2542:2546:2548:2555:2572:2585:2589:2594:2596:2607:2640:2658:18:23:29:49:86:121:129:136:137:149:157:164:165:166:181:190:191:207:214:220:238:244:246:253:263:274:286:287:290:313:315:325:328:337:340:341:345:363:364:371:377:380:384:387:394:397:409:411:413:414:425:426:435:440:447:472:476:484:489:528:531:533:567:579:583:600:602:607:629:633:639:653:667:668:670:675:680:681:688:730:757:759:766:787:810:825:838:839:845:850:861:889:910:916:926:928:932:941:954:969:974:988:994:1025:1029:1038:1065:1081:1105:1110:1114:1126:1131:1140:1154:1159:1176:1178:1180:1183:1211:1214:1223:1229:1230:1236:1246:1259:1266:1278:1285:1333:1337:1342:1360:1364:1380:1392:1399:1429:1446:1448:1449:1498:1506:1524:1528:1529:1541:1543:1555:1558:1559:1576:1585:1602:1626:1638:1656:1663:1667:1670:1691:1694:1703:1707:1719:1732:1735:1739:1748:1754:1755:1758:1760:1763:1779:1812:1814:1817:1842:1860:1892:1900:1908:1916:1956:1958:1975:1993:2005:2011:2027:2034:2043:2044:2046:2075:2085:2103:2104:2118:2130:2158:2173:2180:2193:2200:2222:2238:2263:2273:2278:2284:2293:2298:2304:2305:2307:2319:2323:2329:2366:2386:2395:2420:2430:2436:2453:2454:2473:2490:2493:2506:2508:2513:2516:2525:2527:2539:2568:2577:2592:2604:2605:2627:2634:2660:7:39:63:76:77:80:83:99:104:139:140:146:156:158:161:167:173:205:221:224:229:234:240:257:260:265:304:306:330:349:400:416:419:443:453:509:512:520:530:537:541:560:565:566:605:621:624:636:654:684:685:686:709:711:751:752:774:778:855:866:869:871:882:885:902:914:938:963:964:966:973:976:979:986:989:997:1003:1011:1040:1051:1054:1061:1078:1109:1133:1134:1138:1148:1149:1160:1168:1179:1204:1225:1228:1233:1238:1253:1277:1292:1308:1352:1388:1393:1409:1418:1427:1432:1435:1439:1442:1450:1454:1457:1469:1471:1479:1497:1551:1553:1570:1573:1588:1612:1613:1619:1666:1673:1701:1704:1706:1767:1773:1785:1792:1807:1811:1818:1821:1837:1846:1859:1888:1889:1894:1901:1904:1909:1915:1925:1930:1934:1938:1951:1954:1962:1967:1979:1987:1991:1996:2032:2055:2061:2065:2070:2078:2089:2093:2107:2133:2152:2153:2154:2163:2166:2199:2204:2211:2218:2237:2264:2268:2281:2287:2297:2303:2318:2339:2344:2376:2388:2405:2409:2423:2426:2427:2433:2438:2442:2459:2460:2463:2476:2524:2534:2538:2543:2549:2562:2566:2570:2590:2630:2654:2655:2:24:26:45:109:114:119:123:147:170:171:179:180:186:216:219:223:235:310:332:373:379:385:408:412:415:420:515:523:552:586:590:594:601:620:640:647:649:651:656:664:673:682:687:703:710:767:772:782:785:804:805:818:821:822:827:893:931:948:952:960:984:1022:1031:1064:1082:1097:1171:1172:1186:1191:1209:1270:1275:1293:1314:1331:1368:1382:1411:1436:1453:1463:1466:1516:1525:1537:1554:1596:1606:1607:1627:1628:1654:1660:1742:1745:1751:1753:1757:1765:1774:1804:1850:1879:1887:1942:1945:1959:1992:2012:2058:2062:2074:2080:2081:2109:2141:2172:2210:2235:2258:2286:2291:2352:2367:2373:2379:2400:2406:2407:2408:2419:2421:2432:2455:2474:2502:2518:2523:2557:2564:2587:2595:2600:2602:2603:2609:2612:2620:2639:2643:2651:2657:2659:43:65:103:105:127:204:273:275:396:417:445:449:460:462:466:470:475:499:507:548:549:611:623:643:691:716:747:754:758:768:770:788:797:800:806:820:826:836:844:853:874:943:946:947:1033:1035:1042:1098:1116:1137:1169:1199:1201:1205:1222:1243:1284:1340:1344:1365:1375:1404:1422:1424:1428:1455:1485:1491:1587:1621:1636:1672:1684:1692:1762:1772:1806:1816:1835:1851:1852:1853:1857:1862:1864:1906:1928:1957:2000:2041:2084:2129:2149:2181:2189:2197:2198:2213:2255:2302:2317:2332:2333:2335:2337:2369:2399:2403:2410:2431:2435:2443:2464:2470:2510:2515 -1:29:7:47:1:31:42:32:17:14:5:21:20:36:40:46:4:33:2:50:44:37:6:13:25:18:11:27:26:10:16:48:0:19:9:23:28:8:24:15:39:34:22:49:41:38:3:51:45:35:43:30 -1:0:8:9:7:12:6:11:4:13:10:1:15:2:14:3:5:16:18
tree_sizes=5742 6130 6146 6114 6140 6114 6160 6144 6123 6167 6149 6207 6201 6160 6170 6167 6185 6210 6166 6184 6156 6168 6475 6221 6429 6218 6189 6149 6225 6237 6816 6213 6221 6235 6911 6395 6233 6223 6359 6410 6376 6378 6227 6417 6237 6262 7601 6228 6216 6251 6247 6244 6253 6257 6251 6267 6262 6375 6275 6431 6271 6281 6274 6546 6369 6264 6429 6463 6270 6282 6280 6785 6475 6455 6234 9030 6471 6476 10147 6736 6691 6598 10123 6286 6682 6987 6318 6337 7134 9956

Tree=0
num_leaves=63
num_cat=0
split_feature=11 14 13 11 13 13 14 14 2 14 14 14 14 2 13 11 13 13 13 14 14 13 14 14 11 14 14 13 14 14 11 14 14 14 13 13 14 13 14 13 14 11 13 11 14 14 13 13 14 2 14 14 14 14 14 14 2 2 13 11 14 13
split_gain=6502.94 2191.88 934.183 863.547 463.971 218.213 203.998 202.046 146.114 170.461 135.64 127.365 117.168 69.9015 64.7544 63.494 48.6593 46.1957 45.8885 45.5296 44.1825 38.1076 36.0551 33.8216 33.5877 32.45 29.3695 26.1187 26.0026 22.6848 20.4444 16.4599 14.7199 12.6634 12.484 12.2612 12.2109 11.927 10.8825 9.75738 12.0134 9.40186 9.23136 9.14347 9.03483 8.82141 8.53841 8.36702 8.28753 8.12809 8.02492 7.72017 7.43228 6.71346 6.57597 6.43536 6.43513 6.23361 6.17035 6.16594 6.16113 6.00412
threshold=1.566214285714286 0.013161975192448773 1.8208541137852097 1.3590714285714289 1.8134236480004582 1.7516683354102367 -0.05796555927448032 -0.090451543484547967 3.5000000000000004 -0.14271210597676084 0.081699380946849157 -0.072948871453930572 0.076782360281942977 5.5000000000000009 1.6254072576076228 1.2462857142857147 1.8830728145235895 1.7516683354102367 1.8761670047273677 -0.10999988700393425 0.10705250893903641 1.890186014534385 0.14400897040605812 -0.15943404656886193 1.4591428571428575 0.026924714017317889 0.030492723534902292 1.7516683354102367 -0.033575156489783813 0.04703874685936927 1.4947857142857146 0.053508956282699145 -0.01931780535522087 0.11319273218147631 1.8657678508960227 1.7516683354102367 0.056924714017317919 1.5693940189544902 -0.043690086382429098 1.7516683354102367 -0.050244001991295299 1.1908571428571431 1.7837075644055045 1.3099285714285716 0.11615156235368863 -0.018075332789834416 1.7861665622526861 1.7837075644055045 0.0970525089390364 19.500000000000004 0.18736881747616344 0.22173780145979918 0.18736881747616344 0.010658962400804219 -0.28537173491340556 -0.040878793194301648 3.5000000000000004 6.5000000000000009 1.8296745792475027 1.5225000000000002 0.119548456515452 1.8657678508960227
decision_type=8 2 2 10 2 2 2 2 2 2 2 2 2 2 2 10 2 2 2 2 2 2 2 2 10 2 2 2 2 2 10 2 2 2 2 2 2 2 2 2 2 10 2 10 2 2 2 2 2 2 2 2 2 2 2 2 2 2 2 10 2 2
left_child=3 4 5 11 6 13 19 23 24 30 18 15 29 56 26 41 28 45 36 35 31 33 46 -6 53 39 55 -21 -9 42 54 -15 -19 61 -25 -2 -4 -13 -18 40 -16 -1 -7 -17 -23 -8 -14 -31 -27 -20 -22 -24 -35 -5 -10 -11 -3 -33 -30 -26 -28 -12
right_child=1 2 10 8 7 12 17 16 9 14 21 37 22 20 25 43 38 32 49 27 50 44 51 34 59 48 60 -29 58 47 -32 57 -34 52 -36 -37 -38 -39 -40 -41 -42 -43 -44 -45 -46 -47 -48 -49 -50 -51 -52 -53 -54 -55 -56 -57 -58 -59 -60 -61 -62 -63
leaf_value=1.7464045266372739 1.7673149849985599 1.7674584418457273 1.7817944557846743 1.7587140347424792 1.7707700241823201 1.7775951290119552 1.7722831833203128 1.7770502935952648 1.7601884411379636 1.7626122091573806 1.7844332607773001 1.7614674017291698 1.7811180582788464 1.7757425569717413 1.767610699266237 1.7538669064545884 1.7799959019849869 1.7747985477454664 1.7846331509604652 1.7699768613107076 1.7800477614116137 1.7880611514717495 1.7855238481361517 1.7736896910042315 1.7634231002359855 1.7744410700590212 1.7692096948651781 1.7725442473576452 1.7779781773597652 1.7791883159336108 1.7659536310086006 1.774421157148699 1.7766587156826428 1.786897477918751 1.7763702081253088 1.7698618733367826 1.7834810636329752 1.7673812339700596 1.782460971138174 1.7729284352416981 1.7711867282962284 1.7507793727887326 1.7791237634422736 1.7564933830360081 1.7906587802622984 1.7740574547992496 1.78254432604448 1.7806033975558178 1.77985384444059 1.7867834633325366 1.7854247884116579 1.7908156484484605 1.7924719128975046 1.7630473129058826 1.7631100017952637 1.7660483300225926 1.7717604594347445 1.7776845129742103 1.7799888086584621 1.765443179943823 1.7744911170086579 1.7862655890614723
leaf_weight=2485 7673 1534 27764 4062 6974 21903 14099 23576 4068 1965 11945 2677 21252 27402 3658 6430 8651 20200 17935 14413 7372 8860 3700 9740 8549 4444 6555 31681 5081 19429 4061 1555 22460 11414 7840 12302 17493 1251 9280 3617 6561 2428 17987 6837 5380 13924 20728 22593 841 5821 766 847 631 1146 3658 4445 2006 24831 15324 6768 603 7145
leaf_count=2485 7673 1534 27764 4062 6974 21903 14099 23576 4068 1965 11945 2677 21252 27402 3658 6430 8651 20200 17935 14413 7372 8860 3700 9740 8549 4444 6555 31681 5081 19429 4061 1555 22460 11414 7840 12302 17493 1251 9280 3617 6561 2428 17987 6837 5380 13924 20728 22593 841 5821 766 847 631 1146 3658 4445 2006 24831 15324 6768 603 7145
internal_value=1.77639 1.77846 1.78119 1.76372 1.77469 1.77908 1.77287 1.77755 1.76663 1.76824 1.78478 1.75519 1.78028 1.77673 1.7701 1.75342 1.77908 1.77474 1.78338 1.77088 1.77712 1.7869 1.78228 1.77372 1.76314 1.77197 1.76745 1.77174 1.77818 1.77914 1.76308 1.7766 1.77578 1.78592 1.77489 1.76888 1.78245 1.76335 1.78127 1.7707 1.76991 1.74857 1.77828 1.75522 1.78904 1.77316 1.78182 1.77995 1.7753 1.78516 1.78055 1.78651 1.78719 1.75967 1.76157 1.76499 1.7699 1.77749 1.77949 1.76432 1.76965 1.78512
internal_weight=618620 531511 308293 87109 223218 193905 136752 86466 65001 44476 114388 22108 128439 65466 32689 18180 61912 70683 69013 66069 61926 45375 46527 24554 20525 19121 13568 46094 43981 81912 11787 53788 42660 31135 17580 19975 45257 3928 17931 13836 10219 4913 39890 13267 14240 28023 41980 42022 5285 23756 8138 4547 12045 5208 7726 6410 3540 26386 20405 15317 7158 19090
internal_count=618620 531511 308293 87109 223218 193905 136752 86466 65001 44476 114388 22108 128439 65466 32689 18180 61912 70683 69013 66069 61926 45375 46527 24554 20525 19121 13568 46094 43981 81912 11787 53788 42660 31135 17580 19975 45257 3928 17931 13836 10219 4913 39890 13267 14240 28023 41980 42022 5285 23756 8138 4547 12045 5208 7726 6410 3540 26386 20405 15317 7158 19090
is_linear=0
shrinkage=1


Tree=1
num_leaves=63
num_cat=0
split_feature=8 8 8 8 8 8 8 2 14 8 8 8 8 14 8 8 8 8 14 14 14 14 14 14 13 14 7 14 14 13 14 2 14 14 14 7 13 14 8 13 13 7 14 8 7 7 8 13 14 2 14 14 14 2 8 8 14 13 14 14 14 8
split_gain=7012.05 1676.49 1468.43 292.485 230.526 225.794 197.832 94.249 51.1174 44.8384 39.959 39.1915 36.7469 36.4821 35.9321 34.9815 29.5186 24.0286 21.2886 18.2459 16.7603 16.1564 14.6825 11.1349 10.0188 17.1095 9.51808 8.81204 8.46914 8.3982 7.77851 7.64838 12.1056 7.45403 6.81139 10.4673 6.63601 6.22858 6.21844 6.66543 6.1232 5.94696 7.07225 5.49014 5.44484 5.36958 5.33694 5.21887 5.09001 5.03699 4.59549 4.50872 4.47569 4.40587 4.28323 4.12483 3.88768 3.47515 3.34519 3.32626 3.25051 3.24345
threshold=1.7095000000000002 1.4895000000000003 1.8545000000000003 1.6185000000000003 1.9345000000000001 1.7855000000000001 1.3395000000000004 21.500000000000004 -0.065469132207658584 1.2395000000000003 1.8225000000000002 1.5555000000000001 1.8855000000000002 0.12181456336227993 1.9855000000000003 1.6655000000000002 1.4155000000000002 1.7455000000000003 0.004888211075322225 -0.099757500569899502 -0.033575156489783813 -0.029473454994190181 0.10504477195683472 0.035916623638756036 1.8208541137852097 0.035102566508092077 39.500000000000007 0.066434590088748316 0.065448775291754427 1.8411380396533612 0.067061303704771605 3.5000000000000004 0.079250300693461409 -0.095997386183176645 -0.11493367528632024 2.5000000000000004 1.7516683354102367 -0.10493367528632024 2.0695000000000001 1.9050218519754698 1.7516683354102367 39.500000000000007 0.052863783311381758 1.1595000000000002 45.500000000000007 39.500000000000007 1.6895000000000002 1.7516683354102367 -0.033575156489783813 7.5000000000000009 0.045723070680631202 0.030492723534902292 0.09571112178434972 4.5000000000000009 1.7655000000000001 1.9595000000000002 0.10171462931992216 1.8710351686054125 0.086309913617570913 -0.042530032910463193 0.057731671235411904 1.2895000000000001
decision_type=10 8 10 8 10 10 10 2 2 10 10 10 10 2 10 10 10 10 2 2 2 2 2 2 2 2 2 2 2 2 2 2 2 2 2 2 2 2 10 2 2 2 2 10 2 2 10 2 2 2 2 2 2 2 10 10 2 2 2 2 2 10
left_child=1 6 5 11 8 17 9 14 29 43 41 31 44 51 26 20 21 23 46 61 -5 -8 50 -2 25 -14 48 -18 54 -4 57 -3 33 -33 -13 -36 -37 -12 39 -24 -22 42 -7 -1 56 58 -17 -20 -6 -35 -16 -9 -27 -23 -19 -50 -10 -26 -39 -21 -28 -11
right_child=2 3 4 15 7 10 16 13 12 19 37 34 24 -15 22 18 27 28 47 59 40 53 38 -25 30 52 60 -29 -30 -31 -32 32 -34 49 35 36 -38 45 -40 -41 -42 -43 -44 -45 -46 -47 -48 -49 55 -51 -52 -53 -54 -55 -56 -57 -58 -59 -60 -61 -62 -63
leaf_value=-0.030668244296861536 -0.0021152138888571219 -0.01156647172962012 -0.0048510133812979988 -0.0061793358274140611 0.00091274194091362946 0.0014599895603941658 -0.018017194813176908 0.00044082674932581153 0.0045832091367346908 -0.023267902367589161 -0.002278423321664481 -0.0087205806111156099 0.00023692674581853816 0.0098046671922920412 0.0050709660666939278 -0.0044728399950544557 -0.013781780387542554 -0.00090002319655701232 -0.0013508379632464855 -0.017720732820483726 -0.003832413467677956 -0.012992543578247149 0.01112649156362381 0.001219887846896789 0.0057168203782978306 0.0048513227627323572 0.0061681431410850838 -0.0058845012844668115 0.0021662035844087876 0.0016630597666896512 0.0076599202138910713 -0.011539212316350208 -0.0016108234311170899 -0.009231049457436016 -0.0092967584927588689 -0.0065409579603674843 -0.0011242540597741026 0.0032642612854647786 0.016460936361374964 0.013583831130280114 0.0014108027744795992 0.00087846933354730988 0.0031022077651437574 -0.026382052627946531 0.0034332012413667589 0.0023770621555069733 -0.0034457900782845193 0.0027076624284642381 0.0088473086603101068 -0.0014190704916481438 0.0099595442095601807 0.0031802223693730876 0.0063534401018869868 -0.0038201813618089979 -6.8287088618532819e-05 0.010156737529777908 0.005933967391965834 0.0067958249569180151 0.0047909925620850209 -0.012699704196045894 0.0080449395507407179 -0.021299141821298086
leaf_weight=1107 38439 11125 1313 26320 181 38726 8453 2795 42807 3271 543 10650 1498 1933 512 22393 11942 30882 4766 951 5797 1079 7259 2677 15406 8117 2991 364 3171 794 14227 4930 440 6602 3793 9813 600 38939 862 4452 616 35409 7892 2298 9330 18054 29068 950 16427 213 7873 3247 12746 149 31034 9488 6084 14472 3952 505 10089 5804
leaf_count=1107 38439 11125 1313 26320 181 38726 8453 2795 42807 3271 543 10650 1498 1933 512 22393 11942 30882 4766 951 5797 1079 7259 2677 15406 8117 2991 364 3171 794 14227 4930 440 6602 3793 9813 600 38939 862 4452 616 35409 7892 2298 9330 18054 29068 950 16427 213 7873 3247 12746 149 31034 9488 6084 14472 3952 505 10089 5804
internal_value=4.38084e-06 -0.00850508 0.00333449 -0.00600172 0.00658699 0.000795944 -0.0181272 0.00893321 0.00532669 -0.0227878 0.00208931 -0.00914582 0.0054572 0.00382579 0.00961055 -0.00431738 -0.0151731 -0.000951817 -0.00357116 -0.0211751 -0.00562086 -0.0172387 0.0112816 -0.00189807 0.00626056 0.00539842 0.0087166 -0.0135482 -0.00035406 -0.00239626 0.00669766 -0.0106186 -0.0097532 -0.0100582 -0.00776463 -0.00704798 -0.00622885 0.00305294 0.0123623 0.0120607 -0.00332878 0.00136696 0.001738 -0.0277755 0.00454007 0.00310044 -0.00389271 -0.000676315 0.00926836 -0.00898689 0.00966104 0.00191299 0.00576902 -0.0118796 -0.000483134 0.00932672 0.0047513 0.00623946 0.00340494 -0.0159792 0.00761577 -0.0220088
internal_weight=618620 173999 444621 138076 194903 249718 35923 68109 126794 13936 143515 48166 124687 7975 60134 89910 21987 106203 57177 10531 32733 9681 20958 41116 66466 22361 39176 12306 65087 2107 44105 23310 12185 11745 24856 14206 10413 61488 12573 11711 6413 82027 46618 3405 58221 60945 51461 5716 26096 6815 8385 6042 20863 1228 61916 25915 48891 29878 42891 1456 13080 9075
internal_count=618620 173999 444621 138076 194903 249718 35923 68109 126794 13936 143515 48166 124687 7975 60134 89910 21987 106203 57177 10531 32733 9681 20958 41116 66466 22361 39176 12306 65087 2107 44105 23310 12185 11745 24856 14206 10413 61488 12573 11711 6413 82027 46618 3405 58221 60945 51461 5716 26096 6815 8385 6042 20863 1228 61916 25915 48891 29878 42891 1456 13080 9075
is_linear=0
shrinkage=0.05


Tree=2
num_leaves=63
num_cat=0
split_feature=8 8 8 8 8 8 8 2 8 8 8 14 14 8 14 8 8 14 8 14 14 8 13 14 14 7 2 14 7 14 14 13 13 14 8 13 7 14 14 2 13 14 14 8 14 14 7 14 8 14 8 7 2 14 2 14 7 13 8 14 14 13
split_gain=6328.49 1527.9 1310.15 269.793 208.121 198.176 178.86 87.7389 45.6471 45.1679 42.7617 38.024 36.5796 36.2425 30.4467 23.6426 22.6059 20.433 20.2274 19.6337 15.3973 14.8972 13.7163 12.4812 10.1655 8.66136 8.07664 12.7409 10.6438 8.0064 7.85289 7.68782 7.26212 7.11011 7.01017 6.45514 6.13985 5.63682 5.56914 5.52878 5.46708 9.03773 6.62296 4.95485 4.71864 4.60006 4.48322 4.41958 4.36159 4.06099 4.05262 3.74917 3.54773 3.39649 3.32842 3.26813 3.23912 3.16638 3.07289 2.99976 2.94038 2.89194
threshold=1.7155000000000002 1.4895000000000003 1.8545000000000003 1.6255000000000002 1.9245000000000003 1.7855000000000001 1.3495000000000001 21.500000000000004 1.2395000000000003 1.9785000000000001 1.5655000000000003 -0.085306064517720367 0.11174627034455133 1.8155000000000003 -0.034739700287642609 1.8845000000000003 1.6755000000000002 0.033052562634012579 1.4155000000000002 -0.088766314920685971 0.09571112178434972 1.7455000000000003 1.7516683354102367 -0.012450886500205869 -0.054611134964198775 39.500000000000007 3.5000000000000004 -0.0011362166886181855 4.5000000000000009 0.088028084136285059 -0.094933675286320227 1.9050218519754698 1.7516683354102367 -0.10493367528632024 2.0795000000000008 1.7516683354102367 39.500000000000007 0.052863783311381758 0.0095398691915812312 3.5000000000000004 1.8208541137852097 0.0692503006934614 0.087051128546069459 1.1595000000000002 -0.043690086382429098 0.084900495122189126 45.500000000000007 0.036549113499794068 1.9445000000000003 0.081699380946849157 1.2995000000000003 44.500000000000007 19.500000000000004 0.040658962400804251 6.5000000000000009 0.10171462931992216 39.500000000000007 1.8830728145235895 1.6485000000000001 0.048092452006558435 -0.0037121059767608595 1.787960130808419
decision_type=10 8 10 8 10 10 10 2 10 10 10 2 2 10 2 10 10 2 10 2 2 10 2 2 2 2 2 2 2 2 2 2 2 2 10 2 2 2 2 2 2 2 2 10 2 2 2 2 10 2 10 2 2 2 2 2 2 2 10 2 2 2
left_child=1 6 5 10 11 17 8 9 43 25 26 -4 38 45 16 46 58 21 23 50 47 -2 37 -8 -17 44 -3 -28 -29 -20 -12 34 39 -15 -22 -19 49 -16 -9 -32 41 52 -42 -1 -6 56 55 -11 -46 61 -10 -23 -26 -24 -39 -13 -7 -49 -5 -27 -21 -35
right_child=2 3 4 14 7 13 18 12 19 20 30 15 -14 33 22 24 -18 35 29 60 31 51 53 -25 40 59 27 28 -30 -31 32 -33 -34 36 -36 -37 -38 54 -40 -41 42 -43 -44 -45 48 -47 -48 57 -50 -51 -52 -53 -54 -55 -56 -57 -58 -59 -60 -61 -62 -63
leaf_value=-0.029134831364184891 -0.0019785617756994094 -0.01080715258374342 -0.0041661064510975674 -0.006204658560745261 0.00054912335461625649 0.0013882320384329149 -0.016704824116974448 -0.00092755318633567509 -0.021716050657480574 0.0041239143427134481 -0.0078565937389225484 0.0042952719655362202 0.0088231551933378102 -0.0020320137931836278 -0.0034311454427873958 -0.0014271499900853776 -0.0036790349099685943 0.00025437417437639399 -0.013053679190873805 -0.015711400289017588 0.010262691392203021 -0.00025824492809138291 4.2306728983586431e-05 -0.0098938694153460072 0.0037437209019789081 0.0053322233815890656 -0.010195388144661982 -0.0078719311558400444 -0.00038697853257201005 -0.0039779074821947894 -0.008444371845691967 0.012743015421028925 -0.00053680742104064694 0.0024622649517904265 0.015948020330254446 0.0032673143878685093 0.0021120641021117321 -0.0023642833246915731 0.0024031106174340249 -0.0057617806407573207 0.0058821494553002729 0.0056269864922384016 0.0079758259162553587 -0.025062950172447793 0.0076888082951593294 0.0031063777759387629 0.003226629852120673 0.007691318049552788 0.0089267809713741413 0.0042927628436885308 -0.019737515374585023 -0.0011579852384088585 3.2561881410590601e-05 0.0042598596318223613 0.00013797710326897533 0.0055915604894222013 0.00068291109145591144 0.0097383057724202138 -0.0051422915757268709 0.0071926702006335635 -0.010170501253682457 0.0032732267710534851
leaf_weight=1107 36659 12607 1146 10743 193 35868 7389 1725 4698 495 12976 41303 2330 771 12062 497 37569 18300 12058 1330 11116 27509 2133 740 3390 2596 9338 4810 527 248 2462 5990 564 18969 570 1969 22824 4182 4607 8736 31765 17378 4287 2298 12505 2890 8952 2978 16506 6244 5763 19993 795 615 1948 5511 29803 5167 18577 13101 292 26146
leaf_count=1107 36659 12607 1146 10743 193 35868 7389 1725 4698 495 12976 41303 2330 771 12062 497 37569 18300 12058 1330 11116 27509 2133 740 3390 2596 9338 4810 527 248 2462 5990 564 18969 570 1969 22824 4182 4607 8736 31765 17378 4287 2298 12505 2890 8952 2978 16506 6244 5763 19993 795 615 1948 5511 29803 5167 18577 13101 292 26146
internal_value=4.16178e-06 -0.00802297 0.00319023 -0.00566033 0.00625764 0.000779026 -0.0172208 0.00821828 -0.0212734 0.0087962 -0.0085139 0.00489607 0.00346676 0.00198484 -0.00397019 0.00498727 -0.00449106 -0.000878094 -0.0141493 -0.0198324 0.010441 -0.00122132 -0.00230636 -0.0160848 0.00569301 0.0078322 -0.00987898 -0.0090816 -0.00713283 -0.0128708 -0.00700844 0.0112866 -0.00607275 0.00274477 0.01054 0.000547061 0.00279442 -0.00280371 0.00149575 -0.00635158 0.00575443 0.00512465 0.00613111 -0.0263868 0.00834132 0.00115406 0.00425183 0.0087111 0.00839316 0.00309766 -0.0206261 -0.000636934 0.00303873 0.000986191 -0.00156911 0.00444787 0.00106814 0.00898988 -0.00553155 0.00688499 -0.0147139 0.00293225
internal_weight=618620 175772 442848 139849 194903 247945 35923 79879 15488 71217 52020 115024 8662 143515 87829 113878 66889 104430 20435 12083 26316 84161 20940 8129 58112 44901 27282 14675 5337 12306 24738 17676 11762 74954 11686 20269 74183 18192 6332 11198 57615 21563 36052 3405 29204 68561 55766 8640 29011 51359 10461 47502 4185 2748 6130 46814 65671 8145 29320 15697 1622 45115
internal_count=618620 175772 442848 139849 194903 247945 35923 79879 15488 71217 52020 115024 8662 143515 87829 113878 66889 104430 20435 12083 26316 84161 20940 8129 58112 44901 27282 14675 5337 12306 24738 17676 11762 74954 11686 20269 74183 18192 6332 11198 57615 21563 36052 3405 29204 68561 55766 8640 29011 51359 10461 47502 4185 2748 6130 46814 65671 8145 29320 15697 1622 45115
is_linear=0
shrinkage=0.05


Tree=3
num_leaves=63
num_cat=0
split_feature=8 8 8 8 8 8 8 2 14 8 8 8 8 14 8 8 8 8 14 14 14 14 14 14 14 7 14 14 2 8 14 14 8 14 8 14 3 2 8 3 8 7 7 2 14 14 14 8 2 14 2 3 3 14 2 8 8 14 8 7 14 14
split_gain=5711.87 1365.67 1195.93 229.89 188.421 183.869 170.208 76.6238 42.2203 41.1965 34.4226 30.2264 30.0392 30.0077 29.3893 28.6948 20.0105 18.2755 17.7451 17.5745 13.5506 12.1744 11.3857 8.53833 8.02633 7.6859 7.50962 7.39128 7.2554 7.03059 6.73292 5.94637 5.59196 5.21563 5.15558 5.09904 4.98557 4.71 4.59958 4.59442 4.47176 4.35224 4.25661 4.30659 5.77544 4.19798 4.07344 3.88427 3.81556 6.14528 4.47887 3.81431 3.79777 3.75952 3.69233 3.61869 3.42738 3.18356 3.10943 2.82938 2.79716 2.73424
threshold=1.7095000000000002 1.4985000000000002 1.8545000000000003 1.6185000000000003 1.9345000000000001 1.7825000000000002 1.3495000000000001 21.500000000000004 -0.064083376361243824 1.2395000000000003 1.8225000000000002 1.5455000000000003 1.8945000000000001 0.13069938094684921 1.9855000000000003 1.6655000000000002 1.4155000000000002 1.7435000000000003 -0.082269244229164804 0.004888211075322225 -0.0449336752863203 0.10504477195683472 -0.029473454994190181 0.035102566508092077 0.069731992223638253 39.500000000000007 0.065448775291754427 -0.045518076670304934 21.500000000000004 1.5795000000000001 -0.052712105976760786 0.11773075577083526 1.8745000000000003 0.072959008592888633 2.0695000000000001 -0.10493367528632024 15.500000000000002 19.500000000000004 1.6895000000000002 10.500000000000002 1.1595000000000002 39.500000000000007 39.500000000000007 21.500000000000004 0.061959008592888505 -0.013690086382429188 0.037287894023239072 1.2895000000000001 3.5000000000000004 -0.010897433491907858 5.5000000000000009 10.500000000000002 10.500000000000002 0.044714629319922213 4.5000000000000009 1.7655000000000001 1.9595000000000002 0.040658962400804251 1.9085000000000003 3.5000000000000004 0.090886440976605823 0.064345112017548015
decision_type=10 8 10 8 10 10 10 2 2 10 10 10 10 2 10 10 10 10 2 2 2 2 2 2 2 2 2 2 2 10 2 2 10 2 10 2 2 2 10 2 10 2 2 2 2 2 2 10 2 2 2 2 2 2 2 10 10 2 10 2 2 2
left_child=1 6 5 11 8 17 9 14 28 40 33 31 32 46 25 20 22 23 47 38 -5 53 -8 -2 -18 45 55 -14 -4 -13 -31 48 -10 36 37 -12 57 -23 -17 -22 -1 60 43 58 -45 -6 -9 -11 -3 -50 -51 -32 -21 -16 -24 -19 -47 -7 -29 -26 -37 -27
right_child=2 3 4 15 7 10 16 13 12 18 35 29 27 -15 21 19 24 26 -20 52 39 34 54 -25 59 61 -28 42 -30 30 51 -33 -34 -35 -36 41 -38 -39 -40 -41 -42 -43 -44 44 -46 56 -48 -49 49 50 -52 -53 -54 -55 -56 -57 -58 -59 -60 -61 -62 -63
leaf_value=-0.027678090864296095 -0.0019470827933388115 -0.010669573593000853 0.0014263261049517455 -0.0055955744781128174 0.0011839494893804545 0.0011793192010496074 -0.01600714214777654 0.00059860604518952748 0.003826940856466403 -0.020957260766812459 -0.0020629013693440382 -0.0079935359285781948 -0.00084899685741795887 0.0090102165046029217 0.0045168056240536278 -0.0040503095186475305 -0.01234575138788078 -0.00085439138914151732 -0.013530608019000388 -0.0012089249417055904 -0.0035529925375132106 0.010287125896781914 -0.011625419419873648 0.001096981105928705 -0.0076738333626618169 0.0057087683014499105 0.0020686226642200301 0.0057876983117736251 -0.0044929718988211713 -0.0073199517634261191 -0.0054006906028547337 -0.0027077553882811443 0.0047221269668234886 0.002337817066553251 0.014903962878799909 0.0029714108633210985 0.00054826065852593003 0.012545048601301548 -0.0030968446898678136 0.00053338798378047209 -0.023809802410775575 0.0021526058522257393 0.0052252069034061229 -5.9060275774874332e-05 0.0054401851432512001 0.0079828014295099548 0.0031940265265651101 -0.018894828273583807 -0.010244239003758593 -0.0080797572238364736 -0.0015592610414589419 0.0010218519082725729 0.0020915868277309436 0.0089794275024143774 -0.0030157933745714322 -8.7544265266380423e-05 0.0091768715774834739 0.0022026085568133675 0.0067629101126433725 0.0018719500915876609 0.0046076355381844116 0.0073255533651162804
leaf_weight=1107 36231 8868 862 25961 202 37592 7064 3362 37674 3304 543 14567 414 1866 502 22393 12865 33162 1392 4643 5995 8546 921 2460 290 3613 2986 14594 1296 8813 5671 289 32490 9096 862 40097 28479 3165 29068 777 2298 18054 17841 593 2450 16413 2747 7387 5396 3078 288 241 1073 7883 144 28697 9481 9527 18580 106 2794 9467
leaf_count=1107 36231 8868 862 25961 202 37592 7064 3362 37674 3304 543 14567 414 1866 502 22393 12865 33162 1392 4643 5995 8546 921 2460 290 3613 2986 14594 1296 8813 5671 289 32490 9096 862 40097 28479 3165 29068 777 2298 18054 17841 593 2450 16413 2747 7387 5396 3078 288 241 1073 7883 144 28697 9481 9527 18580 106 2794 9467
internal_value=3.9537e-06 -0.00767618 0.00300952 -0.00537897 0.00594476 0.00071858 -0.0162178 0.00806592 0.00480535 -0.0202097 0.0018604 -0.00820424 0.00492541 0.00346076 0.00867665 -0.00389544 -0.0133273 -0.000893553 -0.0188408 -0.00321959 -0.00507599 0.0101879 -0.0152806 -0.00175354 -0.0121299 0.00786817 -0.000380425 0.00580638 -0.00212854 -0.00721472 -0.00644426 -0.0098218 0.00424146 0.00120665 0.011172 0.00276089 0.00107055 0.0108973 -0.00351174 -0.00308413 -0.0250674 0.00280386 0.00585735 0.00616876 0.00436853 0.00836399 0.00176567 -0.0195322 -0.00993841 -0.00919841 -0.00752185 -0.00513888 -0.000589357 0.00871226 -0.0104613 -0.000498643 0.00842001 0.00138622 0.00633389 -0.00511865 0.003078 0.00687896
internal_weight=618620 173999 444621 137121 194903 249718 36878 68109 126794 15488 146182 47211 124636 7975 60134 89910 21390 103536 12083 57177 32733 20958 8129 38691 13261 39176 64845 54472 2158 29292 14725 17919 70164 84694 12573 61488 75598 11711 51461 6772 3405 60945 54058 36217 3043 26096 6109 10691 17630 8762 3366 5912 5716 8385 1065 61859 25894 47119 33174 396 42891 13080
internal_count=618620 173999 444621 137121 194903 249718 36878 68109 126794 15488 146182 47211 124636 7975 60134 89910 21390 103536 12083 57177 32733 20958 8129 38691 13261 39176 64845 54472 2158 29292 14725 17919 70164 84694 12573 61488 75598 11711 51461 6772 3405 60945 54058 36217 3043 26096 6109 10691 17630 8762 3366 5912 5716 8385 1065 61859 25894 47119 33174 396 42891 13080
is_linear=0
shrinkage=0.05


Tree=4
num_leaves=63
num_cat=0
split_feature=8 8 8 8 8 8 8 2 8 8 14 14 14 8 8 8 14 8 8 14 8 14 13 14 14 14 13 14 8 13 14 8 13 14 2 14 14 14 14 8 14 7 14 7 2 7 7 13 14 14 8 14 14 14 2 14 7 13 2 14 8 13
split_gain=5156.35 1302.04 1014.02 230.463 170.573 160.576 144.203 69.5031 45.6185 44.5719 31.0921 29.5762 24.6974 22.1453 21.8423 20.3423 20.2977 18.8062 17.0953 14.9202 14.4355 10.7437 9.73726 8.63319 8.49488 8.39285 8.10761 7.5511 6.43753 6.38813 6.24485 6.16878 5.59882 5.25772 5.20338 6.39681 5.17348 4.51322 4.46768 4.35511 4.24707 4.05729 4.35926 4.04959 4.02129 3.92088 3.82203 3.75196 3.62709 3.59172 3.38146 3.34141 3.24459 3.1518 3.07738 3.05157 6.99764 4.07286 2.96966 2.91593 2.89851 2.85266
threshold=1.7195000000000003 1.5195000000000001 1.8545000000000003 1.3695000000000002 1.9185000000000001 1.6355000000000002 1.7935000000000001 21.500000000000004 1.2655000000000001 1.9685000000000004 0.10171462931992216 -0.085306064517720367 -0.015111788924677792 1.5775000000000003 1.8245000000000002 1.4495000000000002 -0.052712105976760786 1.7555000000000003 1.6855000000000002 0.09571112178434972 1.8845000000000003 0.016593189298751979 1.7516683354102367 -0.094933675286320227 0.0970525089390364 0.055120000231452145 1.9050218519754698 -0.054611134964198775 1.1995000000000002 1.8710351686054125 0.054682194644779088 2.0795000000000008 1.7516683354102367 0.065916670445908446 3.5000000000000004 0.089730384931967513 1.0000000180025095e-35 -0.10493367528632024 -0.06713621668861823 1.3195000000000003 0.024682194644779058 39.500000000000007 0.056924714017317919 45.500000000000007 6.5000000000000009 39.500000000000007 39.500000000000007 1.8808204437217764 0.076782360281942977 0.064723070680631226 1.7755000000000003 -0.069341037599195729 -0.11804732229493119 0.22173780145979918 3.5000000000000004 -0.18402533651879779 2.5000000000000004 1.7336604933125102 4.5000000000000009 0.10504477195683472 1.6595000000000002 1.8057492807426865
decision_type=10 8 10 10 10 8 10 2 10 10 2 2 2 10 10 10 2 8 10 2 10 2 2 2 2 2 2 2 10 2 2 10 2 2 2 2 2 2 2 10 2 2 2 2 2 2 2 2 2 2 10 2 2 2 2 2 2 2 2 2 10 2
left_child=1 3 6 8 11 13 17 9 28 29 36 -4 18 34 41 21 39 25 60 40 43 -5 49 -15 55 -2 31 -22 -1 48 51 -21 54 50 -3 38 -9 -16 -36 52 -11 42 -8 59 -40 -39 61 -42 -6 -14 -19 -31 -10 -12 -25 -17 -57 -58 -23 -13 -7 -29
right_child=2 5 4 15 7 12 14 10 16 19 53 20 22 23 37 24 -18 33 -20 26 27 58 -24 32 -26 -27 -28 46 -30 30 -32 -33 -34 -35 35 -37 -38 45 44 -41 47 -43 -44 -45 -46 -47 -48 -49 -50 -51 -52 -53 -54 -55 -56 56 57 -59 -60 -61 -62 -63
leaf_value=-0.024917129831168769 -0.0014279005974641645 -0.0090765623298297727 -0.0038380301602138796 -0.013651907950092444 0.0054531517826712497 -0.0049357078643089266 0.0014404758390751593 -0.0014293393123479244 -0.019180338063256235 0.0031173386178821563 0.0066304391822112453 0.003891699338296143 -0.0026810037614895623 -0.006735023170606461 -0.0019946711722197605 -0.011588310885176195 -0.011100458061153513 -0.00042673157814484278 -0.0029776565680315423 0.0090957095687423852 -0.0012810297727404679 -0.0085129412398387439 0.0018913456011486432 -0.0073114135056959106 -0.002952289824891664 0.0017009701652387838 0.011448653473840177 0.0047356801540327795 -0.021124280062692048 -0.00031985108096162836 0.008171029526038813 0.014406980120233802 -0.00049812967082245795 0.0018770083753442673 -0.0087967171480490564 -0.0018417946758587684 0.002001608499911487 0.0029366885796351938 -0.0071248937660326464 -0.016883694756411438 0.0067729349207062599 0.00087161257846705444 0.0029579836759300714 0.0028613291705744288 -0.0015090105208021972 0.0020515804887506336 0.0044053340992658719 0.0086439807703354386 0.0066818056033625482 -0.00095223149366232814 0.00030908795057421596 0.0065457551440352467 -0.015843246147897946 0.010510628098616748 -0.0048628850621597599 -0.011172632841700836 -0.0090767167522826566 -0.0025992239338994104 0.00053894351527026488 0.0052169955396053971 -0.004031216416082061 0.0056930097514627043
leaf_weight=2245 44385 8655 1104 9385 9374 17915 32816 1407 5525 470 1960 42211 6954 15611 522 5163 1234 32546 39699 13369 473 537 1925 1490 374 2252 6523 11950 2230 181 11768 570 672 3656 5229 484 5015 42270 6214 6270 4203 28495 5530 8952 336 17773 15150 7391 16722 5290 30011 8485 839 714 9248 7033 5021 255 109 4603 17519 22308
leaf_count=2245 44385 8655 1104 9385 9374 17915 32816 1407 5525 470 1960 42211 6954 15611 522 5163 1234 32546 39699 13369 473 537 1925 1490 374 2252 6523 11950 2230 181 11768 570 672 3656 5229 484 5015 42270 6214 6270 4203 28495 5530 8952 336 17773 15150 7391 16722 5290 30011 8485 839 714 9248 7033 5021 255 109 4603 17519 22308
internal_value=3.75602e-06 -0.00702666 0.00296775 -0.014285 0.00564752 -0.0045822 0.000793834 0.00727527 -0.0186376 0.00775149 0.00313624 0.00430338 -0.00332911 -0.00691649 0.00194669 -0.011421 -0.0172211 -0.000507725 -0.0036902 0.00917148 0.00438845 -0.0132226 -0.00141437 -0.00597095 -0.0104084 -0.00127681 0.00999375 0.00500643 -0.0230271 0.00675888 0.00742094 0.0093129 -0.00492557 3.39809e-05 -0.00813788 -0.00747538 0.00124992 0.00263445 -0.00770686 -0.017819 0.00777681 0.00132351 0.00165932 0.00383569 -0.00683681 0.00267469 0.00506663 0.0079657 0.00624046 -0.00193409 -7.37306e-05 0.00640236 -0.0187404 0.00766651 -0.00520264 -0.010568 -0.0101401 -0.00876365 -0.00698561 0.00402201 -0.00448852 0.00535907
internal_weight=618620 183461 435159 46220 194903 137241 240256 88152 18343 79056 9096 106751 89302 47939 127406 27877 13868 112850 75133 32526 105647 10031 14169 27021 17846 46637 20462 49881 4475 46530 20434 13939 11410 66213 20918 12263 6422 60565 11779 12634 12064 66841 38346 55766 6550 60043 49408 11594 26096 12244 62557 8666 6364 2674 10738 17472 12309 5276 646 46814 35434 34258
internal_count=618620 183461 435159 46220 194903 137241 240256 88152 18343 79056 9096 106751 89302 47939 127406 27877 13868 112850 75133 32526 105647 10031 14169 27021 17846 46637 20462 49881 4475 46530 20434 13939 11410 66213 20918 12263 6422 60565 11779 12634 12064 66841 38346 55766 6550 60043 49408 11594 26096 12244 62557 8666 6364 2674 10738 17472 12309 5276 646 46814 35434 34258
is_linear=0
shrinkage=0.05


Tree=5
num_leaves=63
num_cat=0
split_feature=8 8 8 8 8 8 8 2 8 8 8 14 14 8 8 8 8 14 14 14 14 14 8 14 14 8 2 7 14 14 14 2 7 2 14 7 14 8 14 14 8 14 7 2 14 14 8 3 3 2 3 7 2 14 2 7 8 7 14 14 14 14
split_gain=4650.71 1111.39 971.482 196.554 194.673 132.314 114.375 62.5508 42.6096 29.4926 29.475 28.2596 28.0134 20.9113 20.6765 19.665 16.6628 15.4557 14.7547 13.5084 12.5289 11.9624 10.9361 10.7488 7.2358 6.74521 6.63976 5.92 5.06708 4.88094 4.26498 7.05547 4.37574 4.26484 4.15432 7.46644 4.7107 4.13768 3.89118 3.827 3.81291 3.75778 3.60257 3.5727 3.52992 3.47415 3.45489 3.36161 3.36014 3.32766 3.28726 3.26506 3.19899 5.70347 3.8406 3.05102 3.03559 2.96997 2.95068 2.88999 2.77075 2.65938
threshold=1.7095000000000002 1.4895000000000003 1.8425000000000002 1.5995000000000001 1.9145000000000001 1.3395000000000004 1.7795000000000003 21.500000000000004 1.9685000000000004 1.2395000000000003 1.6595000000000002 -0.064083376361243824 0.098034440725519603 1.8745000000000003 1.5455000000000003 1.3995000000000002 1.8125000000000002 0.033052562634012579 0.004888211075322225 0.09571112178434972 -0.099757500569899502 -0.064083376361243824 1.7455000000000003 -0.042530032910463193 0.05040305023880743 2.0295000000000001 21.500000000000004 39.500000000000007 0.11773075577083526 -0.0080753461419640332 0.094723120531272534 21.500000000000004 45.500000000000007 19.500000000000004 -0.13428537068007781 2.5000000000000004 0.119548456515452 1.6895000000000002 0.083269114063143981 0.024682194644779058 1.1595000000000002 -0.11276631492068588 45.500000000000007 4.5000000000000009 0.066434590088748316 0.049539869191581272 1.9445000000000003 10.500000000000002 10.500000000000002 4.5000000000000009 15.500000000000002 39.500000000000007 3.5000000000000004 -0.0011362166886181855 5.5000000000000009 2.5000000000000004 1.6295000000000002 44.500000000000007 0.22173780145979918 0.13643459008874828 0.072034440725519691 0.0970525089390364
decision_type=10 8 10 8 10 10 10 2 10 10 8 2 2 10 10 10 10 2 2 2 2 2 10 2 2 10 2 2 2 2 2 2 2 2 2 2 2 10 2 2 10 2 2 2 2 2 10 2 2 2 2 2 2 2 2 2 10 2 2 2 2 2
left_child=1 5 6 14 11 9 17 8 27 40 21 26 29 42 28 23 38 22 37 39 -11 56 -2 -7 -17 33 -4 46 52 -9 31 32 -15 -21 -16 -36 -37 -12 -8 -10 -1 -18 61 -25 -19 -33 -6 -20 -23 -26 60 -41 -3 -54 -55 -22 -5 -24 -14 -27 -43 -13
right_child=2 3 4 10 7 15 16 12 19 20 18 13 58 30 34 24 41 44 47 25 55 48 57 43 49 59 -28 -29 -30 -31 -32 45 -34 -35 35 36 -38 -39 -40 51 -42 50 -44 -45 -46 -47 -48 -49 -50 -51 -52 -53 53 54 -56 -57 -58 -59 -60 -61 -62 -63
leaf_value=-0.025042623930117663 -0.0017329306281297465 -0.009671244908390414 0.00091821409152848573 -0.0060019314507474986 0.0063682754215546511 -0.015075193549206526 0.00084082853270992831 -0.0017089169354623888 0.0029747758943468911 -0.017963772202529371 -0.0036841906157470505 0.0033242386551227479 0.0062176650380202057 0.0046318169225737574 -0.0077321236159097117 -0.011419946153108989 -0.0022172511352687159 8.075175528913153e-05 -0.0011423806307930013 0.008634531238547162 -0.014111050435220419 -0.0036124002402205205 -0.00023643074158189196 -0.01118455062807746 -0.007838718043175489 0.0096428919766654592 -0.0040917166754835012 0.005632827869080083 -0.0023340154938877177 0.0018119044573510351 0.0052701486729313032 -0.0012711262288956828 0.0031371581479246154 0.010662907997994686 -0.007885815546553732 -0.0057899212190580147 0.00030206001737402138 -0.0027928275896635254 0.002709617902077837 0.0081932933187327615 -0.021469228037340374 0.0021985813490802393 0.0024226065933307724 -0.0021064684638737612 0.001660683885829924 0.0031733302631203179 0.007437952756054831 0.0018866114571953086 -0.00097908291116936309 0.0009959168520539091 0.0015136512759050069 0.0064455295414959706 -0.0092308205321534609 -0.0071409190616770453 -0.00083347919007241162 -0.008403451282801868 -0.0048865262590459075 -0.0010517138855890519 0.0099856813292885788 0.012371426480736516 0.003388410555627613 0.0045187894749072087
leaf_weight=1105 38212 9334 1542 9444 19651 6949 65601 1212 473 9061 23526 44948 2085 40565 7164 12742 502 13997 4855 13011 1150 8147 26039 1471 521 1587 1158 17406 288 5241 16205 774 5569 3236 5221 11929 326 29152 2909 7411 2301 33189 10329 117 4730 1018 12257 1129 1423 134 15533 4179 6232 2812 264 294 17226 19563 692 2498 5739 5198
leaf_count=1105 38212 9334 1542 9444 19651 6949 65601 1212 473 9061 23526 44948 2085 40565 7164 12742 502 13997 4855 13011 1150 8147 26039 1471 521 1587 1158 17406 288 5241 16205 774 5569 3236 5221 11929 326 29152 2909 7411 2301 33189 10329 117 4730 1018 12257 1129 1423 134 15533 4179 6232 2812 264 294 17226 19563 692 2498 5739 5198
internal_value=-2.70398e-06 -0.0069239 0.00271301 -0.00489263 0.0050924 -0.0147708 0.000415418 0.00685925 0.00729999 -0.0185854 -0.00361624 0.00383028 0.00295763 0.00393993 -0.00767282 -0.0123516 0.00144043 -0.000818839 -0.00292365 0.00870874 -0.0172744 -0.00473733 -0.001109 -0.0142271 -0.0111565 0.00949519 -0.00123049 0.00637456 -0.0089155 0.00115063 0.00456893 0.00433183 0.00445139 0.00903853 -0.00671811 -0.00630243 -0.00562787 -0.00319091 0.000920179 0.00738319 -0.0226285 0.00208892 0.00327292 -0.0105157 0.000479805 0.00125368 0.00677918 -0.000570901 -0.00322084 -0.00603133 0.00212861 0.0075631 -0.00901718 -0.00836128 -0.00659958 -0.012949 -0.0052815 -0.000586183 0.00715662 0.0113114 0.00237399 0.00344806
internal_weight=618576 174317 444259 138472 218245 35845 226014 90939 81709 13911 94902 127306 9230 124606 43570 21934 123473 102541 58662 32395 10505 36240 83814 8537 13397 20332 2700 49314 18930 6453 64131 47926 46134 16247 24640 17476 12255 52678 68510 12063 3406 54963 60475 1588 18727 1792 31908 5984 9570 655 54461 11590 18642 9308 3076 1444 26670 45602 2777 4085 38928 50146
internal_count=618576 174317 444259 138472 218245 35845 226014 90939 81709 13911 94902 127306 9230 124606 43570 21934 123473 102541 58662 32395 10505 36240 83814 8537 13397 20332 2700 49314 18930 6453 64131 47926 46134 16247 24640 17476 12255 52678 68510 12063 3406 54963 60475 1588 18727 1792 31908 5984 9570 655 54461 11590 18642 9308 3076 1444 26670 45602 2777 4085 38928 50146
is_linear=0
shrinkage=0.05


Tree=6
num_leaves=63
num_cat=0
split_feature=8 8 8 8 8 8 8 2 8 14 8 14 8 14 8 8 14 8 8 8 13 13 14 14 14 14 14 14 14 8 2 14 14 14 13 14 14 13 13 14 14 14 14 2 7 14 8 14 14 13 14 8 14 13 14 14 8 14 14 14 7 13
split_gain=4198.4 1060.29 823.932 171.9 146.061 133.618 123.75 56.5536 37.0393 32.3617 22.1611 21.9218 21.102 20.8971 20.4245 18.1503 16.8277 16.5381 14.837 14.0207 9.72103 9.59166 7.58276 7.39424 7.10141 7.09703 7.00218 6.93898 6.82602 5.34282 4.86824 6.50459 4.8229 4.66681 4.6221 9.08815 7.18123 4.52335 4.46962 6.45781 4.7541 4.31843 3.95107 3.94696 3.75427 3.73712 3.49298 3.48774 3.37684 3.31486 4.04327 3.20015 3.15729 3.05596 3.04543 2.94445 2.89678 2.87225 2.77392 2.71291 6.37939 4.07219
threshold=1.7195000000000003 1.5175000000000003 1.8575000000000002 1.3695000000000002 1.6295000000000002 1.9345000000000001 1.7955000000000003 21.500000000000004 1.2655000000000001 -0.085306064517720367 1.9995000000000003 0.14793099809798529 1.8945000000000001 -0.026530032910463294 1.5775000000000003 1.8245000000000002 -0.062766314920685948 1.7555000000000003 1.6755000000000002 1.4395000000000002 1.8808204437217764 1.7516683354102367 0.017581664438279358 -0.045518076670304934 0.11615156235368863 0.09571112178434972 0.085711121784349711 -0.094933675286320227 0.046331873364415473 1.1995000000000002 3.5000000000000004 0.094723120531272534 0.087051128546069459 0.074886440976605809 1.8208541137852097 0.049107836833845793 0.067061303704771605 1.7516683354102367 1.8208541137852097 0.059175771358670588 0.10705250893903641 -0.06713621668861823 -0.070971915863714971 6.5000000000000009 45.500000000000007 0.064723070680631226 1.3195000000000003 -0.033575156489783813 0.039783083516485969 1.800783472633406 -0.083788257558926924 1.7775000000000001 0.10504477195683472 1.8462092085444868 0.048092452006558435 -0.010897433491907858 2.1110000000000002 -0.10999988700393425 0.090886440976605823 -0.18402533651879779 2.5000000000000004 1.7313513947794037
decision_type=10 8 10 10 8 10 8 2 10 2 10 2 10 2 10 10 2 10 10 10 2 2 2 2 2 2 2 2 2 10 2 2 2 2 2 2 2 2 2 2 2 2 2 2 2 2 10 2 2 2 2 10 2 2 2 2 10 2 2 2 2 2
left_child=1 3 6 8 14 9 17 10 29 -4 20 48 34 18 30 52 46 28 -6 22 32 45 -5 -14 -12 59 47 -16 -2 -1 -3 41 -7 51 35 55 -36 -29 39 -25 -40 -32 53 -43 58 -15 -10 -22 -9 -20 -51 -19 57 -17 -18 -11 -26 -8 -44 -21 -61 -62
right_child=2 4 5 19 13 7 15 11 16 12 24 -13 23 21 27 42 54 33 49 25 26 -23 -24 38 56 -27 -28 37 -30 -31 31 -33 -34 -35 36 -37 -38 -39 40 -41 -42 43 44 -45 -46 -47 -48 -49 -50 50 -52 -53 -54 -55 -56 -57 -58 -59 -60 60 61 -63
leaf_value=-0.022519871489942639 -0.0013023673566528104 -0.0083108114048591093 -0.0036461371576551622 -0.012480794094850471 -0.0043753008019909541 0.0054788013132181738 -0.0017534164385617328 0.00048836654495276039 -0.016992276115929413 -0.0022058998873460745 0.0079333125616437399 0.0078541448835964672 -0.00090756381093634218 -0.0025035996238557644 -0.0061454857846593054 -0.0045246459243790628 -0.011316977111610347 -0.000366588664644792 -0.00313126317922836 -0.010727411592790224 0.00056593244863032365 0.0015028758636958281 -0.006184523688046277 0.0017529881616732902 0.010340039892485053 -0.0023273402888919197 0.0086967928252822107 -0.0047268350289627918 0.0013457364423845139 -0.019066075427281046 -0.0080678026644470258 -0.00081536253440742687 0.0068829432569169832 0.0020634351183760002 0.0037969730755324851 0.0035780659006797617 0.0060406165140179493 -0.00033373766664781152 0.0051862564938180457 0.0047192560653385547 0.0075537561410905941 -0.0064998407711890742 0.0025760460128576345 -0.0010254109771175395 0.0017193744812176279 -0.00089161520732557837 -0.015306405234713142 0.0070756926350826563 0.0028421330887839977 -0.0026197125221501119 -0.00030115801498237639 0.00032432025475246707 0.0035044503149257618 0.0010249916605749837 -0.0038094097971916202 0.0016997946494015166 0.014901181976940181 0.0012096658334026561 0.004019621200574597 -0.010399348518879891 -0.0083341994913361112 -0.0018465243597879011
leaf_weight=2233 44002 10121 1315 8149 25944 10109 829 3399 6273 543 4105 1772 530 10646 14660 295 1358 33691 34977 5155 209 2285 508 2103 5882 326 10508 10109 2576 2246 5838 431 15480 2792 24994 32813 4160 622 35292 14391 2256 6801 46382 346 12783 5429 6022 13259 2762 9640 2336 33350 1483 1559 150 4335 370 60815 3585 6288 4699 255
leaf_count=2233 44002 10121 1315 8149 25944 10109 829 3399 6273 543 4105 1772 530 10646 14660 295 1358 33691 34977 5155 209 2285 508 2103 5882 326 10508 10109 2576 2246 5838 431 15480 2792 24994 32813 4160 622 35292 14391 2256 6801 46382 346 12783 5429 6022 13259 2762 9640 2336 33350 1483 1559 150 4335 370 60815 3585 6288 4699 255
internal_value=-2.56876e-06 -0.00633684 0.0026762 -0.0131407 -0.00421772 0.00513986 0.000752964 0.00692036 -0.0168372 0.00415547 0.00744558 0.00295317 0.00423996 -0.00303596 -0.00642187 0.00182762 -0.0155551 -0.000426194 -0.00341568 -0.010478 0.00700603 -0.00152831 -0.0121113 0.00496949 0.00954908 -0.00963242 0.00772943 -0.0054383 -0.00115591 -0.020788 -0.00748291 -0.00685834 0.00632823 6.05223e-05 0.00364438 0.00327871 0.00411712 -0.0044722 0.00502713 0.00434105 0.0053285 -0.00705892 0.00241679 -0.00623481 0.002484 -0.00195919 -0.0161665 0.00697467 0.00154357 -0.00288543 -0.00216746 -2.28913e-05 0.00122466 0.000141959 -0.0105702 0.00126503 0.01061 0.00116982 0.00267962 -0.00977765 -0.00934214 -0.00800026
internal_weight=618576 183847 434729 43662 140185 190587 244142 67855 18282 122732 59922 7933 121417 91257 48928 127731 13803 116411 72897 25380 49565 18360 8657 54572 10357 16723 23976 25391 46578 4479 23537 13416 25589 69833 66845 37691 29154 10731 54042 16494 37548 12985 64604 7147 62750 16075 12295 13468 6161 46953 11976 67041 63127 1854 1508 4878 6252 61644 49967 16397 11242 4954
internal_count=618576 183847 434729 43662 140185 190587 244142 67855 18282 122732 59922 7933 121417 91257 48928 127731 13803 116411 72897 25380 49565 18360 8657 54572 10357 16723 23976 25391 46578 4479 23537 13416 25589 69833 66845 37691 29154 10731 54042 16494 37548 12985 64604 7147 62750 16075 12295 13468 6161 46953 11976 67041 63127 1854 1508 4878 6252 61644 49967 16397 11242 4954
is_linear=0
shrinkage=0.05


Tree=7
num_leaves=63
num_cat=0
split_feature=8 8 8 8 8 8 8 14 13 13 8 14 8 8 8 14 7 14 14 8 8 13 8 14 14 14 8 7 14 13 13 13 13 14 14 14 8 14 14 13 7 14 13 2 2 8 7 7 14 14 14 14 14 7 8 13 2 14 2 13 14 2
split_gain=3790.56 875.844 824.592 159.018 149.564 107.673 101.88 53.2432 34.0431 26.8481 24.0857 23.1678 20.9375 17.0596 16.8712 16.8414 15.1862 14.918 14.0818 13.6655 11.1687 10.7595 10.5406 10.5113 10.4787 9.96051 7.35444 7.25135 7.15749 6.8824 5.88872 4.76619 4.40169 8.83349 6.05067 4.25861 4.22371 3.71021 3.54042 3.52508 3.52213 3.47569 7.03381 4.56554 3.38772 3.26499 3.02636 2.98992 2.9828 2.93925 2.85493 2.83875 2.68234 2.6805 2.67609 2.62509 2.60948 4.83417 3.32976 2.59477 2.54304 2.53349
threshold=1.7055000000000002 1.4895000000000003 1.8425000000000002 1.9145000000000001 1.5995000000000001 1.3395000000000004 1.7795000000000003 0.045723070680631202 1.8992856189347675 1.8462092085444868 1.2395000000000003 -0.064083376361243824 1.6595000000000002 1.8745000000000003 1.5455000000000003 -0.050244001991295299 2.5000000000000004 0.025175771358670555 0.10295900859288855 1.8085000000000002 1.3995000000000002 1.8296745792475027 1.7435000000000003 -0.099757500569899502 -0.015111788924677792 -0.074285370680077775 1.9695000000000003 4.5000000000000009 0.096211742441073125 1.7516683354102367 1.8411380396533612 1.7516683354102367 1.8208541137852097 0.059175771358670588 0.087051128546069459 0.11773075577083526 2.1320000000000001 -0.034739700287642609 -0.10999988700393425 1.7516683354102367 42.500000000000007 -0.13428537068007781 1.7397976231570116 3.5000000000000004 19.500000000000004 1.1595000000000002 39.500000000000007 45.500000000000007 0.067061303704771605 -0.030878793194301753 0.011924653858035985 0.039783083516485969 0.001066324713679623 2.5000000000000004 1.6855000000000002 1.8657678508960227 3.5000000000000004 -0.0011362166886181855 5.5000000000000009 1.8226809234874521 0.082424843510216075 5.5000000000000009
decision_type=10 8 10 10 8 10 10 2 2 2 10 2 8 10 10 2 2 2 2 10 10 2 10 2 2 2 10 2 2 2 2 2 2 2 2 2 10 2 2 2 2 2 2 2 2 10 2 2 2 2 2 2 2 2 10 2 2 2 2 2 2 2
left_child=1 5 6 11 14 10 17 9 18 49 45 30 25 46 35 20 52 22 21 60 -7 -9 -2 -12 54 -6 59 -18 -10 -19 -4 -27 33 44 -34 56 -28 -11 -21 -26 48 -16 43 -43 -15 -1 -13 -24 -40 -5 -44 -45 -17 -25 -14 -23 -3 -58 -59 -20 -8 -53
right_child=2 4 3 7 12 15 19 8 28 37 23 13 24 32 41 16 27 29 26 38 -22 55 47 53 39 31 36 -29 -30 -31 -32 -33 34 -35 -36 -37 -38 -39 40 -41 -42 42 50 51 -46 -47 -48 -49 -50 -51 -52 61 -54 -55 -56 -57 57 58 -60 -61 -62 -63
leaf_value=-0.022664499020549674 -0.0016969504619507442 -0.0087333280369555587 -0.0036895147193028452 -0.0028528513258384135 -0.0048493938229749074 -0.013677130057273282 0.0006782562891412227 0.0032960231360614337 0.0077093788115080624 0.00041917971745065427 -0.01622350274466678 0.0031734832391002916 -0.003466099442839861 0.0023621446921048201 -0.0069919655621462594 -0.012154781969639877 -0.0071053605954895481 -4.2064387032488045e-06 0.0055327045917236799 -0.0018050655445637895 -0.010815103421733578 0.0053279746594261674 -0.00025518552089538868 -0.012719439693250815 -0.0013687792860557473 -0.0034158252955090607 0.0078814973258118075 0.0019511243021694145 0.0097026086575591683 0.0027935806836921428 0.0010010876711987594 -7.4725029000595789e-05 0.004272620146211637 0.004043146774632485 0.006423924072457495 -0.0020157499448638801 0.013679820318694837 0.0051102708977791679 0.0018819759991253668 0.0017020638221429349 0.0012752646558231865 -0.0071189562528947321 -0.0024125752390435312 -0.0059065627619182097 -0.00092794690237529495 -0.019357806227547562 0.0023844307268734277 -0.0011265100203181235 0.0029228043842182225 0.00081030648608219262 0.0054792558028642739 -0.004656785001021479 -0.0099362487555800846 -0.0073696190592687149 -0.0026824661290303724 0.0062692004869010654 -0.0083507397074237197 -0.0064323578987358042 -0.00055935661394562774 0.0069589345249580145 0.0024016984947303082 -0.00028065705917689919
leaf_weight=1105 40894 9334 1224 633 24536 6761 56311 4791 9926 441 9061 43632 17540 3508 7164 2330 2444 22595 6114 675 6875 13410 27028 1150 5335 10516 10250 243 8245 2435 1476 1188 32491 23491 3634 288 324 9529 36212 1133 19551 5221 577 7552 1007 2301 16843 15487 8499 4059 143 3619 3281 294 28756 16551 6232 2812 264 6666 2225 364
leaf_count=1105 40894 9334 1224 633 24536 6761 56311 4791 9926 441 9061 43632 17540 3508 7164 2330 2444 22595 6114 675 6875 13410 27028 1150 5335 10516 10250 243 8245 2435 1476 1188 32491 23491 3634 288 324 9529 36212 1133 19551 5221 577 7552 1007 2301 16843 15487 8499 4059 143 3619 3281 294 28756 16551 6232 2812 264 6666 2225 364
internal_value=-2.44034e-06 -0.00640144 0.00239164 0.0045976 -0.00452656 -0.0133357 0.000315685 0.00619447 0.0067249 0.00343499 -0.0167768 0.0034569 -0.00335154 0.00355619 -0.00692686 -0.0111534 -0.0093773 -0.000802582 0.0061342 0.00129779 -0.0122342 0.00549611 -0.00112384 -0.0155921 -0.00271599 -0.00427689 0.0070837 -0.00628633 0.0086138 0.000267971 -0.00112532 -0.00307669 0.0041243 0.00365384 0.00448903 -0.00804938 0.00805916 0.00490277 0.00179721 -0.000830859 0.00183505 -0.00606447 -0.00568425 -0.00589219 0.00162834 -0.0204306 0.00295372 -0.000572584 0.00207982 0.000316108 -0.00084517 -0.00533692 -0.0108575 -0.0116302 -0.00297936 0.00584792 -0.00814259 -0.0075502 -0.0059283 0.00627662 0.000743766 -0.00425686
internal_weight=618576 168419 450157 218245 132574 35845 231912 90939 76277 14662 13911 127306 89004 124606 43570 21934 8298 108439 58106 123473 13636 34752 83409 10505 52764 36240 23354 2687 18171 25030 2700 11704 64131 28006 36125 18930 10574 9970 64937 6468 64262 24640 17476 16756 4515 3406 60475 42515 44711 4692 720 11535 5611 1444 46296 29961 18642 9308 3076 12780 58536 3983
internal_count=618576 168419 450157 218245 132574 35845 231912 90939 76277 14662 13911 127306 89004 124606 43570 21934 8298 108439 58106 123473 13636 34752 83409 10505 52764 36240 23354 2687 18171 25030 2700 11704 64131 28006 36125 18930 10574 9970 64937 6468 64262 24640 17476 16756 4515 3406 60475 42515 44711 4692 720 11535 5611 1444 46296 29961 18642 9308 3076 12780 58536 3983
is_linear=0
shrinkage=0.05


Tree=8
num_leaves=63
num_cat=0
split_feature=8 8 8 8 8 8 8 14 8 14 2 8 8 14 8 14 8 14 8 8 8 2 2 14 14 14 14 7 8 14 7 7 14 2 14 14 2 14 2 7 14 14 8 14 14 14 7 2 7 14 7 14 8 7 14 7 14 2 14 2 14 2
split_gain=3422.12 883.344 656.337 158.991 112.502 108.196 91.2244 47.2865 30.3994 27.8375 20.8072 20.0485 17.1292 16.8021 14.303 13.9641 12.3523 12.2462 11.9766 11.0178 10.0025 7.81737 8.36988 7.61705 7.10039 6.33297 6.03112 5.32001 4.44322 4.1789 3.88566 3.66302 3.39774 3.37137 5.55384 3.64504 3.29549 5.21946 5.61354 3.26833 3.42403 2.97 2.86372 2.83313 2.71689 2.67478 2.29095 2.23652 2.23073 2.21464 5.28425 3.44512 2.19766 2.17236 3.40115 2.16908 2.13433 2.12184 2.47652 2.10973 2.0103 5.06811
threshold=1.7275000000000003 1.5255000000000003 1.8625000000000003 1.3695000000000002 1.7955000000000003 1.6455000000000002 1.9345000000000001 0.055782360281942951 1.2655000000000001 -0.065469132207658584 21.500000000000004 1.8275000000000003 1.5795000000000001 0.0071107939669381457 1.4495000000000002 -0.062766314920685948 1.9045000000000003 0.11615156235368863 1.7625000000000002 1.9995000000000003 1.6855000000000002 21.500000000000004 19.500000000000004 0.016593189298751979 -0.086491043717300861 0.046331873364415473 0.0970525089390364 5.5000000000000009 1.1595000000000002 -0.094933675286320227 41.500000000000007 39.500000000000007 -0.0094351754930646053 21.500000000000004 0.046331873364415473 0.11174627034455133 3.5000000000000004 0.030492723534902292 5.5000000000000009 39.500000000000007 0.056924714017317919 -0.025141334261173928 1.3195000000000003 0.062959008592888624 0.090886440976605823 0.040658962400804251 39.500000000000007 21.500000000000004 40.500000000000007 -0.18402533651879779 3.5000000000000004 -0.028190554210275939 2.1940000000000004 3.5000000000000004 0.10171462931992216 3.5000000000000004 0.11488821107532222 21.500000000000004 0.037287894023239072 4.5000000000000009 -0.050244001991295299 3.5000000000000004
decision_type=10 8 10 10 10 8 10 2 10 2 2 10 10 2 10 2 10 2 10 10 10 2 2 2 2 2 2 2 10 2 2 2 2 2 2 2 2 2 2 2 2 2 10 2 2 2 2 2 2 2 2 2 10 2 2 2 2 2 2 2 2 2
left_child=1 3 4 8 18 12 9 10 28 47 32 39 36 20 23 42 30 21 25 -19 -7 22 48 60 -14 -2 49 -15 -1 -13 33 44 -8 35 -35 -11 -3 -38 -39 40 -6 -18 -10 -20 57 -17 -43 -4 -9 -16 -51 -52 -21 -26 -55 -28 -29 -31 -59 -25 -5 -62
right_child=2 5 6 14 11 13 7 17 15 16 -12 29 24 27 26 45 41 19 43 52 -22 -23 -24 59 53 -27 55 56 -30 31 -32 -33 -34 34 -36 -37 37 38 -40 -41 -42 46 -44 -45 -46 -47 -48 -49 -50 50 51 -53 -54 54 -56 -57 -58 58 -60 -61 61 -63
leaf_value=-0.021531274651779848 -0.00097722684706623149 -0.0072539476708368151 0.00037436624729907754 -0.011673886438607586 0.0012201907006115975 -0.0035008446842426234 0.00092775452609262707 0.0064675685153685039 -0.015343437650691252 0.0038981175370827177 0.00074036844168115957 -0.0012049893495622126 -0.0052492698797356012 -0.0018680642918533132 -0.0094292414966535929 -0.010260793220689166 0.00086942488562909083 0.0069896174259445444 7.4986415577319495e-05 0.0094067925061371502 -0.002342395858638159 0.0029402708018368339 0.0083392359622080324 -0.0067604193129368511 -0.0051514910996739993 0.0012975133219242287 -0.0049558312741816626 0.00030271719529421373 -0.017878224473296449 0.0027041411995817393 0.0030154919722626111 0.0018153002382885995 0.0052267867131959994 -0.0012184349453566823 0.0033431894984140044 0.0055363586144840729 -0.0065941753824170259 -0.0050300937257692861 0.0015569987448857687 0.00071595364746517638 0.0024702058125610181 0.0051570223165437268 -0.013816956381740068 0.0013737775239412448 0.0036548254053157415 -0.0036860182353869149 0.0042790807746392453 -0.0036802848398622581 0.0055148623386174255 -0.0087746673462747501 -0.0074737191858884238 -0.0037827600491705132 0.01550686988510833 -0.0035303508071908431 0.0020157972180178357 0.0029193264159733771 0.0054612855137321364 -0.00096837069378923665 0.0021323096597092917 0.00092449338761205722 -0.011424432113837969 -0.0071378904148146783
leaf_weight=1105 54144 8581 477 6082 33224 31018 488 21511 6273 40153 4429 831 19456 4316 5364 1333 474 11164 50695 6653 46669 1594 5364 516 2070 3243 259 4938 3374 31764 18687 21915 7900 724 8514 3709 9940 3265 359 27307 6560 21645 6022 4578 5320 175 11315 1185 8601 10186 2201 887 151 9191 285 132 209 671 15988 108 2299 985
leaf_count=1105 54144 8581 477 6082 33224 31018 488 21511 6273 40153 4429 831 19456 4316 5364 1333 474 11164 50695 6653 46669 1594 5364 516 2070 3243 259 4938 3374 31764 18687 21915 7900 724 8514 3709 9940 3265 359 27307 6560 21645 6022 4578 5320 175 11315 1185 8601 10186 2201 887 151 9191 285 132 209 671 15988 108 2299 985
internal_value=-2.31832e-06 -0.00563914 0.0024513 -0.0115481 0.000840004 -0.00364695 0.00481415 0.00624797 -0.0152003 0.00390388 0.00351279 0.00176804 -0.00542501 -0.00256263 -0.00924722 -0.0140388 0.0040053 0.00688493 -0.000342735 0.0079562 -0.00280493 0.00636568 0.00651959 -0.0107792 -0.00466635 -0.000848679 -0.00844292 -0.000573427 -0.0187795 0.00232139 0.00363558 0.00236012 0.00497668 0.00385381 0.00298569 0.00403665 -0.00648709 -0.00600195 -0.00437756 0.00113718 0.00142631 0.00479912 -0.0145958 0.000182559 0.00258228 -0.00949781 0.00485563 -0.00251659 0.00619544 -0.00857185 -0.00822538 -0.00641352 0.00954217 -0.00368409 -0.00336354 -0.00229721 0.000512187 0.00246445 0.00200742 -0.00543034 -0.0111356 -0.0101387
internal_weight=618576 187598 430978 47301 256240 140297 174738 67855 18282 106883 12817 143580 53147 87150 29019 13803 105221 55038 112660 17968 77687 37070 35476 9990 31002 57387 19029 9463 4479 76489 71787 75658 8388 53100 9238 43862 22145 13564 3624 67091 39784 33434 12295 55273 53743 1508 32960 1662 30112 18638 13274 3088 6804 11546 9476 391 5147 48423 16659 624 9366 3284
internal_count=618576 187598 430978 47301 256240 140297 174738 67855 18282 106883 12817 143580 53147 87150 29019 13803 105221 55038 112660 17968 77687 37070 35476 9990 31002 57387 19029 9463 4479 76489 71787 75658 8388 53100 9238 43862 22145 13564 3624 67091 39784 33434 12295 55273 53743 1508 32960 1662 30112 18638 13274 3088 6804 11546 9476 391 5147 48423 16659 624 9366 3284
is_linear=0
shrinkage=0.05


Tree=9
num_leaves=63
num_cat=0
split_feature=8 8 8 8 8 8 8 14 13 13 8 14 14 8 8 8 8 13 14 7 14 14 14 8 14 8 13 7 13 8 14 13 14 13 14 14 2 14 13 2 7 14 14 14 7 7 8 14 14 2 9 13 14 14 14 8 14 14 13 14 13 14
split_gain=3089.2 714.05 672.458 129.434 122.029 87.7013 83.19 44.158 34.8098 23.8007 22.3061 19.0502 16.5286 14.5511 14.4543 13.9594 12.5336 11.3228 11.3015 11.6863 11.0462 10.3844 7.79325 7.31197 7.23828 6.28469 5.91456 4.89029 4.83823 3.91518 3.84118 4.22899 3.57417 3.50047 7.27775 4.90846 3.43626 3.13684 6.39525 3.79378 3.09755 3.32713 3.08408 3.08132 2.9953 2.90423 2.87874 2.86567 2.84407 3.10866 2.83519 2.77012 3.35013 3.00577 2.65211 2.61395 2.59416 2.52509 3.65249 2.50869 2.40405 2.39177
threshold=1.7055000000000002 1.4895000000000003 1.8425000000000002 1.9145000000000001 1.6065000000000003 1.3495000000000001 1.7755000000000003 0.069731992223638253 1.8134236480004582 1.8808204437217764 1.2395000000000003 -0.064083376361243824 -0.046923500127618249 1.8055000000000001 1.5455000000000003 1.8755000000000002 1.6575000000000002 1.7516683354102367 -0.029473454994190181 2.5000000000000004 0.022863783311381839 -0.088766314920685971 0.22173780145979918 1.3995000000000002 0.12575599800870488 1.7385000000000004 1.7516683354102367 4.5000000000000009 1.857918335561721 1.9495000000000002 -0.029473454994190181 1.9050218519754698 0.11773075577083526 1.8208541137852097 0.059175771358670588 0.087051128546069459 19.500000000000004 -0.13428537068007781 1.7516683354102367 3.5000000000000004 39.500000000000007 0.04273075577083519 -0.020802286003088529 -0.10999988700393425 43.500000000000007 45.500000000000007 2.0655000000000006 0.004888211075322225 0.050890579919033015 5.5000000000000009 1.8785000000000001 1.8208541137852097 -0.064083376361243824 -0.052712105976760786 0.072034440725519691 1.1595000000000002 0.030492723534902292 0.074403050238807347 1.8134236480004582 -0.0064055808432642572 1.8992856189347675 0.070527201990151958
decision_type=10 8 10 10 8 10 10 2 2 2 10 2 2 10 10 10 10 2 2 2 2 2 2 10 2 10 2 2 2 10 2 2 2 2 2 2 2 2 2 2 2 2 2 2 2 2 10 2 2 2 8 2 2 2 2 10 2 2 2 2 2 2
left_child=1 5 6 11 14 10 20 8 42 22 55 28 16 40 32 50 -6 48 23 -20 25 -12 29 -7 36 -2 -22 -21 -4 -9 -10 -32 -3 34 47 -35 -11 -16 39 -39 41 -8 -5 60 54 -18 -24 -17 -14 -50 57 52 -27 -53 -45 -1 -41 -13 -59 -40 -15 -19
right_child=2 4 3 7 12 18 13 9 30 24 21 15 17 43 37 33 45 61 19 27 26 -23 46 -25 -26 51 -28 -29 -30 -31 31 -33 -34 35 -36 -37 -38 38 59 56 -42 -43 -44 44 -46 -47 -48 -49 49 -51 -52 53 -54 -55 -56 -57 -58 58 -60 -61 -62 -63
leaf_value=-0.020454710462379407 -0.0016499071278533119 -0.0073498557015161184 -0.0031924046482618069 -0.0021552552868753811 -0.0043770040729544032 -0.01197729973664978 0.00070400456745602449 0.0049922673420072254 0.00049944858055232181 0.0067559694890341575 -0.014449019761887833 0.0026897238967458345 -0.0027182023089776346 -0.0044746292184635944 -0.0063046580446804463 -0.0015690323499169417 -0.0026299715765710691 0.00038574247914653029 -0.0094992605326054604 -0.0056793789466820623 -0.00010825613555536656 -0.010129853147775376 0.0074680566472306135 -0.0096754870912286513 0.0093202488852150208 -0.0027919222960124945 0.0027417918341303867 0.0025696748218053634 0.0010415703684831148 0.0060539248687577424 0.0045675454330728529 0.0060598696921141445 -0.0017369145634600299 0.0038843493169668586 0.0036767317356938174 0.0058659518338810713 0.0083045189979063256 -0.0064044345248604924 -0.0021846976182863811 -0.0053903222107148062 0.00023047848536625551 0.0020907653500210513 0.0010813608925061111 0.0017127085650437157 0.0011230471244977871 -0.0035538759238210576 0.012122227348832053 0.0019732031369724219 -0.0027727838890493693 -0.00059539290871935577 0.0021985926914346965 -0.0003817410237519905 -0.00082155592786549783 0.0019838926892016338 0.0028125233798286932 -0.017496004706165264 -0.0038962788212828399 0.0031936880718360424 0.005749085252066956 0.004606313519258747 0.0014559999111963897 0.0049815715829166357
leaf_weight=1105 32629 18642 1323 861 22675 6139 30906 20279 492 13308 10425 32199 14810 368 7490 686 28240 2963 4565 1625 19387 1606 874 7877 5002 2335 2009 202 1377 15188 17976 6451 288 31351 21891 3471 4902 5278 587 7340 33641 5029 5070 39914 19360 12172 536 3405 2766 4024 19802 9759 28345 1557 6354 2301 4809 10180 1621 177 319 313
leaf_count=1105 32629 18642 1323 861 22675 6139 30906 20279 492 13308 10425 32199 14810 368 7490 686 28240 2963 4565 1625 19387 1606 874 7877 5002 2335 2009 202 1377 15188 17976 6451 288 31351 21891 3471 4902 5278 587 7340 33641 5029 5070 39914 19360 12172 536 3405 2766 4024 19802 9759 28345 1557 6354 2301 4809 10180 1621 177 319 313
internal_value=-2.20239e-06 -0.00577894 0.00215907 0.00415117 -0.00408607 -0.0120401 0.000284374 0.00559186 0.00405416 0.00638132 -0.0148837 0.00312203 -0.00300577 0.00108041 -0.00621618 0.00321207 -0.00343616 -0.00191429 -0.00988909 -0.00814675 -0.00084219 -0.0138725 0.00559183 -0.0106837 0.00763558 -0.00112935 0.000159352 -0.00476733 -0.00103308 0.0054469 0.00487356 0.00496166 -0.00726446 0.00375417 0.00331498 0.00408187 0.00717283 -0.00544347 -0.00508888 -0.00528518 0.000575284 0.000898078 0.000611503 0.00161037 0.00164524 -0.00290825 0.0092373 0.00137922 -0.00232972 -0.00148238 0.00269543 -0.000724894 -0.000971517 -5.62469e-05 0.00186375 -0.0184559 -0.00479893 0.00291903 0.0035447 -0.000611387 -0.00172081 0.000824843
internal_weight=618576 168419 450157 218245 132574 35845 231912 90939 30850 60089 15437 127306 87963 135891 44611 124606 63087 24876 20408 6392 96021 12031 36877 14016 23212 74625 21396 1827 2700 35467 24919 24427 18930 60804 25982 34822 18210 25681 18191 17427 69576 35935 5931 66315 65628 40412 1410 4091 21600 6790 63802 41996 30680 11316 46268 3406 12149 44000 11801 764 687 3276
internal_count=618576 168419 450157 218245 132574 35845 231912 90939 30850 60089 15437 127306 87963 135891 44611 124606 63087 24876 20408 6392 96021 12031 36877 14016 23212 74625 21396 1827 2700 35467 24919 24427 18930 60804 25982 34822 18210 25681 18191 17427 69576 35935 5931 66315 65628 40412 1410 4091 21600 6790 63802 41996 30680 11316 46268 3406 12149 44000 11801 764 687 3276
is_linear=0
shrinkage=0.05


Tree=10
num_leaves=63
num_cat=0
split_feature=8 8 8 8 8 8 8 14 8 14 13 13 8 14 8 14 8 13 14 14 14 8 14 8 14 13 14 14 8 7 13 13 14 8 13 7 14 14 14 13 14 14 7 14 14 7 13 14 14 14 14 14 7 7 14 7 8 13 13 14 14 13
split_gain=2789.34 718.265 536.837 129.317 92.1163 88.1743 74.8644 39.3408 25.0869 22.7698 18.167 16.9385 16.3662 13.9752 13.9341 12.4274 11.7529 10.4644 11.9011 9.7526 8.75801 8.21126 7.28954 7.0897 6.38368 6.10281 6.06135 5.33042 4.63775 4.52182 4.49768 4.13743 3.8002 3.64244 3.58828 3.5133 3.38944 3.23429 3.05385 3.02121 3.01278 2.98652 2.95163 2.7882 2.768 3.92902 2.66827 5.66228 2.79991 2.65233 2.56426 2.52573 2.39421 2.33715 4.26271 4.60536 2.21843 2.07547 2.03473 3.81833 3.09908 2.03243
threshold=1.7275000000000003 1.5255000000000003 1.8625000000000003 1.3695000000000002 1.7955000000000003 1.6455000000000002 1.9345000000000001 0.055782360281942951 1.2655000000000001 -0.074285370680077775 1.8538499140524283 1.9050218519754698 1.8325000000000002 0.0071107939669381457 1.5795000000000001 -0.052712105976760786 1.4495000000000002 1.8208541137852097 0.049107836833845793 0.043508956282699136 0.056924714017317919 1.6855000000000002 0.10295900859288855 1.7585000000000002 0.016593189298751979 1.8296745792475027 -0.083788257558926924 0.0970525089390364 2.0060000000000007 5.5000000000000009 1.7516683354102367 1.7516683354102367 0.10592471401731786 1.1995000000000002 1.8761670047273677 39.500000000000007 0.12398476930778292 -0.10493367528632024 0.061959008592888505 1.8710351686054125 0.22173780145979918 -0.00074969930653867578 43.500000000000007 0.10705250893903641 -0.12788527009430159 2.5000000000000004 1.8432249302713755 -0.048730885936856032 -0.022415297091337712 0.15369511244229364 0.019388865035801287 -0.015111788924677792 39.500000000000007 2.5000000000000004 -0.06713621668861823 6.5000000000000009 1.3095000000000001 1.7861665622526861 1.8208541137852097 0.056924714017317919 0.010658962400804219 1.7861665622526861
decision_type=10 8 8 10 10 10 10 2 10 2 2 2 10 2 8 2 10 2 2 2 2 10 2 10 2 2 2 2 10 2 2 2 2 10 2 2 2 2 2 2 2 2 2 2 2 2 2 2 2 2 2 2 2 2 2 2 10 2 2 2 2 2
left_child=1 3 4 8 19 14 9 10 33 -4 -8 22 35 21 49 44 24 18 41 23 39 -7 25 -2 -5 -9 -16 -18 -24 -15 -21 -28 -20 -1 43 38 -13 -14 46 -19 -30 -11 -25 -22 56 -46 47 -6 -48 53 -41 -12 58 -3 -55 -56 -10 -31 60 -60 -39 -40
right_child=2 5 6 16 12 13 7 11 15 17 51 36 37 29 26 -17 27 20 32 30 34 -23 28 42 -26 -27 31 -29 40 57 -32 -33 -34 -35 -36 -37 -38 52 61 50 -42 -43 -44 -45 45 -47 48 -49 -50 -51 -52 -53 -54 54 55 -57 -58 -59 59 -61 -62 -63
leaf_value=-0.018388720787810394 -0.0010124257945713356 -0.0065724861325527836 -0.002953747297849362 -0.010053138649519205 -0.0050484211232973341 -0.0031621099264072029 0.00068550528983968024 0.0026256336521824895 -0.014478824120459031 -0.0014595742530004287 0.00084713353627474501 0.007384339106716444 -0.0023586333935170182 -0.0016820202229920181 -0.0047328845207097086 -0.0078842199674786732 -0.007729516392145217 0.0031200379951638519 0.0029693296734401194 0.00046470237278497416 0.0043336342330848711 -0.0021107501158205175 0.0060274532720089053 0.00018383929862947096 -0.0048687202490631885 0.0054129541470143939 -0.0035357686357265234 -0.0019243027637124818 0.0071607328962896817 0.00019559610538803101 0.0030700888221383942 0.00028394585672742107 0.0040025114880780739 -0.015534112594507319 0.0065045967344166886 0.0007225869485787288 0.0093013002440515916 -0.0020912125706252899 0.0019706892586902618 0.0035293663457930773 0.010231080845293433 0.0014128252971831762 -0.00058035129985908602 0.0060039279201255409 -0.012601186478421468 -0.0074916120243121226 0.001565402547112679 0.0010830539957862385 0.0037907808505387372 0.001563559348768043 0.0047614340962341389 0.0047936738085434813 0.0017409162161451557 -0.0064261048667303856 -0.0049319466882380763 0.0015270974635019192 -0.012812132532744235 0.0036958524366728801 0.0026380531320094043 0.0052638172496497909 0.0022552741847882119 0.0042357431636045528
leaf_weight=2225 41485 8003 1340 9355 381 30909 4727 2168 4173 1180 428 8985 385 4325 19814 1246 18632 19313 26452 17289 18163 46527 15431 30213 634 20849 10363 404 3824 4644 1832 761 13413 2245 2684 31948 3102 416 6246 10468 1010 3882 21719 2897 4226 413 8242 32104 1706 120 7079 7681 17350 6623 7183 287 3828 466 13183 1547 28946 1177
leaf_count=2225 41485 8003 1340 9355 381 30909 4727 2168 4173 1180 428 8985 385 4325 19814 1246 18632 19313 26452 17289 18163 46527 15431 30213 634 20849 10363 404 3824 4644 1832 761 13413 2245 2684 31948 3102 416 6246 10468 1010 3882 21719 2897 4226 413 8242 32104 1706 120 7079 7681 17350 6623 7183 287 3828 466 13183 1547 28946 1177
internal_value=1.83126e-06 -0.0050911 0.00221507 -0.0104124 0.000756657 -0.00329049 0.00434899 0.00564323 -0.0136971 0.00352301 0.0031492 0.00622142 0.00159592 -0.00230904 -0.0048945 -0.0126484 -0.00833515 0.00360524 0.00302697 -0.000314491 0.00403393 -0.00253041 0.00575927 -0.000525074 -0.00972408 0.00515041 -0.0042085 -0.00760631 0.00645081 -0.000492223 0.000714327 -0.00327446 0.00331695 -0.016955 0.00478283 0.00113192 0.00787631 0.00220985 0.00139422 0.00355152 0.00780224 0.000743242 -0.00013576 0.0045634 -0.013118 -0.0121463 0.00123055 0.00101114 0.00194704 -0.00584984 0.00402642 0.00458537 0.00223848 -0.0058901 -0.00550259 -0.00468379 -0.0136814 0.000514798 0.00243427 0.00291382 0.00219369 0.00232984
internal_weight=618651 187406 431245 47381 256169 140025 175076 68205 18356 106871 12836 55369 143631 86871 53154 13886 29025 105531 44927 112538 60604 77436 43282 93417 9989 23017 30938 19036 20265 9435 19121 11124 39865 4470 23744 81804 12087 61827 49856 36860 4834 5062 51932 21060 12640 4639 42433 32485 9948 22216 17547 8109 61442 22096 14093 7470 8001 5110 44092 14730 29362 7423
internal_count=618651 187406 431245 47381 256169 140025 175076 68205 18356 106871 12836 55369 143631 86871 53154 13886 29025 105531 44927 112538 60604 77436 43282 93417 9989 23017 30938 19036 20265 9435 19121 11124 39865 4470 23744 81804 12087 61827 49856 36860 4834 5062 51932 21060 12640 4639 42433 32485 9948 22216 17547 8109 61442 22096 14093 7470 8001 5110 44092 14730 29362 7423
is_linear=0
shrinkage=0.05


Tree=11
num_leaves=63
num_cat=0
split_feature=11 14 13 11 13 14 14 13 2 14 14 14 14 11 13 2 14 13 14 14 13 14 14 13 14 11 13 7 14 14 14 14 7 7 14 7 14 13 14 14 14 14 14 14 13 7 14 14 14 11 7 2 14 13 2 3 13 14 14 14 13 13
split_gain=2109.76 748.865 307.605 287.94 175.709 80.6309 68.4191 68.2601 56.735 78.5137 48.1014 41.2949 31.7719 21.629 18.9023 18.8389 23.2366 17.1277 16.8485 15.8213 15.2107 12.6527 12.6327 12.1814 11.0476 10.0468 9.57451 8.73314 7.77837 7.76684 6.15878 6.09956 5.95948 5.89166 5.71415 5.4829 5.46208 5.41844 4.9281 4.56447 4.3692 4.12726 4.0073 3.95069 3.87394 3.77564 6.24144 3.73961 3.65306 3.1856 2.96741 2.92314 2.81017 2.76679 2.64308 2.58736 2.42528 2.40879 2.37829 2.2766 2.19913 2.1969
threshold=1.5719285714285716 0.016593189298751979 1.8226809234874521 1.3590714285714289 1.8208541137852097 -0.060859854515073468 -0.083788257558926924 1.7691613125461358 4.5000000000000009 -0.093690086382429136 -0.069341037599195729 0.085711121784349711 0.089102566508092021 1.2462857142857147 1.7516683354102367 5.5000000000000009 0.083269114063143981 1.8808204437217764 -0.11493367528632024 0.026924714017317889 1.8808204437217764 0.071242499430100539 -0.1530833295540914 1.8808204437217764 0.16919771399691155 1.5005000000000004 1.761051224599248 5.5000000000000009 -0.032269244229164766 0.055120000231452145 -0.022415297091337712 0.15990670843560009 1.5000000000000002 2.5000000000000004 -0.22109152146568353 2.5000000000000004 0.001066324713679623 1.8808204437217764 0.049539869191581272 0.045723070680631202 0.13643459008874828 -0.018075332789834416 0.14793099809798529 0.16919771399691155 1.7691613125461358 1.5000000000000002 -0.15943404656886193 -0.033575156489783813 0.004888211075322225 1.1908571428571431 2.5000000000000004 7.5000000000000009 0.07998476930778288 1.9050218519754698 18.500000000000004 10.500000000000002 1.7837075644055045 0.22173780145979918 0.119548456515452 -0.20045154348454794 1.7516683354102367 1.7348941263049438
decision_type=10 2 2 8 2 2 2 2 2 2 2 2 2 10 2 2 2 2 2 2 2 2 2 2 2 8 2 2 2 2 2 2 2 2 2 2 2 2 2 2 2 2 2 2 2 2 2 2 2 10 2 2 2 2 2 2 2 2 2 2 2 2
left_child=3 4 7 10 5 18 22 15 19 25 13 20 29 49 41 -3 38 28 44 32 39 27 59 42 58 34 -20 36 -8 54 -16 51 -5 52 -10 -12 -11 -24 60 -4 -25 -7 -13 55 -2 -15 -47 -19 -29 -1 -48 -18 -21 -22 -9 -23 -32 -26 -14 -6 -17 -36
right_child=1 2 11 8 6 14 17 12 9 21 35 23 24 45 30 16 31 47 26 33 53 43 37 40 57 -27 -28 48 -30 -31 56 -33 -34 -35 61 -37 -38 -39 -40 -41 -42 -43 -44 -45 -46 46 50 -49 -50 -51 -52 -53 -54 -55 -56 -57 -58 -59 -60 -61 -62 -63
leaf_value=-0.017181045837206071 -0.0053703842456193198 -0.0035371544196671776 0.0031045803005376421 -0.010611446390426674 -0.0040949259820239501 -0.0024959016455190748 0.00052603046034344373 0.001887947895430263 -0.0089513540557853658 -0.0052746059001642391 -0.0092812579877442694 0.0052827682184086473 0.0034125116482021708 -0.013175982235290993 -0.00097272116390986231 -0.00042536091945267893 0.00056213863221554793 0.0023340435291522381 -0.0038578555512934461 -0.0074578632403609277 0.0049312143371219004 -0.00069547552089654799 -0.0011915483186533465 0.0069018808450432281 0.0061852104080203918 -0.0053159260278947129 -0.0023125070497905693 -0.0024324965805342792 0.0019554496921214853 0.0025274896972551195 -0.00033499905350400949 0.0045468852181204241 -0.0079503642975439284 -0.0046595904168868262 -0.0070798218406919137 -0.0053825385359780251 -0.0030042753544925129 0.00065594098373522374 0.00073521951504878201 0.0041444501394478535 0.0089126747047490341 -0.0013402179830489483 0.0075350832900844241 0.0051017159240064093 -0.0039051667873619997 -0.012318029914332885 -0.01127126258604241 0.0036749495936354865 -0.00019117885573676554 -0.014636193074036314 -0.0079329938998326643 0.0021424021873596164 -0.0060680738342628604 0.0061186564501123858 0.0010564369153331997 0.0049993982164311078 0.0005801630446338195 0.0096397826951567581 0.0045260271091947654 -0.0022925199868214928 0.00047438257318722075 -0.0040022211560070044
leaf_weight=2472 8313 2603 17040 3077 3094 14847 20466 21552 6290 4534 1474 19452 19080 4742 21146 22213 3539 10927 14425 7498 12805 2933 12171 14735 1538 5086 32846 7860 17790 37692 13691 2373 6653 4208 2616 2323 6373 5889 30875 27720 3308 16106 2198 378 9864 6019 1202 9920 2365 2447 1492 16905 7064 7952 17171 214 15363 751 6405 4039 9782 745
leaf_count=2472 8313 2603 17040 3077 3094 14847 20466 21552 6290 4534 1474 19452 19080 4742 21146 22213 3539 10927 14425 7498 12805 2933 12171 14735 1538 5086 32846 7860 17790 37692 13691 2373 6653 4208 2616 2323 6373 5889 30875 27720 3308 16106 2198 378 9864 6019 1202 9920 2365 2447 1492 16905 7064 7952 17171 214 15363 751 6405 4039 9782 745
internal_value=1.7397e-06 0.00120701 0.00286446 -0.00707191 -0.000929901 -0.00197581 0.000889059 0.00167618 -0.00545636 -0.00422698 -0.0120192 0.00503841 0.00254295 -0.0130779 -0.000922761 0.000653313 0.000780611 0.00181907 -0.00328155 -0.00715567 0.00426738 -0.00250129 -0.00129277 0.00631106 0.00399122 -0.00711429 -0.00278408 -0.00296389 0.00119075 0.00201656 -0.000323558 0.00214737 -0.0087919 -0.00630748 -0.00806201 -0.00689603 -0.00394804 -0.000589119 0.000284584 0.00374857 0.00727054 -0.00189456 0.00551143 0.000271912 -0.00457526 -0.0120406 -0.0114227 0.00297211 -0.00191409 -0.0159151 -0.00942245 0.00186885 -0.00678368 0.00538612 0.00151923 -0.000308217 0.000148915 0.00731862 0.00369237 -0.00307433 -0.000150278 -0.00639764
internal_weight=618651 528586 297689 90065 230897 146601 84296 192479 67894 39394 22171 105210 104189 18374 81153 88290 85687 59103 65448 28500 65517 24657 25193 39693 27774 14737 47271 21132 38256 76415 50200 22817 9730 18770 9651 3797 10907 18060 62870 44760 18043 30953 21650 3525 18177 13455 8713 20847 10225 4919 2694 20444 14562 20757 38723 3147 29054 2289 25485 7133 31995 3361
internal_count=618651 528586 297689 90065 230897 146601 84296 192479 67894 39394 22171 105210 104189 18374 81153 88290 85687 59103 65448 28500 65517 24657 25193 39693 27774 14737 47271 21132 38256 76415 50200 22817 9730 18770 9651 3797 10907 18060 62870 44760 18043 30953 21650 3525 18177 13455 8713 20847 10225 4919 2694 20444 14562 20757 38723 3147 29054 2289 25485 7133 31995 3361
is_linear=0
shrinkage=0.05


Tree=12
num_leaves=63
num_cat=0
split_feature=11 14 11 13 13 14 14 13 14 2 14 14 14 13 11 2 14 14 14 13 13 14 14 13 14 13 11 7 7 14 14 13 7 14 7 14 14 14 14 13 7 14 14 14 13 14 13 14 14 7 14 11 13 3 2 14 14 14 14 14 14 2
split_gain=1904.06 676.698 260.197 255.978 168.289 94.7228 61.9593 57.4239 52.5114 49.8363 64.6212 32.9864 24.6077 21.7748 21.3603 17.9559 17.9776 17.6446 15.2401 14.5186 12.5297 11.6203 11.0473 10.079 9.73183 8.95667 7.77658 7.45982 6.7761 6.75603 6.29573 5.40363 5.17966 5.10406 4.97536 4.84499 4.77876 4.43948 4.38555 4.21111 4.02979 5.94017 3.85973 3.80139 3.70532 3.60651 3.55687 3.49182 3.26214 3.12878 2.93937 2.875 2.36061 2.33045 2.22259 2.21621 2.21383 2.17393 2.16732 2.14574 2.0042 1.86324
threshold=1.5719285714285716 0.025175771358670555 1.3710714285714289 1.8226809234874521 1.8296745792475027 -0.054611134964198775 -0.074285370680077775 1.7691613125461358 -0.069341037599195729 4.5000000000000009 -0.093690086382429136 0.091924653858035846 0.090886440976605823 1.7731886774278114 1.2462857142857147 5.5000000000000009 0.086309913617570913 -0.10696555927448036 -0.13428537068007781 1.8710351686054125 1.8761670047273677 0.037287894023239072 0.071242499430100539 1.7712088497916894 0.16919771399691155 1.8992856189347675 1.5005000000000004 5.5000000000000009 2.5000000000000004 -0.0064055808432642572 -0.025141334261173928 1.7691613125461358 1.5000000000000002 0.16919771399691155 1.5000000000000002 0.055120000231452145 0.001066324713679623 -0.22109152146568353 -0.0064055808432642572 1.9050218519754698 1.5000000000000002 -0.15943404656886193 0.18736881747616344 -0.015111788924677792 1.8808204437217764 -0.20045154348454794 1.7516683354102367 0.16919771399691155 -0.015111788924677792 3.5000000000000004 0.062959008592888624 1.1908571428571431 1.857918335561721 10.500000000000002 7.5000000000000009 0.053508956282699145 0.14400897040605812 0.22173780145979918 0.12792465385803589 -0.14748851973673668 0.119548456515452 18.500000000000004
decision_type=10 2 8 2 2 2 2 2 2 2 2 2 2 2 10 2 2 2 2 2 2 2 2 2 2 2 8 2 2 2 2 2 2 2 2 2 2 2 2 2 2 2 2 2 2 2 2 2 2 2 2 10 2 2 2 2 2 2 2 2 2 2
left_child=2 4 8 7 5 17 18 15 14 21 26 19 35 29 51 -3 46 31 45 50 30 34 27 -19 60 42 37 36 -10 -7 -8 -2 -23 54 -4 -9 -12 -11 -15 -21 -16 -42 52 -22 -20 -6 55 53 -29 -43 -5 -1 -13 -24 -18 -17 -27 -26 -34 -33 -14 -37
right_child=1 3 9 11 6 13 20 12 28 10 22 25 24 38 40 16 33 23 44 39 43 32 47 -25 57 56 -28 48 -30 -31 -32 59 58 -35 -36 61 -38 -39 -40 -41 41 49 -44 -45 -46 -47 -48 -49 -50 -51 -52 -53 -54 -55 -56 -57 -58 -59 -60 -61 -62 -63
leaf_value=-0.016321993643315481 -0.0049772803364280336 -0.0033579342183729754 -0.0096981347913786906 0.0031849556826452491 -0.0038660495745294269 -0.0018699674272523782 0.00069345945377851585 0.0015811540528876109 -0.0088585920487570125 -0.0083276939356533783 -0.0050395554306728639 0.0050287814046083533 0.003267965282667336 -0.00026556774800835808 -0.012474080354101502 -0.00024154741625881526 0.00071213221435411376 -0.0031994187037265019 -0.0005148790245976864 0.0046962408905817299 0.002438830804560841 -0.0066937265207599938 -0.00066143735881829795 -0.0017902779738339443 0.0058759499053011796 0.0070680441211867064 -0.0050501298177248926 -0.0024987786016234092 -0.0050080339866074592 -0.00072477272522906251 0.0021125929457932284 -0.0043986926244687658 -0.0051595037005215325 0.0047076807425958664 -0.0073034750761399097 0.0027014366742690865 -0.0028536491289198212 -0.005995643576614286 0.00073697129262754102 0.0060474593350198121 -0.011556692268394109 -0.0098583311712025015 0.0096317531512235492 0.0037272129336247137 0.0010011876894777528 -0.0017789612184076842 0.00098440720519721021 0.004811644685842718 -0.00064219324399174846 -0.006234938214816103 0.0040862495727238008 -0.013904383275459981 0.0060420256049091466 0.0047557480987423743 0.0021511365056974719 0.00051152863591525538 0.0090971962657739533 0.0091577934887453662 -0.0015765490789947632 -0.0030328253073963404 0.004299725771959432 0.0019968866192700448
leaf_weight=2472 9932 2600 3142 20996 3032 24817 15006 31084 1836 5752 4146 12046 17752 21556 4959 19058 3253 23443 10867 20650 14338 9521 2923 27664 1538 8694 5086 6476 3025 26772 16309 4116 7291 1772 7005 23315 6299 3163 22084 8000 6702 2245 583 9531 6406 6523 18601 375 3728 811 15894 2447 10995 213 15323 20045 1590 751 448 9540 6405 15705
leaf_count=2472 9932 2600 3142 20996 3032 24817 15006 31084 1836 5752 4146 12046 17752 21556 4959 19058 3253 23443 10867 20650 14338 9521 2923 27664 1538 8694 5086 6476 3025 26772 16309 4116 7291 1772 7005 23315 6299 3163 22084 8000 6702 2245 583 9531 6406 6523 18601 375 3728 811 15894 2447 10995 213 15323 20045 1590 751 448 9540 6405 15705
internal_value=1.65271e-06 0.00114666 -0.00671832 0.00285388 -0.000728034 -0.0016258 0.00113209 0.0017145 -0.0111151 -0.00507563 -0.00390743 0.00488409 0.00253714 -0.000580284 -0.0122669 0.00072969 0.000865853 -0.00295874 -0.00083896 0.0042291 0.00209032 -0.00670221 -0.00234112 -0.00243666 0.00383678 0.00615012 -0.00661025 -0.00278199 -0.00646239 -0.00127567 0.00143255 -0.0040899 -0.00591282 0.00214372 -0.00804498 0.00204687 -0.00372131 -0.00750029 0.000241767 0.00507354 -0.0113135 -0.0107237 0.00561396 0.00295329 4.73813e-05 -0.00244124 0.000415242 0.000251769 -0.00182048 -0.00889676 0.00357328 -0.0151193 0.00551229 -0.000293497 0.00189914 0.000144495 0.00738177 0.00695269 -0.00495209 -0.00344451 0.00354153 0.00241787
internal_weight=618651 528586 90065 276650 251936 169924 82012 177202 24497 65568 38161 99448 96550 95229 19636 80652 78052 74695 26828 65540 55184 27407 24160 51107 26446 33908 14001 20649 4861 51589 31315 23588 17260 20348 10147 70104 10445 8915 43640 28650 14717 9758 23624 23869 17273 9555 57704 3511 10204 3056 36890 4919 23041 3136 18576 39103 10284 2289 7739 13656 24157 39020
internal_count=618651 528586 90065 276650 251936 169924 82012 177202 24497 65568 38161 99448 96550 95229 19636 80652 78052 74695 26828 65540 55184 27407 24160 51107 26446 33908 14001 20649 4861 51589 31315 23588 17260 20348 10147 70104 10445 8915 43640 28650 14717 9758 23624 23869 17273 9555 57704 3511 10204 3056 36890 4919 23041 3136 18576 39103 10284 2289 7739 13656 24157 39020
is_linear=0
shrinkage=0.05


Tree=13
num_leaves=63
num_cat=0
split_feature=8 8 8 8 8 8 8 14 8 13 13 14 8 14 8 8 14 8 8 14 13 14 13 8 14 14 8 14 14 13 14 8 14 14 14 14 13 14 13 14 7 13 14 14 13 2 7 14 2 13 14 2 14 2 14 14 13 14 14 14 14 14
split_gain=2054.15 496.986 426.229 80.6361 69.3199 68.5804 63.8192 31.4204 16.8989 16.6891 13.1058 12.9137 10.6152 10.2027 9.36508 8.76731 8.74654 8.67524 8.18998 7.9436 7.74682 7.4434 5.8505 5.01612 4.46064 4.10174 3.67302 3.58802 3.43126 3.93489 3.06364 2.85807 2.78997 2.6381 2.50606 2.49164 3.5919 4.28947 2.71951 2.36076 2.2899 2.28914 4.4387 3.7788 2.25091 2.17775 2.11717 2.02785 2.00042 1.9862 2.14155 1.92772 2.73493 2.83693 1.90763 1.82253 1.92783 2.25426 1.96377 1.80643 1.78817 1.74491
threshold=1.7155000000000002 1.5095000000000003 1.8535000000000001 1.3595000000000004 1.9245000000000003 1.6295000000000002 1.7905000000000002 0.045723070680631202 1.2655000000000001 1.8992856189347675 1.8538499140524283 -0.085306064517720367 1.5655000000000003 -0.045518076670304934 1.7525000000000002 1.8185000000000002 0.07998476930778288 1.4305000000000001 1.8855000000000002 -0.078722104995656891 1.7516683354102367 0.10295900859288855 1.8296745792475027 1.6755000000000002 0.055120000231452145 0.096211742441073125 2.0495000000000005 -0.045518076670304934 -0.10493367528632024 1.7516683354102367 0.061066324713679683 1.1595000000000002 0.074886440976605809 -0.029473454994190181 0.13643459008874828 0.066434590088748316 1.787960130808419 0.0071107939669381457 1.8023076816383881 0.16919771399691155 2.5000000000000004 1.8208541137852097 0.038469967089536768 0.056924714017317919 1.857918335561721 3.5000000000000004 39.500000000000007 0.026924714017317889 3.5000000000000004 1.8808204437217764 -0.10999988700393425 3.5000000000000004 0.019388865035801287 5.5000000000000009 -0.054611134964198775 0.13069938094684921 1.8432249302713755 0.04703874685936927 0.065916670445908446 -0.042530032910463193 0.043508956282699136 -0.16589216316615404
decision_type=10 8 10 10 10 10 10 2 10 2 2 2 8 2 10 10 2 10 10 2 2 2 2 10 2 2 10 2 2 2 2 10 2 2 2 2 2 2 2 2 2 2 2 2 2 2 2 2 2 2 2 2 2 2 2 2 2 2 2 2 2 2
left_child=1 3 6 8 11 12 14 10 31 21 59 -4 34 23 24 -8 17 33 41 -10 30 22 -9 -7 49 -11 44 -20 -14 48 -15 -1 -16 -5 51 36 37 -17 -37 -28 -18 42 -13 -43 -23 -35 55 -21 -30 61 -51 -3 -53 -54 -12 56 57 -29 -58 -6 -31 -2
right_child=2 5 4 16 7 13 15 9 19 25 54 18 28 20 32 35 40 -19 27 47 -22 26 -24 -25 -26 -27 39 46 29 60 -32 -33 -34 45 -36 38 -38 -39 -40 -41 -42 43 -44 -45 -46 -47 -48 -49 -50 50 -52 52 53 -55 -56 -57 58 -59 -60 -61 -62 -63
leaf_value=-0.016790627169387302 -0.0060500611963851215 -0.0059639590294424038 -0.0024932618947403808 -0.0093480803895889582 -0.003083078152556761 -0.0030828241612089521 0.00074010195580726012 0.0021722399095435618 -0.011485564061884571 0.0057165228576987045 7.5844880569161249e-05 0.00044707402513747668 -0.0044732766501106554 -0.0020321074701563613 -7.0744879572496799e-05 -0.0022940895421350816 -0.004490804660582659 -0.0069682243670165442 4.1554116976023086e-06 -0.0083746864400022544 0.00087194403591639078 0.0047799793242406779 0.0043775370327078017 -0.0021462523774753895 0.0010960830363754106 0.0072246315579066163 0.0040010930026960446 -7.7183562215220582e-05 -0.0048641215023948504 -0.0010479972088792294 -0.000639169750680068 -0.013849931215465738 0.0016097940371452213 -0.0083154557429431127 0.00015991729714146663 0.0019294225458844107 0.0016709127031971937 0.00099135829855418606 0.0047762965488593375 0.0093304616726274311 0.0015212625057966316 0.0025067901797158091 0.0023519229578761493 0.0041347371859783918 0.0058819187906044871 -0.0042786957037038789 0.0028574315119996195 -0.002570750254095608 -0.0033089849648045735 -0.00069299800574197288 0.0024314952035976892 -0.0055044700284494676 -0.0042302382685126295 0.00097411609127043958 0.0038004217371804651 0.0047796950144933827 0.0035725427982741011 0.0031860566402508715 0.0049998610182205444 0.00052667236790804371 0.0052204285289390367 -0.0010621284997818653
leaf_weight=1094 176 9653 1150 6981 378 24863 55255 3413 10888 9810 361 3378 14253 15984 65152 1064 342 16457 828 1523 3433 12308 25310 33639 2654 8343 271 545 2506 648 5242 3376 2567 1094 201 18822 36537 14987 878 891 295 19520 32310 4361 7433 481 16968 167 11828 1587 838 7634 2884 288 7207 2710 12833 18292 2967 4170 138 46485
leaf_count=1094 176 9653 1150 6981 378 24863 55255 3413 10888 9810 361 3378 14253 15984 65152 1064 342 16457 828 1523 3433 12308 25310 33639 2654 8343 271 545 2506 648 5242 3376 2567 1094 201 18822 36537 14987 878 891 295 19520 32310 4361 7433 481 16968 167 11828 1587 838 7634 2884 288 7207 2710 12833 18292 2967 4170 138 46485
internal_value=1.57008e-06 -0.00456956 0.00181751 -0.00926372 0.00356012 -0.00306476 0.000436443 0.00469318 -0.011929 0.0051124 0.00234796 0.0027788 -0.00452747 -0.00218473 -0.000394009 0.00121426 -0.00749229 -0.00763963 0.00283165 -0.0109905 -0.0013317 0.00463788 0.00411549 -0.00254429 -0.000900484 0.00640964 0.00535569 0.00327076 -0.00391667 -0.00339199 -0.00168811 -0.0145696 -7.04129e-06 -0.00893106 -0.00539586 0.00157669 0.00139702 0.00077357 0.0020563 0.00808755 -0.00170657 0.00242517 0.00217162 0.00280408 0.00519489 -0.00708264 0.00332056 -0.00780116 -0.00358087 -0.00100844 0.000386724 -0.00545045 -0.00499173 -0.00375771 0.00362276 0.00353097 0.00343327 0.00309164 0.00384057 0.000226654 5.25661e-05 -0.00108094
internal_weight=618651 175892 442759 42698 195757 133194 247002 79895 17048 67779 12116 115862 50033 83161 119459 127543 25650 25013 114712 12578 24659 49626 28723 58502 51740 18153 20903 55143 29373 15120 21226 4470 67719 8556 20660 72288 52588 16051 19700 1162 637 59569 35688 23881 19741 1575 54315 1690 14334 49086 2425 20459 10806 3172 7568 37347 34637 18837 15800 4548 786 46661
internal_count=618651 175892 442759 42698 195757 133194 247002 79895 17048 67779 12116 115862 50033 83161 119459 127543 25650 25013 114712 12578 24659 49626 28723 58502 51740 18153 20903 55143 29373 15120 21226 4470 67719 8556 20660 72288 52588 16051 19700 1162 637 59569 35688 23881 19741 1575 54315 1690 14334 49086 2425 20459 10806 3172 7568 37347 34637 18837 15800 4548 786 46661
is_linear=0
shrinkage=0.05


Tree=14
num_leaves=63
num_cat=0
split_feature=8 8 8 8 8 8 8 14 13 13 8 14 14 8 7 8 8 14 8 14 14 14 14 14 8 7 8 2 13 8 13 13 13 14 14 13 13 13 14 13 14 14 7 14 14 7 14 14 13 14 14 7 13 14 13 14 14 14 13 13 14 13
split_gain=1854.61 429.711 404.477 81.9066 78.8438 49.84 46.3276 28.8141 21.7449 16.7839 13.0191 11.8988 10.9654 9.11879 8.96025 8.8918 7.39228 7.06955 6.61761 6.06446 5.86325 5.83691 5.74156 5.73422 5.61869 4.7924 4.51284 3.33509 3.26471 3.16285 2.93999 2.84142 2.58281 2.56302 2.31164 6.22266 2.74016 2.29614 4.12231 2.26189 2.25397 2.16651 2.15779 3.39685 2.05435 2.0416 2.22094 1.86654 1.8408 2.67361 1.89045 1.82708 1.78105 2.13422 1.77404 2.34487 1.9191 1.74661 1.99246 1.62548 1.77705 1.5823
threshold=1.7055000000000002 1.4795000000000003 1.8425000000000002 1.5985000000000003 1.9085000000000003 1.7755000000000003 1.3195000000000003 0.069731992223638253 1.8134236480004582 1.8710351686054125 1.6545000000000003 -0.050244001991295299 -0.085306064517720367 1.1995000000000002 2.5000000000000004 1.8055000000000001 1.5355000000000001 0.035102566508092077 1.8745000000000003 -0.015111788924677792 -0.033575156489783813 -0.11804732229493119 0.13069938094684921 0.14400897040605812 1.3895000000000002 4.5000000000000009 1.7385000000000004 19.500000000000004 1.7516683354102367 2.0495000000000005 1.7516683354102367 1.8808204437217764 1.7516683354102367 0.1002823193066892 0.084900495122189126 1.7922103034227244 1.8226809234874521 1.800783472633406 -0.10165488798245191 1.8296745792475027 -0.0094351754930646053 -0.093690086382429136 20.500000000000004 -0.099757500569899502 0.15990670843560009 39.500000000000007 0.04273075577083519 0.053508956282699145 1.8432249302713755 -0.064083376361243824 -0.043690086382429098 38.500000000000007 1.8710351686054125 -0.080824228641329418 1.8208541137852097 0.04703874685936927 0.03468219464477907 0.052863783311381758 1.7989173714657982 1.8710351686054125 0.027730755770835173 1.8208541137852097
decision_type=10 8 8 8 10 10 10 2 2 2 10 2 2 10 2 10 10 2 10 2 2 2 2 2 10 2 10 2 2 10 2 2 2 2 2 2 2 2 2 2 2 2 2 2 2 2 2 2 2 2 2 2 2 2 2 2 2 2 2 2 2 2
left_child=1 6 5 16 12 17 13 8 40 23 20 24 -4 -1 47 45 33 26 51 37 -5 -15 27 39 -8 -16 61 -11 -19 -25 -22 -10 -21 -3 35 -20 -36 -12 -39 -9 -6 -33 -17 -44 -18 46 48 -13 49 -7 -50 54 -28 -54 56 -56 -14 -45 -59 -37 -61 -2
right_child=2 3 4 10 7 15 11 9 31 22 19 14 18 21 25 42 44 28 34 32 30 -23 -24 29 -26 -27 52 -29 -30 -31 -32 41 -34 -35 36 59 -38 38 -40 -41 -42 -43 43 57 -46 -47 -48 -49 50 -51 -52 -53 53 -55 55 -57 -58 58 -60 60 -62 -63
leaf_value=-0.015053199875639418 -0.0014580709581701434 -0.0059518519691816162 -0.0019096044516947912 -0.0035384498510451232 -0.0014692683013176222 -0.004545484472560566 -0.0099362190666962766 0.0031736541312795638 0.003186120398298456 0.0051775711769572316 -0.0023218396759470002 -0.0081070810032321475 -0.00040518478813507982 -0.011983872451390232 -0.0047523750090501691 0.0017698659268905557 -0.0045339090775292556 0.00014322348339897682 -0.00032198770447266551 -0.0010448814834760306 -0.0022651497118630582 -0.0082623000563118512 0.0074330140002569454 0.0050557553434054433 -0.0079832182092140526 0.0033323853465117279 -0.00060952545225823561 0.0065916124061155311 0.0026386808609207561 0.0085040780855782632 0.0014643577345440733 -0.00029922199885328515 0.0014459796788520553 -0.0020745771113507136 0.0030046384808309935 0.0025008599995523031 0.0047309739461768724 -0.0020251601384437957 0.00032472152460722451 0.0041418336341106218 0.00089721056810132419 0.0042543947319899252 -0.0029349903842842417 0.00087973388980921866 0.0021946354768404394 0.00016056664320535292 0.0016805469317055456 -0.004578217918570663 0.00084191131952866078 0.00037902791331661888 0.0028610652227073173 0.001633023505233601 -1.8797057682291028e-05 0.0031371643928478857 0.0023063491009417268 0.0037659595229408965 0.0020671868456159114 0.001399477692284162 0.0045803514505100866 0.0028697609611323073 0.0043818020602498812 -0.00061339571640230551
leaf_weight=2225 25947 17286 1489 26532 1270 279 8116 8951 14446 19145 41020 4471 808 7724 2195 15323 23159 11699 1769 6266 7584 1220 4477 6481 6742 200 45900 5331 1476 741 568 266 1248 437 15973 25800 2685 8381 2401 18502 4844 14503 518 28860 114 33632 4999 409 6413 22754 1415 18519 3161 645 10863 3685 27444 21222 504 7996 2567 7051
leaf_count=2225 25947 17286 1489 26532 1270 279 8116 8951 14446 19145 41020 4471 808 7724 2195 15323 23159 11699 1769 6266 7584 1220 4477 6481 6742 200 45900 5331 1476 741 568 266 1248 437 15973 25800 2685 8381 2401 18502 4844 14503 518 28860 114 33632 4999 409 6413 22754 1415 18519 3161 645 10863 3685 27444 21222 504 7996 2567 7051
internal_value=1.49157e-06 -0.00447679 0.00167503 -0.00322193 0.00321821 0.000220024 -0.00956358 0.00426224 0.00311723 0.00489799 -0.00240859 -0.0082388 0.00235437 -0.0121888 -0.00658203 0.000835804 -0.00508686 -0.000652912 0.00240812 -0.00195862 -0.0031781 -0.0114762 0.00578669 0.00415595 -0.00905002 -0.00407724 -0.000824274 0.00548556 0.00042279 0.00540956 -0.00200529 0.0036847 -0.000631174 -0.00585625 0.00279702 0.00257388 0.00325307 -0.00215117 -0.00150187 0.00382616 0.000405646 0.00417238 0.00124944 0.0010934 -0.00450095 0.000440411 0.000702868 -0.00781132 0.000544499 0.000319377 0.0012069 0.00204794 -0.000523341 0.000516041 0.00222747 0.00267607 0.00199648 0.00113465 0.00147327 0.00271476 0.00323721 -0.00127758
internal_weight=618651 168298 450353 134996 218555 231798 33302 98957 35329 63628 94000 22133 119598 11169 7275 135919 40996 95879 118109 59316 34684 8944 28953 34675 14858 2395 82704 24476 13175 7222 8152 29215 7514 17723 56790 38132 18658 51802 10782 27453 6114 14769 66427 51104 23273 69492 35860 4880 30861 23033 7828 61319 49706 3806 42800 14548 28252 50586 21726 36363 10563 32998
internal_count=618651 168298 450353 134996 218555 231798 33302 98957 35329 63628 94000 22133 119598 11169 7275 135919 40996 95879 118109 59316 34684 8944 28953 34675 14858 2395 82704 24476 13175 7222 8152 29215 7514 17723 56790 38132 18658 51802 10782 27453 6114 14769 66427 51104 23273 69492 35860 4880 30861 23033 7828 61319 49706 3806 42800 14548 28252 50586 21726 36363 10563 32998
is_linear=0
shrinkage=0.05


Tree=15
num_leaves=63
num_cat=0
split_feature=8 8 8 8 8 8 8 14 8 14 8 13 13 14 8 8 8 14 8 13 8 14 14 13 14 14 14 8 7 8 14 13 14 14 14 13 14 13 13 14 14 14 14 2 2 14 7 14 14 13 13 14 14 7 2 14 8 14 13 13 14 14
split_gain=1677.43 434.57 322.784 77.4087 55.0136 53.2073 45.351 24.3633 15.5734 14.8322 9.86723 9.01041 8.8654 8.63616 8.03178 7.63594 7.45393 6.87139 6.20798 4.78214 4.61879 4.30275 4.23216 4.0708 3.97402 3.72678 3.65237 3.63098 2.99801 2.71525 2.61209 2.54358 5.37772 3.57892 2.3666 4.01182 3.66517 3.5343 2.25746 2.22264 2.19466 2.1852 2.09494 1.99208 1.8244 3.46522 4.32971 1.7976 1.66083 2.26367 2.17781 2.73915 1.61781 4.84834 2.9214 2.17952 1.57341 1.56597 1.54074 1.51175 1.98777 1.52936
threshold=1.7275000000000003 1.5255000000000003 1.8645000000000003 1.3695000000000002 1.7975000000000001 1.6395000000000002 1.9445000000000003 0.055782360281942951 1.2795000000000003 -0.074285370680077775 1.8345000000000002 1.8538499140524283 1.9050218519754698 -0.026530032910463294 1.9045000000000003 1.5865000000000002 1.4395000000000002 -0.042530032910463193 1.7655000000000001 1.7516683354102367 1.6955000000000002 0.11319273218147631 0.001066324713679623 1.8296745792475027 0.0071107939669381457 0.0970525089390364 0.065448775291754427 1.1995000000000002 5.5000000000000009 2.1320000000000001 -0.015111788924677792 1.8208541137852097 0.057731671235411904 0.077584702908662276 0.035916623638756036 1.787960130808419 -0.023690086382429195 1.787960130808419 1.8710351686054125 -0.12788527009430159 0.14400897040605812 0.074403050238807347 -0.10493367528632024 19.500000000000004 3.5000000000000004 -0.03721763971805702 5.5000000000000009 0.04703874685936927 0.076782360281942977 1.8035893350394401 1.787960130808419 0.046331873364415473 -0.18402533651879779 6.5000000000000009 3.5000000000000004 -0.010897433491907858 1.9895000000000003 0.074886440976605809 1.890186014534385 1.8808204437217764 -0.10999988700393425 -0.0449336752863203
decision_type=10 8 8 10 10 10 10 2 10 2 10 2 2 2 10 8 10 2 10 2 10 2 2 2 2 2 2 10 2 10 2 2 2 2 2 2 2 2 2 2 2 2 2 2 2 2 2 2 2 2 2 2 2 2 2 2 10 2 2 2 2 2
left_child=1 3 4 8 18 15 9 11 27 -4 34 -8 21 20 31 44 24 -10 26 41 -7 23 -17 -9 -5 52 59 -1 -24 56 58 32 43 -33 35 36 -6 -36 47 -29 -14 -15 -12 -11 -3 -46 -47 -32 50 -50 51 -44 -18 54 -54 -56 -23 -20 -16 61 -61 -2
right_child=2 5 6 16 10 13 7 12 17 14 42 -13 40 19 30 22 25 -19 57 -21 -22 29 28 -25 -26 -27 -28 39 -30 -31 38 33 -34 -35 37 -37 -38 -39 -40 -41 -42 -43 48 -45 45 46 -48 -49 49 -51 -52 -53 53 -55 55 -57 -58 -59 -60 60 -62 -63
leaf_value=-0.0143114725371547 -0.0010931342312860907 -0.0050667624030020144 -0.002347618995497043 -0.0080249236845262185 -0.0035879584908260573 -0.0024284759774114038 0.00057735925543819951 0.001992518423562331 -0.0099710629045869775 0.0013393651196830999 -0.0020015264605466113 0.0035856281284422985 0.0059384853974667161 -0.0015023249035129096 -0.00075330747375347779 -0.0036103469302126235 -0.0067541120847489453 -0.0057285821566181632 0.00010534910223523717 0.0012659069444407151 -0.001612309375006611 0.0046740210068433917 -0.0024841342824360084 0.0043800327182419337 -0.0041876168001640278 -0.0012803923934283654 0.0012846976987174136 -0.012073063308544836 0.0013826290868829052 0.0096669105676583187 0.0020812104180732167 0.0026558907590037532 0.0025156839703959488 0.0042069934891379402 0.0010069624164573234 0.00092324090485725757 7.1690062663310155e-05 0.0025942936780963353 0.0040138807050008173 -0.0069144778875508232 0.0080830699413308917 -0.0001959599821236508 -0.00051278154022457798 -0.0009056675613046696 -0.004912275061436093 -0.0036188794110364256 0.0025308257984083121 0.0033575665596002864 0.0020369511105842062 0.0044960217066183387 0.0017936279538569543 0.0013903590231698125 -0.0065200935889640132 4.1158562075038925e-05 -0.0058538286855748141 -0.0038566446839947734 0.0057439434824650658 0.0014387765298066054 0.003130033747922885 -0.00055061610794262215 0.0022174167103738464 -0.00053116344984443999
leaf_weight=2243 18000 8802 1380 7983 729 38370 4384 1954 11357 4619 376 5759 10197 11938 589 21859 5795 1042 51592 2338 31619 7323 5997 20688 737 418 2526 3514 547 345 3087 31764 29467 4212 32911 32052 11122 3925 13036 222 1351 4374 2367 1257 7321 6693 299 25931 13789 1004 35055 9395 8077 351 3345 2309 6474 2300 451 1740 1034 36977
leaf_count=2243 18000 8802 1380 7983 729 38370 4384 1954 11357 4619 376 5759 10197 11938 589 21859 5795 1042 51592 2338 31619 7323 5997 20688 737 418 2526 3514 547 345 3087 31764 29467 4212 32911 32052 11122 3925 13036 222 1351 4374 2367 1257 7321 6693 299 25931 13789 1004 35055 9395 8077 351 3345 2309 6474 2300 451 1740 1034 36977
internal_value=1.36395e-07 -0.00394725 0.0017172 -0.00808621 0.000590424 -0.00254769 0.00337821 0.00451325 -0.0106253 0.00280503 0.00124484 0.0022854 0.00498079 -0.00180499 0.00286717 -0.00382555 -0.00647799 -0.00961453 -0.000227671 -0.000848911 -0.00205976 0.00460137 -0.0032764 0.00417399 -0.0077006 -0.00595268 -0.000576295 -0.0127213 -0.00216092 0.00528562 0.0034061 0.00254153 0.00224027 0.00283749 0.000880568 0.000632609 -0.000153429 0.0011761 0.00346732 -0.0117665 0.00618938 -0.00115203 0.00171931 0.000859105 -0.00450032 -0.00415197 -0.0033559 0.00322178 0.00174202 0.00220385 0.00159609 0.00100737 -0.00605094 -0.00576157 -0.0059099 -0.00503821 0.00517606 0.000162257 0.000930718 -0.000657694 0.00048116 -0.000715158
internal_weight=618712 187550 431162 47393 256894 140157 174268 58475 18378 115793 142725 10143 48332 88639 114413 51518 29015 12399 114169 18650 69989 36784 28403 22642 8720 20295 60277 5979 6544 14142 43094 71319 35343 35976 80739 43903 11851 36836 42054 3736 11548 16312 61986 5876 23115 14313 6992 29018 61610 14793 46817 11762 19877 14082 13731 5654 13797 53892 1040 57751 2774 54977
internal_count=618712 187550 431162 47393 256894 140157 174268 58475 18378 115793 142725 10143 48332 88639 114413 51518 29015 12399 114169 18650 69989 36784 28403 22642 8720 20295 60277 5979 6544 14142 43094 71319 35343 35976 80739 43903 11851 36836 42054 3736 11548 16312 61986 5876 23115 14313 6992 29018 61610 14793 46817 11762 19877 14082 13731 5654 13797 53892 1040 57751 2774 54977
is_linear=0
shrinkage=0.05


Tree=16
num_leaves=63
num_cat=0
split_feature=8 8 8 8 8 8 8 14 13 13 8 14 14 14 7 8 8 14 8 8 14 14 14 7 8 13 13 14 14 13 7 13 13 13 8 7 13 14 14 14 7 14 14 8 8 14 14 13 13 7 14 13 14 14 14 14 9 13 14 13 14 13
split_gain=1514.45 352.68 329.592 66.0185 63.4565 40.8961 38.0119 23.9625 19.1483 13.2342 10.7802 8.98433 8.41307 8.33756 7.67612 7.32536 6.0293 5.83436 5.40698 5.07434 4.99514 4.79505 4.51791 3.96925 3.85531 3.78873 3.53554 4.19332 4.1929 3.48032 3.45727 3.08217 2.85481 2.68907 2.38478 2.20541 2.11212 4.00572 2.10539 2.09753 1.90979 2.05093 1.89651 1.85769 1.83214 1.82314 1.80946 4.06684 2.25331 1.74202 2.84302 1.61763 2.31216 1.7392 1.53412 1.51578 1.50433 1.50355 1.46238 1.70831 1.44801 4.3533
threshold=1.7055000000000002 1.4795000000000003 1.8445000000000003 1.5985000000000003 1.9085000000000003 1.7755000000000003 1.3295000000000001 0.075669784045743663 1.8134236480004582 1.8808204437217764 1.6545000000000003 -0.064083376361243824 -0.13771210597676095 -0.050244001991295299 2.5000000000000004 1.8085000000000002 1.5355000000000001 0.022863783311381839 1.8745000000000003 1.1995000000000002 0.016593189298751979 -0.074285370680077775 0.22173780145979918 4.5000000000000009 1.3995000000000002 1.7516683354102367 1.8208541137852097 -0.094933675286320227 -0.062766314920685948 1.9181177618160861 2.5000000000000004 1.8808204437217764 1.8657678508960227 1.7516683354102367 1.9585000000000001 5.5000000000000009 1.800783472633406 -0.10165488798245191 0.10973199222363829 -0.00074969930653867578 39.500000000000007 0.04273075577083519 -0.083788257558926924 1.7335000000000003 2.0965000000000003 0.15990670843560009 0.084900495122189126 1.7922103034227244 1.8226809234874521 20.500000000000004 -0.097971915863715106 1.8432249302713755 -0.064083376361243824 -0.042530032910463193 0.12181456336227993 0.050890579919033015 1.8755000000000002 1.7861665622526861 0.052863783311381758 1.8134236480004582 -0.14271210597676084 1.7397976231570116
decision_type=10 8 10 8 10 10 10 2 2 2 10 2 2 2 2 10 10 2 10 10 2 2 2 2 10 2 2 2 2 2 2 2 2 2 10 2 2 2 2 2 2 2 2 10 10 2 2 2 2 2 2 2 2 2 2 2 8 2 2 2 2 2
left_child=1 6 5 16 11 17 12 8 39 22 21 32 19 24 55 40 38 26 56 -1 36 -5 34 -16 -8 -19 27 -2 -28 54 -14 -10 -4 -23 -9 -22 -12 -38 -3 -6 41 51 -33 -29 -24 60 47 -20 -48 -17 -51 52 -7 -53 -11 -15 -13 -43 -52 -60 -18 -62
right_child=2 3 4 10 7 15 13 9 31 29 20 18 30 14 23 49 45 25 46 -21 35 33 44 -25 -26 -27 28 43 -30 -31 -32 42 -34 -35 -36 -37 37 -39 -40 -41 -42 57 -44 -45 -46 -47 48 -49 -50 50 58 53 -54 -55 -56 -57 -58 -59 59 -61 61 -63
leaf_value=-0.013627019301638938 -0.0031968498806432392 -0.0053550116633621254 -0.0024455349061785359 -0.0032742426782736578 -0.0011907124264713175 -0.0042403217669734752 -0.0087522250035676902 0.0034994807166568846 0.0029133836124522576 0.0047886679877214107 -0.0020791141668020335 0.0020333447840158443 -0.0091455392193215586 -0.0073567849754282606 -0.0042267831630643715 0.0016111281890619545 -0.0047559167221047759 -7.2359406651006613e-05 -0.00015623281959078323 -0.010907697002878506 -0.0012929442581624581 -0.0022697449776442765 0.0054677948506802144 0.0031754508011003092 -0.0070528889046790671 0.0022147713963851776 -0.0005103444833450629 -0.0012651428150022639 0.0016086692457391205 0.0064915795608592097 -0.0040808206391356626 -0.00022859409031408961 0.00085243677406444474 0.00034859006082849499 0.0043416197062082877 0.00065214432848813514 -0.0018210692756091326 0.00046219054327221207 -0.0010147323087231841 0.00092241914374676314 0.00013837486345441637 0.0011711676659788247 0.003927659330455204 -0.00066788462566040368 0.0093092229346812567 0.0020139095292528867 0.0027249714357512915 0.002456340863211154 0.0042890427691527917 -0.0027599062993091603 0.00080025730286018091 0.00079888096307370246 0.00034701547349831163 0.0028300429974496364 0.0059641715109465029 -0.004139808587304534 0.0014902029166658866 0.0033588955598635368 0.0012832657135549057 0.004507130031031612 -0.0040103333026372768 0.00023449301764925584
leaf_weight=2240 2078 17277 1284 23870 1545 278 8210 22120 17212 11091 42739 41094 2477 4450 2122 15110 6028 19318 1553 7327 3113 9770 986 198 5624 1998 15609 21777 2745 6231 390 279 1342 1090 13560 2740 8405 2490 284 4895 34204 4443 16895 32374 453 123 15891 36468 2693 498 28362 6718 23044 1250 3702 399 18482 954 21297 419 16467 627
leaf_count=2240 2078 17277 1284 23870 1545 278 8210 22120 17212 11091 42739 41094 2477 4450 2122 15110 6028 19318 1553 7327 3113 9770 986 198 5624 1998 15609 21777 2745 6231 390 279 1342 1090 13560 2740 8405 2490 284 4895 34204 4443 16895 32374 453 123 15891 36468 2693 498 28362 6718 23044 1250 3702 399 18482 954 21297 419 16467 627
internal_value=1.29571e-07 -0.00404407 0.00151325 -0.0029056 0.00291095 0.00020393 -0.00864137 0.00384609 0.00291762 0.00449803 -0.002178 0.00213196 -0.0108324 -0.00734425 -0.00596038 0.000759629 -0.00458557 -0.000587483 0.00219733 -0.0115444 -0.00176934 -0.00287796 0.00393031 -0.00359504 -0.00806139 0.000142019 -0.000795977 -0.000992658 -0.000193428 0.00550036 -0.00845658 0.00338624 -0.000760128 -0.00200695 0.00381953 -0.000382378 -0.00192069 -0.00129924 -0.00528482 0.000415464 0.000407148 0.00065773 0.00386014 -0.000908074 0.00667708 -0.00405731 0.00254727 0.00234963 0.00295162 0.00114004 0.000999301 0.000502469 0.000292334 0.00111752 0.00508284 -0.00709208 0.00186485 0.00155788 0.00103668 0.00134547 -0.0040896 -0.00385464
internal_weight=618712 168460 450252 135023 217776 232476 33437 98969 40826 58143 94217 118807 12434 21003 7169 136577 40806 95899 116181 9567 59487 34730 37119 2320 13834 21316 74583 56229 18354 21024 2867 34386 2626 10860 35680 5853 53634 10895 17561 6440 70891 36687 17174 54151 1439 23245 56605 38021 18584 65686 50576 31290 23322 7968 14793 4849 59576 5397 50078 21716 23122 17094
internal_count=618712 168460 450252 135023 217776 232476 33437 98969 40826 58143 94217 118807 12434 21003 7169 136577 40806 95899 116181 9567 59487 34730 37119 2320 13834 21316 74583 56229 18354 21024 2867 34386 2626 10860 35680 5853 53634 10895 17561 6440 70891 36687 17174 54151 1439 23245 56605 38021 18584 65686 50576 31290 23322 7968 14793 4849 59576 5397 50078 21716 23122 17094
is_linear=0
shrinkage=0.05


Tree=17
num_leaves=63
num_cat=0
split_feature=11 14 13 11 13 13 14 14 2 14 14 14 14 2 14 13 13 11 13 14 14 3 13 14 13 13 14 14 14 14 11 14 14 13 13 14 13 14 14 14 3 14 14 14 14 14 14 13 14 2 14 2 14 13 14 9 13 14 2 2 2 14
split_gain=1142.18 414.408 187.88 148.51 91.6875 41.8529 37.9703 31.762 31.0819 43.96 29.6655 27.8403 20.6589 14.7488 16.0181 13.4709 11.4388 10.8717 9.63903 9.04398 8.93233 8.34387 7.95722 7.17556 5.92172 5.28921 5.58892 4.81513 4.59528 4.58895 4.41062 4.24525 3.9733 3.63115 3.62127 3.61867 3.58042 3.50255 3.13131 3.12279 3.09354 3.01455 2.90842 2.76563 2.24086 2.21443 2.19503 2.15622 2.94612 2.12837 2.06741 1.90701 1.82633 1.8142 1.74663 1.69997 1.67637 1.5968 1.58567 1.47361 1.4687 1.46732
threshold=1.566214285714286 0.004888211075322225 1.8208541137852097 1.3590714285714289 1.8296745792475027 1.7691613125461358 -0.078722104995656891 -0.11276631492068588 4.5000000000000009 -0.14271210597676084 0.081699380946849157 -0.085306064517720367 0.079250300693461409 5.5000000000000009 0.074403050238807347 1.7783277951588177 1.8657678508960227 1.2462857142857147 1.8808204437217764 0.027730755770835173 0.061066324713679683 16.500000000000004 1.8808204437217764 0.18736881747616344 1.5120058491212303 1.7397976231570116 -0.028190554210275939 0.12792465385803589 -0.13089743349190794 0.039175771358670571 1.4348571428571433 -0.18402533651879779 -0.045518076670304934 1.5120058491212303 1.4679620961029771 0.14400897040605812 1.9050218519754698 -0.026530032910463294 0.039783083516485969 0.13643459008874828 10.500000000000002 0.037287894023239072 -0.053904590860349259 -0.035947437365987482 -0.12428537068007782 0.11319273218147631 0.14400897040605812 1.4679620961029771 -0.1737528619846844 5.5000000000000009 0.040658962400804251 6.5000000000000009 0.087051128546069459 1.5120058491212303 -0.048730885936856032 1.1355000000000002 1.8808204437217764 -0.01931780535522087 19.500000000000004 6.5000000000000009 3.5000000000000004 0.22173780145979918
decision_type=10 2 2 8 2 2 2 2 2 2 2 2 2 2 2 2 2 10 2 2 2 2 2 2 2 2 2 2 2 2 8 2 2 2 2 2 2 2 2 2 2 2 2 2 2 2 2 2 2 2 2 2 2 2 2 10 2 2 2 2 2 2
left_child=3 4 5 11 6 13 21 31 19 30 16 17 29 60 38 37 41 55 32 33 25 28 35 45 -13 26 59 51 -2 -7 -10 -6 -9 57 -21 -12 50 -8 -15 58 46 -4 -20 -17 -23 -14 -22 -19 -49 -28 -18 -16 -36 -50 -27 -1 -33 -5 -24 -11 -3 -29
right_child=1 2 10 8 7 12 15 18 9 20 22 24 23 14 27 43 36 47 42 34 40 44 39 -25 -26 54 49 61 -30 -31 -32 56 -34 -35 52 -37 -38 -39 -40 -41 -42 -43 -44 -45 -46 -47 -48 48 53 -51 -52 -53 -54 -55 -56 -57 -58 -59 -60 -61 -62 -63
leaf_value=-0.013408538639787762 -0.0032888665613869661 -0.0039927009447752173 0.0018061234067410312 -0.0083419769265741673 -0.0028510662638137688 0.00074729728115885614 -0.0018390877038215938 0.00012660542868190024 -0.0071143084895541235 -0.0047385949089669283 0.0037715888177994096 -0.0073674609115578858 0.002341412282480269 -0.00034569873667353443 -0.00074414764020785788 -0.0006986565141363512 0.0027291290757379362 -0.0099062720183305183 0.0013427800161157286 -0.0053572155800803009 -0.00073241509197784303 -0.0043497824978904198 0.0047574253713593175 0.0060414463307550638 -0.0038806878987436041 -0.0014595528339847279 -0.003096411902196406 0.0024084657062983989 -0.0019173708260831559 0.0015803432799475368 -0.0050399133477252904 -0.0014683845609488528 0.0012258273961439125 -0.0055473493542142691 -0.0043473890016363587 0.0055886209377392117 0.0045281128139432634 -0.00098307248261074887 0.00034458597607299669 0.0067325354043526776 0.005142089421532943 0.0027042147788260053 0.0024980168578194401 0.00018366006206247632 -0.003156252049485483 0.0032460277099642179 0.0027833219777051001 -0.0091137423185849407 -0.0086410486338994435 -0.0016287077601291158 0.0036705569785540054 0.0011975758337993709 -0.0026068629853631536 -0.0058034959471600575 0.00083508130972430664 -0.011242245345478803 -0.00012528129178356276 -0.0066052441681071598 0.0058897709494208812 -0.0032531942612376978 -0.0019431748208832166 0.0050584845338663507
leaf_weight=1196 7862 1545 14598 2650 4179 26608 29826 18467 3895 3069 22660 2285 24174 31704 1342 16498 9100 4215 10098 9623 3341 5900 12201 1581 2607 2752 3669 5609 27368 43654 7490 5988 14817 4540 6301 3117 8316 19938 34099 3291 284 25960 11832 19238 11794 9394 512 5795 975 7559 16237 21895 1981 1334 1187 3730 3796 2644 4141 3662 2013 576
leaf_count=1196 7862 1545 14598 2650 4179 26608 29826 18467 3895 3069 22660 2285 24174 31704 1342 16498 9100 4215 10098 9623 3341 5900 12201 1581 2607 2752 3669 5609 27368 43654 7490 5988 14817 4540 6301 3117 8316 19938 34099 3291 284 25960 11832 19238 11794 9394 512 5795 975 7559 16237 21895 1981 1334 1187 3730 3796 2644 4141 3662 2013 576
internal_value=1.23091e-07 0.00087083 0.00198881 -0.00530032 -0.000872984 0.00106699 -0.00161581 0.000613414 -0.00409827 -0.00315805 0.00356236 -0.00883849 0.00175995 0.000327533 0.000445629 -0.000964284 0.00294642 -0.0097829 0.00115219 -0.00536663 -0.00202478 -0.00266836 0.00456894 0.00274961 -0.00550932 -0.00242732 -0.00279125 0.00141544 -0.00222344 0.00126487 -0.0057496 -0.00151707 0.000615945 -0.00658486 -0.00469755 0.00399131 0.0036279 -0.00149612 1.20056e-05 0.00532734 0.000105974 0.00238097 0.00196607 -0.000223673 -0.00355423 0.00259457 -0.000265232 -0.00898904 -0.00851197 -0.00210831 0.00333244 0.00108544 -0.00393107 -0.00700168 -0.000768075 -0.0117682 -0.000947287 -0.00747459 0.00504436 -0.00393046 -0.00283315 0.00265526
internal_weight=618712 531416 323815 87296 207601 204194 138424 69177 65159 37420 119621 22137 105411 98783 95225 85500 74211 17245 55214 27739 26035 52924 45410 35149 4892 21898 17959 29422 35230 70262 11385 13963 33284 9834 17905 25777 33653 49764 65803 19633 4137 40558 21930 35736 17694 33568 3853 12319 8104 11228 25337 23237 8282 2309 3939 4926 9784 5294 16342 6731 3558 6185
internal_count=618712 531416 323815 87296 207601 204194 138424 69177 65159 37420 119621 22137 105411 98783 95225 85500 74211 17245 55214 27739 26035 52924 45410 35149 4892 21898 17959 29422 35230 70262 11385 13963 33284 9834 17905 25777 33653 49764 65803 19633 4137 40558 21930 35736 17694 33568 3853 12319 8104 11228 25337 23237 8282 2309 3939 4926 9784 5294 16342 6731 3558 6185
is_linear=0
shrinkage=0.05


Tree=18
num_leaves=63
num_cat=0
split_feature=8 8 8 8 8 8 8 14 13 13 14 8 14 13 14 14 14 14 13 8 13 8 8 8 8 13 13 8 13 13 14 14 13 14 13 14 14 13 13 14 13 13 13 14 13 14 14 14 14 14 13 13 14 14 14 13 13 14 13 14 13 14
split_gain=1233.55 288.114 268.59 52.0156 47.0948 37.5239 32.9843 19.9803 13.8288 9.43188 7.78286 7.74238 7.42446 7.31983 7.06333 6.18311 5.62619 5.42849 5.20917 4.80553 4.78218 4.52565 4.48231 4.21103 3.73141 3.61735 3.36184 2.98438 2.9343 2.88223 2.66652 2.28491 3.03015 2.1964 2.07916 2.04925 1.86431 3.26742 1.81858 2.1251 1.81802 1.73366 1.66609 2.85392 2.95384 1.62251 1.54476 1.53841 1.52376 1.51815 2.96867 2.59034 1.4889 1.48595 1.45708 1.41224 1.38765 1.37892 1.37164 1.3686 1.36836 1.35449
threshold=1.7055000000000002 1.4985000000000002 1.8425000000000002 1.9085000000000003 1.6255000000000002 1.3295000000000001 1.7825000000000002 0.045723070680631202 1.8992856189347675 1.8462092085444868 -0.029473454994190181 1.5555000000000001 -0.095997386183176645 1.5120058491212303 -0.13771210597676095 -0.045518076670304934 0.11319273218147631 0.033052562634012579 1.7516683354102367 1.3995000000000002 1.8508886654934142 1.8145000000000002 1.8695000000000002 1.1995000000000002 1.7385000000000004 1.7516683354102367 1.6734096264513336 2.0495000000000005 1.7516683354102367 1.4679620961029771 0.11615156235368863 -0.11804732229493119 1.7516683354102367 -0.083788257558926924 1.8226809234874521 0.12575599800870488 -0.010897433491907858 1.8710351686054125 1.8710351686054125 -0.080824228641329418 1.9050218519754698 1.5120058491212303 1.5120058491212303 -0.010897433491907858 1.6254072576076228 0.052863783311381758 -0.12428537068007782 0.11615156235368863 0.059613067700478924 0.061066324713679683 1.787960130808419 1.8226809234874521 0.11615156235368863 0.12792465385803589 -0.039473454994190187 1.6254072576076228 1.8023076816383881 0.043508956282699136 1.787960130808419 -0.086491043717300861 1.7837075644055045 -0.14748851973673668
decision_type=10 8 8 10 10 10 10 2 2 2 2 8 2 2 2 2 2 2 2 10 2 10 10 10 10 2 2 10 2 2 2 2 2 2 2 2 2 2 2 2 2 2 2 2 2 2 2 2 2 2 2 2 2 2 2 2 2 2 2 2 2 2
left_child=1 5 6 12 11 14 17 9 16 54 19 35 -4 -12 23 25 20 24 45 -7 56 53 49 -1 -2 59 52 34 -19 -16 -10 -13 41 -27 -18 42 37 -24 46 -40 47 -33 -3 -44 -45 -17 -26 -38 -43 50 -14 -51 -15 61 -5 -50 -9 -34 -49 -6 -35 -8
right_child=2 4 3 7 15 10 21 8 30 -11 13 31 22 26 29 18 27 28 -20 -21 -22 -23 36 -25 38 33 -28 -29 -30 -31 -32 32 57 60 -36 -37 40 -39 39 -41 -42 48 43 44 -46 -47 -48 58 55 51 -52 -53 -54 -55 -56 -57 -58 -59 -60 -61 -62 -63
leaf_value=-0.012335923953277025 -0.0010378177417163627 -0.0049774418506564307 -0.0021323031255155891 -0.0022660895584764649 -0.0032600920599195208 -0.0077858049103308154 -0.0042502163869803733 0.0015799859614468552 0.0046315593885111004 0.0026674373320695402 -0.006022955185656668 -0.0037274745131871409 -0.0001682245603941597 -0.0033249781398032364 -0.0088409570106190594 -0.001691505758283381 0.0034210742441357828 9.9819931904951442e-05 0.0008015904396939229 -0.0061229631442634895 0.0035374556900867092 0.0010864247270352993 -0.0010875611105845891 -0.0098587027375534667 -0.003569255778448114 -0.0019950988954047844 0.0055153885951797071 0.0067326434738175372 0.0021392784684977247 -0.0055686506331785847 0.0059846106185151779 -0.0038924636615309581 -0.00068813927006320654 -0.001445153036157864 0.0045026888955416065 -0.00029851602904411761 0.0022093183968728706 0.0020950724213275405 5.4501019120831944e-05 0.002756173666008437 0.0041605762250039131 -0.0030193325485661738 -0.004680463695703364 -0.0035103376838527879 0.00087407497881898015 -0.00067543689953801457 -0.00043055805503171523 0.0024542238105357481 -0.0020549831426250752 0.0018040609223548187 0.0015709399772456034 0.0037529106514785173 0.0028587907348003338 0.0026809607280423448 0.00038272827249651422 0.0019246869303181789 0.0027028167558322486 0.0049993012742998531 0.0040214999233042876 -0.002344182218895438 4.367823280079566e-05 0.0004596118172188789
leaf_weight=2240 33007 9843 1119 589 6146 9028 153 3467 13357 11744 5148 11930 2668 1772 1788 13650 8133 17606 3128 8376 28096 53973 1098 7327 395 31336 124 1068 1960 1079 5006 3854 613 6397 9793 295 46756 3037 3788 901 1354 8923 7760 3997 425 5517 51847 3559 3133 25353 30547 1828 103 754 4380 240 13336 129 2297 12125 2034 67283
leaf_count=2240 33007 9843 1119 589 6146 9028 153 3467 13357 11744 5148 11930 2668 1772 1788 13650 8133 17606 3128 8376 28096 53973 1098 7327 395 31336 124 1068 1960 1079 5006 3854 613 6397 9793 295 46756 3037 3788 901 1354 8923 7760 3997 425 5517 51847 3559 3133 25353 30547 1828 103 754 4380 240 13336 129 2297 12125 2034 67283
internal_value=1.1694e-07 -0.00364981 0.00136572 0.00262294 -0.00255309 -0.00754845 0.000179502 0.00347089 0.00379112 0.00189481 -0.00641505 -0.00373912 0.00192135 -0.00502584 -0.00978634 -0.00179804 0.00344357 -0.000450651 -0.00109029 -0.00698553 0.0031384 0.000744357 0.00195963 -0.0104387 -0.000614851 -0.00206992 -0.00245798 0.00416494 0.00030412 -0.00760942 0.00500042 -0.00319773 -0.0028236 -0.00180235 0.00401196 -0.00443821 0.00227316 0.00124996 -0.000369627 0.000573632 0.00235156 -0.00296715 -0.00449365 -0.00410275 -0.00308895 -0.00139904 -0.00045429 0.002305 -0.00267712 0.00165801 0.00143124 0.00193513 -0.00298528 0.000473606 6.87509e-05 -0.00177182 0.00247114 0.000300648 0.00306898 -0.00265228 -0.00108597 0.000448926
internal_weight=618712 168460 450252 218585 131475 36985 231667 98969 82256 16713 24551 51142 119616 7147 12434 80333 63893 109504 22295 17404 44899 122163 118497 9567 89938 58038 1999 18994 19566 2867 18363 28822 16892 39767 17926 22320 58101 4135 56931 4689 53966 16150 22025 12182 4422 19167 52242 52612 12296 60396 33215 27181 1875 68190 4969 3373 16803 742 5856 18271 8431 67436
internal_count=618712 168460 450252 218585 131475 36985 231667 98969 82256 16713 24551 51142 119616 7147 12434 80333 63893 109504 22295 17404 44899 122163 118497 9567 89938 58038 1999 18994 19566 2867 18363 28822 16892 39767 17926 22320 58101 4135 56931 4689 53966 16150 22025 12182 4422 19167 52242 52612 12296 60396 33215 27181 1875 68190 4969 3373 16803 742 5856 18271 8431 67436
is_linear=0
shrinkage=0.05


Tree=19
num_leaves=63
num_cat=0
split_feature=8 8 8 8 8 8 8 14 13 13 14 14 14 14 7 14 8 13 13 14 8 14 13 8 14 14 13 8 8 2 8 2 14 13 13 14 14 14 7 14 13 13 14 13 2 7 14 14 13 14 14 14 13 14 14 13 13 14 13 14 14 13
split_gain=1113.45 283.888 223.009 52.5968 38.3727 36.793 25.5124 18.5207 12.2968 11.7683 8.06826 6.91632 6.47128 5.85831 5.79767 5.17977 4.91963 4.89449 4.46379 4.27881 4.10321 4.0866 4.07258 4.00122 3.91115 3.68385 3.5568 3.25725 3.15804 2.39004 2.11644 2.05772 2.01831 2.28765 1.95283 4.33718 3.0477 1.84803 1.826 1.8255 1.8133 1.78573 1.7481 1.81954 1.69212 1.61488 1.60284 1.56804 1.49537 1.47864 1.43883 1.43543 1.71296 1.38466 1.37547 2.82584 2.82579 1.34099 1.33537 2.17302 1.41105 1.32897
threshold=1.6955000000000002 1.8385000000000002 1.4695000000000003 1.9045000000000003 1.5865000000000002 1.7695000000000001 1.3095000000000001 0.065448775291754427 1.8379105622561192 1.8710351686054125 -0.050244001991295299 -0.10493367528632024 0.013161975192448773 -0.0770409914071115 3.5000000000000004 -0.12788527009430159 1.8655000000000002 1.7861665622526861 1.800783472633406 0.15369511244229364 1.5355000000000001 0.12575599800870488 1.7516683354102367 1.8055000000000001 -0.052712105976760786 -0.10165488798245191 1.7516683354102367 1.1595000000000002 1.3895000000000002 2.5000000000000004 2.0695000000000001 19.500000000000004 -0.050878793194301657 1.7516683354102367 1.787960130808419 0.074886440976605809 0.10406632471367962 0.0095398691915812312 5.5000000000000009 0.10973199222363829 1.7516683354102367 1.8296745792475027 -0.1530833295540914 1.8432249302713755 19.500000000000004 40.500000000000007 0.036549113499794068 0.057731671235411904 1.7837075644055045 -0.083788257558926924 -0.099757500569899502 -0.093690086382429136 1.8508886654934142 0.11174627034455133 0.045120000231452136 1.8226809234874521 1.7922103034227244 0.029028084136284885 1.8710351686054125 0.029460220511004612 0.026924714017317889 1.8432249302713755
decision_type=10 8 8 10 8 10 10 2 2 2 2 2 2 2 2 2 10 2 2 2 10 2 2 10 2 2 2 10 10 2 10 2 2 2 2 2 2 2 2 2 2 2 2 2 2 2 2 2 2 2 2 2 2 2 2 2 2 2 2 2 2 2
left_child=2 5 6 11 20 12 15 8 37 19 28 -3 18 26 29 27 54 40 25 41 39 31 53 45 51 -2 -6 -1 -8 -12 -21 -11 -27 -34 35 -18 58 -5 -16 -4 -15 -9 -28 -44 57 46 -7 -31 -48 -46 -47 -20 -53 -14 56 -56 -13 -10 60 -60 -36 -26
right_child=1 3 4 7 13 23 10 9 44 21 14 16 22 17 38 -17 34 -19 24 30 -22 -23 -24 -25 61 32 42 -29 -30 47 -32 -33 33 -35 36 -37 -38 -39 -40 -41 -42 -43 43 -45 49 50 48 -49 -50 -51 -52 52 -54 -55 55 -57 -58 -59 59 -61 -62 -63
leaf_value=-0.012616978581790783 -0.0037645413688109915 -0.0022734354466334397 -0.0046504928411204276 -0.00085201345474169427 -0.0031027962585833575 0.00040293097817252705 -0.0077856876624630344 0.0024176816063873376 0.0017381100960906057 0.0039556731781913946 -0.00675784140028695 -0.00061965329603084378 -0.00029809321210277711 -0.0018455382215939759 -0.0019672516595509067 -0.006358589086963776 -0.00046771645901381922 0.002004790764120204 -0.0009459192379809412 0.0040860187077266137 -0.0035614939087427067 0.0056767148988744135 0.0018798280304412999 0.00089311886526375695 0.00052101316613018401 -0.0015120862253338156 -0.0027443032884519099 -0.0097193943606149347 -0.0063182949859144416 -0.0050917301076966104 0.0073180950398922771 0.0050574011570692513 -0.0012113863731038443 -0.00044234712760083208 0.0012449337937297915 0.0019457527515581502 0.0035473988273158398 0.00094241183996660234 0.0051514893220294088 -0.00074511128391350221 -0.00056615005071768891 0.0031949300449789762 -0.0019813723473544576 0.0009061514000415395 -0.00020144663120812896 -0.0028691210996590138 0.00089074498823022309 -0.0013620631899455731 0.0027933131547166353 0.0037232549664252858 0.00011730103249262153 -0.00047445525190361069 0.0011870592630202981 0.0011496871007342165 0.0015481729277969007 0.0034031057469801371 0.0013355059077317984 0.0027787708655437303 0.0022076986770244509 0.0038125628966996501 0.0020891445223904155 0.0026008353056624915
leaf_weight=1114 1298 1056 19042 2031 15798 31449 9609 11253 3857 20108 2661 2003 22876 26264 634 1040 2250 914 14616 5302 19510 5627 2620 53656 3619 17805 8907 7497 5929 2749 560 5370 21788 17387 5816 10781 3952 4888 105 304 3096 21526 18660 562 251 408 5330 314 1281 5470 35135 8938 1877 1780 31783 2195 23891 15682 9577 2705 33231 975
leaf_count=1114 1298 1056 19042 2031 15798 31449 9609 11253 3857 20108 2661 2003 22876 26264 634 1040 2250 914 14616 5302 19510 5627 2620 53656 3619 17805 8907 7497 5929 2749 560 5370 21788 17387 5816 10781 3952 4888 105 304 3096 21526 18660 562 251 408 5330 314 1281 5470 35135 8938 1877 1780 31783 2195 23891 15682 9577 2705 33231 975
internal_value=1.11093e-07 0.00117209 -0.00383877 0.00242624 -0.0028002 -2.17781e-05 -0.00754841 0.00327551 0.00228324 0.00373332 -0.00660823 0.00175646 -0.00066758 -0.00213361 -0.0051236 -0.00969169 0.00178966 -0.00159846 -0.000875515 0.0031506 -0.00407314 0.00445722 5.58778e-06 0.000564751 -0.000380242 -0.00113068 -0.00250244 -0.0100943 -0.00722576 -0.00566168 0.00439478 0.00418788 -0.00107068 -0.000870064 0.00207965 0.00152903 0.00220945 0.000415677 -0.000955793 -0.00458912 -0.00171063 0.0029281 -0.00216526 -0.00189695 0.00279478 0.000325373 0.000551699 -0.00470939 0.0012594 0.00355106 8.30197e-05 -0.000622788 -0.000186091 -0.000193573 0.00145879 0.001668 0.00118427 0.00257334 0.00210643 0.00256116 0.0019634 0.000962421
internal_weight=618712 474003 144709 231165 113057 242838 31652 101925 32179 69746 22001 129240 115579 74201 6463 9651 128184 30274 88303 38641 38856 31105 27276 127259 30025 58278 43927 8611 15538 5724 5862 25478 56980 39175 68312 13031 55281 6919 739 19346 29360 32779 28129 19222 25260 73603 38060 3063 6611 5721 35543 25431 10815 24656 59872 33978 25894 19539 51329 12282 39047 4594
internal_count=618712 474003 144709 231165 113057 242838 31652 101925 32179 69746 22001 129240 115579 74201 6463 9651 128184 30274 88303 38641 38856 31105 27276 127259 30025 58278 43927 8611 15538 5724 5862 25478 56980 39175 68312 13031 55281 6919 739 19346 29360 32779 28129 19222 25260 73603 38060 3063 6611 5721 35543 25431 10815 24656 59872 33978 25894 19539 51329 12282 39047 4594
is_linear=0
shrinkage=0.05


Tree=20
num_leaves=63
num_cat=1
split_feature=8 8 8 8 8 8 8 14 2 8 14 14 14 14 7 14 8 8 8 8 8 8 8 7 7 14 7 14 0 14 2 8 3 14 14 7 14 7 14 14 14 2 14 3 3 14 14 7 2 7 14 14 7 14 7 2 14 7 9 2 14 2
split_gain=1005.78 255.639 201.077 47.4928 33.3827 32.1991 25.1473 16.8829 13.0611 7.99356 6.60276 6.29829 5.89041 5.71214 5.52782 5.37337 4.30637 3.78876 3.78652 3.63561 3.56502 3.28673 3.00534 2.93942 2.39994 2.78794 2.34169 2.33737 2.23745 1.79742 2.06517 1.7766 1.62826 1.58918 1.51971 1.49239 1.48986 1.44846 1.41961 1.41615 1.41358 1.39838 1.42423 1.71464 1.34176 1.33192 1.30075 1.29673 1.26947 1.61956 1.24522 1.2394 1.23525 1.89175 1.18545 1.18014 1.56604 1.17501 1.11194 1.10643 2.70544 1.7763
threshold=1.6955000000000002 1.8385000000000002 1.4795000000000003 1.9045000000000003 1.7695000000000001 1.5895000000000004 1.3195000000000003 0.085711121784349711 21.500000000000004 1.9695000000000003 -0.050244001991295299 -0.064083376361243824 0.004888211075322225 -0.0449336752863203 2.5000000000000004 -0.11804732229493119 1.8655000000000002 1.1995000000000002 1.6395000000000002 1.8055000000000001 1.5355000000000001 1.7355000000000003 1.3895000000000002 5.5000000000000009 5.5000000000000009 0.025175771358670555 41.500000000000007 0.086309913617570913 0 -0.039473454994190187 19.500000000000004 2.1420000000000003 10.500000000000002 0.11174627034455133 0.0095398691915812312 50.500000000000007 0.15990670843560009 40.500000000000007 0.035102566508092077 0.04273075577083519 0.1002823193066892 14.500000000000002 -0.085306064517720367 14.500000000000002 16.500000000000004 0.09571112178434972 -0.099757500569899502 2.5000000000000004 19.500000000000004 20.500000000000004 0.053508956282699145 0.18736881747616344 20.500000000000004 -0.10999988700393425 3.5000000000000004 21.500000000000004 0.021699380946849204 39.500000000000007 1.8685000000000003 3.5000000000000004 -0.010897433491907858 5.5000000000000009
decision_type=10 10 8 10 10 8 10 2 2 10 2 2 2 2 2 2 10 10 10 10 10 10 10 2 2 2 2 2 1 2 2 10 2 2 2 2 2 2 2 2 2 2 2 2 2 2 2 2 2 2 2 2 2 2 2 2 2 2 8 2 2 2
left_child=2 4 6 11 12 20 15 8 26 -9 22 28 21 18 50 17 58 -1 -7 37 40 41 -8 38 -15 -26 29 -14 -3 -5 -31 48 -29 44 -10 -23 -22 39 -16 -6 59 42 -2 -44 55 -27 -39 -17 -11 -50 -12 -51 -21 -54 -42 57 -57 -18 -13 -4 -61 -62
right_child=1 3 5 7 19 13 10 9 34 31 14 16 27 24 23 47 33 -19 -20 52 36 35 -24 -25 25 45 -28 32 -30 30 -32 -33 -34 -35 -36 -37 -38 46 -40 -41 54 -43 43 -45 -46 -47 -48 -49 49 51 -52 -53 53 -55 -56 56 -58 -59 -60 60 61 -63
leaf_value=-0.011177735049218998 -0.0011445993446012295 0.00060469215726164901 -0.0047931748315360907 -0.0001048832215633706 0.00040302100849999817 -0.0028096054543601031 -0.0073235011498064238 0.0031831975340855046 -0.00077938679556921171 0.0041762845766391546 -0.0060346069934048971 0.0015616424441395598 -0.00022351624664821622 -0.0017534684369582738 -0.0037711806418826775 -0.0066701476331172726 0.0021702467693453498 -0.0088384191036727979 -0.0019411833357795756 0.0013018187683001567 -0.0033795356642003743 -0.00035201466329115415 -0.0059006553314122591 0.0050503297071762586 -0.0011240673407788184 0.00054037838291650286 0.0021809858199659106 0.00066287547060757488 -0.0021222835564164116 0.0028345501495667356 0.0037845832945598277 0.0079048404516809546 0.003589848314797021 0.002666669917586806 0.00089055776018407611 -0.0015355173878290401 0.0025078243525058497 -0.002729236137961279 -0.00024432800986986294 0.0012874907933171937 -0.0030175371780162413 -0.0013137099650324833 -0.00054902639289976945 0.0016415902106045504 3.6881735563080535e-06 0.0044547971601971255 0.00011371395770105602 -0.0026168214361775321 0.0054694143469286123 0.0015541163975957676 -0.0031501131538628699 0.0045809350753171227 -0.0030526121770984307 0.00075376210004372444 0.0030018062898968557 -0.0012292233169229894 0.0015292364740032154 0.0016661386845965001 0.0010981985674046752 -0.0045802222764873548 -0.0030693594572550166 0.001575480202947282
leaf_weight=2227 11269 1733 8333 462 32841 19538 8136 25769 1974 16121 4510 39079 28241 9446 1924 981 36250 7769 35106 11859 21467 29109 6824 112 5976 1808 11909 3532 1316 27153 7247 370 549 7776 4397 2932 108 407 335 5249 319 31368 7448 1015 912 247 35155 247 4765 498 408 1054 329 41662 110 572 5121 16971 19352 6071 2538 224
leaf_count=2227 11269 1733 8333 462 32841 19538 8136 25769 1974 16121 4510 39079 28241 9446 1924 981 36250 7769 35106 11859 21467 29109 6824 112 5976 1808 11909 3532 1316 27153 7247 370 549 7776 4397 2932 108 407 335 5249 319 31368 7448 1015 912 247 35155 247 4765 498 408 1054 329 41662 110 572 5121 16971 19352 6071 2538 224
internal_value=-1.29364e-06 0.00111323 -0.00364878 0.0023049 -1.87738e-05 -0.00262681 -0.00704662 0.00311287 0.002497 0.00378662 -0.00607323 0.0016682 -0.000634654 -0.00200004 -0.00483925 -0.00897615 0.00172252 -0.00935959 -0.00225169 0.000538954 -0.00378083 -0.000857324 -0.00667447 -0.00285616 -0.00121321 -0.000577772 0.00278631 -6.18841e-05 -0.000577294 0.00299309 0.00303469 0.00446837 0.00105663 0.00199425 0.00037314 -0.000460314 -0.00335006 0.000310656 -0.00324816 0.000524906 -0.00430904 -0.00110626 -0.000776476 -0.000286297 0.00190685 0.00101087 8.1177e-05 -0.00585486 0.00441171 0.00501251 -0.00579531 0.0036097 0.000851201 0.000723939 -0.00147412 0.00193631 0.00125208 0.0020095 0.00140815 -0.00437989 -0.00399 -0.00269266
internal_weight=618530 473766 144764 230801 242965 111291 33473 101719 53142 48577 22249 129082 115463 72121 7289 11224 126033 9996 54644 127502 39170 83141 14960 2371 17477 8031 46771 32322 3049 34862 34400 22808 4081 67602 6371 32041 21575 73652 2259 38090 17595 51100 19732 8463 59826 2055 35562 1228 22438 6317 4918 1552 53850 41991 429 58914 5693 53221 58431 17166 8833 2762
internal_count=618530 473766 144764 230801 242965 111291 33473 101719 53142 48577 22249 129082 115463 72121 7289 11224 126033 9996 54644 127502 39170 83141 14960 2371 17477 8031 46771 32322 3049 34862 34400 22808 4081 67602 6371 32041 21575 73652 2259 38090 17595 51100 19732 8463 59826 2055 35562 1228 22438 6317 4918 1552 53850 41991 429 58914 5693 53221 58431 17166 8833 2762
cat_boundaries=0 1
cat_threshold=60
is_linear=0
shrinkage=0.05


Tree=21
num_leaves=63
num_cat=0
split_feature=8 8 8 8 8 8 8 14 14 13 13 14 14 7 8 14 14 8 14 8 13 13 8 14 8 13 14 13 14 13 7 13 14 13 14 14 13 14 13 14 13 9 13 2 14 14 2 14 8 13 14 14 14 2 14 14 13 14 14 14 13 3
split_gain=908.204 210.04 199.57 34.3515 32.1862 31.7078 27.3743 14.0077 7.82509 6.32023 5.81115 6.45853 5.76496 5.5808 5.48296 5.28378 5.201 5.06599 4.62758 4.5239 4.4115 4.039 3.58234 3.41738 3.38386 3.31081 3.23692 2.67567 2.65241 2.5677 2.4619 2.24996 2.06467 2.31955 1.87111 1.85479 1.76919 1.67926 2.58286 1.62161 1.97554 1.65231 1.57229 1.56069 3.19287 1.73879 2.11379 1.5572 1.54501 1.4297 1.73705 1.63997 1.38799 1.37984 1.92634 1.31619 1.30135 1.71654 1.64485 1.35087 1.78989 1.66512
threshold=1.6995000000000002 1.4985000000000002 1.8505000000000003 1.6095000000000004 1.7885000000000002 1.9385000000000001 1.3295000000000001 0.045723070680631202 -0.086491043717300861 1.9050218519754698 1.8208541137852097 0.039175771358670571 -0.029473454994190181 2.5000000000000004 1.2395000000000003 0.04703874685936927 -0.046923500127618249 1.8185000000000002 0.043508956282699136 1.5495000000000003 1.7516683354102367 1.857918335561721 1.4255000000000002 0.09571112178434972 1.7395000000000003 1.7516683354102367 -0.10999988700393425 1.8710351686054125 0.0970525089390364 1.8432249302713755 5.5000000000000009 1.7812280917457983 -0.11276631492068588 1.8208541137852097 0.22173780145979918 0.10973199222363829 1.8538499140524283 -0.12428537068007782 1.7397976231570116 -0.064083376361243824 1.8462092085444868 1.8585000000000003 1.9050218519754698 3.5000000000000004 0.0692503006934614 -0.097971915863715106 5.5000000000000009 0.14400897040605812 2.0965000000000003 1.8710351686054125 -0.070971915863714971 -0.12428537068007782 0.16919771399691155 4.5000000000000009 0.071242499430100539 -0.14748851973673668 1.8808204437217764 -0.070971915863714971 -0.083788257558926924 0.03468219464477907 1.7783277951588177 16.500000000000004
decision_type=10 8 8 10 8 10 10 2 2 2 2 2 2 2 10 2 2 10 2 8 2 2 10 2 10 2 2 2 2 2 2 2 2 2 2 2 2 2 2 2 2 10 2 2 2 2 2 2 10 2 2 2 2 2 2 2 2 2 2 2 2 2
left_child=1 6 4 19 18 8 14 21 -4 23 11 -10 22 -14 -1 42 25 52 24 43 -18 -7 -8 29 -2 -5 -16 35 -13 -9 -15 -20 -27 -34 36 -17 -25 -21 53 40 -19 -41 -12 -3 45 -45 -47 -11 -36 51 -51 -26 55 -39 -55 -6 58 -58 -57 61 -61 -60
right_child=2 3 5 16 17 7 12 9 10 47 15 28 13 30 26 27 20 39 31 37 -22 -23 -24 34 49 32 -28 -29 -30 -31 -32 -33 33 -35 48 -37 -38 38 -40 41 -42 -43 -44 44 -46 46 -48 -49 -50 50 -52 -53 -54 54 -56 56 57 -59 59 60 -62 -63
leaf_value=-0.010096365949941533 -0.00083962749266148226 -0.0042803108319861638 -0.0019009955038385173 -0.0023735409980443142 -0.0041993502561715156 0.0002766617100971177 -0.0065694236977411301 0.0013326982670142781 -4.4158440499034878e-05 0.0043364419960660568 0.0017008313611704383 0.0014721654434709476 -0.005182113123018927 -0.0025049746797899067 -0.0081415056944286156 0.0023438677421715771 -0.0012433633091358113 -0.0032342663324343639 0.0003317669736661612 -0.0033778990526380248 0.00076394164001700052 0.0024369426003856515 -0.0050952516493477937 0.0030613496095084469 -0.0039316826419660842 -0.0020118178531647385 -0.0055001129793188315 0.0036147649456836415 0.0021938931693283427 0.0030061000679804687 0.005000606656138753 0.0036560432256947301 -0.0013749550593404299 0.001520864030513101 0.0042407341046335712 0.0036809571896845548 0.0039658465454446594 -0.0031981298254563709 0.0005336000372677881 0.0012856258565376332 0.00043224468809102494 0.0007792670391986395 0.0025428654519991985 -0.0043804038443322289 0.00035396938189129781 -0.0035260409403601923 -0.0011612917297081258 0.0061459740235020365 0.0076375397257875694 0.00017220568508440371 0.0028419428594430862 -0.00030186805271462558 0.004917186848531414 -0.0024110890056792036 0.000951979269442233 -0.0019129018323351865 0.00032302979794935634 0.0022771483238181313 0.00030455916141776043 0.00055168121562909763 0.0020006321406899974 -0.0010005684803486928
leaf_weight=3406 42268 10356 1332 20125 153 4214 10676 2623 5513 11426 30734 32698 5166 1879 7686 23208 20086 431 14147 9214 3169 4447 6712 9823 313 16857 1366 6678 20846 18186 116 528 22947 713 993 2920 12024 6594 661 42614 2489 25904 6764 4350 532 4914 1170 1327 505 3710 729 53411 173 7619 451 769 2331 2170 32438 25961 2322 2643
leaf_count=3406 42268 10356 1332 20125 153 4214 10676 2623 5513 11426 30734 32698 5166 1879 7686 23208 20086 431 14147 9214 3169 4447 6712 9823 313 16857 1366 6678 20846 18186 116 528 22947 713 993 2920 12024 6594 661 42614 2489 25904 6764 4350 532 4914 1170 1327 505 3710 729 53411 173 7619 451 769 2331 2170 32438 25961 2322 2643
internal_value=-1.23018e-06 -0.00315467 0.00116284 -0.00220703 0.000241793 0.0023619 -0.0064774 0.00325916 0.00191175 0.00354426 0.00195101 0.00158537 -0.00550866 -0.0043147 -0.00838634 0.00225816 -0.00160555 0.000749923 -0.000377986 -0.00330737 -0.000969824 0.00138586 -0.00600037 0.00326108 -0.000499173 -0.00184934 -0.0077429 0.00272158 0.00175315 0.00279517 -0.00206856 0.000451373 -0.00158896 -0.00128769 0.00367638 0.0024933 0.00355916 -0.00284447 -0.00252375 0.00104501 -0.000108942 0.00109419 0.00185272 -0.00384012 -0.00342441 -0.00361706 -0.00307128 0.00452473 0.00538585 -0.000251759 0.000610646 -0.000323016 0.000444228 -0.00266157 -0.00222314 0.000432979 0.000443305 0.00126514 0.000385627 0.000413523 0.000670638 0.000206231
internal_weight=618530 166765 451765 129758 255504 196261 37007 65568 130693 56907 129361 59057 24549 7161 12458 70304 83897 140398 115106 45861 23255 8661 17388 44154 100431 60642 9052 32806 53544 20809 1995 14675 40517 23660 23345 26128 21847 24539 15325 71438 2920 68518 37498 21322 10966 10434 6084 12753 1498 58163 4439 53724 68960 14664 8070 68787 68634 4501 64133 63364 28283 35081
internal_count=618530 166765 451765 129758 255504 196261 37007 65568 130693 56907 129361 59057 24549 7161 12458 70304 83897 140398 115106 45861 23255 8661 17388 44154 100431 60642 9052 32806 53544 20809 1995 14675 40517 23660 23345 26128 21847 24539 15325 71438 2920 68518 37498 21322 10966 10434 6084 12753 1498 58163 4439 53724 68960 14664 8070 68787 68634 4501 64133 63364 28283 35081
is_linear=0
shrinkage=0.05


Tree=22
num_leaves=63
num_cat=9
split_feature=8 8 8 8 8 8 8 2 8 2 12 8 8 8 8 8 8 8 2 2 8 2 0 7 7 7 7 0 16 7 7 2 7 16 7 7 12 7 2 2 15 0 12 11 7 11 8 2 12 7 0 2 8 10 2 7 15 8 2 0 2 2
split_gain=820.051 213.6 157.765 33.378 30.5752 26.9295 23.1925 11.976 7.31868 5.27468 4.942 4.77274 4.45431 4.30739 3.82366 3.72849 3.48319 3.01759 1.95464 1.77403 1.61336 1.59372 1.54835 1.54776 1.52769 1.49726 1.47927 1.355 1.69439 1.34607 1.1047 1.14477 1.06056 1.24802 1.05105 1.05063 1.00717 0.996924 0.990209 0.959307 0.958111 0.943376 0.923481 0.901112 0.897566 0.894997 0.865877 0.865788 1.21928 0.849747 0.752839 0.6744 0.54568 0.530016 0.524679 0.532137 0.503687 0.496908 0.471591 0.462521 0.44153 0.407798
threshold=1.7275000000000003 1.5175000000000003 1.8625000000000003 1.3595000000000004 1.6295000000000002 1.7975000000000001 1.9445000000000003 21.500000000000004 1.2655000000000001 21.500000000000004 1.6540166666666669 1.8325000000000002 1.9995000000000003 1.6795000000000002 1.5655000000000003 1.4395000000000002 1.8955000000000002 1.7625000000000002 13.500000000000002 14.500000000000002 1.1595000000000002 13.500000000000002 0 39.500000000000007 42.500000000000007 39.500000000000007 37.500000000000007 1 2 38.500000000000007 23.500000000000004 4.5000000000000009 1.5000000000000002 3 38.500000000000007 10.500000000000002 1.792016666666667 20.500000000000004 3.5000000000000004 21.500000000000004 4 5 1.625016666666667 1.9133571428571432 2.5000000000000004 1.8776428571428574 2.1160000000000005 21.500000000000004 1.6020833333333335 22.500000000000004 6 3.5000000000000004 1.7335000000000003 1.1020000000000001 5.5000000000000009 38.500000000000007 7 1.2995000000000003 23.500000000000004 8 19.500000000000004 9.5000000000000018
decision_type=10 8 10 10 10 10 10 2 10 2 10 10 10 10 8 10 10 10 2 2 10 2 1 2 2 2 2 1 9 2 2 2 2 9 2 2 10 2 2 2 9 1 10 10 2 10 10 2 10 2 1 2 10 10 2 2 9 10 2 1 2 2
left_child=1 3 5 8 14 17 9 12 20 16 40 24 23 21 38 22 25 19 56 54 53 -6 35 43 47 59 46 28 -10 45 31 -16 -17 -34 39 51 -9 -19 -3 -13 -11 -35 -41 -8 -30 -18 -14 -7 -49 50 -40 -5 -21 -1 -2 -56 -15 -29 -26 -4 -45 -43
right_child=2 4 6 15 13 11 7 36 27 10 -12 34 26 18 30 32 29 37 -20 52 -22 -23 -24 -25 58 -27 -28 57 44 -31 -32 -33 33 41 -36 -37 -38 -39 49 42 -42 61 -44 60 -46 -47 -48 48 -50 -51 -52 -53 -54 -55 55 -57 -58 -59 -60 -61 -62 -63
leaf_value=-0.011982068555387979 -0.00046679479102474953 -0.0037677712014117814 0.0025157988285505798 -0.0053588595642807945 -0.0012623168950576893 0.00094762342428820242 0.0031078998731608434 0.0010859136616715968 -0.0072510757609839166 -0.0025000105560689734 0.0014968117595233867 0.001516286489242508 0.0048419110243580208 -7.2225963926393437e-05 -0.0028884953363640239 -0.0049380967320100961 0.0022774588587299955 0.0005577052049615701 -0.0012624578369850193 -0.0010050992759571865 -0.0087406942674138951 -0.0019148784580255386 -0.0062698411519724181 0.0027563408970222203 0.00017218594158777253 0.0013248559987017129 0.0038352480361816539 -0.0080471426787468419 -0.0060373870953729057 0.0020131836483706913 -0.0028030763943612241 -0.0019219204806627888 -0.0047427502917619909 -0.0028723381624994166 0.00088776960810410066 -0.0060410447389304791 0.0030242174208774306 9.735715354702141e-07 -0.00090107066855152948 -0.00095019895346475807 -0.00033387134886074939 -0.0041573136351254905 0.0010998578563554053 0.0034871170135727146 -0.0042337182027315191 0.0027747918359422932 0.0074710179107214088 -0.0018678324775027594 0.00059229306932272944 -0.0038495990281606331 -0.002927653351192828 -0.0040683379445217117 -0.00052441458073195261 -0.0097812589160680089 0.00027742582454372738 -0.0004779323613062084 -0.00074733523521283186 -0.0071532603262831271 0.00060258425628423144 0.0018721985480510345 0.0040623020282611029 -0.0019996199463534789
leaf_weight=581 5085 9096 3315 1574 14319 30411 12658 6595 2676 680 11147 27163 4263 3254 4237 4275 18699 9698 31357 7313 3392 26997 4094 13000 18630 14335 5817 2371 1912 20773 14113 11058 4290 2908 18772 1553 746 47062 522 570 2003 5005 15151 9871 1079 17524 338 516 21043 2542 7388 2837 30647 517 11478 2926 18794 4516 9667 28108 5040 229
leaf_count=581 5085 9096 3315 1574 14319 30411 12658 6595 2676 680 11147 27163 4263 3254 4237 4275 18699 9698 31357 7313 3392 26997 4094 13000 18630 14335 5817 2371 1912 20773 14113 11058 4290 2908 18772 1553 746 47062 522 570 2003 5005 15151 9871 1079 17524 338 516 21043 2542 7388 2837 30647 517 11478 2926 18794 4516 9667 28108 5040 229
internal_value=-1.16867e-06 -0.00276166 0.00119953 -0.00581798 -0.00182975 0.000409047 0.00235707 0.00317105 -0.00754746 0.00194983 0.00103311 0.00086896 0.00344291 -0.00130538 -0.00284432 -0.00471664 0.00207321 -0.000162469 -0.00100881 -0.000417933 -0.00927994 -0.00168872 -0.00547722 0.00320608 0.000614836 0.00174831 0.00436513 -0.00692783 -0.00626881 0.00233405 -0.00248405 -0.00218968 -0.00425875 -0.00402514 0.00119979 -0.00491437 0.00128289 9.60966e-05 -0.0033863 0.00133638 -0.000893437 -0.00363675 0.00102553 0.00341816 -0.00536877 0.00251806 0.00503505 0.000775794 0.000533412 -0.00305433 -0.00279875 -0.00452884 -0.000617019 -0.0109458 -3.016e-05 0.000123984 -0.00064807 -0.00745018 0.000319221 0.00194149 0.00368153 -0.00405516
internal_weight=618530 187486 431044 43809 143677 256132 174912 58328 17044 116584 13830 141923 50987 94721 48956 26765 102754 114209 53405 57449 4490 41316 10058 40569 80267 45758 10418 12554 5667 56996 29408 15295 16707 12432 61656 5964 7341 56760 19548 42884 2683 8142 15721 27569 2991 36223 4601 51970 21559 10452 7910 4411 37960 1098 19489 14404 22048 6887 28297 31423 14911 5234
internal_count=618530 187486 431044 43809 143677 256132 174912 58328 17044 116584 13830 141923 50987 94721 48956 26765 102754 114209 53405 57449 4490 41316 10058 40569 80267 45758 10418 12554 5667 56996 29408 15295 16707 12432 61656 5964 7341 56760 19548 42884 2683 8142 15721 27569 2991 36223 4601 51970 21559 10452 7910 4411 37960 1098 19489 14404 22048 6887 28297 31423 14911 5234
cat_boundaries=0 1 2 4 6 74 75 76 157 158
cat_threshold=30 30 1073741824 272 1073741825 272 0 0 0 0 0 0 0 0 0 2 0 0 0 0 0 0 0 0 0 0 0 0 0 0 0 0 0 0 0 0 0 0 0 0 0 0 0 0 0 0 0 0 0 0 0 0 0 0 0 0 0 0 0 0 0 0 0 0 0 0 0 0 0 0 0 0 524288 4096 25 3 0 0 268436480 0 0 0 0 0 32 0 0 24 0 0 0 0 0 0 0 0 64 0 0 131104 0 0 0 0 0 0 0 0 8 0 33554432 0 0 0 0 131074 0 536870912 0 524288 0 0 0 0 0 2684354560 2 0 0 0 0 0 1048576 0 0 0 0 0 0 0 16 4 65536 0 512 8388608 0 0 0 0 0 0 0 0 0 0 65536 2
is_linear=0
shrinkage=0.05


Tree=23
num_leaves=63
num_cat=0
split_feature=8 8 8 8 8 13 8 14 14 14 8 14 14 14 14 13 14 8 14 13 13 14 14 8 13 13 14 14 14 13 13 14 13 13 13 13 14 14 7 14 14 13 14 14 2 14 2 14 8 13 14 2 14 14 14 14 14 7 13 14 13 14
split_gain=740.408 181.958 152.337 28.9223 25.3936 24.9467 24.0677 14.9744 14.7767 8.23298 6.6034 5.6501 4.58676 4.40936 4.16129 4.14626 3.75493 3.7295 3.71966 4.78159 4.42427 4.25957 3.56636 3.22592 3.10365 2.54928 3.70791 3.58953 2.53721 2.52046 2.26938 2.59287 2.19955 2.17928 1.9759 1.96182 1.94102 1.84913 2.26893 1.80911 1.80277 1.61198 1.85987 1.60105 1.59094 1.5589 1.54251 1.52636 1.45606 1.41729 1.39808 1.38919 1.46715 1.33873 1.3004 1.28935 1.23992 1.23439 1.22883 1.17335 1.131 1.11222
threshold=1.7185000000000004 1.5095000000000003 1.8575000000000002 1.3595000000000004 1.6295000000000002 1.8657678508960227 1.7905000000000002 0.049539869191581272 0.035102566508092077 0.12398476930778292 1.2655000000000001 -0.012450886500205869 0.07998476930778288 -0.034739700287642609 0.10973199222363829 1.8296745792475027 -0.042530032910463193 1.5655000000000003 0.041699380946849114 1.787960130808419 1.8134236480004582 -0.0027121059767609697 0.043508956282699136 1.4305000000000001 1.7516683354102367 1.8432249302713755 -0.064083376361243824 -0.053904590860349259 0.22173780145979918 1.787960130808419 1.7837075644055045 -0.085306064517720367 1.7516683354102367 1.7861665622526861 1.787960130808419 1.7731886774278114 -0.00074969930653867578 -0.050244001991295299 6.5000000000000009 0.0029310449051376257 0.075669784045743663 1.8808204437217764 -0.050878793194301657 -0.082269244229164804 19.500000000000004 0.15369511244229364 19.500000000000004 -0.097971915863715106 1.1595000000000002 1.8134236480004582 0.14400897040605812 4.5000000000000009 0.091924653858035846 0.069731992223638253 0.12575599800870488 -0.0053178053552208606 -0.0094351754930646053 2.5000000000000004 1.8208541137852097 -0.11276631492068588 1.8538499140524283 -0.12788527009430159
decision_type=10 8 10 10 10 2 8 2 2 2 10 2 2 2 2 2 2 8 2 2 2 2 2 10 2 2 2 2 2 2 2 2 2 2 2 2 2 2 2 2 2 2 2 2 2 2 2 2 10 2 2 2 2 2 2 2 2 2 2 2 2 2
left_child=1 3 6 10 17 8 22 36 11 15 48 -4 23 30 44 40 -12 50 19 21 35 -8 25 56 53 26 29 59 33 -2 47 -32 -24 -11 39 -20 61 -19 51 -28 -10 43 -43 -21 -9 -16 -38 -6 -1 -13 -3 -39 -53 -15 -37 -36 -5 -14 -26 -27 -22 -7
right_child=2 4 5 12 13 7 18 14 9 28 16 49 57 24 45 -17 -18 37 20 41 60 -23 32 -25 58 27 34 -29 -30 -31 31 -33 -34 -35 55 54 46 38 -40 -41 -42 42 -44 -45 -46 -47 -48 -49 -50 -51 -52 52 -54 -55 -56 -57 -58 -59 -60 -61 -62 -63
leaf_value=-0.010398513883630531 -0.0028668288274341452 -0.0032742519109075722 -0.00142470003537257 -0.0055804614196191017 -0.0023992059913103695 -0.0014579820486687824 -0.0022716789277179785 0.0030412058959437068 0.0011325420427473485 0.0019830336937115343 -0.0068208784458542631 4.2919738976196004e-05 -0.002311744004019599 -0.0011588418661665544 0.0040935234038145729 0.0022084988783843545 -0.0034550428184671636 -0.0026806174562268303 0.00072161982364076773 -0.0013805507241175735 0.0026498390401841383 8.4067721965184149e-05 0.00023890749469817276 -0.0042089086668454278 0.00057244167748842715 -0.00060975862157388639 -0.00078183428119016167 0.0025545802240900424 0.0049496023504535733 -0.00094346911442402381 -0.0013267918681716556 0.00019443436548159622 0.0021344699265158861 0.0032342097939888448 2.1569490548736583e-05 0.0012888326969400764 0.0020667991998002213 -0.0027347232866456778 0.0013262950616873877 -0.00021440853922207083 0.0017256557123882601 0.00080325220766283209 0.0021834407200633089 0.00065068087316144858 0.003972331842604585 0.0058074907542251045 0.0032433045883552797 -0.0015922687887427321 -0.0083036595712535858 0.0011361068099658732 0.0013890753080134201 -0.0017474292203833964 0.0016695251402702662 -0.00016783028006780011 0.0065519230945383089 0.0015269393073104041 -0.0034094744801985337 0.0021509749909131978 0.0042896133004000688 0.00032755505319156247 0.0058013447248018712 0.0015218502244949788
leaf_weight=1098 2061 20408 3391 7950 7175 324 2178 26030 21027 5429 11662 4084 341 13198 9499 32595 892 17774 37490 994 2295 16129 16111 16451 2504 5228 24804 1505 1487 9815 21312 3225 1691 9696 14021 21790 13551 4234 530 32391 32791 6910 3774 40387 5569 1542 3507 31982 3392 10820 162 6540 330 4594 118 1583 717 284 244 9240 325 9349
leaf_count=1098 2061 20408 3391 7950 7175 324 2178 26030 21027 5429 11662 4084 341 13198 9499 32595 892 17774 37490 994 2295 16129 16111 16451 2504 5228 24804 1505 1487 9815 21312 3225 1691 9696 14021 21790 13551 4234 530 32391 32791 6910 3774 40387 5569 1542 3507 31982 3392 10820 162 6540 330 4594 118 1583 717 284 244 9240 325 9349
internal_value=-1.12983e-06 -0.00273338 0.00109416 -0.00557267 -0.00182821 0.00215935 0.000284397 0.00291564 0.0017269 0.00195944 -0.0071703 0.000417426 -0.00451491 -0.00129844 0.00349728 0.00176346 -0.00658173 -0.00272108 0.000747662 0.00049886 0.00102998 -0.000196198 -0.000233388 -0.00462019 -0.000661409 -0.000348772 -0.000458065 0.000230604 0.00297886 -0.00127726 -0.00150387 -0.00112685 0.000418966 0.00278511 -0.000324427 0.000941283 0.00198784 -0.00235985 -0.00186979 -0.000460486 0.00149392 0.000743255 0.00129079 0.000601889 0.00320531 0.0043329 0.00230868 -0.00174013 -0.00881594 0.000836551 -0.00323753 -0.00202234 -0.0015833 -0.000902957 0.00131718 0.000174287 -0.00540086 -0.000283884 0.000902496 -1.11425e-05 0.00304077 0.00142204
internal_weight=618530 176999 441531 42787 134212 190691 250840 69371 121320 103025 17044 18295 25743 84234 42640 86413 12554 49978 132390 70372 62018 18307 118450 25118 20540 100648 84675 15973 16612 11876 63694 24537 17802 15125 72799 59398 26731 29408 11634 57195 53818 52065 10684 41381 31599 11041 17058 39157 4490 14904 20570 11104 6870 17792 21908 15604 8667 625 2748 14468 2620 9673
internal_count=618530 176999 441531 42787 134212 190691 250840 69371 121320 103025 17044 18295 25743 84234 42640 86413 12554 49978 132390 70372 62018 18307 118450 25118 20540 100648 84675 15973 16612 11876 63694 24537 17802 15125 72799 59398 26731 29408 11634 57195 53818 52065 10684 41381 31599 11041 17058 39157 4490 14904 20570 11104 6870 17792 21908 15604 8667 625 2748 14468 2620 9673
is_linear=0
shrinkage=0.05


Tree=24
num_leaves=63
num_cat=9
split_feature=8 8 8 8 8 8 8 13 2 13 8 8 8 10 7 8 8 8 8 7 2 2 11 2 0 16 8 12 8 7 4 7 7 13 7 7 0 8 11 15 2 7 8 13 2 13 9 0 2 12 0 16 2 13 15 13 13 7 8 2 8 7
split_gain=668.833 170.007 133.964 33.0767 23.0531 20.7762 15.5929 10.6454 5.1451 3.99345 3.60005 3.40281 3.05313 2.93482 2.81594 2.74107 2.55722 2.4925 2.40474 2.14981 1.78561 1.66988 1.49046 1.42124 1.36623 1.35039 1.33226 1.24601 1.24005 1.1051 1.09925 1.09648 1.09324 0.929197 0.897436 0.838838 0.833621 0.8277 0.757063 0.707367 0.705823 1.02135 0.657975 0.656999 0.656249 0.619969 0.590232 0.576146 0.570011 0.799267 0.567147 0.561719 1.44605 0.528347 0.508063 0.499506 0.482584 0.479863 0.475488 0.471687 0.463011 0.452889
threshold=1.6955000000000002 1.8345000000000002 1.4695000000000003 1.9045000000000003 1.5895000000000004 1.7655000000000001 1.2995000000000003 1.8710351686054125 19.500000000000004 1.787960130808419 1.3895000000000002 1.9795000000000003 1.6455000000000002 1.3555000000000004 42.500000000000007 1.5355000000000001 1.1995000000000002 1.7335000000000003 1.9785000000000001 38.500000000000007 16.500000000000004 13.500000000000002 1.846214285714286 19.500000000000004 0 1 1.8055000000000001 1.7286833333333338 2.1005000000000007 20.500000000000004 2 24.500000000000004 1.5000000000000002 1.8808204437217764 19.500000000000004 2.5000000000000004 3 1.7905000000000002 1.8947857142857147 4 3.5000000000000004 22.500000000000004 1.8855000000000002 1.8808204437217764 27.500000000000004 1.8808204437217764 1.1355000000000002 5 21.500000000000004 1.6020833333333335 6 7 4.5000000000000009 1.8508886654934142 8 1.8432249302713755 1.9050218519754698 20.500000000000004 2.0295000000000001 3.5000000000000004 1.9455000000000002 39.500000000000007
decision_type=10 10 8 10 10 10 10 2 2 2 10 10 10 8 2 8 10 10 10 2 2 2 10 2 1 9 10 10 10 2 1 2 2 2 2 2 1 10 10 9 2 2 10 2 2 2 10 1 2 10 1 9 2 2 9 2 2 2 10 2 10 2
left_child=2 5 6 9 15 17 16 8 18 13 24 38 31 54 26 32 46 20 60 22 45 -14 50 61 25 -8 33 39 -20 -19 51 -6 -4 57 36 -27 -34 -16 -9 -10 -17 47 -21 -31 -15 -2 59 -42 -28 -50 -11 -12 -53 -23 -3 -24 -40 -7 -25 -1 -5 -13
right_child=1 3 4 7 12 14 10 11 27 19 30 23 21 44 37 40 -18 29 28 42 -22 53 55 58 -26 35 48 -29 -30 43 -32 -33 34 -35 -36 -37 -38 -39 56 -41 41 -43 -44 -45 -46 -47 -48 -49 49 -51 -52 52 -54 -55 -56 -57 -58 -59 -60 -61 -62 -63
leaf_value=-0.011581109939310434 -0.00054696615194032325 -0.0020391061289062873 -0.0041216094887235495 0.0020453871997975679 -0.0016520335790583835 0.00053123663893286227 -0.0061425191308524599 0.0024731658359152878 -0.0025895493798313686 0.0011907434465650072 -0.0049881908497082057 0.0035100153666051321 -0.00095738816481911635 0.00085482455995667501 -0.00012033613394594346 -0.0031356353164738583 -0.0071640920196265161 0.00021857452572898576 0.003091370665532573 0.0010154634603589613 -0.0010542462059466883 -0.0016257884983143342 0.0017933179433373501 0.0040211365119114254 -0.0063321543094732886 -0.0051906221936291515 0.00099889170056387147 0.001609237749227755 0.0068450592487224876 -0.00045716773594146204 -0.0054511406554574844 -0.0022939117129815796 -0.0023556101119648312 0.00099232068548694291 -0.0039586858947033886 -0.0036518684593459631 -0.0033802350467654913 0.00026852883719528773 0.0027767409385773723 0.00062175168709597758 -0.0016169465197016617 -0.0031623727590179744 0.0015231305643233994 0.00059346265740696849 0.0012997331573304401 0.00052233378295151942 -0.0084167644444057988 -0.002489310280226328 -0.00177667070536057 0.00063752747546315662 0.0016094920150493174 -0.0044644607996594038 -0.0027923750071377628 0.00022256154701265089 -0.00036633504371571401 0.0022529561300974606 0.003328582968285183 0.00017519497157651481 0.005081963617512595 -0.0092655819380129487 0.0024503636363186546 0.0028189824747929942
leaf_weight=334 23911 668 5826 27960 10964 15063 2442 13204 168 11543 2308 8908 15605 22965 24079 7164 6262 8364 5611 21329 30492 28201 14013 4167 6156 2027 17838 5157 229 37204 2468 16922 3208 5644 3764 1573 6578 31698 10921 5090 2802 4415 9108 1550 12969 1437 1251 7231 351 14739 29982 4395 1832 392 1419 10223 6217 25458 1415 644 9441 3231
leaf_count=334 23911 668 5826 27960 10964 15063 2442 13204 168 11543 2308 8908 15605 22965 24079 7164 6262 8364 5611 21329 30492 28201 14013 4167 6156 2027 17838 5157 229 37204 2468 16922 3208 5644 3764 1573 6578 31698 10921 5090 2802 4415 9108 1550 12969 1437 1251 7231 351 14739 29982 4395 1832 392 1419 10223 6217 25458 1415 644 9441 3231
internal_value=-1.07333e-06 0.000907787 -0.00297548 0.00185873 -0.00217023 -3.55982e-05 -0.00584849 0.00253877 0.00205466 0.00134335 -0.00517755 0.00307922 -0.00163188 0.000909531 0.000372716 -0.00311701 -0.00768179 -0.00057047 0.00229495 0.00151481 -0.000796454 -0.0013734 0.00167562 0.00362973 -0.00576909 -0.00517634 0.000564575 0.00105702 0.00323856 -0.000302654 -0.00452176 -0.00204154 -0.00354884 0.000391266 -0.00330257 -0.00450576 -0.00305021 0.000100655 0.0027577 0.000515404 -0.00272985 -0.00252864 0.00116738 -0.000415147 0.0010154 -0.000486347 -0.00913616 -0.00224977 0.000807554 0.000581372 0.00149376 -0.00425302 -0.00396616 -0.00160045 -0.000913276 0.0019872 0.00297693 0.000307547 0.00429005 -0.0100564 0.00214761 0.00332609
internal_weight=618530 473766 144764 235938 113072 237828 31692 101719 53656 134219 23201 48063 72084 38021 134870 40988 8491 102958 43241 96198 55840 44198 65761 17721 12198 6042 79093 10415 5840 47118 11003 27886 19376 46165 13550 3600 9786 55777 30342 5258 21612 14448 30437 38754 35934 25348 2229 10033 32928 15090 41525 8535 6227 28593 2087 24236 17138 40521 5582 978 37401 12139
internal_count=618530 473766 144764 235938 113072 237828 31692 101719 53656 134219 23201 48063 72084 38021 134870 40988 8491 102958 43241 96198 55840 44198 65761 17721 12198 6042 79093 10415 5840 47118 11003 27886 19376 46165 13550 3600 9786 55777 30342 5258 21612 14448 30437 38754 35934 25348 2229 10033 32928 15090 41525 8535 6227 28593 2087 24236 17138 40521 5582 978 37401 12139
cat_boundaries=0 1 3 4 5 73 74 75 77 155
cat_threshold=30 1073741824 272 1 25 0 0 0 0 0 0 0 0 0 0 0 0 0 0 0 0 0 0 0 0 0 0 0 0 0 0 0 0 0 0 0 0 0 0 0 0 0 0 0 0 0 0 0 0 0 0 0 0 0 0 0 0 0 0 0 0 0 0 0 0 0 0 0 0 0 0 0 4096 19 72 1207959552 272 0 0 0 0 0 0 0 0 0 2 0 0 0 0 0 0 0 0 0 0 0 0 0 0 0 0 0 0 0 0 0 0 0 0 0 0 64 0 0 0 0 0 134218752 0 0 0 0 0 0 0 0 0 0 0 0 0 0 0 0 0 0 0 0 0 0 0 524288 4096 0 0 0 0 0 0 131072 0 0 16
is_linear=0
shrinkage=0.05


Tree=25
num_leaves=63
num_cat=0
split_feature=8 8 8 8 13 8 8 14 14 14 14 14 14 13 14 14 13 8 13 14 13 14 14 13 14 13 13 14 8 14 8 14 14 14 2 13 14 13 2 14 14 13 2 13 14 2 13 14 13 14 3 14 7 14 13 14 7 14 14 14 13 14
split_gain=603.717 141.771 130.831 27.1836 21.4458 20.4107 15.3543 12.8138 12.8123 7.54871 4.8346 4.71668 4.28104 4.29681 4.07496 3.86211 3.82717 3.34497 3.19527 3.09629 3.05269 3.80919 2.96521 4.2793 4.72611 3.87193 2.79355 2.68589 2.61391 2.36414 2.00213 1.92805 1.90512 1.90453 2.04838 1.73246 1.65287 2.24749 1.6524 1.64669 1.59484 1.53744 1.52478 1.46169 1.3835 1.36495 1.30625 1.29864 1.26495 1.23902 1.22941 1.20187 1.14191 1.12501 1.116 1.11133 3.57158 1.48422 1.088 1.05429 1.0439 1.01183
threshold=1.7085000000000001 1.4795000000000003 1.8505000000000003 1.6065000000000003 1.8657678508960227 1.7905000000000002 1.3295000000000001 0.035102566508092077 0.059613067700478924 0.13069938094684921 -0.012450886500205869 0.039783083516485969 -0.078722104995656891 1.7861665622526861 -0.10999988700393425 0.022863783311381839 1.8296745792475027 1.5395000000000001 1.7812280917457983 0.13643459008874828 1.8208541137852097 -0.094933675286320227 0.035916623638756036 1.8208541137852097 -0.025141334261173928 1.8226809234874521 1.7643638559710106 -0.046923500127618249 1.1995000000000002 -0.00074969930653867578 1.3895000000000002 0.22173780145979918 0.075669784045743663 0.038469967089536768 6.5000000000000009 1.7731886774278114 -0.040878793194301648 1.7516683354102367 19.500000000000004 -0.060859854515073468 0.16919771399691155 1.8057492807426865 19.500000000000004 1.8710351686054125 0.10973199222363829 3.5000000000000004 1.8226809234874521 0.10705250893903641 1.8296745792475027 0.13069938094684921 16.500000000000004 -0.093690086382429136 3.5000000000000004 0.072959008592888633 1.7812280917457983 -0.048730885936856032 4.5000000000000009 0.048092452006558435 -0.050244001991295299 -0.020802286003088529 1.8761670047273677 -0.13089743349190794
decision_type=10 8 10 8 2 10 10 2 2 2 2 2 2 2 2 2 2 10 2 2 2 2 2 2 2 2 2 2 10 2 10 2 2 2 2 2 2 2 2 2 2 2 2 2 2 2 2 2 2 2 2 2 2 2 2 2 2 2 2 2 2 2
left_child=1 6 5 17 7 15 14 10 29 16 -4 30 26 33 28 20 32 44 47 42 21 61 23 24 -7 35 -5 51 -1 -6 58 41 -9 -14 -35 -24 50 -38 -31 -25 55 -11 -10 -41 -3 -13 -12 -17 -15 -37 -23 -22 -46 -18 -34 -19 -57 -58 -8 -45 -53 -2
right_child=2 3 4 12 8 22 11 9 19 31 46 45 13 48 -16 18 53 40 -20 -21 27 36 25 39 -26 -27 -28 -29 -30 38 -32 -33 54 34 -36 49 37 -39 -40 43 -42 -43 -44 59 52 -47 -48 -49 -50 -51 -52 60 -54 -55 -56 56 57 -59 -60 -61 -62 -63
leaf_value=-0.008697174374783791 -0.0052102143181279714 -0.0033385582688099493 -0.0013412071780554212 -0.0022181540673666786 0.0012553698655151701 -0.0022813917635788454 -0.005634120268096161 0.00099994179054639816 0.0029438143221107937 0.0021928746833381725 0.00014805109652834823 -0.0026073083407414255 -0.0012724886766512069 0.00050810384651652537 -0.0042780865349258705 2.2303228722792747e-05 0.0017428968426565735 -0.0028124000488278481 0.0026482716599035695 0.004616943372890191 -0.00050880477767548029 -0.00080439302750584139 0.0006243777626246948 0.00017855112701069365 0.00015462134946363004 0.0032380061610300806 -0.0013829635955620386 0.0014905160252797419 -0.0067853297152895772 0.0019636561480013744 -0.0043901096596185782 0.0045780600372043794 0.0011765837689873407 -0.00091819968274354938 0.00079397407928689782 0.0011469140199926954 -0.0007344317248710432 -3.4104050578196027e-05 0.0030288266137823809 0.00073186245450865685 0.003522246662734168 0.0033597141875221339 0.0038042966120868287 0.0012815398537494849 -0.0019558446455778104 0.001365331167162528 0.0010836099589672302 0.0012022835057940448 0.0037179039764387123 0.0066697577891104368 -0.0022593009242447173 2.2836971883102069e-05 0.0042353872726023697 0.0023205731507019742 0.0017637830309820768 -0.0025343366407664636 -0.00093399226312773382 0.0027869867010578663 -0.003883053297057792 0.0027541903006501707 0.0013551243086384029 -0.0022038545712898538
leaf_weight=2238 331 20001 3472 14432 9927 2143 6991 23260 27483 7138 6098 597 29861 2659 1368 30909 17610 12043 1289 3763 11081 16092 38377 8001 28083 1717 32692 2862 8888 17654 11946 1464 11877 6062 2454 23176 21826 24112 4587 16818 112 4670 6335 6993 276 339 9612 2522 347 102 1596 10268 102 16164 25388 11929 2380 302 1016 1471 1716 1812
leaf_count=2238 331 20001 3472 14432 9927 2143 6991 23260 27483 7138 6098 597 29861 2659 1368 30909 17610 12043 1289 3763 11081 16092 38377 8001 28083 1717 32692 2862 8888 17654 11946 1464 11877 6062 2454 23176 21826 24112 4587 16818 112 4670 6335 6993 276 339 9612 2522 347 102 1596 10268 102 16164 25388 11929 2380 302 1016 1471 1716 1812
internal_value=-2.51575e-07 -0.00254779 0.000957116 -0.00182946 0.00192528 0.000206038 -0.00546673 0.0015378 0.00262943 0.00175009 0.000347295 -0.00463743 -0.00131287 -0.000941796 -0.00685327 -0.000243619 0.00159295 -0.00279926 0.000205506 0.0032564 -0.000413676 -0.000594811 0.000654047 0.000412595 -1.80901e-05 0.00089602 -0.00163875 4.58084e-05 -0.0071699 0.00189697 -0.00480016 0.00286655 0.00135501 -0.00108439 -0.000424814 0.000830799 -0.000524977 -0.000366843 0.00218334 0.000803722 -0.00243176 0.00265435 0.00310501 0.00100157 -0.00328192 -0.0011685 0.000720463 0.00011132 0.00087863 0.00117111 -0.00093567 -0.000133457 -0.000285195 0.00201937 0.00157663 -0.00245678 -0.00216367 -0.000515001 -0.00541193 0.00153748 0.000213608 -0.00266821
internal_weight=618834 169035 449799 135652 196502 253297 33383 126753 69749 107571 19182 20889 88507 41383 12494 126416 94299 47145 34720 37581 91696 65769 126881 63509 30226 63372 47124 25927 11126 32168 19953 13272 60525 38377 8516 61655 63626 45938 22241 33283 26766 11808 33818 25282 20379 936 15710 33431 3006 23278 17688 23065 378 33774 37265 26654 14611 2682 8007 8464 11984 2143
internal_count=618834 169035 449799 135652 196502 253297 33383 126753 69749 107571 19182 20889 88507 41383 12494 126416 94299 47145 34720 37581 91696 65769 126881 63509 30226 63372 47124 25927 11126 32168 19953 13272 60525 38377 8516 61655 63626 45938 22241 33283 26766 11808 33818 25282 20379 936 15710 33431 3006 23278 17688 23065 378 33774 37265 26654 14611 2682 8007 8464 11984 2143
is_linear=0
shrinkage=0.05


Tree=26
num_leaves=63
num_cat=0
split_feature=8 8 8 8 8 8 8 14 13 13 14 14 14 13 14 13 14 14 13 13 14 14 14 7 14 14 14 13 7 14 13 14 14 8 13 13 14 14 8 8 14 14 7 13 13 14 13 13 8 13 14 14 13 14 13 13 14 13 13 14 14 13
split_gain=545.373 139.728 108.148 25.5856 18.5003 18.12 12.7386 10.6725 7.21009 5.38607 5.33631 3.99114 3.89264 3.38279 3.36199 3.87109 4.09698 3.31023 3.53575 2.9924 2.92169 2.78866 2.63574 3.32796 2.57814 2.57412 2.37335 2.23665 2.1545 2.11923 2.08463 2.06307 2.03513 1.96648 1.94152 1.67 1.61135 1.58854 1.57822 1.54597 1.50221 1.46518 1.45521 1.40654 1.40194 1.83358 1.39401 1.29769 1.28986 1.28829 1.25647 1.23396 1.20033 1.14413 1.52656 1.07801 1.06134 1.03991 1.03708 1.02943 1.02145 1.33068
threshold=1.6945000000000003 1.8385000000000002 1.4695000000000003 1.9085000000000003 1.5865000000000002 1.7695000000000001 1.2995000000000003 0.075669784045743663 1.8134236480004582 1.8710351686054125 0.030492723534902292 -0.11276631492068588 0.004888211075322225 1.7783277951588177 0.090886440976605823 1.8208541137852097 0.018866152155092578 -0.0770409914071115 1.7861665622526861 1.800783472633406 -0.13771210597676095 -0.10356540991125172 -0.059999887003934209 2.5000000000000004 -0.069341037599195729 0.072959008592888633 0.15990670843560009 1.787960130808419 43.500000000000007 0.16919771399691155 1.761051224599248 0.14400897040605812 0.037287894023239072 1.5255000000000003 1.7861665622526861 1.8657678508960227 0.15990670843560009 -0.13089743349190794 1.3795000000000002 1.1595000000000002 -0.074285370680077775 0.11773075577083526 4.5000000000000009 1.8379105622561192 1.8808204437217764 -0.040878793194301648 1.890186014534385 1.9181177618160861 2.0355000000000003 1.7516683354102367 0.031066324713679653 0.119548456515452 1.9181177618160861 -0.1530833295540914 1.8411380396533612 1.8411380396533612 -0.093690086382429136 1.7691613125461358 1.787960130808419 0.023838376917312724 -0.059999887003934209 1.7516683354102367
decision_type=10 8 8 10 8 10 10 2 2 2 2 2 2 2 2 2 2 2 2 2 2 2 2 2 2 2 2 2 2 2 2 2 2 10 2 2 2 2 10 10 2 2 2 2 2 2 2 2 10 2 2 2 2 2 2 2 2 2 2 2 2 2
left_child=2 5 6 11 29 12 20 8 -5 26 22 -3 19 41 15 16 -13 30 49 21 39 -2 38 -24 -21 28 -9 -16 37 33 -6 52 47 -4 -27 -34 55 -7 -8 -1 -30 -14 -25 -26 50 -46 59 -17 -28 -19 -39 -12 -11 -32 -55 -29 -48 -18 -52 -10 -23 -62
right_child=1 3 4 7 17 25 10 9 46 31 51 14 13 -15 27 32 57 18 -20 24 -22 60 23 42 43 34 48 36 40 -31 53 -33 35 -35 -36 -37 -38 44 -40 -41 -42 -43 -44 -45 45 -47 56 -49 -50 -51 58 -53 -54 54 -56 -57 -58 -59 -60 -61 61 -63
leaf_value=-0.0089770783905519895 -0.0031610530921033285 -0.0020298190090614703 -0.0033048709655438043 0.00014910796851062583 -0.0022270125055053876 -0.0021077942138421697 -0.0055917189295781036 0.0021229550290379549 0.00038552662335886775 0.0029458074689529133 -0.0018219571298366184 -0.00074989243085206469 -0.00018864524141486657 0.0024261315830355168 0.0013649327744288758 0.0010899138626703179 0.00036811233729961107 -0.001306513240716946 0.0019828893359648729 -0.00051535735839585675 -0.0042754808566128994 -0.0011631042481768414 -0.004739106967411001 -0.0025970302702348108 0.00021332694390680977 0.00086567691390880119 0.0029131979809726015 0.0020626322294581946 -0.002166090840277472 0.0032655799085421302 -0.001983503957480209 0.0046940012939335092 0.0016649624479080378 -0.0025800513613729024 0.0031634899127092348 0.0030517983814308132 0.0077528500859450587 0.00024196929066192045 -0.0045675031061903218 -0.0069649290959475398 6.6192092034507598e-05 0.0014089486191018108 0.0034253107795968458 0.0019284351990713012 0.00076861406767207024 0.0027279052570158648 -0.00080094267234366839 0.0019904584061634103 0.0049424281644052945 -0.00021228600294951854 0.00054038046400700472 0.0030573558853787988 0.0038045195264504667 -0.0013689307959597599 0.0012754731907243147 0.0037174609928815518 0.0024242813022590341 0.0010455566289030581 0.0013645417016270511 0.0018071868966434415 -0.00097947042420263469 -0.00038596525887039164
leaf_weight=1120 1297 926 15793 6433 16316 589 9459 27103 1363 18515 817 3846 29707 1371 15481 30913 6611 25582 905 22588 918 15021 4464 1868 6013 13400 3882 10493 768 141 8715 2329 16060 22965 987 2510 133 38665 6244 6464 40347 1508 106 1492 6810 1448 260 4595 981 3006 19724 154 5216 17819 563 1086 13475 39581 4733 19357 18452 19346
leaf_count=1120 1297 926 15793 6433 16316 589 9459 27103 1363 18515 817 3846 29707 1371 15481 30913 6611 25582 905 22588 918 15021 4464 1868 6013 13400 3882 10493 768 141 8715 2329 16060 22965 987 2510 133 38665 6244 6464 40347 1508 106 1492 6810 1448 260 4595 981 3006 19724 154 5216 17819 563 1086 13475 39581 4733 19357 18452 19346
internal_value=-2.38994e-07 0.000815022 -0.00270272 0.00169619 -0.00197261 -1.88325e-05 -0.00528479 0.00230442 0.00168571 0.0027404 -0.00467605 0.00124123 -0.000468728 -4.70028e-06 0.0012643 0.001135 0.000818052 -0.00150281 -0.00109405 -0.00064829 -0.0069396 -0.000870555 -0.00483515 -0.00398315 -0.000248594 0.000393383 0.00230545 0.00175935 0.00031324 -0.00285314 -0.0017805 0.00327392 0.00142827 -0.0028754 0.00102332 0.00185241 0.00228069 0.000478197 -0.00518446 -0.00726208 2.44946e-05 -0.000111465 -0.00227364 0.000554292 0.000499536 0.00111217 0.00197261 0.00120645 0.00332255 -0.00119146 0.000419388 -0.0010481 0.00313455 -0.00151165 -0.00128794 0.00221784 0.00236323 0.000948601 0.000699875 0.00171367 -0.00081431 -0.000675699
internal_weight=618834 475415 143419 231149 111805 244266 31614 98914 40888 58026 23112 132235 116795 32586 131309 104116 50038 72906 29493 84209 8502 54116 22141 6438 30093 127471 31966 27193 113084 38899 43413 26060 54078 38758 14387 18570 11712 71969 15703 7584 41115 31215 1974 7505 71380 8258 34455 35508 4863 28588 63122 971 23731 27097 18382 11579 13735 46192 24457 20720 52819 37798
internal_count=618834 475415 143419 231149 111805 244266 31614 98914 40888 58026 23112 132235 116795 32586 131309 104116 50038 72906 29493 84209 8502 54116 22141 6438 30093 127471 31966 27193 113084 38899 43413 26060 54078 38758 14387 18570 11712 71969 15703 7584 41115 31215 1974 7505 71380 8258 34455 35508 4863 28588 63122 971 23731 27097 18382 11579 13735 46192 24457 20720 52819 37798
is_linear=0
shrinkage=0.05


Tree=27
num_leaves=63
num_cat=0
split_feature=8 8 8 8 8 8 8 14 14 14 14 14 14 8 8 14 14 14 7 7 2 14 14 8 8 8 2 2 2 7 14 14 8 8 7 14 3 3 14 3 8 14 14 2 2 2 7 14 7 2 14 14 3 2 7 14 2 14 14 3 2 14
split_gain=492.199 126.105 97.604 23.1192 16.731 16.3943 11.4966 9.47733 4.83097 4.49048 4.0213 3.34541 3.22853 3.15054 2.83 2.75055 2.63683 2.52081 3.043 2.4318 2.33142 2.32251 2.12443 2.03712 2.01576 1.98983 1.90807 1.69179 2.02406 1.6817 2.19839 1.54469 1.42435 1.39524 1.3619 1.25329 1.23802 1.23215 1.22499 1.30574 1.17406 1.16529 1.10775 1.91362 1.0703 0.978654 0.946982 1.85469 1.7914 0.910561 0.908215 0.884127 0.869582 0.850722 0.847245 0.840425 2.14625 0.763537 0.762997 2.33606 0.914485 1.50001
threshold=1.6945000000000003 1.8385000000000002 1.4695000000000003 1.9185000000000001 1.5895000000000004 1.7685000000000002 1.2995000000000003 0.036549113499794068 0.036549113499794068 0.10171462931992216 -0.054611134964198775 0.066434590088748316 -0.043690086382429098 1.8755000000000002 1.9895000000000003 0.062959008592888624 -0.13771210597676095 -0.059999887003934209 2.5000000000000004 45.500000000000007 21.500000000000004 -0.030878793194301753 0.16919771399691155 1.7275000000000003 1.5355000000000001 1.6385000000000003 21.500000000000004 21.500000000000004 19.500000000000004 5.5000000000000009 0.074886440976605809 -0.14748851973673668 1.3795000000000002 1.1595000000000002 4.5000000000000009 0.14793099809798529 10.500000000000002 10.500000000000002 0.083269114063143981 16.500000000000004 2.1940000000000004 0.11174627034455133 -0.062766314920685948 21.500000000000004 21.500000000000004 4.5000000000000009 1.5000000000000002 0.045723070680631202 3.5000000000000004 16.500000000000004 0.021699380946849204 -0.023690086382429195 16.500000000000004 19.500000000000004 2.5000000000000004 -0.097971915863715106 5.5000000000000009 0.004888211075322225 -0.13428537068007781 10.500000000000002 4.5000000000000009 -0.026530032910463294
decision_type=10 8 8 10 8 10 10 2 2 2 2 2 2 10 10 2 2 2 2 2 2 2 2 10 10 8 2 2 2 2 2 2 10 10 2 2 2 2 2 2 10 2 2 2 2 2 2 2 2 2 2 2 2 2 2 2 2 2 2 2 2 2
left_child=2 5 6 10 22 11 16 20 17 27 26 23 25 38 -11 19 33 32 -19 31 51 -21 24 -2 46 -6 -3 28 -9 50 57 -7 -8 -1 -20 -17 -13 -37 39 -12 -16 52 43 -33 49 -10 -4 55 -49 -44 -14 -5 -15 -40 -18 -48 -57 -31 -26 60 -60 -62
right_child=1 3 4 7 12 15 8 9 45 14 13 36 29 41 40 35 54 18 34 21 -22 -23 -24 -25 58 -27 -28 -29 -30 30 -32 42 -34 -35 -36 37 -38 -39 53 -41 -42 -43 44 -45 -46 -47 47 48 -50 -51 -52 -53 -54 -55 -56 56 -58 -59 59 -61 61 -63
leaf_value=-0.0085282245485411422 -0.00082086186238560551 0.00046428495381650942 -0.0036018475010453272 -0.00059135288022957875 -0.0020573487319938293 -0.0030228177580812429 -0.005312132984243015 0.0020756698997144154 -0.001542219219065755 0.0025040683488650375 0.0009825665805216694 0.00041190519418547581 -0.0024086603080004771 0.0014624467716444715 0.0034286017281696759 0.0007412684610151037 -0.0047303325774405479 -0.0044685298691313309 -0.0024473993141811011 -0.0015556745412575448 -0.00014268968156750465 3.8772918585076641e-06 0.003126770639515877 -0.00036313950047461543 -0.0028438833182512051 -0.0013969608183934574 -0.0016707990977341649 0.00089354568755664859 0.0030729771269244173 -0.00078274379203860627 0.0030913949174291959 8.6966028421636742e-05 -0.0043391279366952404 -0.0066166826339451633 0.0032516195294594076 0.0018293820645022035 0.0025236208061998845 0.0069094820397681209 0.0018932009815641 -0.00044513972443294657 0.007752286216153312 0.0020597479807774963 0.00059148511172288582 -0.0034408067702608987 0.00025817848764968552 0.0027572614291236815 -0.0035348122165167078 -0.0020473693539428159 0.0022241995533744288 0.0014783716523549357 -0.0010334922145842024 0.0015715042569985445 -0.00056338630753480093 0.0011528559459098053 -0.000610880033056808 -0.0030013747870581823 7.3035271425712385e-05 0.00040472589107949343 -0.0025999116770034792 0.00077512707982056847 -0.002902204732200318 -0.0011409337365731749
leaf_weight=1120 41330 3482 5846 512 16310 330 9459 38855 653 17663 56717 4430 1415 53637 12537 25090 769 4593 1886 2573 3845 33069 157 59022 6015 37942 1496 2597 5854 4910 467 12122 6244 6464 111 675 823 145 6191 1648 159 8901 32925 397 28162 166 5465 1731 286 3173 7926 6124 535 10396 149 5426 634 1869 9527 641 1893 3345
leaf_count=1120 41330 3482 5846 512 16310 330 9459 38855 653 17663 56717 4430 1415 53637 12537 25090 769 4593 1886 2573 3845 33069 157 59022 6015 37942 1496 2597 5854 4910 467 12122 6244 6464 111 675 823 145 6191 1648 159 8901 32925 397 28162 166 5465 1731 286 3173 7926 6124 535 10396 149 5426 634 1869 9527 641 1893 3345
internal_value=-2.27045e-07 0.000774271 -0.00256758 0.00161139 -0.00187398 -1.78909e-05 -0.00502055 0.0022483 -0.00444225 0.00243876 0.00121879 -0.000487266 -0.00140885 0.00126915 0.00291335 0.000339588 -0.00659262 -0.0045808 -0.00376006 0.000232836 0.000836989 -0.000108707 -0.0026783 -0.000551653 -0.00270063 -0.0015955 -0.000177355 0.00213419 0.00220625 -0.000798389 -0.000226768 0.000390707 -0.00492524 -0.00689898 -0.00213063 0.000804135 0.000742753 0.00272769 0.00105001 0.000942254 0.00348275 0.00152956 0.000405378 -2.4906e-05 0.000489205 -0.000670774 -0.00307 -0.00284041 -0.00144168 0.000669442 -0.00124181 0.00140463 0.00144244 0.00142919 -0.00406171 -0.0030852 -0.00267973 -0.000455353 -0.00236631 -0.00217985 -0.00230814 -0.00177745
internal_weight=618834 475415 143419 231149 111805 244266 31614 88146 23112 77665 143003 105605 70839 138025 30359 138661 8502 22293 6590 112751 10481 35642 40966 100352 40809 54252 4978 47306 44709 16587 7246 77109 15703 7584 1997 25910 5253 820 74952 58365 12696 63073 76779 12519 64260 819 19388 13542 2017 36098 9341 6636 54172 16587 918 11525 6060 6779 21421 15406 14765 5238
internal_count=618834 475415 143419 231149 111805 244266 31614 88146 23112 77665 143003 105605 70839 138025 30359 138661 8502 22293 6590 112751 10481 35642 40966 100352 40809 54252 4978 47306 44709 16587 7246 77109 15703 7584 1997 25910 5253 820 74952 58365 12696 63073 76779 12519 64260 819 19388 13542 2017 36098 9341 6636 54172 16587 918 11525 6060 6779 21421 15406 14765 5238
is_linear=0
shrinkage=0.05


Tree=28
num_leaves=63
num_cat=1
split_feature=11 14 11 14 2 7 7 14 14 2 14 7 2 14 7 11 2 2 2 2 14 14 14 3 14 3 14 14 2 2 7 14 14 14 7 14 14 2 14 11 14 1 14 2 7 11 7 14 2 2 2 14 3 14 2 9 14 3 2 3 3 7
split_gain=372.398 146.574 48.8214 34.0561 29.2654 17.6154 16.7153 15.7849 15.3572 11.773 14.9487 9.90224 6.75745 5.63599 5.20037 5.10482 4.92606 4.67243 4.58557 4.42228 4.26548 4.19365 3.82946 3.05298 2.89802 2.28675 2.22287 2.11741 2.08855 2.05356 2.04236 2.03857 1.91573 1.8669 1.8061 1.74607 1.62901 1.56448 1.71881 1.54376 1.41276 1.41187 1.34645 1.34185 1.26951 1.24756 1.24787 1.20621 1.17117 1.16546 1.07213 1.05654 0.989162 0.980311 0.961909 0.935369 0.890608 1.06527 0.849784 0.843047 0.90322 0.838002
threshold=1.5719285714285716 0.025175771358670555 1.3845000000000003 -0.064083376361243824 21.500000000000004 48.500000000000007 8.5000000000000018 0.091924653858035846 -0.059999887003934209 4.5000000000000009 -0.093690086382429136 46.500000000000007 21.500000000000004 0.072959008592888633 46.500000000000007 1.2748571428571431 18.500000000000004 16.500000000000004 21.500000000000004 6.5000000000000009 0.11174627034455133 -0.13428537068007781 0.13643459008874828 14.500000000000002 0.056424843510216045 10.500000000000002 0.001066324713679623 0.22173780145979918 4.5000000000000009 19.500000000000004 8.5000000000000018 0.18736881747616344 0.12575599800870488 -0.12428537068007782 1.5000000000000002 -0.010897433491907858 -0.12097191586371502 2.5000000000000004 -0.12428537068007782 1.5005000000000004 -0.013690086382429188 0 -0.14748851973673668 11.500000000000002 1.5000000000000002 1.9076428571428574 44.500000000000007 0.056924714017317919 19.500000000000004 5.5000000000000009 3.5000000000000004 -0.0080753461419640332 10.500000000000002 -0.012450886500205869 12.500000000000002 1.1355000000000002 -0.18402533651879779 10.500000000000002 19.500000000000004 11.500000000000002 15.500000000000002 3.5000000000000004
decision_type=10 2 8 2 2 2 2 2 2 2 2 2 2 2 2 10 2 2 2 2 2 2 2 2 2 2 2 2 2 2 2 2 2 2 2 2 2 2 2 10 2 1 2 2 2 10 2 2 2 2 2 2 2 2 2 10 2 2 2 2 2 2
left_child=2 3 8 11 6 12 19 14 15 24 39 18 16 41 17 42 30 23 21 50 25 -2 45 54 44 26 -12 -24 47 49 -5 -15 -21 -13 -26 -7 -20 -17 -39 56 -32 -6 55 -25 -4 -9 58 -10 -19 -23 -3 -27 -22 -14 -8 -1 -11 -58 -47 -51 -61 -40
right_child=1 4 9 5 13 35 7 22 28 10 20 33 53 31 -16 37 -18 48 36 32 52 29 27 43 34 51 -28 -29 -30 -31 40 -33 -34 -35 -36 -37 -38 38 61 -41 -42 -43 -44 -45 -46 46 -48 -49 -50 59 -52 -53 -54 -55 -56 -57 57 -59 -60 60 -62 -63
leaf_value=-0.0078801497846467776 -0.0013140676484534202 -0.0025309664611778918 -0.0042695374981735531 -0.00099020560119868336 0.00051814000856394106 -0.0010655107761178698 0.0010199124266957996 0.0020534975748770774 -0.0034950640956333046 -0.0037330308797041225 -0.00186434746202515 -0.0025481290471011213 -0.00058774512791926489 0.0010067869046847617 0.00065815837569676205 -0.0055646135533728687 0.0017244130468118586 0.0020754838034315842 -0.0023353177585306449 0.00032691527388795664 0.0017902293895797523 -0.00077222306256736291 0.0031838176155678669 0.0021296226723631572 -0.0029849844711764932 -0.00035914313249604308 -0.00077010933647041083 0.0058112994466612763 -0.0011725429616326335 0.0014568263732823248 0.00035328930464522106 0.003002709620080285 0.0017525036215939125 -0.0016345670051915373 -0.0018069256205437837 -0.00044079175378785457 -0.0011938661761927499 -0.0048506098025394087 -0.003937227044913792 -0.002288611976165417 0.0007994871262231272 2.5005570112178585e-05 -0.0038367683317182093 0.0015255496447190281 -0.0032102870361762378 0.0025939993326170832 0.0016078254016754932 -0.00037371875585581553 0.0029370629596303858 -0.00070333820775324068 -0.00072159064316105505 0.0016129839738882039 0.0065986228069457101 3.020537926505252e-05 0.0014973966441225051 -0.0063465699795759696 -0.0031392050494724421 -0.0005729765037254253 0.0034919438004287076 0.00020339580723223216 -0.00055462309204096379 -0.0019752974095245393
leaf_weight=1211 12505 1072 4215 2163 28804 21058 29018 20878 3009 5822 8025 7691 12258 31768 16109 4629 9664 11973 3877 10023 820 10794 9780 17100 8055 2602 11007 832 2132 1669 36623 1333 3081 20493 5458 23856 16130 6997 1780 5055 34406 29258 464 19882 8600 14012 2705 345 5882 5445 3465 919 123 13471 16571 5556 1883 515 3245 14550 5384 784
leaf_count=1211 12505 1072 4215 2163 28804 21058 29018 20878 3009 5822 8025 7691 12258 31768 16109 4629 9664 11973 3877 10023 820 10794 9780 17100 8055 2602 11007 832 2132 1669 36623 1333 3081 20493 5458 23856 16130 6997 1780 5055 34406 29258 464 19882 8600 14012 2705 345 5882 5445 3465 919 123 13471 16571 5556 1883 515 3245 14550 5384 784
internal_value=-2.15694e-07 0.000505802 -0.00297331 -0.000366537 0.00130012 9.91397e-05 0.00166042 0.00181418 -0.00475658 -0.00221287 -0.00163497 -0.00109195 0.000443624 0.000566484 0.00149212 -0.00536109 0.000663423 0.0016259 -0.000774708 0.000196283 -0.000877193 -0.000520244 0.0025436 0.0014673 -0.00302001 -0.00101495 -0.0012315 0.00338982 -0.00239618 -0.000257922 0.000523334 0.00108716 0.000662098 -0.00188386 -0.00250916 -0.000733692 -0.00141506 -0.00481009 -0.00444479 -0.00297618 0.000569425 0.000269645 -0.00644235 0.00180487 -0.00355869 0.00232372 0.00260633 -0.003174 0.00235932 -0.00033704 -0.00114911 0.000155593 0.00241741 -0.000264203 0.00119347 -0.00662101 -0.00339902 -0.00258808 0.00276285 -0.000151951 -1.3385e-06 -0.00333732
internal_weight=618834 528828 90006 252037 276791 153499 185628 167987 26907 63099 36771 98538 108585 91163 116535 21421 82856 100426 70354 17641 23496 50347 51452 82571 26328 22553 19032 10612 5486 37842 73192 33101 13104 28184 13513 44914 20007 14190 9561 13275 71029 58062 7231 36982 12815 40840 19962 3354 17855 36173 4537 3521 943 25729 45589 6767 8220 2398 17257 25379 19934 2564
internal_count=618834 528828 90006 252037 276791 153499 185628 167987 26907 63099 36771 98538 108585 91163 116535 21421 82856 100426 70354 17641 23496 50347 51452 82571 26328 22553 19032 10612 5486 37842 73192 33101 13104 28184 13513 44914 20007 14190 9561 13275 71029 58062 7231 36982 12815 40840 19962 3354 17855 36173 4537 3521 943 25729 45589 6767 8220 2398 17257 25379 19934 2564
cat_boundaries=0 1
cat_threshold=1
is_linear=0
shrinkage=0.05


Tree=29
num_leaves=63
num_cat=1
split_feature=11 14 13 11 13 14 14 14 7 14 13 14 7 14 11 14 13 14 13 13 14 7 14 14 14 14 13 14 7 13 14 14 13 14 14 13 11 0 14 14 14 14 3 14 13 13 14 7 14 9 7 14 13 14 9 13 14 14 7 7 14 14
split_gain=336.122 132.892 48.8728 45.9899 36.1092 17.4826 13.8599 13.2227 10.7889 12.2858 10.2633 8.11772 5.19827 4.98225 4.6071 4.59944 4.22311 3.90894 3.85496 3.60352 3.3168 3.54381 2.91349 2.59747 2.43334 2.40326 2.36972 2.32185 1.88492 1.87856 1.81536 1.73946 1.56479 1.72431 1.55915 1.5542 1.47725 1.41038 1.99089 1.22959 1.14535 1.11956 1.09278 1.0886 1.00814 0.911154 0.884503 0.858108 0.807137 0.806585 0.776739 0.769368 0.810385 0.75842 0.720319 0.718477 0.711573 0.635073 0.620077 0.617004 0.608035 0.587924
threshold=1.5776428571428573 0.025175771358670555 1.8208541137852097 1.3845000000000003 1.8208541137852097 -0.050878793194301657 -0.059999887003934209 -0.083788257558926924 2.5000000000000004 -0.11276631492068588 1.7731886774278114 0.091924653858035846 4.5000000000000009 -0.11804732229493119 1.2748571428571431 0.10592471401731786 1.8808204437217764 0.076782360281942977 1.7691613125461358 1.8808204437217764 0.074403050238807347 5.5000000000000009 0.030492723534902292 -0.1737528619846844 0.15369511244229364 0.059613067700478924 1.7664540979860031 0.22173780145979918 3.5000000000000004 1.8808204437217764 0.13353799147561188 -0.035947437365987482 1.7295764294741234 -0.022415297091337712 0.065448775291754427 1.8808204437217764 1.5005000000000004 0 -0.15943404656886193 -0.15943404656886193 -0.010897433491907858 0.18736881747616344 10.500000000000002 0.056924714017317919 1.9050218519754698 1.8432249302713755 -0.0064055808432642572 2.5000000000000004 -0.010897433491907858 1.1355000000000002 6.5000000000000009 -0.1737528619846844 1.7731886774278114 -0.05796555927448032 1.7085000000000001 1.9050218519754698 0.0029310449051376257 0.22173780145979918 1.5000000000000002 2.5000000000000004 -0.31319037769853725 -0.088766314920685971
decision_type=10 2 2 8 2 2 2 2 2 2 2 2 2 2 10 2 2 2 2 2 2 2 2 2 2 2 2 2 2 2 2 2 2 2 2 2 10 1 2 2 2 2 2 2 2 2 2 2 2 10 2 2 2 2 10 2 2 2 2 2 2 2
left_child=3 4 10 6 5 13 14 23 25 36 20 19 22 51 39 34 31 32 40 45 50 47 -11 -6 29 46 -15 -17 43 -13 -23 -9 33 -14 -12 -25 60 38 -16 49 -7 -24 -19 58 -18 -4 -5 -22 -20 59 -3 -2 -53 -34 -29 -21 -30 -26 -8 -1 -10 -28
right_child=1 2 11 8 7 18 28 16 9 12 15 24 17 26 37 27 44 42 48 55 21 30 41 35 57 -27 61 54 56 -31 -32 -33 53 -35 -36 -37 -38 -39 -40 -41 -42 -43 -44 -45 -46 -47 -48 -49 -50 -51 -52 52 -54 -55 -56 -57 -58 -59 -60 -61 -62 -63
leaf_value=-0.0092925325430491396 -0.0031840218627172631 -0.0014873930056686605 0.00127596972499965 -0.0046620456158320929 -0.001565367859134368 -0.00093398607270835121 -0.0046118931582489328 0.00017359028066915789 -0.0040285596318505026 -0.0028207991914856023 0.00074098641986043788 0.00222705928669626 -0.0018567097093743256 -0.0015299683752990575 -0.0046289726550506156 0.0018455534039394034 0.0010909359849812575 0.001003044265961389 -0.0002328386434657845 0.0021014729631890021 -0.0023653836668730988 0.00072950185858679261 -0.0013810300653638793 -0.00058125654187469566 0.0037347594179299353 -0.0025930536287234957 -0.0010999261191355142 0.0079117479204830737 -0.0015097095020652701 0.002998620164845282 0.0017445417984345458 0.00081833002670826226 -0.00058279205009908867 -0.00068804926392508257 0.0012241642284506989 0.00035363269237096909 -0.0022857946991725908 -0.0050034181608755238 -0.0027020089016897572 -0.0039911752392823296 -0.00042669237549912751 0.002733866936463819 0.0043433101434208502 -0.00035503281464300835 0.001762960199318802 0.0017192627730403477 -0.0034366203973487681 -0.00040675416440909864 0.000209152597929607 -0.0060583675531815971 0.00013807673198465651 -0.0023767772854833094 -0.0016322855769785015 0.00077090488703679123 0.0039858981144413391 0.002703183295237159 0.00099424342529467634 0.0057859158031814111 -0.002921431599942001 -0.0067810071360808509 -0.0030615510481797905 -0.0006761652507040819
leaf_weight=340 1588 745 18793 1952 4817 19060 710 18547 2225 5215 35697 17199 4975 23370 3747 12586 12917 1702 17794 12924 727 26204 7548 13468 2892 10845 15195 161 1795 14574 5295 23996 2473 8634 31367 6636 5893 8356 2087 620 26731 169 286 345 9826 30251 5995 2423 24621 5400 54477 7745 6922 1779 426 8052 337 434 2299 871 6034 17742
leaf_count=340 1588 745 18793 1952 4817 19060 710 18547 2225 5215 35697 17199 4975 23370 3747 12586 12917 1702 17794 12924 727 26204 7548 13468 2892 10845 15195 161 1795 14574 5295 23996 2473 8634 31367 6636 5893 8356 2087 620 26731 169 286 345 9826 30251 5995 2423 24621 5400 54477 7745 6922 1779 426 8052 337 434 2299 871 6034 17742
internal_value=-2.04909e-07 0.000488713 0.00124749 -0.00277753 -0.000343384 -0.00079263 -0.00451875 0.000457267 -0.0020647 -0.00165934 0.000723724 0.00209507 -0.00112781 -0.0013675 -0.00509303 0.00113475 0.000831276 -0.000619587 -0.000319721 0.00178398 0.000356755 0.000740224 -0.00190786 -0.000522533 0.00271566 -0.00307708 -0.00114489 0.00198891 -0.00227637 0.00258097 0.000900131 0.00053725 -0.000853679 -0.00111527 0.000966977 -0.000272665 -0.00289055 -0.00456959 -0.0039329 -0.00612024 -0.000637848 -0.00129092 0.00148359 -0.0030153 0.00138128 0.0015494 -0.00373762 -0.000858793 2.37278e-05 -0.00631991 0.000116148 -0.00213861 -0.00202542 -1.6417e-05 0.00506266 0.00233245 -0.00111392 0.00400241 -0.00332031 -0.00748614 -0.00332207 -0.000871661
internal_weight=618834 526202 275227 92632 250975 160768 26907 90207 65725 46933 170108 105119 32781 72562 21421 80237 65286 19849 88206 70020 89871 34649 12932 24921 35099 18792 56307 13173 5486 31773 31499 42543 17861 13609 67064 20104 14152 14190 5834 7231 45791 7717 1988 3354 22743 49044 7947 3150 42415 6611 55222 16255 14667 4252 587 20976 2132 3326 3009 1211 8259 32937
internal_count=618834 526202 275227 92632 250975 160768 26907 90207 65725 46933 170108 105119 32781 72562 21421 80237 65286 19849 88206 70020 89871 34649 12932 24921 35099 18792 56307 13173 5486 31773 31499 42543 17861 13609 67064 20104 14152 14190 5834 7231 45791 7717 1988 3354 22743 49044 7947 3150 42415 6611 55222 16255 14667 4252 587 20976 2132 3326 3009 1211 8259 32937
cat_boundaries=0 1
cat_threshold=60
is_linear=0
shrinkage=0.05


Tree=30
num_leaves=63
num_cat=12
split_feature=8 8 8 8 8 8 8 13 2 13 0 8 16 3 10 2 8 8 7 8 7 8 7 0 7 11 13 2 13 7 8 8 15 8 7 8 8 15 2 0 8 8 7 10 8 7 0 2 12 13 13 15 7 7 2 9 7 8 0 0 0 15
split_gain=361.397 98.2717 67.0526 17.9023 12.5462 11.3636 7.94707 6.22961 2.92271 2.62531 2.44525 1.94735 1.90112 1.76708 1.66142 1.66031 1.65374 1.30181 1.30047 1.29577 1.28303 1.10912 1.0959 1.14524 1.09015 0.991304 0.961483 0.878866 0.878392 0.867322 0.835154 0.776451 0.644934 0.626829 0.593215 0.546496 0.53505 0.526194 0.455809 0.447943 0.445319 0.441476 0.430587 0.428355 0.387628 0.381722 0.358065 0.345747 0.34238 0.338507 0.331536 0.321976 0.317246 0.313722 0.303679 0.29234 0.359631 0.291744 0.289189 0.286431 0.279414 0.275879
threshold=1.6795000000000002 1.8325000000000002 1.4595000000000002 1.9085000000000003 1.7625000000000002 1.5695000000000003 1.2895000000000001 1.8710351686054125 19.500000000000004 1.787960130808419 0 1.9895000000000003 1 15.500000000000002 1.3555000000000004 16.500000000000004 1.6385000000000003 1.7335000000000003 38.500000000000007 1.9755000000000003 1.5000000000000002 1.1595000000000002 19.500000000000004 2 2.5000000000000004 1.8490714285714289 1.9050218519754698 19.500000000000004 1.8808204437217764 40.500000000000007 2.1320000000000001 1.8005000000000002 3 1.7275000000000003 40.500000000000007 1.9495000000000002 1.3995000000000002 4 27.500000000000004 5 1.5095000000000003 1.7905000000000002 2.5000000000000004 1.0620000000000001 1.8625000000000003 36.500000000000007 6 4.5000000000000009 1.7286833333333338 1.8808204437217764 1.8432249302713755 7 38.500000000000007 12.500000000000002 5.5000000000000009 1.2105000000000004 1.5000000000000002 2.0495000000000005 8 9 10 11
decision_type=10 10 8 10 10 10 10 2 2 2 1 10 9 2 8 2 10 10 2 10 2 10 2 1 2 10 2 2 2 2 10 10 9 10 2 10 10 9 2 1 10 10 2 10 10 2 1 2 10 2 2 9 2 2 2 8 2 10 1 1 1 9
left_child=2 4 6 9 15 20 21 8 19 14 12 35 -8 26 61 28 34 -17 25 60 40 43 23 58 -14 39 31 -13 33 49 -21 50 -10 51 42 -9 -12 -34 -16 -11 -4 -15 -7 -1 -20 -27 -35 -26 -39 -18 53 -2 -37 -6 -41 -23 -57 -29 -22 -44 -5 -3
right_child=1 3 5 7 13 16 10 11 32 18 36 27 24 41 38 17 29 -19 44 30 22 55 -24 -25 47 45 -28 57 -30 -31 -32 -33 37 46 -36 52 -38 48 -40 54 -42 -43 59 -45 -46 -47 -48 -49 -50 -51 -52 -53 -54 -55 -56 56 -58 -59 -60 -61 -62 -63
leaf_value=-0.0088685947285277612 6.5912787183420666e-06 -0.0016799153444871631 -0.0033817134028903233 0.0016553444115677447 0.00041117531516506257 -0.0021508706609901221 -0.0043279107848635838 0.0018884692375730112 -0.0022476845328545185 0.00085859100048428787 -0.0047198133146037838 0.0025099245343688042 -0.0036646642134173604 -0.00010569915849391456 0.00059207366733734904 -0.0008188993525446533 -0.0009303563665044852 -0.00036708774886608768 0.00065109025201042403 0.0022597424621676868 -0.00024335139339786628 -0.0059301524641423263 -0.0027527774986888499 -0.0022062267604064149 -0.002848144807393491 0.001468173937708307 0.0012666446687072093 0.0032004186444497353 0.00057568556229198092 -0.001376509332595888 0.0056208426855517924 0.00055791301746968807 0.0030749331123109689 0.00010348143278202534 -0.0018826511245142567 0.002405015800541145 -0.0039118789231628193 0.00044506074021925422 0.00095857580712480734 0.0009112589001675184 -0.0026627586585107567 0.00017329898197934322 -0.0010431191806150439 -0.0066920865207158861 0.0010098535091110721 0.0023318794044094719 -0.0003234630421559104 -0.001977644924866202 0.001035301534159734 0.00032560620513024996 0.00047638389316319394 -0.00054038832732821026 0.0018745815858096143 6.198747698505371e-05 0.0012938366758266492 -0.0057255506245597349 -0.0045876531817400498 0.0043678012443143094 -0.0014091293878575541 -0.001499149946106678 0.0013264104095978111 -0.00037216435250465927
leaf_weight=317 3126 544 3258 25694 8832 1798 4196 17335 169 12446 7803 9229 3489 25862 23354 36203 21827 28489 12603 5710 699 3027 7345 16183 2861 22060 3156 3913 3174 16596 191 33239 238 11305 11403 12991 2779 5042 13323 6508 6355 31387 5698 788 18701 1358 8669 1897 4792 550 10821 19667 3600 23674 25554 1570 1245 620 2474 9842 9441 1557
leaf_count=317 3126 544 3258 25694 8832 1798 4196 17335 169 12446 7803 9229 3489 25862 23354 36203 21827 28489 12603 5710 699 3027 7345 16183 2861 22060 3156 3913 3174 16596 191 33239 238 11305 11403 12991 2779 5042 13323 6508 6355 31387 5698 788 18701 1358 8669 1897 4792 550 10821 19667 3600 23674 25554 1570 1245 620 2474 9842 9441 1557
internal_value=3.73445e-07 0.000635904 -0.00229786 0.00136374 -6.06802e-05 -0.00169751 -0.0043816 0.00187694 0.00149437 0.000995724 -0.00393438 0.00228829 -0.0034441 0.000259191 0.000646876 -0.000456702 -0.00131481 -0.000619931 0.00113205 0.00168295 -0.0024111 -0.00586383 -0.00223278 -0.00203545 -0.00298972 0.00125493 0.000411379 0.00278996 -0.000226851 -0.00110262 0.00236853 0.000376125 0.000738737 -0.000286412 -0.00160255 0.00208479 -0.00450338 0.000790294 0.000725206 0.00111638 -0.00290642 4.72627e-05 -0.00141833 -0.00731648 0.000865415 0.00151826 -8.19287e-05 -0.00250108 0.000731934 -0.000899486 0.000236664 -0.000465606 0.00228992 0.000156863 0.0012158 -0.00558906 -0.00522229 0.00336009 -0.00115388 -0.00133357 0.00156781 -0.00072054
internal_weight=618577 484577 134000 236973 247604 104028 29972 98965 51277 138008 23025 47688 12443 136971 38778 110633 67714 64692 99230 41036 36314 6947 26701 19356 8247 67926 79722 13762 45941 38973 5901 76566 10241 42767 28741 33926 10582 10072 36677 44508 9613 57249 17338 1105 31304 23418 19974 4758 9834 22377 43327 22793 16591 32506 32062 5842 2815 4533 3173 15540 35135 2101
internal_count=618577 484577 134000 236973 247604 104028 29972 98965 51277 138008 23025 47688 12443 136971 38778 110633 67714 64692 99230 41036 36314 6947 26701 19356 8247 67926 79722 13762 45941 38973 5901 76566 10241 42767 28741 33926 10582 10072 36677 44508 9613 57249 17338 1105 31304 23418 19974 4758 9834 22377 43327 22793 16591 32506 32062 5842 2815 4533 3173 15540 35135 2101
cat_boundaries=0 1 3 4 72 153 154 155 236 237 238 239 307
cat_threshold=30 1073741824 272 17 0 0 0 0 0 0 0 0 0 0 0 0 0 0 0 0 0 0 0 0 0 0 0 0 0 0 0 0 0 0 0 0 0 0 0 0 0 0 0 0 0 0 0 0 0 0 0 0 0 0 0 0 0 0 0 0 0 0 0 0 0 0 0 0 0 0 0 4096 0 0 0 0 0 0 0 0 0 2050 0 0 0 0 0 0 0 2 0 0 0 0 0 0 0 0 0 16777216 0 0 0 2147483648 0 0 0 2097152 0 0 0 0 0 0 0 0 0 0 0 0 0 0 2 0 0 0 0 0 0 0 0 0 0 0 0 0 0 0 0 134217728 0 0 0 0 0 0 67108864 0 0 0 0 0 524288 72 51 0 0 0 0 0 0 0 0 0 0 0 8 0 0 0 0 0 0 0 0 0 0 0 0 0 0 0 0 0 0 0 0 0 0 33554432 0 0 0 0 131072 0 0 0 524288 0 0 0 0 0 2684354560 2 0 0 0 0 0 32 4096 0 0 0 65536 2147483648 0 0 0 65536 0 1536 8388608 16384 0 0 262144 268435456 0 0 0 0 0 81920 1 19 99 0 0 0 0 0 0 0 0 0 2 0 0 0 0 0 0 0 0 0 0 0 0 0 0 0 0 0 0 0 0 0 0 0 0 0 0 0 0 0 0 0 0 1024 0 0 0 0 0 0 0 0 0 0 0 0 0 0 0 0 0 0 0 0 0 0 0 524288 4096
is_linear=0
shrinkage=0.05


Tree=31
num_leaves=63
num_cat=0
split_feature=8 8 8 8 8 8 14 14 7 13 14 13 13 8 7 13 14 13 14 13 13 14 14 13 14 14 13 14 14 13 14 14 14 13 13 13 14 13 13 14 13 14 14 14 7 14 7 7 14 14 14 14 14 14 13 13 8 14 13 14 7 14
split_gain=326.17 88.6911 60.5169 16.2066 11.3231 10.2563 7.86103 6.95136 6.24679 3.53509 3.5159 5.64091 4.15361 3.48633 3.46635 3.12553 2.76336 2.66941 2.11537 2.64166 2.04929 2.23008 2.03259 2.09033 3.56599 2.77106 2.03826 1.95518 1.72536 1.68921 1.66568 1.52749 1.3982 1.30836 1.29311 1.24969 1.24686 1.20257 1.14674 1.14611 1.09065 1.06819 1.05831 1.05574 1.04488 2.23728 4.24222 1.51876 1.1721 0.998444 0.991489 0.982976 0.969363 0.962181 0.948775 0.90877 0.908742 0.906141 0.91295 0.897329 0.888383 0.863321
threshold=1.6795000000000002 1.8325000000000002 1.4595000000000002 1.9245000000000003 1.7625000000000002 1.5695000000000003 -0.10999988700393425 0.065448775291754427 4.5000000000000009 1.857918335561721 0.037287894023239072 1.8023076816383881 1.8226809234874521 1.2795000000000003 1.5000000000000002 1.890186014534385 0.005931058257267364 1.7516683354102367 -0.097971915863715106 1.7783277951588177 1.800783472633406 -0.070971915863714971 0.052863783311381758 1.8432249302713755 -0.064083376361243824 -0.013690086382429188 1.7783277951588177 -0.12097191586371502 0.086309913617570913 1.8761670047273677 0.13643459008874828 0.16919771399691155 0.089102566508092021 1.8296745792475027 1.7516683354102367 1.8057492807426865 0.005931058257267364 1.9181177618160861 1.7712088497916894 0.15369511244229364 1.8379105622561192 0.022863783311381839 0.11319273218147631 -0.060859854515073468 1.5000000000000002 -0.065469132207658584 5.5000000000000009 3.5000000000000004 0.035916623638756036 0.096211742441073125 0.22173780145979918 0.18736881747616344 -0.032269244229164766 0.004888211075322225 1.7516683354102367 1.8508886654934142 2.0395000000000008 -0.072948871453930572 1.7712088497916894 0.13069938094684921 3.5000000000000004 -0.048730885936856032
decision_type=10 10 8 10 10 10 2 2 2 2 2 2 2 10 2 2 2 2 2 2 2 2 2 2 2 2 2 2 2 2 2 2 2 2 2 2 2 2 2 2 2 2 2 2 2 2 2 2 2 2 2 2 2 2 2 2 10 2 2 2 2 2
left_child=2 4 6 10 16 30 13 9 14 61 11 53 28 -1 -8 31 20 -18 38 51 27 -22 23 24 35 43 -24 -2 -12 49 44 33 60 -9 41 -6 -36 52 -7 -17 -23 -26 -28 -25 -4 -46 47 48 -47 -14 -30 -20 -13 -3 -10 -54 -33 58 -29 -19 -16 -5
right_child=1 3 5 7 22 18 8 15 54 -11 12 37 29 -15 32 39 17 59 19 -21 21 40 26 25 34 -27 42 57 50 -31 -32 56 -34 -35 36 -37 -38 -39 -40 -41 -42 -43 -44 -45 45 46 -48 -49 -50 -51 -52 -53 55 -55 -56 -57 -58 -59 -60 -61 -62 -63
leaf_value=-0.0058140898529914532 -0.0034341570967319664 -0.0014420699855915509 -0.0027729587254444938 -0.002326730464189174 -0.003199279957975568 -0.0019246264885912829 -0.0042410591338826907 0.0011566834303993417 0.001542252563497072 0.0015337813798854758 0.0007727457929304029 0.0001011599790436723 0.0014109349839031115 -0.0043355339252485444 -0.0028679111055279192 0.002610414223474375 -0.00015253952775823364 0.0013216230033135023 -0.0011114817043698772 0.0009434172027600647 -0.00045978675044454511 0.00027601969227813034 0.00045307518371560923 9.4933248041191923e-05 -0.001285597285432201 0.0025912754695185864 0.0015768288881673168 -0.0019574918749622337 0.0012341356591301046 0.0026956589175323089 0.0011420431445003487 0.0023943860463388391 0.0016818196726559949 0.0019504964523811841 -8.6690091807482852e-05 -0.00091206890820008126 0.00037301213001222433 0.0015464944166854201 -0.0012907358891569465 0.0043625995765884601 0.0019109645963579743 -0.00015686581049925984 0.0058268029242753983 0.00079535620357088508 -0.002691589096201989 -0.0029614314347155349 0.0026705064377707958 -0.0011822854367343604 -0.0018410384915443564 0.0023460621178905215 0.0061714247483638136 0.0029714953777698074 0.00055042545957931146 -0.00020214019342556274 0.0074963601565984795 0.0010755883972208113 0.0041169666255007125 -0.00060391693697484745 -0.00087706227281552176 0.0057816273217105264 -0.0010297615805768751 0.00028203624762523433
leaf_weight=5820 667 2724 9527 334 1026 12867 5324 6291 139 15295 44897 4885 21735 12658 4949 17143 22938 2548 37024 1660 21746 4962 32528 12291 2503 1547 3000 2424 32781 3575 350 2910 195 29680 26084 1429 33948 5551 16015 987 1284 12893 154 9568 11373 3808 521 4703 6032 3286 102 148 14219 3676 129 19583 1039 43836 10110 118 758 6280
leaf_count=5820 667 2724 9527 334 1026 12867 5324 6291 139 15295 44897 4885 21735 12658 4949 17143 22938 2548 37024 1660 21746 4962 32528 12291 2503 1547 3000 2424 32781 3575 350 2910 195 29680 26084 1429 33948 5551 16015 987 1284 12893 154 9568 11373 3808 521 4703 6032 3286 102 148 14219 3676 129 19583 1039 43836 10110 118 758 6280
internal_value=3.47605e-07 0.00060411 -0.00218301 0.00129556 -5.76477e-05 -0.00161266 -0.00416259 0.00187499 -0.00313589 0.00111613 0.00100048 0.000657554 0.00116373 -0.00480123 -0.00331599 0.00216139 -0.000433871 2.15113e-05 -0.00124909 -0.00100808 -0.000570996 -0.000220607 0.000246232 0.000131911 7.39138e-06 0.000546249 0.000570748 -0.000742955 0.000974282 0.001679 -0.0022906 0.00191414 -0.00248151 0.00181167 6.84291e-05 -0.00186795 0.000173271 0.000858278 -0.00157314 0.0027058 0.000612118 -0.000340369 0.00178434 0.000401518 -0.00232401 -0.00216222 -0.00176256 -0.00192138 -0.00227462 0.00153374 0.00124945 -0.00109523 0.000759529 -0.000729885 0.00440822 0.000854676 0.0028476 -0.000711112 -0.00108601 0.00151903 -0.00262377 0.000150296
internal_weight=618577 484577 134000 236973 247604 104028 29972 79959 11494 21909 157014 50638 106376 18478 11226 58050 110633 25604 67714 38832 85029 27992 136971 101289 77883 23406 35682 57037 77780 28596 36314 39920 5902 35971 75428 2455 60032 44238 28882 18130 6246 15396 3154 21859 35964 26437 15064 14543 9840 25021 32883 37172 38687 6400 268 33802 3949 56370 12534 2666 5707 6614
internal_count=618577 484577 134000 236973 247604 104028 29972 79959 11494 21909 157014 50638 106376 18478 11226 58050 110633 25604 67714 38832 85029 27992 136971 101289 77883 23406 35682 57037 77780 28596 36314 39920 5902 35971 75428 2455 60032 44238 28882 18130 6246 15396 3154 21859 35964 26437 15064 14543 9840 25021 32883 37172 38687 6400 268 33802 3949 56370 12534 2666 5707 6614
is_linear=0
shrinkage=0.05


Tree=32
num_leaves=63
num_cat=0
split_feature=8 8 8 8 8 8 14 14 7 13 7 14 13 13 8 14 14 13 13 14 13 14 13 14 14 13 13 14 14 13 14 13 13 14 13 14 14 13 14 14 13 13 14 13 13 14 7 14 7 7 13 14 8 13 14 14 14 14 13 8 14 7
split_gain=294.369 80.044 54.6165 14.5558 10.2911 9.2563 7.09458 6.34651 5.63773 3.25453 3.18962 3.17205 5.12496 3.57358 3.16005 2.57205 1.92282 2.577 1.90378 1.85203 1.90706 4.27492 1.85378 1.74025 1.64954 1.63715 1.553 2.94913 2.1154 1.57891 1.50328 1.49436 1.44658 1.43882 1.48102 1.36271 1.27896 1.2299 1.46063 1.18245 1.13126 1.12661 1.07632 1.02654 1.01685 1.00978 0.95883 3.21929 3.0906 1.06253 0.956118 0.953263 0.94911 0.943638 1.04814 0.941356 0.890268 0.872292 0.856269 0.840254 0.834632 0.783403
threshold=1.6795000000000002 1.8345000000000002 1.4595000000000002 1.9245000000000003 1.7625000000000002 1.5695000000000003 -0.10999988700393425 0.045723070680631202 4.5000000000000009 1.9050218519754698 2.5000000000000004 0.045120000231452136 1.7922103034227244 1.8432249302713755 1.2895000000000001 0.066434590088748316 -0.10356540991125172 1.7861665622526861 1.857918335561721 0.052863783311381758 1.787960130808419 -0.023690086382429195 1.7783277951588177 0.11319273218147631 0.096211742441073125 1.8508886654934142 1.8432249302713755 -0.083788257558926924 -0.080824228641329418 1.7748379703175199 0.13643459008874828 1.8296745792475027 1.7837075644055045 0.0040525626340125473 1.8296745792475027 0.0029310449051376257 -0.026530032910463294 1.8710351686054125 -0.060859854515073468 -0.034739700287642609 1.7861665622526861 1.7516683354102367 -0.010897433491907858 1.8761670047273677 1.7712088497916894 -0.097971915863715106 2.5000000000000004 -0.025141334261173928 5.5000000000000009 3.5000000000000004 1.9181177618160861 0.10973199222363829 2.1940000000000004 1.7861665622526861 0.16919771399691155 -0.013690086382429188 0.18736881747616344 -0.16589216316615404 1.7516683354102367 1.1595000000000002 0.15369511244229364 3.5000000000000004
decision_type=10 10 8 10 10 10 2 2 2 2 2 2 2 2 10 2 2 2 2 2 2 2 2 2 2 2 2 2 2 2 2 2 2 2 2 2 2 2 2 2 2 2 2 2 2 2 2 2 2 2 2 2 10 2 2 2 2 2 2 10 2 2
left_child=2 4 6 11 15 30 14 18 10 23 35 12 -3 24 59 26 44 56 -5 20 21 -6 -21 31 40 55 28 -28 29 -2 46 -9 36 37 -35 -8 -30 45 -39 -34 -13 -17 -27 -15 -7 -22 -4 -48 49 -49 -44 -24 -25 -26 -55 -14 61 -31 -10 -1 -11 -18
right_child=1 3 5 7 19 16 8 9 58 60 -12 13 25 43 -16 41 17 -19 -20 22 33 -23 51 52 53 42 27 -29 32 57 -32 -33 39 34 -36 -37 -38 38 -40 -41 -42 -43 50 -45 -46 -47 47 48 -50 -51 -52 -53 -54 54 -56 -57 -58 -59 -60 -61 -62 -63
leaf_value=-0.0066904972307805823 -0.0022491878948015412 -0.00089812444178428432 -0.0025240124227307241 -4.2196541451620987e-05 -0.002407271892533135 -0.0018814582131485313 -0.0039691105276962206 0.00069196324650185352 0.0014651399402269465 0.0025688581512768138 -0.0017590209093936477 0.00056905563186477194 -0.0011172711568832767 0.0016880671816424109 -0.0040692198982580944 0.00033181555686303264 -0.0017977872039101059 0.0011353640659114382 0.0012378194214458795 0.000432054517876554 -0.0017029649118840578 -5.9013393287727389e-06 0.0014972177200907916 0.0021800372263272977 0.001073068943559193 0.00068914021234567206 -0.00032148379664719939 0.0016719583372141217 -0.00081218352420504294 -0.00425455953724481 0.0010849410025044303 0.0017158811506013398 -0.00018981430993571203 0.00064219806168827566 0.0025077889851915342 -0.0023152933598645227 -0.00033808614854310401 0.00020187952288174086 0.0013283997139448393 0.00095200011107582881 0.0010266972424264221 0.0023493605651346938 0.0011766913895274057 0.0028031428897983194 -0.0012532156934077958 8.1790548808680997e-05 -0.0024589085736573717 -0.001867312758822596 0.0037703433082441323 -0.00065400171814686942 0.0025723024896775388 0.0054690823087808474 0.0062286293733711936 0.0016334367075597324 0.0061146086843853649 0.00053660007762885412 0.0028229206329686697 -0.0008021820461388071 0.0071215421134649326 -0.0051806811039224309 0.0042239720920507337 -0.00099533703293225892
leaf_weight=1104 2255 4831 14385 4834 1931 11209 6681 3990 139 12528 3014 20536 897 9434 11799 5042 3318 1399 7279 32751 814 46068 3027 17043 13906 13486 9312 2317 23549 185 350 33328 11813 9374 1200 1531 35929 7626 4621 2806 39434 802 17287 2642 15141 30026 13727 4567 302 2983 1321 159 146 11407 132 21075 148 16623 129 5575 811 36499
leaf_count=1104 2255 4831 14385 4834 1931 11209 6681 3990 139 12528 3014 20536 897 9434 11799 5042 3318 1399 7279 32751 814 46068 3027 17043 13906 13486 9312 2317 23549 185 350 33328 11813 9374 1200 1531 35929 7626 4621 2806 39434 802 17287 2642 15141 30026 13727 4567 302 2983 1321 159 146 11407 132 21075 148 16623 129 5575 811 36499
internal_value=3.30226e-07 0.000573905 -0.00207386 0.00123248 -5.31435e-05 -0.00153203 -0.00395446 0.00178124 -0.00297909 0.00196946 -0.00315019 0.000951907 0.000662191 0.00112693 -0.00456117 -0.000412177 -0.00118664 -0.00097398 0.000726997 0.000235533 0.000126468 -0.000102508 0.00054406 0.00179815 0.00101311 0.000801611 -0.00046911 7.56961e-05 -0.000537117 -0.00100686 -0.00217607 0.0016064 -0.000416267 0.000331284 0.000853916 -0.00366078 -0.000525795 0.000203024 0.000626935 2.93478e-05 0.000869983 0.000608693 0.00102926 0.00193202 -0.00152046 3.46832e-05 -0.00220781 -0.00199702 -0.00118954 -0.00138793 0.00127577 0.00169544 0.00221443 0.00135044 0.0016847 0.000469081 -0.00104782 -0.000840181 0.00418781 -0.00543024 0.00266949 -0.00106221
internal_weight=618577 484577 134000 236347 248230 104028 29972 79959 11494 67846 11226 156388 58897 97491 18478 110633 67714 41364 12113 137597 101660 47999 35937 54507 85415 54066 104789 11629 93160 19063 36314 37318 74097 53661 10574 8212 59478 43087 12247 14619 59970 5844 32094 12076 26350 30840 35964 21579 7852 7550 18608 3186 17189 25445 11539 21972 39965 16808 268 6679 13339 39817
internal_count=618577 484577 134000 236347 248230 104028 29972 79959 11494 67846 11226 156388 58897 97491 18478 110633 67714 41364 12113 137597 101660 47999 35937 54507 85415 54066 104789 11629 93160 19063 36314 37318 74097 53661 10574 8212 59478 43087 12247 14619 59970 5844 32094 12076 26350 30840 35964 21579 7852 7550 18608 3186 17189 25445 11539 21972 39965 16808 268 6679 13339 39817
is_linear=0
shrinkage=0.05


Tree=33
num_leaves=63
num_cat=0
split_feature=8 8 8 14 13 8 8 13 14 7 14 14 8 14 7 14 14 13 13 14 2 14 14 13 13 14 13 14 13 14 13 14 13 13 13 14 2 14 14 13 14 13 13 13 14 14 13 2 14 14 2 2 7 14 7 2 14 2 14 8 14 3
split_gain=265.668 72.2425 49.2914 13.4722 9.73324 9.2428 8.36719 7.54 6.40286 5.16413 4.36209 2.91626 2.85716 2.53251 2.33445 2.19279 2.06954 2.14515 2.13957 4.10357 1.97633 1.93326 1.78553 2.49143 1.53733 1.42016 2.10211 1.38757 1.38073 1.68298 1.34727 1.3289 1.82909 1.53044 1.25902 1.18715 1.32071 1.12384 1.0494 1.00289 0.985725 0.932774 0.928996 0.927304 0.894573 0.867748 0.854523 0.841865 1.85205 1.23608 0.916335 0.875937 0.802931 1.75945 3.91771 1.18792 0.826339 0.806976 0.772644 0.720773 0.711758 0.711217
threshold=1.6795000000000002 1.8325000000000002 1.4595000000000002 0.075669784045743663 1.8432249302713755 1.7555000000000003 1.5655000000000003 1.8296745792475027 -0.10999988700393425 3.5000000000000004 0.0088679222538089481 0.029460220511004612 1.2795000000000003 0.18736881747616344 6.5000000000000009 0.056424843510216045 0.044714629319922213 1.8035893350394401 1.787960130808419 -0.028190554210275939 2.5000000000000004 0.13643459008874828 -0.10493367528632024 1.7861665622526861 1.7812280917457983 -0.062766314920685948 1.8710351686054125 0.13643459008874828 1.8808204437217764 -0.13089743349190794 1.9050218519754698 -0.078722104995656891 1.7837075644055045 1.7748379703175199 1.8208541137852097 -0.14748851973673668 19.500000000000004 -0.0027121059767609697 -0.035947437365987482 1.7516683354102367 0.13998476930778295 1.8808204437217764 1.7636290502143075 1.7643638559710106 0.0040525626340125473 0.119548456515452 1.7516683354102367 4.5000000000000009 0.12792465385803589 0.031066324713679653 6.5000000000000009 7.5000000000000009 1.5000000000000002 -0.095997386183176645 6.5000000000000009 5.5000000000000009 -0.0011362166886181855 4.5000000000000009 -0.032269244229164766 1.3595000000000004 -0.026530032910463294 10.500000000000002
decision_type=10 10 8 2 2 10 10 2 2 2 2 2 10 2 2 2 2 2 2 2 2 2 2 2 2 2 2 2 2 2 2 2 2 2 2 2 2 2 2 2 2 2 2 2 2 2 2 2 2 2 2 2 2 2 2 2 2 2 2 10 2 2
left_child=2 5 8 7 13 15 27 10 12 20 -3 35 -1 24 -11 28 18 40 19 -7 -10 41 39 47 -5 34 44 52 31 -30 -13 33 60 -2 -20 -9 58 -22 -34 -8 42 -6 -18 -12 -27 -26 -17 -24 49 51 -51 -49 -4 -54 55 56 -55 -58 -37 -14 -33 -42
right_child=1 3 6 4 21 16 22 11 9 14 43 30 59 -15 -16 46 17 -19 25 -21 37 -23 23 -25 45 26 -28 -29 29 -31 -32 32 38 -35 -36 36 -38 -39 -40 -41 61 -43 -44 -45 -46 -47 -48 48 -50 50 -52 -53 53 54 -56 -57 57 -59 -60 -61 -62 -63
leaf_value=-0.0052500313685580752 -0.0020319978183737544 -0.0009483563929555492 -0.0025368527114471209 0.00080763339817503145 0.001799211577474793 -0.0023701480994280746 -0.0019081076806532612 -0.0021765542817277126 -0.0038435196501837633 -0.00040585277414309848 -0.000379123040969805 0.0013179797169594256 -0.0042234467994121351 0.0026712318169664949 0.0066502354330202533 0.00026288487304945354 0.00023834892296636684 0.0030977770742297486 -0.0016553992350979659 -8.3046717753326477e-05 -0.0028640553342093814 0.0030940348031527946 -0.0016696207258846164 0.001098613913590261 0.0012084265120077447 0.00014594974348310324 0.0013680292236418455 0.0012889964434588969 -0.000454859174974733 0.0017563711196793006 0.002156998051004179 -0.00074988559743694545 -6.3594491866945043e-05 -0.00071534454230198882 7.8489216339390753e-07 0.00012429541744167144 0.001453382027778915 -0.0010813531515353522 0.001200396472286331 -0.0012558297943209907 0.0013470616294135129 0.0023151343512576666 0.00073714096282972855 0.00058378195193640027 0.00071098056240874604 0.0017908982850611398 0.0020053542283761808 -0.0016486197340033041 0.0028444309639075981 -0.00063584747262943942 0.0009000102155334854 -0.00098129147178375119 -0.0025093079991074171 -0.0026559530650605112 0.0032499465394215453 -0.00042908757774694781 -0.0019027207589565973 -0.00063164619232818076 0.00081384369321920173 -0.0034551441790332225 -0.00037297529143895912 0.0048541751002804156
leaf_weight=5820 2453 5575 9141 22006 16750 2051 8740 327 5324 936 2648 37151 7519 2829 134 4921 31402 763 1243 44815 3962 5294 4459 1435 30057 27133 5180 298 2050 1483 5492 22896 9890 22013 14936 4836 7288 1138 1969 18090 1036 18368 13284 44832 9443 8122 821 6190 320 6335 1147 23918 9616 3003 399 1467 7990 1480 25398 5139 27654 168
leaf_count=5820 2453 5575 9141 22006 16750 2051 8740 327 5324 936 2648 37151 7519 2829 134 4921 31402 763 1243 44815 3962 5294 4459 1435 30057 27133 5180 298 2050 1483 5492 22896 9890 22013 14936 4836 7288 1138 1969 18090 1036 18368 13284 44832 9443 8122 821 6190 320 6335 1147 23918 9616 3003 399 1467 7990 1480 25398 5139 27654 168
internal_value=3.13715e-07 0.00054521 -0.00197016 0.00116925 0.00159765 -5.20397e-05 -0.00145543 0.000837482 -0.00375674 -0.00283014 0.000374726 0.0011425 -0.00433311 0.00120921 0.000477807 -0.000435446 0.000191364 0.000468383 6.80469e-05 -0.000183137 -0.00316969 0.00220333 -0.0011471 -0.000950356 0.00114049 0.00027124 0.000425334 -0.00210759 -0.000495621 0.000473319 0.00142604 -0.000535026 -0.000412585 -0.000847354 -0.000126456 0.00082305 0.000849191 -0.00246627 0.000146271 -0.00146831 0.000424665 0.00206906 0.000386627 0.00053008 0.000291826 0.00133234 0.000512026 -0.00101975 -0.000943314 -0.000975559 -0.000400399 -0.00111849 -0.00213817 -0.00198604 -0.00163513 -0.00177496 -0.00193325 -0.00170407 0.000703549 -0.00391152 -0.000543692 0.00183643
internal_weight=618577 484577 134000 236973 103426 247604 104028 133547 29972 11494 53055 80492 18478 63014 1070 96150 151454 46653 104801 46866 10424 40412 70634 43804 60185 57935 41756 33394 90408 3533 42643 86875 62409 24466 16179 37849 37522 5100 11859 26830 45890 35118 44686 47480 36576 38179 5742 42369 37910 37590 7482 30108 33096 23955 14339 13940 12473 9470 30234 12658 50550 1204
internal_count=618577 484577 134000 236973 103426 247604 104028 133547 29972 11494 53055 80492 18478 63014 1070 96150 151454 46653 104801 46866 10424 40412 70634 43804 60185 57935 41756 33394 90408 3533 42643 86875 62409 24466 16179 37849 37522 5100 11859 26830 45890 35118 44686 47480 36576 38179 5742 42369 37910 37590 7482 30108 33096 23955 14339 13940 12473 9470 30234 12658 50550 1204
is_linear=0
shrinkage=0.05


Tree=34
num_leaves=63
num_cat=12
split_feature=8 8 8 8 8 8 8 13 13 8 8 7 0 10 8 8 13 7 16 7 7 13 13 7 0 7 8 7 8 13 8 2 8 13 15 8 2 7 7 11 4 2 10 15 7 11 8 11 10 2 0 15 12 7 8 15 0 7 0 2 0 2
split_gain=239.765 65.1989 44.4855 11.8075 8.34163 7.55139 5.35008 3.79203 3.26113 1.90108 1.68448 1.55361 1.52398 1.51799 1.38821 1.29924 1.16868 0.936458 0.856711 0.854474 0.99029 0.852717 0.803887 0.786366 0.767496 0.762564 0.732657 0.683947 0.6374 0.586287 0.543549 0.515214 0.449561 0.443481 0.425116 0.422063 0.399419 0.398958 0.397633 0.392539 0.379806 0.363994 0.519984 0.354283 0.327971 0.32179 0.31192 0.280334 0.274885 0.273511 0.269166 0.287109 0.268221 0.456295 0.249438 0.248229 0.24458 0.24053 0.240017 0.242876 0.234793 0.213278
threshold=1.6795000000000002 1.8325000000000002 1.4595000000000002 1.9385000000000001 1.7555000000000003 1.5655000000000003 1.3095000000000001 1.800783472633406 1.787960130808419 2.0060000000000007 1.8945000000000001 43.500000000000007 0 1.3555000000000004 1.6285000000000001 1.1995000000000002 1.8808204437217764 20.500000000000004 1 2.5000000000000004 19.500000000000004 1.9050218519754698 1.8808204437217764 39.500000000000007 2 38.500000000000007 2.1160000000000005 2.5000000000000004 1.8005000000000002 1.8432249302713755 1.7195000000000003 19.500000000000004 1.5095000000000003 1.8508886654934142 3 1.7905000000000002 27.500000000000004 39.500000000000007 40.500000000000007 1.6065000000000003 4 3.5000000000000004 1.1020000000000001 5 2.5000000000000004 1.8704285714285718 1.3995000000000002 1.9062142857142861 1.4455000000000002 23.500000000000004 6 7 1.2210833333333333 2.5000000000000004 1.8645000000000003 8 9 3.5000000000000004 10 22.500000000000004 11 23.500000000000004
decision_type=10 8 8 10 10 10 10 2 2 10 10 2 1 8 10 10 2 2 9 2 2 2 2 2 1 2 10 2 10 2 10 2 10 2 9 10 2 2 2 10 1 2 10 9 2 10 10 10 10 2 1 9 10 2 10 9 1 2 1 2 1 2
left_child=2 4 6 8 16 19 15 34 13 22 25 21 18 43 38 41 17 39 -8 32 24 28 -9 33 -21 29 31 -20 58 54 -19 -11 -4 -16 -5 49 -15 45 44 55 52 42 -1 -3 -7 -12 -14 -24 -35 -13 -26 -52 -17 -54 -10 -2 -31 -29 59 -6 -41 -37
right_child=1 3 5 7 11 14 12 9 10 26 37 35 46 36 23 40 -18 30 27 20 -22 -23 47 -25 50 -27 -28 57 -30 56 -32 -33 -34 48 -36 61 -38 -39 -40 60 -42 -43 -44 -45 -46 -47 -48 -49 -50 -51 51 -53 53 -55 -56 -57 -58 -59 -60 -61 -62 -63
leaf_value=-0.0083986006837725551 8.0854199943621388e-06 -0.001605395118303869 -0.0026927375299000337 0.0024469009989979899 0.00047627201841423343 -0.0017721944138902415 -0.0033699219889290373 0.0014944796384833716 0.00073731297337894814 0.0021359067935886999 0.001167793362480668 -0.00028558598051603006 -0.0037907123345277713 0.00046226386539542294 -0.0007793485398191872 -0.0043262218977068818 0.00047662263395491017 -0.00066965263123780646 -0.0029650272921099251 -7.6171213249888586e-05 -0.0022861027403816687 0.0011019170437871629 0.0016824231134874657 -0.0011592705514255699 -0.0013707476384115776 0.00063768700225937038 0.0046138951240793794 -0.0023067701008553927 0.00045440110616573934 0.0014967282783389839 -0.00039609879850997651 0.0029513059973034074 -0.0020944545681381879 -0.00049819260326640173 0.00068578693980016127 2.3724361448090972e-05 0.00079808131717930188 0.0010386425938314762 -0.0016580926977042309 0.00029550501863798276 -0.0047362010582338169 -0.005052607000608042 -0.0056672343557667253 -0.00029910208484659615 -0.0011493609453046838 0.0014735859323764899 -0.0031557811202794148 0.0020369338518212358 0.0012387404239353802 4.7542537062598612e-06 -0.0014038535618756797 -0.0021243487474199995 -0.0039718535404785786 -0.0023568060930396033 0.00099397198405961674 -0.00052196043556533599 0.0010778656764972772 -0.0015653840739313586 9.7907053594255779e-05 9.4955297433694998e-05 -0.00020485743044783658 0.00029892617059957736
leaf_weight=232 3206 713 4822 350 10594 2483 3480 22848 18765 6049 15871 15513 6364 24650 24446 2605 3550 35861 3126 855 6638 3325 8751 19831 5576 24567 389 2673 33846 5662 36787 2850 9001 470 9109 18958 13818 17139 8753 5578 2401 1301 700 1896 14209 18787 2779 15372 442 17001 2388 4114 1890 569 19104 7137 10283 1852 34125 6893 4031 11199
leaf_count=232 3206 713 4822 350 10594 2483 3480 22848 18765 6049 15871 15513 6364 24650 24446 2605 3550 35861 3126 855 6638 3325 8751 19831 5576 24567 389 2673 33846 5662 36787 2850 9001 470 9109 18958 13818 17139 8753 5578 2401 1301 700 1896 14209 18787 2779 15372 442 17001 2388 4114 1890 569 19104 7137 10283 1852 34125 6893 4031 11199
internal_value=2.98028e-07 0.000517949 -0.00187166 0.00111079 -4.94377e-05 -0.00138266 -0.0035689 0.00168053 0.000892155 0.00183627 0.00101472 0.000181796 -0.00310688 0.000503735 -0.00108974 -0.00453477 -0.000413673 -0.000447804 -0.00270126 -0.00200221 -0.00178965 0.000316341 0.00170702 -0.000923412 -0.00153484 0.000868508 0.00248989 -0.00239313 0.000285776 0.000973881 -0.000531132 0.00239705 -0.00230316 -0.000738961 0.000754263 -8.80834e-06 0.000582892 0.00123597 -0.00138514 -0.000144396 -0.00421825 -0.00559292 -0.00634715 -0.000663392 -0.00124201 0.00133355 -0.0035938 0.00190833 0.00034361 -0.000133772 -0.00163669 -0.00186229 -0.00397268 -0.00359814 0.000866791 -0.00035816 0.00122822 -0.00200333 0.000175196 0.000325779 8.5696e-05 0.000125922
internal_weight=618577 484577 134000 236973 247604 104028 29972 65718 171255 56259 130178 151454 20274 41077 70634 9698 96150 92600 11131 33394 19571 88783 46971 45189 12933 78381 9288 7651 85458 53814 72648 8899 13823 25358 9459 62671 38468 51797 25445 19952 7465 2233 932 2609 16692 34658 9143 24123 912 32514 12078 6502 5064 2459 37869 10343 15945 4525 51612 17487 9609 30157
internal_count=618577 484577 134000 236973 247604 104028 29972 65718 171255 56259 130178 151454 20274 41077 70634 9698 96150 92600 11131 33394 19571 88783 46971 45189 12933 78381 9288 7651 85458 53814 72648 8899 13823 25358 9459 62671 38468 51797 25445 19952 7465 2233 932 2609 16692 34658 9143 24123 912 32514 12078 6502 5064 2459 37869 10343 15945 4525 51612 17487 9609 30157
cat_boundaries=0 1 3 4 85 86 154 155 236 317 318 319 320
cat_threshold=30 1073741824 272 3 524288 0 0 0 0 0 0 0 0 2050 0 0 0 0 0 0 0 2 0 0 0 0 0 0 536870912 0 2 16777216 0 0 0 2147483648 0 0 0 0 0 0 0 0 0 0 0 0 0 0 0 0 0 0 2 0 0 0 0 0 0 0 0 0 0 0 2147483648 0 0 0 0 134217728 0 0 0 0 0 0 603979776 0 0 0 0 0 524544 1 0 0 0 0 0 0 0 0 0 2 0 0 0 0 0 0 0 0 0 0 0 0 0 0 0 0 0 0 0 0 0 0 0 0 0 0 0 0 0 0 0 0 1024 0 0 0 0 0 0 0 0 0 0 0 0 0 0 0 0 0 0 0 0 0 0 0 524288 4096 24 0 0 0 0 0 0 0 0 64 0 0 0 16384 0 524288 0 0 0 1 0 0 0 0 0 0 0 0 0 0 0 0 0 0 0 2181038080 0 0 0 0 0 0 0 0 0 0 0 0 0 0 536870912 2 0 0 0 0 0 0 2097152 0 4194304 0 0 0 0 3145728 0 65536 4096 0 8388608 0 0 0 0 0 0 0 0 0 0 65536 0 0 0 0 0 0 0 0 64 0 4194304 8 16384 0 524288 0 0 0 0 0 0 0 0 32 0 0 0 0 0 0 0 0 0 0 33554432 0 0 0 0 0 0 0 0 0 0 0 0 0 0 0 2 0 0 0 0 0 0 0 0 4194304 0 0 0 0 1048576 0 73728 0 512 8388608 0 0 0 0 0 33554432 0 0 0 0 65536 18 3 51
is_linear=0
shrinkage=0.05


Tree=35
num_leaves=63
num_cat=1
split_feature=8 8 8 14 13 8 8 13 14 7 14 14 8 2 14 14 14 7 14 14 14 13 13 13 14 14 13 13 14 14 13 13 14 2 14 8 13 7 14 7 13 14 13 13 14 14 14 13 2 14 8 14 14 13 14 13 14 14 8 14 14 15
split_gain=216.352 54.9807 43.6886 11.6717 7.17064 6.9556 6.58739 6.43797 5.98791 4.64484 4.29934 3.39583 2.82932 2.4404 1.99132 1.96417 1.91935 1.76617 1.50245 1.4587 1.2515 1.38025 1.24174 1.23909 2.18889 1.78045 1.46396 1.23328 1.82574 1.2175 1.69869 1.48678 1.1305 1.19287 1.0979 1.08208 1.02471 1.00808 3.11985 2.52856 0.966095 0.944394 0.999957 0.894711 1.17366 0.880195 0.862029 0.85462 0.844793 0.823323 0.8176 0.805013 0.773465 1.8422 0.770223 0.756092 0.714439 0.712477 0.705434 0.695194 0.68855 0.657354
threshold=1.6955000000000002 1.8345000000000002 1.4795000000000003 0.086309913617570913 1.8296745792475027 1.5985000000000003 1.7695000000000001 1.8432249302713755 -0.099757500569899502 4.5000000000000009 0.014838376917312714 0.036549113499794068 1.2895000000000001 3.5000000000000004 0.18736881747616344 0.046331873364415473 0.038469967089536768 5.5000000000000009 0.15369511244229364 0.18736881747616344 0.062959008592888624 1.7783277951588177 1.890186014534385 1.8432249302713755 -0.083788257558926924 -0.080824228641329418 1.7783277951588177 1.7664540979860031 0.0040525626340125473 -0.082269244229164804 1.8411380396533612 1.8808204437217764 -0.12788527009430159 19.500000000000004 -0.0094351754930646053 1.6485000000000001 1.7837075644055045 2.5000000000000004 0.038469967089536768 4.5000000000000009 1.7397976231570116 0.010658962400804219 1.8134236480004582 1.7783277951588177 -0.018075332789834416 -0.010897433491907858 0.10504477195683472 1.7516683354102367 19.500000000000004 -0.14748851973673668 1.3795000000000002 -0.032269244229164766 -0.1530833295540914 1.7516683354102367 -0.022415297091337712 1.7516683354102367 0.13998476930778295 0.094723120531272534 1.1595000000000002 0.061066324713679683 -0.029473454994190181 0
decision_type=10 10 8 2 2 8 10 2 2 2 2 2 10 2 2 2 2 2 2 2 2 2 2 2 2 2 2 2 2 2 2 2 2 2 2 10 2 2 2 2 2 2 2 2 2 2 2 2 2 2 10 2 2 2 2 2 2 2 10 2 2 9
left_child=2 6 8 4 10 19 15 14 12 13 60 32 58 34 36 23 35 -18 48 37 27 -22 -13 25 -25 26 -2 28 -8 30 -29 41 -6 54 -10 -7 -5 -4 52 -40 -17 -31 -43 44 -27 -45 -19 -12 -9 -28 -14 -33 -39 -54 -34 -11 -23 -15 -1 -49 -3 -16
right_child=1 3 5 7 11 16 20 18 9 55 47 22 50 57 61 40 17 46 -20 -21 21 56 -24 24 -26 43 49 29 -30 31 -32 51 33 -35 -36 -37 -38 38 39 -41 -42 42 -44 45 -46 -47 -48 59 -50 -51 -52 -53 53 -55 -56 -57 -58 -59 -60 -61 -62 -63
leaf_value=-0.0058039794406970803 -0.0023764205963748564 -0.0014054088153789054 -0.002079185817806248 0.0008183829384250654 -0.0017811293977341173 -0.0012836651918201477 -0.0017558936893641132 0.0018997279788607107 -0.0034334250421202469 0.0013834074359778351 -0.00099938526290354441 0.0012365910684253934 -0.0037053924213111631 -0.0015815054732754683 0.0047238528153518561 0.00023850535829718209 -0.00058064927312662291 0.00083240844090665524 0.0033849595847203332 0.0041232867600211774 0.00045629280563898279 0.0016564061423954388 0.0018244459262254991 -0.00025975632266397647 0.0012525942784150314 -0.00070268577889728834 -0.0035527180770740792 -0.0028658989628301489 -2.664769062808823e-05 8.3458316597768414e-05 -0.0001288070491704354 0.00083311814282994849 0.00018393022598444829 0.0013546935982264381 -0.0022470136807086461 -0.00085053208208707052 0.0013044830483359788 -0.0021614381119223875 -0.00080900828935322351 0.0029309622325291414 0.0017775442492037044 0.00040348639672684988 0.0017175366447171785 -0.00011252493372592703 -0.00023999970137354016 0.0012212113598390651 0.0045566136569737698 0.0003935072913368543 0.0026321686214318281 -0.00068560552529281721 -0.0029363376509357261 0.0024071430183928645 -0.0017054033826726508 0.0010403459898806666 0.00078423557910166754 0.0063356669996171558 0.0058903101304510859 0.0024540324837836825 -0.0044131802477797751 0.00074059960420741206 -0.00037984371684084703 0.0021855001138456438
leaf_weight=1089 1508 2600 14789 18117 430 22865 1626 24218 5544 170 877 36889 8549 3407 297 6570 6663 1608 2163 106 21446 1660 11875 9625 3184 21692 255 637 24917 34400 5148 4150 6601 7788 3008 39040 26997 9459 4375 504 1207 25753 1534 19036 37229 1323 172 27858 4701 13857 5801 1010 10942 647 28045 141 106 113 5601 29921 4417 2535
leaf_count=1089 1508 2600 14789 18117 430 22865 1626 24218 5544 170 877 36889 8549 3407 297 6570 6663 1608 2163 106 21446 1660 11875 9625 3184 21692 255 637 24917 34400 5148 4150 6601 7788 3008 39040 26997 9459 4375 504 1207 25753 1534 19036 37229 1323 172 27858 4701 13857 5801 1010 10942 647 28045 141 106 113 5601 29921 4417 2535
internal_value=1.22122e-06 0.000517482 -0.00169189 0.00105762 0.000808564 -0.00121534 -1.91538e-05 0.00155336 -0.00327697 -0.00240461 0.000409811 0.00109436 -0.00379039 -0.00256004 0.00119001 -0.000290021 -0.000914061 -0.000206871 0.00211386 -0.00173452 0.00023644 0.000566934 0.00137975 -0.00034543 0.000116177 -0.000407734 -0.000895648 0.000159088 -0.00013258 0.000265677 -0.000430195 0.000325898 0.000769701 0.00079555 -0.00301613 -0.00101051 0.00110927 -0.00174977 -0.00156187 -0.00042267 0.000477366 0.000257699 0.000477359 -0.000311604 -0.000410339 -2.5854e-05 0.00119228 0.000549737 0.00201879 -0.000737413 -0.0033945 0.00114121 -0.00182594 -0.00155211 0.000669861 0.00362864 0.00191054 -0.00145196 -0.00463957 0.00057325 -0.000759845 0.0024761
internal_weight=618795 474202 144593 236329 157301 111170 237873 79028 33423 12383 65673 91628 21040 12072 47946 115486 70348 8443 31082 40822 122387 23212 48764 107709 12809 94900 15620 99175 26543 72632 5785 66847 42864 42434 8552 61905 45114 40716 25927 4879 7777 61687 27287 79280 58921 20359 1780 58656 28919 14112 14350 5160 21048 11589 34646 311 1766 3520 6690 57779 7017 2832
internal_count=618795 474202 144593 236329 157301 111170 237873 79028 33423 12383 65673 91628 21040 12072 47946 115486 70348 8443 31082 40822 122387 23212 48764 107709 12809 94900 15620 99175 26543 72632 5785 66847 42864 42434 8552 61905 45114 40716 25927 4879 7777 61687 27287 79280 58921 20359 1780 58656 28919 14112 14350 5160 21048 11589 34646 311 1766 3520 6690 57779 7017 2832
cat_boundaries=0 68
cat_threshold=0 0 0 0 0 0 0 0 0 0 0 0 0 0 0 0 0 0 0 0 0 0 0 0 0 0 0 16777216 0 0 0 0 0 0 0 0 0 0 0 0 0 0 0 0 0 0 0 0 0 0 2 0 0 0 0 0 0 0 32 0 0 0 0 0 0 0 0 134217728
is_linear=0
shrinkage=0.05


Tree=36
num_leaves=63
num_cat=0
split_feature=8 8 8 14 13 8 13 14 8 7 14 8 14 14 7 14 14 13 14 13 14 14 2 14 13 13 7 13 14 14 14 13 14 14 13 13 14 2 14 13 7 14 7 8 14 13 14 14 13 14 7 8 13 14 14 13 13 14 14 14 14 13
split_gain=195.281 53.135 36.1416 10.6198 7.23253 6.86174 5.74351 5.40409 5.16559 4.22093 3.4267 2.5656 2.29209 2.11138 2.04274 1.78674 1.75841 1.67571 2.14936 1.61973 1.59498 1.54383 1.45085 1.44714 2.2136 2.01068 1.39495 1.39483 1.29208 1.16448 1.10072 1.06412 2.23093 1.24677 1.05042 1.00311 0.934963 0.914753 0.894757 0.879703 0.834953 2.73017 2.20934 0.811617 0.811165 0.798167 0.791773 0.770842 0.733896 1.07328 0.725399 0.718419 0.682195 0.663123 0.661169 1.61229 0.647943 0.64056 0.628541 0.604953 0.594805 0.589668
threshold=1.6795000000000002 1.8325000000000002 1.4795000000000003 0.075669784045743663 1.8432249302713755 1.7525000000000002 1.8296745792475027 -0.099757500569899502 1.5895000000000004 3.5000000000000004 0.0088679222538089481 1.3095000000000001 0.016593189298751979 0.15369511244229364 6.5000000000000009 0.052863783311381758 0.076782360281942977 1.7691613125461358 -0.010897433491907858 1.7989173714657982 0.12575599800870488 -0.043690086382429098 2.5000000000000004 -0.062766314920685948 1.8208541137852097 1.8657678508960227 5.5000000000000009 1.9050218519754698 0.18736881747616344 0.075669784045743663 0.005931058257267364 1.8432249302713755 -0.093690086382429136 -0.094933675286320227 1.7731886774278114 1.7812280917457983 -0.12788527009430159 19.500000000000004 -0.00074969930653867578 1.8296745792475027 2.5000000000000004 0.038469967089536768 5.5000000000000009 1.1595000000000002 0.13998476930778295 1.7691613125461358 -0.010897433491907858 0.16919771399691155 1.7837075644055045 -0.035947437365987482 7.5000000000000009 1.6255000000000002 1.7837075644055045 -0.026530032910463294 -0.1530833295540914 1.7397976231570116 1.8808204437217764 0.021699380946849204 0.22173780145979918 -0.16589216316615404 0.070527201990151958 1.7516683354102367
decision_type=10 10 8 2 2 10 2 2 8 2 2 10 2 2 2 2 2 2 2 2 2 2 2 2 2 2 2 2 2 2 2 2 2 2 2 2 2 2 2 2 2 2 2 10 2 2 2 2 2 2 2 8 2 2 2 2 2 2 2 2 2 2
left_child=2 5 7 6 13 16 10 11 28 22 -3 43 36 35 -11 17 31 18 -7 44 56 51 -9 24 -19 38 57 -14 40 -28 -24 33 -33 34 -2 -5 -8 -38 -25 -40 60 54 -43 -1 -17 -12 -27 -22 53 -50 -18 -10 -15 -35 -42 -56 -6 -23 -54 -36 -4 -46
right_child=1 3 8 4 20 15 12 9 21 14 45 -13 27 52 -16 19 50 23 -20 -21 47 26 30 25 -26 46 29 -29 -30 -31 -32 32 -34 48 59 -37 37 -39 39 -41 41 42 -44 -45 61 -47 -48 -49 49 -51 -52 -53 58 -55 55 -57 -58 -59 -60 -61 -62 -63
leaf_value=-0.0055137803726846698 -0.0025980704046737451 -0.00086818455136337947 -0.0023855073565723565 0.00067118830694056744 0.0015149768005447469 -0.0017904092552290998 -0.0016937024970659746 -0.0031860056709175481 -0.0014236858216280651 -0.00034516644467235156 -0.00017584558706948341 -0.003118624264164583 0.0010740664168170657 0.0013731376492376389 0.0058374448387573169 0.00036864176242161679 0.00034214900910316411 -0.0018773674559791039 -0.00011901851127898026 0.0026064438640700086 0.0023523737953280487 -0.0018094818430971439 -0.0024050550226290498 2.754193714380517e-05 -1.8381271595050194e-05 0.00099923199938510804 1.5633238465725672e-05 0.0018490087713930561 0.0039019597141304986 0.0030289488510804718 -0.00068028134365220546 -0.0003366957186805159 0.0015009999672407294 -0.0006836093672810663 -0.0037420475405683233 0.0011095104887592891 0.00049990481961806267 0.0011796629047143884 0.00036830533713208373 0.0018931091118463443 -0.002065730400816152 -0.00063975296153881249 0.0044440182488825588 -0.0040590157789538615 0.0012393108653875977 0.00051045010282422469 0.0029248561111635111 0.003883416967013398 -0.00026121790700344333 0.0010286148255006825 0.00226033398390253 -0.00095832904304624447 0.0020672791813644733 -0.0003278914187346043 -0.0016313726975490446 0.0010872620288991028 0.0019642349372758316 -0.00064351618704728034 0.0038035912012880733 -0.00078463930380982859 -0.0017290368506229876 0.0044505648155946558
leaf_weight=1089 924 5574 5534 20435 15624 2034 431 5488 10679 1222 4703 11935 45040 3090 150 34562 3957 1791 35409 863 7391 1400 4348 29945 15123 5117 4370 6666 104 346 1175 7536 2115 25603 176 36132 22021 6384 26442 981 9054 4260 225 8016 1114 42714 596 925 14353 1817 563 37130 2681 26832 10251 576 16503 7427 647 9873 9165 164
leaf_count=1089 924 5574 5534 20435 15624 2034 431 5488 10679 1222 4703 11935 45040 3090 150 34562 3957 1791 35409 863 7391 1400 4348 29945 15123 5117 4370 6666 104 346 1175 7536 2115 25603 176 36132 22021 6384 26442 981 9054 4260 225 8016 1114 42714 596 925 14353 1817 563 37130 2681 26832 10251 576 16503 7427 647 9873 9165 164
internal_value=1.16575e-06 0.000468023 -0.00168877 0.00100339 0.00138372 -4.37354e-05 0.000708798 -0.00311312 -0.00121517 -0.00228438 0.000304525 -0.00360087 0.000974781 0.00104868 0.000330775 0.00016142 -0.000381049 6.62523e-05 -0.000209813 0.000465925 0.0019055 -0.000928782 -0.00261024 0.000195469 -0.000215227 0.00030559 -0.000457531 0.00117397 -0.00166376 0.000236712 -0.00203812 -0.000429786 6.60321e-05 -0.000489918 -0.000984777 0.000951165 0.000617609 0.00065268 0.000216508 0.000422852 -0.00167857 -0.00149904 -0.000384714 -0.00423301 0.000414383 0.000442381 0.00120012 0.00252267 -0.000410767 -0.000116281 0.000581073 -0.00106227 0.00190812 -0.000501582 -0.00175042 -0.00148674 0.00174575 -0.000828443 0.00240484 -0.000836436 -0.00197619 0.0016514
internal_weight=618795 484851 133944 236961 103428 247890 133533 33423 100521 12383 52991 21040 80542 62985 1372 154141 93749 117438 37443 36703 40443 61352 11011 79995 16914 63081 13543 51706 39169 4716 5523 89229 9651 79578 10973 56567 28836 28405 57368 27423 39065 24366 4485 9105 35840 47417 5713 8316 68605 16170 4520 47809 6418 52435 19881 10827 32127 8827 3328 10049 14699 1278
internal_count=618795 484851 133944 236961 103428 247890 133533 33423 100521 12383 52991 21040 80542 62985 1372 154141 93749 117438 37443 36703 40443 61352 11011 79995 16914 63081 13543 51706 39169 4716 5523 89229 9651 79578 10973 56567 28836 28405 57368 27423 39065 24366 4485 9105 35840 47417 5713 8316 68605 16170 4520 47809 6418 52435 19881 10827 32127 8827 3328 10049 14699 1278
is_linear=0
shrinkage=0.05


Tree=37
num_leaves=63
num_cat=0
split_feature=8 8 8 14 13 8 13 14 8 7 14 14 2 8 14 14 13 13 14 14 14 13 13 14 14 14 13 13 14 14 13 14 13 13 14 14 14 13 14 14 13 7 13 13 2 2 14 2 13 2 14 13 14 13 2 8 13 7 14 7 2 14
split_gain=176.25 51.4862 29.4026 9.72867 7.70881 7.34376 4.93567 4.55932 4.52451 3.92645 2.60666 2.23217 2.14739 1.8687 1.7959 1.63745 1.71918 1.67345 3.29399 1.37575 1.37078 1.34746 1.3248 1.30877 1.18515 1.17039 2.25987 1.14117 1.70891 1.37186 1.40934 1.12649 1.51469 1.04226 0.967083 0.959938 0.875954 0.873465 0.862818 0.835733 0.990764 0.790725 0.786064 0.718988 0.711059 0.701492 1.45917 0.817053 0.689134 0.685552 0.648822 0.646681 0.645695 0.638961 0.63397 0.602967 0.578532 0.559133 1.19381 2.47976 0.943868 0.771956
threshold=1.6695000000000002 1.8325000000000002 1.4595000000000002 0.065448775291754427 1.857918335561721 1.7525000000000002 1.8057492807426865 -0.10999988700393425 1.5555000000000001 4.5000000000000009 0.12398476930778292 0.017581664438279358 2.5000000000000004 1.2795000000000003 0.086309913617570913 0.044714629319922213 1.8134236480004582 1.787960130808419 -0.028190554210275939 0.18736881747616344 0.019388865035801287 1.8657678508960227 1.7812280917457983 0.14400897040605812 0.11773075577083526 -0.11804732229493119 1.7861665622526861 1.8710351686054125 -0.12097191586371502 -0.080824228641329418 1.7837075644055045 -0.059999887003934209 1.8657678508960227 1.7516683354102367 0.12575599800870488 0.22173780145979918 -0.045518076670304934 1.8226809234874521 0.13998476930778295 -0.13428537068007781 1.9050218519754698 6.5000000000000009 1.7636290502143075 1.7691613125461358 20.500000000000004 4.5000000000000009 0.021699380946849204 6.5000000000000009 1.7748379703175199 5.5000000000000009 0.001066324713679623 1.7691613125461358 -0.032269244229164766 1.7516683354102367 4.5000000000000009 1.9045000000000003 1.7516683354102367 1.5000000000000002 -0.060859854515073468 5.5000000000000009 4.5000000000000009 0.015714629319922183
decision_type=10 10 8 2 2 10 2 2 8 2 2 2 2 10 2 2 2 2 2 2 2 2 2 2 2 2 2 2 2 2 2 2 2 2 2 2 2 2 2 2 2 2 2 2 2 2 2 2 2 2 2 2 2 2 2 10 2 2 2 2 2 2
left_child=2 5 7 6 10 14 11 13 34 12 22 -3 -9 -1 27 17 38 18 -7 25 39 -22 -5 44 -14 43 45 29 -29 33 -31 37 50 -2 57 48 -32 -19 42 -8 -41 -16 -17 -10 55 -27 49 -48 -12 -47 -33 -13 -34 -40 -36 -6 -11 -4 -59 60 61 -60
right_child=1 3 8 4 23 15 20 9 19 56 35 51 24 -15 41 16 -18 31 -20 -21 21 -23 -24 -25 -26 26 -28 28 -30 30 36 32 52 -35 54 -37 -38 -39 53 40 -42 -43 -44 -45 -46 46 47 -49 -50 -51 -52 -53 -54 -55 -56 -57 -58 58 59 -61 -62 -63
leaf_value=-0.0042887648081016338 -0.0024916335875592791 -0.00078661750146271834 -0.0021506786479579256 0.00053691699158728312 0.0029489283339855388 -0.0020956659907502657 -0.001740245771316509 -0.0031467785911557626 -0.001697526053681307 0.0015138304057366633 0.00095517285622626893 -0.00046764515813916218 -0.0018597633153075747 -0.0032045703517549779 0.00036396954302049116 0.00019173707163716033 0.0030652630099187446 -0.001170991487593016 -8.3167122295816566e-05 0.0036568110057591773 0.00076535246911653605 0.001306532711128662 0.0010068112645218801 0.0029267494679267531 0.0034025274851004848 -0.0014223694182666361 0.0013874552774584391 -0.00033887940100877181 0.0017069351505306831 -0.00044984019095955396 -0.00011385971799808514 0.00011104645231139582 0.00083380483503168274 -0.00069861801509728055 -0.00069267235571272325 0.0027733362055492742 0.0008335978800373718 9.383323282755622e-06 0.0011773453187254924 0.00043517651744731639 0.0010701926272911075 0.0023421996643176509 0.00064695319666457571 -0.0010996836372688991 0.0024887393413197448 -0.0023985179941105289 -0.00044516657603498576 0.0010872283624933112 0.0016721547700863258 -0.00097851507470190081 0.00057727644752147511 0.00037304291092191968 0.0020944739255866268 0.0043215148111499808 0.003816391436892812 0.0016628239218498759 0.0062080799565938788 -0.0020918296503099703 -0.0025537593982198053 0.0029640207678646199 -0.00073445366212245011 -0.0014485655040308801
leaf_weight=5786 834 6163 8177 21335 939 2126 388 5320 8244 137 4944 2566 5818 12693 3253 31604 597 1737 46607 157 28295 19380 50517 2636 109 6276 1074 3075 1528 54639 9115 24544 3944 28756 226 1483 3331 16040 1114 24560 8191 598 13549 12896 3145 879 6965 994 10404 25733 10722 21076 1368 189 119 30939 126 9118 2148 327 3267 5975
leaf_count=5786 834 6163 8177 21335 939 2126 388 5320 8244 137 4944 2566 5818 12693 3253 31604 597 1737 46607 157 28295 19380 50517 2636 109 6276 1074 3075 1528 54639 9115 24544 3944 28756 226 1483 3331 16040 1114 24560 8191 598 13549 12896 3145 879 6965 994 10404 25733 10722 21076 1368 189 119 30939 126 9118 2148 327 3267 5975
internal_value=1.10746e-06 0.000420481 -0.00169683 0.000953216 0.00125299 -6.64147e-05 0.000610829 -0.00305748 -0.00125606 -0.00227632 0.000998484 6.08741e-05 -0.00241754 -0.00354404 -0.000388633 0.000153349 0.000399199 4.53252e-05 -0.000170963 -0.00101786 0.000813658 0.000985344 0.000867286 0.00185234 -0.00176299 -0.00102949 -0.000876529 -0.000428931 0.000340244 -0.000465554 -0.000340463 0.000225951 0.000371355 -0.000749155 -0.001769 0.00155857 0.000139714 -0.000105952 0.000364938 0.000566664 0.000593994 0.000671158 0.000328333 -0.00133283 0.00177147 -0.000936056 -0.000847771 -0.000253786 0.0014412 -0.00102542 0.000252795 0.000281798 0.00115847 0.00163341 0.000862628 0.00170071 0.00376279 -0.0018003 -0.00166279 -0.00132891 -0.00145216 -0.00174082
internal_weight=618795 496231 122564 236961 126342 259270 110619 29989 92575 11510 88683 29805 11247 18479 105129 154141 47053 107088 48733 63218 80814 47675 71852 37659 5927 63061 41921 101278 4603 96675 67085 58355 40578 29590 29357 16831 12446 17777 46456 33139 32751 3851 45153 21140 35023 40847 34571 7959 15348 26612 35266 23642 5312 1303 345 31878 263 29012 20835 11717 11390 8123
internal_count=618795 496231 122564 236961 126342 259270 110619 29989 92575 11510 88683 29805 11247 18479 105129 154141 47053 107088 48733 63218 80814 47675 71852 37659 5927 63061 41921 101278 4603 96675 67085 58355 40578 29590 29357 16831 12446 17777 46456 33139 32751 3851 45153 21140 35023 40847 34571 7959 15348 26612 35266 23642 5312 1303 345 31878 263 29012 20835 11717 11390 8123
is_linear=0
shrinkage=0.05


Tree=38
num_leaves=63
num_cat=1
split_feature=8 8 8 14 8 13 14 13 13 14 8 13 14 14 14 14 14 14 13 14 13 14 14 14 14 14 14 7 7 7 14 7 14 13 8 13 13 14 14 13 14 13 8 7 7 14 7 14 15 3 13 14 14 13 14 7 14 7 14 13 13 13
split_gain=159.088 40.4044 32.2115 8.85902 5.99472 5.687 4.91006 4.32986 4.1318 3.62163 3.60814 3.19953 2.74876 2.70582 2.19983 2.11418 1.72277 1.40961 1.36443 1.34981 1.34109 1.30264 1.27807 1.14609 1.13118 1.11505 1.05982 2.00898 1.06592 1.02072 0.97138 1.4986 0.924841 0.920669 0.895042 0.861581 0.857984 0.856938 0.856282 0.830104 0.793459 0.765777 0.749513 0.739073 0.724837 2.19044 1.37115 0.688348 0.681397 0.668851 0.666104 1.17104 0.71228 0.661743 0.659582 0.616568 0.606224 1.70333 0.590972 0.684127 0.578928 0.572752
threshold=1.6955000000000002 1.8325000000000002 1.5085000000000002 0.091924653858035846 1.3395000000000004 1.8432249302713755 0.014838376917312714 1.8134236480004582 1.8035893350394401 -0.0045751564897839039 1.6095000000000004 1.8134236480004582 0.035102566508092077 -0.10493367528632024 -0.072948871453930572 0.076782360281942977 -0.10999988700393425 0.16919771399691155 1.7516683354102367 0.038469967089536768 1.8992856189347675 0.15369511244229364 0.18736881747616344 -0.026530032910463294 0.055120000231452145 0.18736881747616344 -0.029473454994190181 2.5000000000000004 2.5000000000000004 5.5000000000000009 -0.11493367528632024 4.5000000000000009 0.016593189298751979 1.7837075644055045 1.1995000000000002 1.7636290502143075 1.9181177618160861 0.070527201990151958 -0.12788527009430159 1.8710351686054125 0.059175771358670588 1.9181177618160861 1.7755000000000003 5.5000000000000009 2.5000000000000004 0.0692503006934614 4.5000000000000009 0.15990670843560009 0 10.500000000000002 1.7516683354102367 -0.083788257558926924 -0.12788527009430159 1.7812280917457983 -0.018075332789834416 5.5000000000000009 -0.048730885936856032 4.5000000000000009 -0.12428537068007782 1.8657678508960227 1.8296745792475027 1.7664540979860031
decision_type=10 8 8 2 10 2 2 2 2 2 10 2 2 2 2 2 2 2 2 2 2 2 2 2 2 2 2 2 2 2 2 2 2 2 10 2 2 2 2 2 2 2 10 2 2 2 2 2 9 2 2 2 2 2 2 2 2 2 2 2 2 2
left_child=2 6 4 5 16 9 8 22 13 -3 25 17 38 -2 58 26 34 18 40 50 -16 39 -5 42 33 44 28 -28 -6 -21 -30 -32 -18 -11 -1 -25 -14 -20 -7 -9 -8 54 61 -29 -4 56 -47 -17 -24 -19 52 -52 -12 -26 -40 -42 -46 -58 -10 -60 -53 -15
right_child=1 3 10 7 15 12 11 21 14 24 19 -13 36 23 20 47 32 49 37 29 -22 -23 48 35 53 -27 27 43 30 -31 31 -33 -34 -35 -36 -37 -38 -39 41 -41 55 -43 -44 -45 45 46 -48 -49 -50 -51 51 60 -54 -55 -56 -57 57 -59 59 -61 -62 -63
leaf_value=-0.0046119593224870038 -0.0025047184798701067 -0.00094735210130870127 -0.0016745523818779047 0.0008821894973508941 -0.0031943250852709188 -0.0015266270492801872 -0.00013855473506698893 0.0013865753406586464 -0.0006302520764541003 -0.0004393382970416968 -0.0026247962171319409 0.0021989593786883267 0.0011950638331621169 -0.00082992378797562658 0.00032703340712194798 -0.00010206359893401077 -0.0024043633020726413 0.001785576523268541 0.00034973284266047677 -0.00042893671022807903 0.0018841429283071695 0.002687931081421856 0.0055665548702510184 -0.00045459364630984016 0.00035719714168080019 0.0036875116834893234 -0.0022999329310672552 -0.00080297471186295533 -0.002520955853859419 0.0009901907552990329 -0.001936203208203852 0.0012716633365281785 0.0020184376643599187 0.00037472517280311862 -0.0034983405045205585 4.0700608798209548e-06 0.0018784646570252684 0.0011973598821638052 0.00019134366919293814 0.0018968602263002956 -0.00085016619223612878 0.0011601656693813033 -0.0016225388833225171 0.0035020054182566054 -0.0015399251181520603 -0.00029352483195672479 0.0030912484796663301 0.0041804503955565203 0.0018396413912276416 0.0059394542509176602 -0.00077916305878359153 2.1098440374379364e-05 -0.00095891808412757688 0.00076741703699180963 0.00073951490249507491 0.00030465112101546861 -0.0014759726285740711 -4.4027574338847969e-05 -0.00031683033962123726 0.0002710947461780049 0.0029480523077276468 -0.00040972156119225444
leaf_weight=2213 1553 4532 12350 30488 4128 430 29863 14497 6527 3949 658 2072 39325 11982 29836 491 1909 409 37418 4950 1450 3461 126 19470 13527 110 6216 2410 10153 1703 2967 415 126 28825 9770 21595 5200 3240 7374 17701 1217 7714 1689 104 16720 2391 342 116 2382 127 24742 3710 25838 35980 21450 22996 6916 2968 12528 8178 177 25091
leaf_count=2213 1553 4532 12350 30488 4128 430 29863 14497 6527 3949 658 2072 39325 11982 29836 491 1909 409 37418 4950 1450 3461 126 19470 13527 110 6216 2410 10153 1703 2967 415 126 28825 9770 21595 5200 3240 7374 17701 1217 7714 1689 104 16720 2391 342 116 2382 127 24742 3710 25838 35980 21450 22996 6916 2968 12528 8178 177 25091
internal_value=1.05209e-06 0.00044375 -0.0014508 0.000905555 -0.00263669 0.000710296 -1.75108e-05 0.00138423 -0.000207252 0.000428698 -0.000981166 0.000255183 0.00101028 -0.000437673 0.000113185 -0.00220115 -0.00347558 0.000212909 0.000198442 -0.000738427 0.0003992 0.00176619 0.000971441 -0.000397459 0.00050449 -0.00133995 -0.00226824 -0.00181757 -0.00249099 -6.56759e-05 -0.00227649 -0.00154257 -0.00213052 0.000276637 -0.003704 -0.000213395 0.00127488 0.000417279 0.000691588 0.00166711 3.3905e-05 0.000717693 -0.00059246 -0.000624885 -0.00135321 -0.00121794 0.000130036 0.000716341 0.00205641 0.0027698 -0.000819621 -0.000652414 -0.00100029 0.000655331 0.000599277 0.000246607 -0.00135641 -0.00104598 -0.000215397 -8.46246e-05 0.000154381 -0.000545531
internal_weight=618795 474202 144593 236961 41018 168306 237241 68655 139899 86813 103575 97342 81493 81380 58519 27000 14018 95270 94734 61778 31286 35659 32996 79827 82281 41797 26393 8730 17663 6653 13535 3382 2035 32774 11983 41065 44525 40658 36968 32198 54076 36538 38762 2514 41687 29337 2733 607 2508 536 55125 28629 26496 49507 28824 24213 26604 9884 27233 20706 3887 37073
internal_count=618795 474202 144593 236961 41018 168306 237241 68655 139899 86813 103575 97342 81493 81380 58519 27000 14018 95270 94734 61778 31286 35659 32996 79827 82281 41797 26393 8730 17663 6653 13535 3382 2035 32774 11983 41065 44525 40658 36968 32198 54076 36538 38762 2514 41687 29337 2733 607 2508 536 55125 28629 26496 49507 28824 24213 26604 9884 27233 20706 3887 37073
cat_boundaries=0 51
cat_threshold=0 0 0 0 0 0 0 0 0 0 0 0 0 0 0 0 0 0 0 0 0 0 0 0 0 0 0 0 0 0 0 0 0 0 0 0 0 0 0 0 0 0 0 0 0 0 0 0 0 0 2
is_linear=0
shrinkage=0.05


Tree=39
num_leaves=63
num_cat=1
split_feature=8 8 8 14 13 14 13 8 13 13 14 14 14 8 14 14 13 14 14 13 14 14 13 14 14 14 14 14 13 8 13 2 14 2 13 14 14 13 2 14 14 14 13 13 13 14 14 2 14 13 13 2 2 14 2 2 3 14 13 2 14 15
split_gain=143.695 41.9058 23.9444 8.03053 6.38636 5.86667 4.7189 4.61745 4.09331 3.51897 3.35081 2.26882 2.21431 2.00094 1.86018 1.85918 1.63484 1.88447 1.53072 1.37525 1.17866 1.17648 1.7016 1.06195 1.04567 1.02447 0.999616 0.981528 2.04117 0.924728 0.878052 0.8675 1.56583 1.81866 0.819716 0.742106 0.714629 0.699144 0.674455 0.639075 0.612594 0.610049 0.606143 0.586437 0.578221 0.577983 0.576531 0.561545 0.557165 3.08193 0.86243 0.743358 0.55235 1.29948 0.668731 0.608044 0.549228 0.549115 0.529385 0.527618 0.52742 0.526366
threshold=1.6695000000000002 1.8325000000000002 1.4305000000000001 0.065448775291754427 1.8432249302713755 0.004888211075322225 1.800783472633406 1.5555000000000001 1.8057492807426865 1.8296745792475027 -0.0094351754930646053 -0.12788527009430159 -0.088766314920685971 1.2655000000000001 0.12792465385803589 0.021699380946849204 1.7516683354102367 0.1002823193066892 0.11615156235368863 1.8761670047273677 0.18736881747616344 -0.0045751564897839039 1.9050218519754698 0.11773075577083526 0.11773075577083526 -0.040878793194301648 0.12575599800870488 -0.12428537068007782 1.7861665622526861 1.7585000000000002 1.7516683354102367 2.5000000000000004 -0.15943404656886193 5.5000000000000009 1.7783277951588177 0.18736881747616344 0.22173780145979918 1.8657678508960227 3.5000000000000004 0.049107836833845793 0.18736881747616344 -0.1737528619846844 1.7783277951588177 1.890186014534385 1.890186014534385 -0.045518076670304934 -0.1530833295540914 4.5000000000000009 -0.075405580843264305 1.6254072576076228 1.7731886774278114 4.5000000000000009 4.5000000000000009 0.021699380946849204 6.5000000000000009 6.5000000000000009 16.500000000000004 -0.040878793194301648 1.7731886774278114 7.5000000000000009 0.067984769307782869 0
decision_type=10 10 8 2 2 2 2 8 2 2 2 2 2 10 2 2 2 2 2 2 2 2 2 2 2 2 2 2 2 10 2 2 2 2 2 2 2 2 2 2 2 2 2 2 2 2 2 2 2 2 2 2 2 2 2 2 2 2 2 2 2 9
left_child=2 5 10 8 14 6 11 26 15 16 13 -2 -8 46 34 -3 23 -18 44 -14 27 41 37 39 -12 29 48 42 52 56 -27 -15 -33 38 -5 -20 -16 -23 -34 59 -19 -10 -9 -43 -6 -21 -1 -28 -4 51 -51 -50 60 55 -55 -54 -13 -53 -17 -7 -29 -38
right_child=1 3 7 4 18 9 12 20 21 -11 24 25 19 31 36 58 17 40 35 45 -22 22 -24 -25 -26 30 47 28 -30 -31 -32 32 33 -35 -36 -37 61 -39 -40 -41 -42 43 -44 -45 -46 -47 -48 -49 49 50 -52 57 53 54 -56 -57 -58 -59 -60 -61 -62 -63
leaf_value=-0.0040576619656663608 -0.0031824697709956912 -0.00067083264245530391 -0.0019748406895682114 0.00046601494743395269 0.001274878009352564 -0.0013929310891088436 -0.00035429151614615242 -0.0015610831272067545 -0.0020566981454726821 0.0025008054265466396 -0.00083666738970057056 -0.00052954162211333851 0.00012173700334232444 -0.0032525284245179366 0.0012661626529697366 -0.00034565861869548698 0.00035586159333946568 0.0022898620457014666 0.0019861220176427444 0.00063516529122544917 0.0034078097960816784 0.00061478450455173389 0.0015807977202652653 0.00086947530141560285 0.0043877838176110979 -0.00056840740091016319 -0.00051234520791511794 -0.0026731624145018788 0.0012332902738239739 -0.0017343799832809051 -0.00010799963709028575 -0.0029778762978492348 -0.0026166532129166735 0.0030856142865539169 0.00085568336191420139 0.0039353123095397851 0.0044686494753418647 0.00098318776931967953 -0.0014107869163154443 0.00011903631935129655 0.0062099326246728504 9.2366304342487196e-05 -0.00099049154931932877 0.00067726984331218732 0.0016881911127780381 0.0016984896416637051 -0.00029088896942146048 0.0034580256559927553 -0.0018017450015034332 0.00039222651770438595 0.0050465456451530815 -0.0019687067777698487 -0.0015850316576133763 -0.00039046414313612354 0.00099588061732918602 -0.00085724653526398167 -0.0010125482566771178 -0.00047310643311582532 0.00035981669982243112 -0.00017205655148165206 -0.0011381075164258792 0.0019332667282287099
leaf_weight=4372 796 6904 10564 19290 24193 914 22887 7989 255 1654 1211 28460 35637 6960 11509 3071 48278 588 11483 6197 157 36654 6811 3376 104 19842 258 621 1201 1999 21660 8316 2411 180 44935 510 267 19854 2234 29992 120 7969 11151 9271 13014 1610 104 136 18248 1269 108 889 3238 6965 994 25246 7420 1982 19830 27840 5656 1141
leaf_count=4372 796 6904 10564 19290 24193 914 22887 7989 255 1654 1211 28460 35637 6960 11509 3071 48278 588 11483 6197 157 36654 6811 3376 104 19842 258 621 1201 1999 21660 8316 2411 180 44935 510 267 19854 2234 29992 120 7969 11151 9271 13014 1610 104 136 18248 1269 108 889 3238 6965 994 25246 7420 1982 19830 27840 5656 1141
internal_value=1.00547e-06 0.000379672 -0.00153212 0.000860293 0.00113265 -5.95936e-05 -0.000268254 -0.00117044 0.00054922 0.000211512 -0.00288251 -0.000526357 4.37255e-05 -0.00301408 0.000848757 4.83885e-05 0.000177433 0.000393417 0.00157778 0.000253407 -0.000919065 0.000733931 0.00083421 7.11974e-06 -0.000423479 -0.000499723 -0.00164547 -0.000929838 -0.000799619 -0.00068774 -0.000328119 -0.00280119 -0.00256214 -0.0018456 0.000738646 0.00206901 0.00139624 0.000744222 -0.0020367 -4.24379e-05 0.00295428 0.000370996 -0.00122866 0.000406905 0.00141944 0.00085445 -0.00397014 0.000858138 -0.0016753 -0.00153464 0.000757271 -0.00168408 -0.00085677 -0.000782154 -0.000217323 -0.00093998 -0.000629428 -0.000936216 0.000265213 -0.000210864 -0.00128997 0.00245952
internal_weight=618795 496231 122564 236961 126342 259270 146508 96672 110619 112762 25892 80177 66331 24577 77142 29805 111108 48986 49200 43444 63218 80814 63319 62122 1315 79381 33454 63061 43921 37879 41502 20101 13141 4825 64225 11993 12917 56508 4645 58746 708 17495 19140 17240 37207 7807 4476 394 33060 22496 1377 21119 42720 36443 7959 28484 35880 2871 22901 28754 6277 1408
internal_count=618795 496231 122564 236961 126342 259270 146508 96672 110619 112762 25892 80177 66331 24577 77142 29805 111108 48986 49200 43444 63218 80814 63319 62122 1315 79381 33454 63061 43921 37879 41502 20101 13141 4825 64225 11993 12917 56508 4645 58746 708 17495 19140 17240 37207 7807 4476 394 33060 22496 1377 21119 42720 36443 7959 28484 35880 2871 22901 28754 6277 1408
cat_boundaries=0 68
cat_threshold=0 0 0 0 0 0 512 0 0 0 0 0 0 0 0 0 0 0 0 0 0 0 0 0 0 0 0 16777216 0 0 0 0 0 0 0 0 0 0 0 0 0 0 0 0 0 0 0 0 0 0 2 0 0 0 0 0 0 0 32 0 0 0 0 0 0 0 0 134217728
is_linear=0
shrinkage=0.05


Tree=40
num_leaves=63
num_cat=1
split_feature=8 8 8 14 14 13 13 13 13 14 8 13 14 14 14 14 8 13 13 14 13 14 14 14 2 14 13 13 14 14 14 13 14 13 8 2 14 13 14 14 13 13 13 13 14 14 14 13 14 15 9 13 14 13 8 2 14 13 14 13 13 13
split_gain=129.496 37.7167 21.6245 7.27536 5.30498 4.51427 4.4841 3.9773 3.6978 3.55665 3.03414 2.9012 2.67163 2.1511 2.03965 1.67154 1.63726 1.62026 1.33939 1.30861 1.27262 1.1599 1.15017 1.09115 1.02566 0.93928 1.868 0.785309 0.756926 0.749883 0.744838 0.680951 0.676317 0.858266 0.809106 0.671538 0.66414 0.772078 0.662437 0.609214 0.834234 0.584712 0.584449 0.580414 0.558833 0.552584 0.546586 0.541959 0.519802 0.518141 0.513449 0.509522 0.563 0.734372 0.499036 0.478431 0.608871 0.469807 0.857502 1.11312 0.46105 0.444892
threshold=1.6695000000000002 1.8325000000000002 1.4695000000000003 0.086309913617570913 -0.0045751564897839039 1.8035893350394401 1.8296745792475027 1.8226809234874521 1.8296745792475027 -0.099757500569899502 1.5555000000000001 1.5693940189544902 0.025175771358670555 0.036549113499794068 -0.12788527009430159 -0.11804732229493119 1.2895000000000001 1.7691613125461358 1.7055956604081108 0.09295900859288854 1.8710351686054125 0.18736881747616344 0.13643459008874828 0.09571112178434972 2.5000000000000004 -0.12788527009430159 1.800783472633406 1.890186014534385 0.18736881747616344 -0.029473454994190181 -0.0027121059767609697 1.8710351686054125 -0.072948871453930572 1.7664540979860031 1.7295000000000003 7.5000000000000009 -0.12788527009430159 1.9050218519754698 0.043508956282699136 0.10973199222363829 1.5693940189544902 1.7516683354102367 1.7516683354102367 1.7516683354102367 -0.034739700287642609 -0.042530032910463193 -0.072948871453930572 1.7783277951588177 -0.088766314920685971 0 1.1355000000000002 1.5120058491212303 -0.31319037769853725 1.7837075644055045 1.7655000000000001 6.5000000000000009 0.16919771399691155 1.4679620961029771 0.045723070680631202 1.5693940189544902 1.9050218519754698 1.7731886774278114
decision_type=10 10 8 2 2 2 2 2 2 2 10 2 2 2 2 2 10 2 2 2 2 2 2 2 2 2 2 2 2 2 2 2 2 2 10 2 2 2 2 2 2 2 2 2 2 2 2 2 2 9 10 2 2 2 10 2 2 2 2 2 2 2
left_child=2 4 9 6 5 14 12 21 17 16 39 24 29 36 -2 -7 50 19 -13 35 46 61 31 -19 -11 47 28 -15 41 -3 -26 -9 34 54 43 -6 -8 44 -37 57 -41 -27 -14 -16 -38 60 -17 -12 -43 -23 -1 -18 -53 -54 -34 -21 -57 -4 -59 -60 -22 -5
right_child=1 3 10 7 8 15 13 22 -10 11 25 18 42 27 32 20 51 23 -20 55 45 49 -24 -25 30 26 -28 -29 -30 -31 -32 -33 33 -35 -36 38 37 -39 -40 40 -42 48 -44 -45 -46 -47 -48 -49 -50 -51 -52 52 53 -55 -56 56 -58 58 59 -61 -62 -63
leaf_value=-0.0045754768198034718 -0.0029886932069438012 -0.0011742529837397114 -0.0018771257227824445 0.00054493354520379525 -0.00068798884550926747 -0.0005325222768586172 -0.0013784135698738016 0.0011844687984053468 0.0022677283249150056 -0.0026500451176293396 -0.0015222156741763536 -0.00014720377841632746 -0.00087090791249861852 0.0009595197179991027 -0.0018735549816733693 -0.00023502547117990104 -0.0032073540507933404 0.00038461162856248535 0.0051069667576013446 -0.00018580281599283333 0.00030685435641144318 0.004767113916198891 0.0021561373822083741 0.0028454123457011425 -0.0019977958689926761 -0.00088072993370145894 0.0018315333137876679 0.0014269355448065185 0.0026848367378055956 -0.00018890198524427007 -0.00060291535457508878 0.0016505594836820087 -0.00054756914639958823 -0.00019148209813307164 -0.0019453813756600512 -0.00014541717644655429 -8.4344611307927731e-05 0.0010014937460479029 0.00015612921255705168 -0.00088215658672952915 0.0033354142048736333 -0.00063128139101525167 0.00046113106746316557 -0.00060486009331895373 0.00056626759945654285 0.0014543453961218453 0.00016972461944127166 -0.00095788252114804287 0.00037723259795820159 0.0016880634422691749 -0.0034199025239575868 -0.002735156714837832 -0.0020768697488556388 0.0020648369967815809 -0.0014828449940408979 0.00069954755555066842 0.0032375493594350257 -0.0015770988873998607 -0.0010250422753175106 0.0018249732549578 0.001097091217924088 0.0009104213162842642
leaf_weight=1164 837 2594 7513 12426 3841 10138 425 14106 2078 5098 7028 1058 836 36804 945 13148 3278 37176 137 1537 8602 143 6889 456 3793 37755 689 11889 156 7553 1280 17631 26306 24289 1309 40506 3721 9641 33092 696 141 5036 54982 19582 29205 1664 22815 10780 1712 2453 5519 7156 2991 111 1508 6662 245 15544 3481 380 2350 25236
leaf_count=1164 837 2594 7513 12426 3841 10138 425 14106 2078 5098 7028 1058 836 36804 945 13148 3278 37176 137 1537 8602 143 6889 456 3793 37755 689 11889 156 7553 1280 17631 26306 24289 1309 40506 3721 9641 33092 696 141 5036 54982 19582 29205 1664 22815 10780 1712 2453 5519 7156 2991 111 1508 6662 245 15544 3481 380 2350 25236
internal_value=-2.42853e-07 0.000359548 -0.00145596 0.000816044 -5.72132e-05 -0.000276667 0.00061989 0.00120806 0.000176045 -0.00258303 -0.00106438 -0.00187536 0.000305511 0.000846077 -0.00053432 5.14535e-05 -0.00298084 0.000140854 0.000455157 2.09797e-05 0.000173324 0.000860296 0.00157052 0.00041443 -0.00214918 -0.000872896 -0.000752062 0.00107365 -0.000791922 -0.000440799 -0.00164584 0.0014434 -0.000506536 -0.00040864 -0.000740126 -4.34691e-05 0.000588332 0.000607969 -9.83234e-06 -0.00150011 -0.00017167 -0.000804109 0.000441181 -0.000663267 0.000492741 0.000605402 2.17488e-05 -0.0011806 -0.000375417 0.00188254 -0.00362117 -0.00266469 -0.00249128 -0.00192867 -0.000598277 0.000612033 0.000789574 -0.00154142 -0.00141145 -0.000744543 0.000476418 0.000789834
internal_weight=618116 495620 122496 236534 259086 133493 157650 78884 125593 31585 90911 11366 65965 91685 74776 58717 20219 123515 1195 85883 48579 40258 38626 37632 10171 63156 45348 48693 44659 10147 5073 31737 73939 52103 21836 77439 42992 42567 73598 27755 837 44503 55818 20527 32926 12616 35963 17808 6748 2596 6683 13536 10258 3102 27814 8444 6907 26918 19405 3861 10952 37662
internal_count=618116 495620 122496 236534 259086 133493 157650 78884 125593 31585 90911 11366 65965 91685 74776 58717 20219 123515 1195 85883 48579 40258 38626 37632 10171 63156 45348 48693 44659 10147 5073 31737 73939 52103 21836 77439 42992 42567 73598 27755 837 44503 55818 20527 32926 12616 35963 17808 6748 2596 6683 13536 10258 3102 27814 8444 6907 26918 19405 3861 10952 37662
cat_boundaries=0 51
cat_threshold=0 0 0 0 0 0 0 0 0 0 0 0 0 0 0 0 0 0 0 0 0 0 0 0 0 0 0 0 0 0 0 0 0 0 0 0 0 0 0 0 0 0 0 0 0 0 0 0 0 0 2
is_linear=0
shrinkage=0.05


Tree=41
num_leaves=63
num_cat=1
split_feature=8 8 8 14 13 14 13 14 14 13 8 7 13 14 14 14 8 13 14 13 14 13 14 13 14 13 14 14 13 14 14 14 13 8 2 13 2 14 7 15 14 14 14 2 14 14 2 14 8 13 8 2 14 14 2 14 7 14 13 13 7 13
split_gain=116.871 34.0404 19.5161 6.66552 4.89357 4.81445 3.90307 3.20988 3.05928 2.88578 2.73831 2.61834 2.48515 2.39829 1.92018 1.63201 1.47763 1.37265 1.55509 1.21019 1.10281 1.15435 1.06043 1.00295 0.954454 0.92959 0.889348 0.8684 1.64923 0.925488 0.824929 0.790348 0.775415 0.679366 0.677178 0.652188 0.635711 0.623327 0.61756 0.577172 0.554079 0.55403 0.550786 0.513207 0.507989 0.500662 0.498566 0.484982 0.482638 0.481709 0.481112 0.471071 1.22274 0.771752 0.726748 0.460723 0.459844 0.508108 0.662771 0.442861 0.440234 0.437773
threshold=1.6695000000000002 1.8325000000000002 1.4695000000000003 0.10171462931992216 1.8508886654934142 0.004888211075322225 1.8208541137852097 -0.099757500569899502 -0.0045751564897839039 1.8296745792475027 1.5555000000000001 3.5000000000000004 1.8134236480004582 0.0095398691915812312 -0.13428537068007781 -0.12097191586371502 1.2895000000000001 1.7516683354102367 0.10171462931992216 1.7313513947794037 -0.046923500127618249 1.7664540979860031 0.049107836833845793 1.9050218519754698 0.04703874685936927 1.8992856189347675 0.059175771358670588 -0.097971915863715106 1.7516683354102367 0.060481923329695049 0.15990670843560009 0.18736881747616344 1.7861665622526861 1.7725000000000002 2.5000000000000004 1.7837075644055045 19.500000000000004 -0.046923500127618249 49.500000000000007 0 0.18736881747616344 -0.14748851973673668 0.12575599800870488 7.5000000000000009 0.051809445789724136 0.12181456336227993 6.5000000000000009 0.062959008592888624 1.1595000000000002 1.7516683354102367 1.9055000000000002 4.5000000000000009 0.12181456336227993 0.001066324713679623 7.5000000000000009 0.072959008592888633 2.5000000000000004 -0.31319037769853725 1.7837075644055045 1.8296745792475027 3.5000000000000004 1.8462092085444868
decision_type=10 10 8 2 2 2 2 2 2 2 10 2 2 2 2 2 10 2 2 2 2 2 2 2 2 2 2 2 2 2 2 2 2 10 2 2 2 2 2 9 2 2 2 2 2 2 2 2 10 2 10 2 2 2 2 2 2 2 2 2 2 2
left_child=2 5 7 4 8 6 14 16 -3 17 42 24 31 41 -2 -8 48 26 47 -13 33 -22 35 37 34 44 43 49 51 59 36 -5 -24 38 -9 -10 -14 -17 -16 -33 -20 -6 -4 -7 -15 46 -28 -19 -1 -12 -27 55 53 54 -53 -29 -18 -58 -59 -30 -44 -39
right_child=1 3 10 12 13 9 15 11 22 -11 27 19 30 25 20 23 56 18 40 -21 21 -23 32 -25 -26 50 45 28 29 -31 -32 39 -34 -35 -36 -37 -38 61 -40 -41 -42 -43 60 -45 -46 -47 -48 -49 -50 -51 -52 52 -54 -55 -56 -57 57 58 -60 -61 -62 -63
leaf_value=-0.004392718653655649 -0.0029586217853696957 -0.00077205304508454913 -0.0014498012977044526 0.00082085339699158324 -0.0015713247637091255 -0.0011773962986631314 -0.00049216987786322719 -0.0025625298609445943 -0.00045559417761740481 0.0022603832834809795 -0.0012960862272518815 -0.00012351706918882417 0.0014254987909650036 0.00077701458267664491 -0.0004823470504779256 4.9176805226736239e-05 -0.0030469863707923615 0.00026479534357830878 0.0020958800954822376 0.0049866375823218664 -0.00047900886802812427 -9.8140587769969698e-06 0.00033957640624220488 0.0011797849204934659 2.8205359689254142e-05 0.0024970699025303306 -0.00070735245861171009 -0.0023439661983256908 6.0936840048194005e-05 0.0035918311443302272 0.0025088578796261017 0.0050075223229377221 0.00069153918510874834 -0.0016501028333240787 -0.0017242011511841898 0.00030587869352322657 0.0021516325579623258 0.00023801632173972928 -0.0010359864603393684 0.0015636199013491223 0.0059415937933538646 0.00051827849278086966 -0.00069959126344656399 -0.00012228106093793175 0.0011290859027609252 0.00082487713029374694 0.00020898544731809646 0.00074414543680086814 -0.0032505843412714147 -0.00087055420465912119 0.0013678892138120954 -0.0014682593847143367 0.0025729732240900895 -0.0003331140941212295 -0.00071718915048803004 -0.0010059327218802903 -0.0025983988915498804 -0.0019730262597973682 0.0019615951654404769 0.0031475397550370086 0.0031283362176275989 0.00086273154343730106
leaf_weight=1109 745 5150 27418 21597 322 1192 9083 4956 3146 1660 10958 1065 20424 17294 35491 26609 3278 42237 572 130 27691 24894 22893 2701 528 1012 1594 726 2936 213 2379 124 49453 1483 4687 26480 3536 7033 5870 2367 112 21319 224 34760 25138 3076 21589 6030 5574 16919 13900 4366 286 8701 12279 5651 7156 2991 111 121 113 4664
leaf_count=1109 745 5150 27418 21597 322 1192 9083 4956 3146 1660 10958 1065 20424 17294 35491 26609 3278 42237 572 130 27691 24894 22893 2701 528 1012 1594 726 2936 213 2379 124 49453 1483 4687 26480 3536 7033 5870 2367 112 21319 224 34760 25138 3076 21589 6030 5574 16919 13900 4366 286 8701 12279 5651 7156 2991 111 121 113 4664
internal_value=-2.25489e-07 0.000341577 -0.00138316 0.000775256 0.000637093 -5.43526e-05 -0.000243652 -0.00245388 0.000416935 0.000191058 -0.00101117 -0.0017816 0.00128516 0.000935678 -0.000430054 0.000114245 -0.00283179 0.000160156 0.000358229 0.000432399 -0.000410314 -0.00025689 0.000476984 0.000248565 -0.00204172 0.00110493 4.30218e-06 -0.000829251 -0.00066444 0.000405145 0.00162083 0.000918121 0.000580165 -0.000598621 -0.00215506 0.000225018 0.00153266 0.000182903 -0.00056092 0.00176143 0.00272559 0.000487187 -0.00142511 -0.000157264 0.000985592 0.000225507 0.000145981 0.000324681 -0.00344011 -0.00103782 0.00144452 -0.000773707 -0.000678033 -0.000714717 -0.000914196 -0.00115826 -0.00253145 -0.00236671 -0.00183223 0.000183109 0.000583957 0.000487112
internal_weight=618116 495620 122496 236534 186107 259086 146264 31585 107122 112822 90911 11366 50427 78985 96174 50090 20219 111162 48951 1195 95429 52585 101972 41007 10171 57344 62211 63156 35279 3270 26339 24088 72346 42844 9643 29626 23960 38306 41361 2491 684 21641 27755 35952 42432 26259 23183 48267 6683 27877 14912 32009 25632 25346 16645 6377 13536 10258 3102 3057 337 11697
internal_count=618116 495620 122496 236534 186107 259086 146264 31585 107122 112822 90911 11366 50427 78985 96174 50090 20219 111162 48951 1195 95429 52585 101972 41007 10171 57344 62211 63156 35279 3270 26339 24088 72346 42844 9643 29626 23960 38306 41361 2491 684 21641 27755 35952 42432 26259 23183 48267 6683 27877 14912 32009 25632 25346 16645 6377 13536 10258 3102 3057 337 11697
cat_boundaries=0 51
cat_threshold=0 0 0 0 0 0 0 0 0 0 0 0 0 0 0 0 0 0 0 0 0 0 0 0 0 0 0 0 0 0 0 0 0 0 0 0 0 0 0 0 0 0 0 0 0 0 0 0 0 0 2
is_linear=0
shrinkage=0.05


Tree=42
num_leaves=63
num_cat=3
split_feature=8 8 8 14 14 8 14 8 2 7 14 14 8 2 14 7 2 2 14 7 7 7 7 14 7 1 14 14 3 14 14 14 7 14 14 8 7 2 14 7 14 14 14 7 2 0 14 1 8 14 7 14 3 14 7 2 7 14 7 2 8 8
split_gain=105.477 30.7225 17.6133 6.03835 4.36987 3.2148 2.9217 2.47571 2.13266 2.01683 1.93831 1.91628 1.42711 1.25359 1.23625 1.14576 0.917783 1.51239 0.910558 0.862968 0.862213 1.01531 0.854593 0.81689 0.816025 0.806408 0.799141 0.764012 0.695445 0.681576 0.663424 0.648905 0.614912 1.90781 0.990645 0.596211 0.588539 0.585153 0.578423 0.577478 0.861341 0.53773 0.535424 0.60619 0.518589 0.508192 0.485305 0.476165 0.472491 0.455513 0.439381 0.433372 0.589096 0.628783 0.428272 0.426047 0.425216 1.33179 0.911503 0.41237 0.892836 0.406134
threshold=1.6695000000000002 1.8325000000000002 1.4695000000000003 0.065448775291754427 0.015714629319922183 1.9495000000000002 -0.082269244229164804 1.5495000000000003 20.500000000000004 3.5000000000000004 -0.088766314920685971 -0.054611134964198775 1.2395000000000003 20.500000000000004 0.15990670843560009 48.500000000000007 21.500000000000004 19.500000000000004 -0.06713621668861823 8.5000000000000018 5.5000000000000009 50.500000000000007 6.5000000000000009 -0.12788527009430159 46.500000000000007 0 0.056424843510216045 0.18736881747616344 10.500000000000002 0.13353799147561188 0.12575599800870488 -0.13089743349190794 4.5000000000000009 0.076782360281942977 -0.022415297091337712 2.1940000000000004 6.5000000000000009 2.5000000000000004 0.020539869191581243 2.5000000000000004 -0.31319037769853725 0.026924714017317889 0.10973199222363829 3.5000000000000004 19.500000000000004 1 -0.22109152146568353 2 1.4395000000000002 -0.035947437365987482 45.500000000000007 0.11488821107532222 10.500000000000002 0.071242499430100539 20.500000000000004 22.500000000000004 2.5000000000000004 -0.0011362166886181855 6.5000000000000009 21.500000000000004 1.7185000000000004 2.0155000000000007
decision_type=10 10 8 2 2 10 2 10 2 2 2 2 10 2 2 2 2 2 2 2 2 2 2 2 2 1 2 2 2 2 2 2 2 2 2 10 2 2 2 2 2 2 2 2 2 1 2 1 10 2 2 2 2 2 2 2 2 2 2 2 10 10
left_child=2 4 6 11 8 13 12 42 10 26 46 31 -1 29 20 16 17 41 25 -12 -6 51 -11 -9 44 59 37 32 -16 -5 -7 -3 38 34 36 61 -34 -8 -25 -14 -41 -13 56 -44 49 48 -2 -20 -42 -21 -48 52 -22 55 -33 -54 -4 -58 -59 -10 -61 -32
right_child=1 3 7 5 14 30 9 23 18 22 19 15 39 -15 28 -17 -18 -19 47 24 21 -23 -24 27 -26 -27 -28 -29 -30 -31 35 54 33 -35 -36 -37 -38 -39 -40 40 45 -43 43 -45 -46 -47 50 -49 -50 -51 -52 -53 53 -55 -56 -57 57 58 -60 60 -62 -63
leaf_value=-0.0035918503536382903 -0.0032994872410500677 -0.0015162572566075195 -0.0016352945902236107 0.00088218582362474584 -0.00074504410310453559 0.0012151192441281317 -0.0023850119670229125 -0.0010779066968500499 0.00075605858931421406 -2.821483721105702e-05 -0.00061746968809663777 0.00036448177489074271 -0.0028697103754869247 0.00051502869751947409 0.0014031798523583094 -0.00039044735829783252 8.1814717069739429e-05 0.0012282616104837126 -0.00015188722513281708 8.6886268790548407e-05 -0.0001087836276757948 4.3060293374615899e-05 0.0043946558749987158 -0.0022093170071854438 -0.00020955027495996441 -0.0019699147806507013 0.00020027147428966906 0.0027466361737884812 0.0050081438467611929 0.0015184691826709883 0.0013909588136995323 0.00042077348771781507 -0.0013866195160363703 0.0021654976761496668 -6.2615603421099881e-05 0.0047758155705339873 -0.00067830652162782551 -0.0015426221949425356 -0.00090166809748080739 -0.0025508234109053386 0.0031139147350331773 0.00062765093948359085 -0.00073677172528346891 0.003006257188874365 0.0019416270745019398 -0.0018213986504660375 -0.00032542194868557227 -0.00047381668987139537 -0.00096693746592910581 0.00040109466437273733 -0.00091279575150973345 0.0010059602031347477 0.00055247989415147371 0.0010867340873036407 -0.00054874375269069642 0.00021456051556379172 -0.0015172202084756331 -0.00059112560365901662 0.0037619920601437411 -0.00058131940573751006 -0.0019657554196500721 0.0019922507865961473
leaf_weight=3404 145 1088 11095 57363 2384 26211 4120 18025 479 865 4270 30919 6233 25978 642 3375 9634 8545 19258 33245 6438 44472 125 916 14924 1352 450 162 169 4542 7237 1893 3341 619 6152 152 23996 4126 11015 8624 100 52148 514 137 429 3294 25213 28462 244 17663 3644 2545 15563 3129 2860 23281 10835 3980 124 10062 1317 4589
leaf_count=3404 145 1088 11095 57363 2384 26211 4120 18025 479 865 4270 30919 6233 25978 642 3375 9634 8545 19258 33245 6438 44472 125 916 14924 1352 450 162 169 4542 7237 1893 3341 619 6152 152 23996 4126 11015 8624 100 52148 514 137 429 3294 25213 28462 244 17663 3644 2545 15563 3129 2860 23281 10835 3980 124 10062 1317 4589
internal_value=-2.08899e-07 0.000324505 -0.001314 0.000736507 -5.16349e-05 0.000972979 -0.00233118 -0.000960607 -0.000212619 -0.0016081 -7.0001e-05 0.000466618 -0.002651 0.00080654 0.000210292 0.000515825 0.000546035 0.000594853 -0.000445595 7.14878e-05 0.000194173 0.000217637 0.000530228 -0.000792421 0.000115886 -0.000812968 -0.00185154 -0.000681041 0.0021544 0.00092887 0.001356 -0.000414753 -0.000693102 -0.000585027 -0.000635867 0.00166428 -0.000764873 -0.00196351 -0.00100206 -0.00247784 -0.00227864 0.000529695 -0.0013654 5.09317e-05 0.000210492 -0.00163344 -0.000414093 -0.000343898 0.00021316 0.000195904 -0.000399594 0.000369998 0.000336565 0.000404875 -0.000162609 0.000349949 -0.00140082 -0.00122667 -0.000459599 -0.000681058 -0.000741553 0.00162429
internal_weight=618116 495620 122496 236534 259086 126072 31585 90911 160463 9686 99533 110462 21899 87883 98623 104621 101246 91612 60930 70531 97812 95428 990 64226 66261 13210 8696 46201 811 61905 38189 5841 46039 34108 33489 11978 27337 8246 11931 18495 12262 83067 26685 651 51337 3638 29002 47720 344 50908 28857 50956 48411 41973 4753 38844 26034 14939 4104 11858 11379 11826
internal_count=618116 495620 122496 236534 259086 126072 31585 90911 160463 9686 99533 110462 21899 87883 98623 104621 101246 91612 60930 70531 97812 95428 990 64226 66261 13210 8696 46201 811 61905 38189 5841 46039 34108 33489 11978 27337 8246 11931 18495 12262 83067 26685 651 51337 3638 29002 47720 344 50908 28857 50956 48411 41973 4753 38844 26034 14939 4104 11858 11379 11826
cat_boundaries=0 1 2 3
cat_threshold=1 3 1
is_linear=0
shrinkage=0.05


Tree=43
num_leaves=63
num_cat=1
split_feature=8 8 8 13 14 14 13 14 13 14 8 14 14 8 14 14 13 14 13 14 14 13 14 14 14 14 13 7 7 14 7 13 3 14 14 13 8 8 14 2 8 14 14 8 13 14 7 14 14 2 14 13 2 13 8 2 14 2 14 14 15 7
split_gain=95.1939 27.7271 15.8967 5.58747 4.00099 3.71476 3.50459 3.32426 2.97358 2.68793 2.23433 2.178 1.65617 1.56288 1.31584 1.30101 1.25704 1.19603 1.09107 1.03337 0.965627 1.1075 0.958789 0.888105 0.842643 0.739856 1.68846 0.735577 0.697946 1.25416 1.51177 0.691771 0.671947 0.605795 0.602305 0.587701 0.555232 0.549607 0.553272 0.54738 0.546621 0.536215 0.522881 0.516243 0.49891 0.48322 0.547087 0.482576 0.481327 0.477909 1.01348 0.47593 0.472393 0.437903 0.433775 0.459964 0.430188 0.423215 0.415551 0.406534 0.404944 0.383758
threshold=1.6695000000000002 1.8325000000000002 1.4695000000000003 1.8657678508960227 -0.0045751564897839039 0.035102566508092077 1.8411380396533612 0.049539869191581272 1.8296745792475027 -0.032269244229164766 1.5495000000000003 0.11488821107532222 -0.028190554210275939 1.2795000000000003 -0.12097191586371502 -0.16589216316615404 1.7691613125461358 0.13643459008874828 1.8134236480004582 0.09295900859288854 -0.080824228641329418 1.7691613125461358 0.11488821107532222 -0.010897433491907858 0.089730384931967513 -0.11804732229493119 1.7861665622526861 2.5000000000000004 2.5000000000000004 -0.16589216316615404 4.5000000000000009 1.9050218519754698 16.500000000000004 0.22173780145979918 -0.15943404656886193 1.8057492807426865 1.9045000000000003 1.7195000000000003 -0.042530032910463193 8.5000000000000018 1.7585000000000002 0.039175771358670571 0.059175771358670588 1.7655000000000001 1.7748379703175199 0.10973199222363829 3.5000000000000004 0.18736881747616344 0.16919771399691155 4.5000000000000009 0.031066324713679653 1.7691613125461358 6.5000000000000009 1.7691613125461358 1.8595000000000004 19.500000000000004 -0.20045154348454794 5.5000000000000009 0.06373038493196749 0.066434590088748316 0 2.5000000000000004
decision_type=10 10 8 2 2 2 2 2 2 2 10 2 2 10 2 2 2 2 2 2 2 2 2 2 2 2 2 2 2 2 2 2 2 2 2 2 10 10 2 2 10 2 2 10 2 2 2 2 2 2 2 2 2 2 10 2 2 2 2 2 9 2
left_child=2 4 9 5 6 12 15 23 16 13 45 18 -3 34 -8 -2 19 27 53 39 32 43 36 56 -18 51 47 -11 -15 -30 -31 37 40 44 -1 -14 -9 -16 -39 -6 -17 -41 -28 -22 -13 61 -47 49 -24 58 57 -12 -52 -7 -25 -56 -5 -51 -27 -10 -35 -4
right_child=1 3 10 7 8 11 14 22 59 17 25 33 35 28 31 20 24 -19 -20 -21 21 -23 48 54 -26 26 42 -29 29 30 -32 -33 -34 60 -36 -37 -38 38 -40 41 -42 -43 -44 -45 -46 46 -48 -49 -50 50 52 -53 -54 -55 55 -57 -58 -59 -60 -61 -62 -63
leaf_value=-0.0032792159615591347 -0.0038390380002171123 -0.0010420118396053816 -0.0015535298638579365 -0.0024406762132337142 -0.00048518527322470063 0.00014637856041623391 -0.00041028262440025295 0.0021169341337185323 0.0018035302886429594 -0.0016694391449999645 -0.0012887371619534232 0.00064461990654318571 -0.00020414064316281235 -0.0025736936647555064 0.0014617258954848457 -0.00054166959929475233 0.00033395633864395045 0.0035058083829494196 0.0007487412429286874 0.00054160596667807463 -0.00047146689991937733 -0.00012228260221650491 0.0016989937045149555 0.0018349521396508169 0.0022949972486445052 -0.0022464942278833514 0.00095857481719318477 -0.00031186524984932112 -0.0022653142378464544 -0.0014782483505113033 0.002173214336136793 0.0010907849728368408 -0.0017148841900733174 0.0037345783698469861 -0.0014228864291155909 0.00031335716745910843 0.0011740974806180905 0.00010355602371849769 0.00072757909671752549 -0.000139507598592263 -0.0017377772764559677 0.00013516847160317862 0.0047190891414442488 -0.0013695313803463462 0.001172604318620803 -0.00069993314155352999 0.0028559443186261151 0.0021469286959812355 0.0031456254261459666 -0.0016289129862251145 -0.00023844260524250659 -0.00080404055463597658 0.00099897326323120572 0.00048409358660081534 0.00070015179992564231 0.0013032117025954238 0.00038614280234995082 -0.00071117604474692166 -0.00094525871060262441 0.0041963130948418871 0.0016060296338709481 -0.0011653397318837572
leaf_weight=5457 274 3249 11095 136 6363 11669 7664 1642 1882 3498 8334 6305 7892 8036 902 22772 37076 134 42707 8444 28905 40338 8638 1138 556 680 986 1396 9443 2831 315 2682 1411 294 475 17998 31850 21603 4251 35267 997 35809 102 1694 15409 514 137 150 616 1319 6193 12910 881 54105 14731 4026 12951 26392 6279 196 1178 14939
leaf_count=5457 274 3249 11095 136 6363 11669 7664 1642 1882 3498 8334 6305 7892 8036 902 22772 37076 134 42707 8444 28905 40338 8638 1138 556 680 986 1396 9443 2831 315 2682 1411 294 475 17998 31850 21603 4251 35267 997 35809 102 1694 15409 514 137 150 616 1319 6193 12910 881 54105 14731 4026 12951 26392 6279 196 1178 14939
internal_value=-1.99928e-07 0.000308279 -0.00124831 0.000699681 -4.90532e-05 0.000532915 -0.000239637 0.0010538 0.000153518 -0.00221465 -0.000912577 0.000645968 2.20745e-05 -0.00241535 0.000173296 -0.000398579 0.000121962 -0.00115459 0.000551953 1.63748e-05 -0.000388771 -0.000294351 0.0013448 0.000676667 0.00036293 -0.0007528 -0.000633494 -0.00128219 -0.00220964 -0.00197726 -0.00111264 0.000325227 -0.000654772 0.00108584 -0.00313057 0.000155609 0.00122032 0.000248488 0.00020616 -4.08967e-05 -0.000591841 -1.12227e-06 0.00131112 -0.000521185 0.0010193 -0.00129713 4.83852e-05 -0.000683996 0.00179529 -0.000694168 -0.000618499 -0.000994187 -8.43341e-05 0.000424179 0.000887099 0.000829592 0.000356767 -0.000754859 -0.00107241 0.00202922 0.00206744 -0.00133078
internal_weight=618116 495620 122496 236534 259086 160806 133493 75728 125593 31585 90911 131667 29139 26557 37102 96391 123515 5028 108481 85883 96117 70937 42746 32982 37632 64226 42982 4894 20625 12589 3146 29438 25180 23186 5932 25890 33492 26756 25854 77439 23769 71076 1088 30599 21714 26685 651 41894 9254 41744 34785 21244 7074 65774 19895 18757 13087 27711 6959 2078 1472 26034
internal_count=618116 495620 122496 236534 259086 160806 133493 75728 125593 31585 90911 131667 29139 26557 37102 96391 123515 5028 108481 85883 96117 70937 42746 32982 37632 64226 42982 4894 20625 12589 3146 29438 25180 23186 5932 25890 33492 26756 25854 77439 23769 71076 1088 30599 21714 26685 651 41894 9254 41744 34785 21244 7074 65774 19895 18757 13087 27711 6959 2078 1472 26034
cat_boundaries=0 68
cat_threshold=0 0 0 0 0 0 512 0 0 0 0 0 0 0 0 0 0 0 0 0 0 0 0 0 0 0 0 16777216 0 0 0 0 0 0 0 0 0 0 0 0 0 0 0 0 0 0 0 0 0 0 2 0 0 0 0 0 0 0 32 0 0 0 0 0 0 0 0 134217728
is_linear=0
shrinkage=0.05


Tree=44
num_leaves=63
num_cat=1
split_feature=11 14 13 14 13 7 14 11 14 14 14 14 13 14 13 14 13 9 14 7 13 7 14 13 7 14 13 2 12 3 14 13 14 14 7 14 14 14 2 2 2 13 2 14 14 14 14 14 2 13 14 11 11 2 13 2 14 2 0 11 13 14
split_gain=72.7927 31.6501 11.2893 10.3749 9.12268 6.39939 5.18877 5.0583 2.80677 2.51249 2.47334 1.76638 1.42246 1.37817 1.33208 1.24397 1.23107 1.22468 1.19918 1.04138 1.03694 0.998287 0.855709 0.851047 0.807302 0.859337 1.06264 0.752536 0.655562 0.650452 0.62945 0.605447 0.79793 0.605066 0.557577 0.736701 0.541192 0.534334 0.476121 0.471461 0.392281 0.391422 0.384167 0.375122 0.374433 0.374282 0.371266 0.362794 0.359962 0.340853 0.330252 0.326524 0.314113 0.310311 0.305869 0.302375 0.310013 0.302125 0.272065 0.265706 0.2657 0.263776
threshold=1.5832857142857144 0.026211742441073053 1.8134236480004582 -0.062766314920685948 1.8432249302713755 3.5000000000000004 -0.06713621668861823 1.4219285714285717 -0.12428537068007782 0.082424843510216075 0.10592471401731786 0.11174627034455133 1.7691613125461358 -0.12788527009430159 1.8710351686054125 0.06373038493196749 1.7691613125461358 1.2105000000000004 0.22173780145979918 5.5000000000000009 1.9050218519754698 8.5000000000000018 -0.0449336752863203 1.7731886774278114 2.5000000000000004 -0.18402533651879779 1.7348941263049438 2.5000000000000004 1.615216666666667 10.500000000000002 0.16919771399691155 1.787960130808419 -0.24408337636124386 -0.2643106990766278 2.5000000000000004 -0.35941667344042344 0.015714629319922183 0.11615156235368863 19.500000000000004 2.5000000000000004 7.5000000000000009 1.9050218519754698 6.5000000000000009 0.22173780145979918 -0.010897433491907858 -0.034739700287642609 -0.1737528619846844 0.14793099809798529 7.5000000000000009 1.7691613125461358 -0.22109152146568353 1.6319285714285716 1.7147142857142861 6.5000000000000009 1.8808204437217764 19.500000000000004 -0.15943404656886193 18.500000000000004 0 1.7933571428571431 1.8296745792475027 -0.14748851973673668
decision_type=10 2 2 2 2 2 2 10 2 2 2 2 2 2 2 2 2 8 2 2 2 2 2 2 2 2 2 2 10 2 2 2 2 2 2 2 2 2 2 2 2 2 2 2 2 2 2 2 2 2 2 10 10 2 2 2 2 2 1 10 2 2
left_child=3 4 9 7 6 15 13 17 33 16 14 21 44 50 -4 39 48 34 19 -11 22 36 52 -15 61 57 -27 -17 58 43 38 42 -33 51 35 -1 40 49 -12 -5 -7 -16 -9 -13 -8 -14 -44 -29 -3 -21 -2 -6 -10 -38 -35 -52 -57 -26 -20 -24 -23 -19
right_child=1 2 10 5 8 11 12 31 20 18 30 29 45 23 41 27 -18 24 28 37 -22 60 59 -25 25 26 -28 47 -30 -31 -32 32 -34 54 -36 -37 53 -39 -40 -41 -42 -43 46 -45 -46 -47 -48 -49 -50 -51 55 -53 -54 -55 -56 56 -58 -59 -60 -61 -62 -63
leaf_value=-0.0073814283821966274 -0.003144891655935747 -0.0010341704306281259 0.00071305746455676883 -0.0020137394026346531 -0.0014515088365675557 -0.00084372814093162127 -0.00048620561130346355 -0.0025148248024955554 0.00062366387108732857 -0.00047869827537175882 0.001291772697990687 0.00081940800463908229 -0.000182383719731801 -0.00081391867214177622 0.0010069788603291399 -0.0012976110166388736 0.00036926692695314021 -0.0030662537190876762 0.0017629956937362922 0.0003196581272766989 0.00086986892071602262 0.00087438471739320156 0.00086830866633472951 -0.00040935540442897016 -0.002428279717900105 -0.0014175074353516351 0.0033124476279381937 -0.00064203745434078736 0.0014466464102342003 0.0047542062179988485 0.002432789533670582 -0.0013026169211177567 -0.00026067222051773936 -0.00066970131629990074 -0.0027539592013457546 -0.003542189798264934 -0.00034544248949489384 0.00086562659117382168 0.0019458480792416404 -0.0014384395761176387 -0.00023290693406673559 0.0013731029381387823 -0.0017163285309052282 0.0036593790517497893 -0.00022010148397730601 8.277189809009983e-05 -0.001017152774247057 0.0010007293602181258 4.6565693978142224e-05 0.00063888427007192418 -0.00086380106026634907 -0.0051115457559935754 5.0402166552607992e-05 0.00020964420246024945 -8.7206714315530247e-05 -0.0019460938247503141 -0.0011669217144680318 -0.001816017688802818 0.0051248279369054232 0.00046169331639698614 0.0034777344273456824 -0.0023917254681081052
leaf_weight=143 205 782 50279 5574 156 8322 25320 813 2715 2223 17910 879 18977 23771 25100 7918 54320 1946 135 13430 11563 972 5008 28687 5002 3432 123 5059 951 147 1564 4373 3169 5189 3577 990 8269 16091 3294 9862 3842 10294 3847 134 27661 44557 3749 360 52269 22159 6172 100 19936 3620 3984 1631 5875 3374 207 20317 109 5679
leaf_count=143 205 782 50279 5574 156 8322 25320 813 2715 2223 17910 879 18977 23771 25100 7918 54320 1946 135 13430 11563 972 5008 28687 5002 3432 123 5059 951 147 1564 4373 3169 5189 3577 990 8269 16091 3294 9862 3842 10294 3847 134 27661 44557 3749 360 52269 22159 6172 100 19936 3620 3984 1631 5875 3374 207 20317 109 5679
internal_value=-1.85611e-07 0.000231451 0.000606454 -0.0012712 -0.000172119 -0.000825325 -0.00035694 -0.00188171 0.000317901 0.000342886 0.00100158 -0.000261483 -0.000155963 -0.000709918 0.000878476 -0.00134059 0.000201952 -0.00233634 0.000617041 0.000580945 0.000444836 -0.000349523 0.000342396 -0.000592681 -0.00216202 -0.0019052 -0.00125385 -0.0009869 0.0021218 0.00164611 0.00146478 -0.00119008 -0.000864812 -0.000483625 -0.00306013 -0.00402675 -0.000416326 0.000626526 0.00139338 -0.00164618 -0.0006508 0.00111346 -0.00148181 0.00119508 -0.000347275 3.57244e-06 -0.00137125 -0.000532904 3.06351e-05 0.00051842 -0.00115291 -0.00288121 0.000119115 -0.000176428 -0.000416713 -0.00112305 -0.00133623 -0.00218165 0.00399919 0.000542101 0.00113689 -0.00256387
internal_weight=618116 522832 271008 95284 251824 55067 182856 40217 68968 162567 108441 26294 116515 66341 85673 28773 107371 24266 55196 53903 59539 25134 47976 52458 19556 11931 3555 13337 1293 1160 22768 15951 7542 9429 4710 1133 24053 51680 21204 15436 12164 35394 8409 1013 52981 63534 7596 5419 53051 35589 13883 256 22651 11889 9173 13678 7506 8376 342 25325 1081 7625
internal_count=618116 522832 271008 95284 251824 55067 182856 40217 68968 162567 108441 26294 116515 66341 85673 28773 107371 24266 55196 53903 59539 25134 47976 52458 19556 11931 3555 13337 1293 1160 22768 15951 7542 9429 4710 1133 24053 51680 21204 15436 12164 35394 8409 1013 52981 63534 7596 5419 53051 35589 13883 256 22651 11889 9173 13678 7506 8376 342 25325 1081 7625
cat_boundaries=0 1
cat_threshold=120
is_linear=0
shrinkage=0.05


Tree=45
num_leaves=63
num_cat=0
split_feature=8 8 8 14 13 14 13 13 13 14 8 14 14 8 14 14 14 13 14 13 14 13 14 14 13 14 2 14 7 14 13 13 14 13 14 13 14 8 14 7 14 13 2 8 2 8 13 14 7 7 13 14 2 14 14 14 13 2 8 14 14 2
split_gain=77.0665 22.4038 12.93 4.82409 3.47858 3.35059 2.94571 2.68174 2.59541 2.32156 1.99182 1.48588 1.45056 1.30584 1.15841 1.11738 1.09993 1.08202 0.978722 0.914634 0.882947 0.832801 0.725882 0.695433 0.677133 0.642437 0.596805 1.35276 1.22278 0.584287 1.52626 0.58123 0.59282 0.562002 0.556084 0.543373 0.542743 0.538169 0.528728 0.525981 0.506895 0.578559 0.506071 0.504944 0.49589 0.497994 0.481041 0.455297 0.464437 0.44061 0.424697 0.423438 0.515748 0.814012 0.49142 0.47134 0.416602 0.408747 0.408639 0.377733 0.365746 0.36519
threshold=1.6695000000000002 1.8325000000000002 1.4595000000000002 0.071242499430100539 1.857918335561721 -0.0045751564897839039 1.8035893350394401 1.8296745792475027 1.8296745792475027 -0.0094351754930646053 1.5495000000000003 -0.13089743349190794 -0.00074969930653867578 1.2795000000000003 -0.072948871453930572 0.15990670843560009 0.13353799147561188 1.7313513947794037 -0.00074969930653867578 1.9050218519754698 0.119548456515452 1.8992856189347675 0.066434590088748316 0.15369511244229364 1.787960130808419 0.18736881747616344 3.5000000000000004 -0.15943404656886193 5.5000000000000009 -0.1530833295540914 1.8208541137852097 1.7516683354102367 -0.088766314920685971 1.7643638559710106 -0.15943404656886193 1.7516683354102367 0.067984769307782869 1.7955000000000003 0.22173780145979918 3.5000000000000004 -0.040878793194301648 1.7516683354102367 8.5000000000000018 1.9895000000000003 20.500000000000004 1.9145000000000001 1.8710351686054125 0.10973199222363829 3.5000000000000004 49.500000000000007 1.7783277951588177 -0.086491043717300861 5.5000000000000009 0.077584702908662276 -0.01931780535522087 0.020539869191581243 1.7748379703175199 7.5000000000000009 1.7195000000000003 -0.20045154348454794 0.066434590088748316 6.5000000000000009
decision_type=10 10 10 2 2 2 2 2 2 2 10 2 2 8 2 2 2 2 2 2 2 2 2 2 2 2 2 2 2 2 2 2 2 2 2 2 2 10 2 2 2 2 2 10 2 10 2 2 2 2 2 2 2 2 2 2 2 2 10 2 2 2
left_child=2 5 9 7 16 6 11 12 15 13 47 -2 -3 34 46 17 24 36 59 -20 39 -16 50 44 -5 29 -15 -28 -29 56 31 51 -33 -14 -1 -18 57 40 -37 -11 49 -42 -17 -40 45 -6 -8 -4 -49 -13 -19 -31 55 54 -54 -53 -12 -7 -51 -9 -10 -38
right_child=1 3 10 4 23 8 14 18 60 20 25 37 33 26 21 42 35 22 19 -21 -22 -23 -24 -25 -26 -27 27 28 -30 30 -32 32 -34 -35 -36 38 61 -39 43 -41 41 -43 -44 -45 -46 -47 -48 48 -50 58 -52 52 53 -55 -56 -57 -58 -59 -60 -61 -62 -63
leaf_value=-0.0029642739529130591 -0.0026887388834743397 -0.00073386156450537922 -0.001211026462213333 0.00040568395406074187 0.0022821496080352752 -0.00088005648260353932 -0.00032581540975089269 -0.0023174621210747992 0.0016744444377156419 -0.0010798428458999477 -0.0015882412262242199 -0.00041249360733773186 -0.00058269974724100226 -0.0022809477409171121 0.00021337265694659774 0.0013290740973888112 0.00046856738528969455 7.5936049447367898e-05 0.00062297207621415311 0.0012125276468891897 0.0030574966248868986 0.0014640383086026814 0.00064325355456916879 0.0022994224683782027 0.00073174567679622714 0.0024783117830231268 -0.0020784000233994358 -0.0010692234880414274 0.0043151035043818139 -0.00096314812695961561 0.0021562279666285599 -0.00048752676357027261 0.00048036668268226849 0.00024981706295891 -0.0011907252724038721 0.0011637247729319419 -0.00049887480460054001 -0.0011151026365493703 0.0057207573440368519 0.0013971442580410533 -0.00044567111872890981 -6.6484357053522505e-06 0.0044228527438408601 0.0019972103697291775 0.0018283516055636918 0.0011358288096647341 8.7266065687953775e-05 -0.00059026258839510221 0.0025920607664758582 -0.00068473606957281444 0.00034456591538942536 -0.0019604477274887291 -0.00068610290057437165 0.0016849244234005091 -0.00011005547538392115 -0.0007818020565026622 -0.00085023080058370013 -0.00016674836115277583 -0.0017348808543825979 0.00030787034204287408 0.0039742123012087849 0.00023839782961309255
leaf_weight=5447 718 4512 27589 25924 981 2166 18666 138 1919 2333 2471 33822 2133 9341 27410 634 2538 47357 49628 7584 153 1399 8737 1632 41272 161 8632 3233 109 12899 492 8573 1940 40861 481 8733 1918 2563 101 236 14675 15358 167 924 3232 27695 11323 521 147 6739 21345 919 11501 437 5460 11013 8456 27594 1074 19124 190 13512
leaf_count=5447 718 4512 27589 25924 981 2166 18666 138 1919 2333 2471 33822 2133 9341 27410 634 2538 47357 49628 7584 153 1399 8737 1632 41272 161 8632 3233 109 12899 492 8573 1940 40861 481 8733 1918 2563 101 236 14675 15358 167 924 3232 27695 11323 521 147 6739 21345 919 11501 437 5460 11013 8456 27594 1074 19124 190 13512
internal_value=8.09184e-07 0.000278069 -0.00112208 0.000629439 0.000865686 -4.31154e-05 -0.000217251 0.000414053 0.000142406 -0.00202484 -0.000829887 -0.000425088 0.00011901 -0.00216396 4.76747e-05 0.000112689 0.000685513 0.00010053 0.000597335 0.000701123 -0.000632531 0.000274106 0.000213987 0.00129271 0.000605952 -0.00067617 -0.0019814 -0.00174772 -0.000893613 -0.000684086 -0.000615726 -0.000641584 -0.000308918 0.000208515 -0.00282037 0.0011203 -9.38939e-05 -0.000403193 0.00128982 -0.000852296 -0.000377733 -0.000221168 0.00197409 0.00236412 0.00124122 0.00117504 -0.000169848 -0.0011798 0.000110039 -0.00049067 0.000159397 -0.000724401 -0.000619403 -0.000445767 -0.000500665 -0.000872581 -0.00101712 -0.000218665 -0.000829092 0.000289062 0.00188163 0.000146752
internal_weight=618842 496298 122544 237012 113032 259286 133747 123980 125539 29965 92579 74949 47506 27243 58798 123430 79492 122629 76474 57212 2722 28809 77439 33540 67196 64322 21315 11974 3342 64161 53234 52742 10513 42994 5928 12296 45190 74231 9758 2569 71668 30033 801 1025 31908 28676 29989 28257 668 41635 68702 42229 29330 17398 16961 11932 10927 29760 7813 19262 2109 15430
internal_count=618842 496298 122544 237012 113032 259286 133747 123980 125539 29965 92579 74949 47506 27243 58798 123430 79492 122629 76474 57212 2722 28809 77439 33540 67196 64322 21315 11974 3342 64161 53234 52742 10513 42994 5928 12296 45190 74231 9758 2569 71668 30033 801 1025 31908 28676 29989 28257 668 41635 68702 42229 29330 17398 16961 11932 10927 29760 7813 19262 2109 15430
is_linear=0
shrinkage=0.05


Tree=46
num_leaves=63
num_cat=16
split_feature=8 8 8 13 8 8 2 7 9 0 13 8 13 2 12 7 8 8 0 8 2 16 8 2 0 4 8 2 10 2 13 12 15 12 2 15 13 7 2 15 2 16 2 7 11 2 10 0 15 2 11 8 15 2 0 11 15 8 15 8 0 8
split_gain=69.5525 20.2194 11.7075 4.29652 2.68038 2.4971 1.0995 1.0624 0.878036 0.770778 0.708891 0.63493 0.634445 0.575795 0.510086 0.45742 0.427873 0.391765 0.386622 0.376087 0.344672 0.683376 0.343985 0.341477 0.341376 0.335121 0.317404 0.285789 0.276281 0.337461 0.259624 0.318767 0.258684 0.231005 0.207338 0.19167 0.181966 0.175251 0.178243 0.160364 0.158781 0.157099 0.531736 0.156326 0.141068 0.136734 0.129679 0.129496 0.155779 0.126332 0.124426 0.124218 0.119478 0.118534 0.118046 0.115081 0.113657 0.113355 0.107202 0.104284 0.103505 0.103118
threshold=1.6695000000000002 1.8325000000000002 1.5085000000000002 1.8657678508960227 1.3295000000000001 1.7525000000000002 16.500000000000004 3.5000000000000004 1.8195000000000003 0 1.8710351686054125 1.1995000000000002 1.8710351686054125 19.500000000000004 1.625016666666667 23.500000000000004 1.8985000000000001 1.8005000000000002 1 2.1595000000000004 3.5000000000000004 2 1.6065000000000003 16.500000000000004 3 4 2.0095000000000005 19.500000000000004 1.0620000000000001 4.5000000000000009 1.8808204437217764 1.6348166666666668 5 1.8021833333333337 9.5000000000000018 6 1.7691613125461358 20.500000000000004 27.500000000000004 7 3.5000000000000004 8 3.5000000000000004 38.500000000000007 1.5118571428571432 2.5000000000000004 1.3095000000000001 9 10 8.5000000000000018 1.5832857142857144 1.9585000000000001 11 4.5000000000000009 12 1.3362857142857145 13 1.4255000000000002 14 1.5455000000000003 15 1.4255000000000002
decision_type=10 10 10 2 8 10 2 2 10 1 2 10 2 2 10 2 10 10 1 10 2 9 10 2 1 1 10 2 10 2 2 10 9 10 2 9 2 2 2 9 2 9 2 2 10 2 8 1 9 2 10 10 9 2 1 10 9 8 9 10 1 10
left_child=2 5 4 6 11 10 16 45 43 57 23 28 17 34 35 18 47 37 49 51 61 55 -17 44 -23 41 39 -14 29 -1 -24 -32 -20 -25 -10 -8 -16 50 46 -15 -30 -13 -43 60 -2 -4 -39 -3 -49 52 -7 -18 -9 -44 -46 -22 -12 -6 -26 -51 -5 -11
right_child=1 3 7 8 9 12 14 15 13 20 56 25 27 26 36 22 19 -19 32 -21 21 24 30 33 58 -27 -28 -29 40 -31 31 -33 -34 -35 -36 -37 -38 38 -40 -41 -42 42 53 -45 54 -47 -48 48 -50 59 -52 -53 -54 -55 -56 -57 -58 -59 -60 -61 -62 -63
leaf_value=-0.0059221973861067175 -0.00063562094574711641 0.00030206292094068598 -0.0012143716417012081 0.0010385490622587007 -0.0022913269279555646 -0.00044439930023337879 -0.00098609604575595057 0.00011584387074134457 0.0010655986981296581 -0.0017971398453327958 -0.00014876850536183937 -0.0022542365841443975 0.00034112319804336738 0.0013243479651068616 0.00016451038392665938 -0.00098896372549791417 0.00061807036191875687 0.00017383284159774512 -0.00039364939296854902 0.0034237505528769206 -0.0019809479655567091 -0.00015849608998611485 -0.00067245577877827253 -0.00039191046673125931 -0.00065567250449288729 -0.0026201769450787849 0.0018143365018248579 0.0011342024755493637 -0.0033502035065625007 -0.0032058896146519703 -0.00054589873759127046 0.001485664069592188 -0.00083167293697440983 -0.00017487966453355776 0.00083762171329604504 -0.00010667916431039193 0.0003688964293297173 -0.00072940267514259209 0.00010679737343020847 0.00091002483032196326 -0.0023909739452727978 -0.0020218627331330548 -0.00076924127289234537 0.00041571801415859794 -4.994860510049625e-05 -0.00093558067991500503 -6.7344628434758643e-05 0.00054366454855389623 0.00033281568154958573 0.00075575127677793156 0.00017677145140019244 0.00083983260899844802 -0.0005016964321437259 0.00088578287892081189 -0.00022719971220762141 -0.0014793533844653826 0.00049585424173093204 -0.001827640568032504 -0.00115570079213454 -0.00014718442778259192 0.00064986046241578897 -0.0014432044746259297
leaf_weight=177 1401 10874 8021 2140 2444 850 847 914 15479 4187 836 3536 12253 7044 15386 9926 37704 46886 5937 123 1432 1319 26665 43702 1486 3249 2406 1252 801 323 504 313 8006 17042 28039 2268 37267 749 17246 3856 935 2806 435 6518 22260 9737 59155 37508 11606 339 15637 7585 5546 144 16265 5676 3752 2861 5139 5639 10362 4047
leaf_count=177 1401 10874 8021 2140 2444 850 847 914 15479 4187 836 3536 12253 7044 15386 9926 37704 46886 5937 123 1432 1319 26665 43702 1486 3249 2406 1252 801 323 504 313 8006 17042 28039 2268 37267 749 17246 3856 935 2806 435 6518 22260 9737 59155 37508 11606 339 15637 7585 5546 144 16265 5676 3752 2861 5139 5639 10362 4047
internal_value=7.68725e-07 0.000264166 -0.00106598 0.000597967 -0.00175524 -4.09596e-05 0.000451929 -0.000719459 0.000908295 -0.00148893 -0.000228663 -0.00236899 8.73107e-05 0.00100672 0.000272391 -0.000624238 0.000546924 5.5852e-05 -0.0004648 0.00066271 -0.00136251 -0.00122082 -0.000736677 -0.000256363 -0.000897942 -0.00220127 0.00129456 0.000414647 -0.00313184 -0.00416746 -0.000645555 0.000232411 -0.000645576 -0.000331022 0.000918711 -0.00034931 0.000309172 -3.22341e-06 -3.48447e-05 0.00117983 -0.00283357 -0.00200461 -0.00173208 0.000614242 -0.000142778 -0.00106151 -7.56226e-05 0.000459273 0.000493917 -0.00026142 0.000144747 0.000655211 -0.00041492 -0.000357629 -0.000124855 -0.00157819 0.000379151 -0.00203742 -0.0010447 -9.59808e-05 0.000717744 -0.00162318
internal_weight=618842 496298 122544 237012 40997 259286 161168 81547 75844 28591 105258 12406 154028 56824 55768 63789 105400 140523 26381 45412 23286 15052 37408 100670 7944 10170 13306 13505 2236 500 27482 817 13943 60744 43518 3115 52653 93637 77150 10900 1736 6921 3385 19020 39926 17758 59904 59988 49114 12438 16487 45289 6460 579 38525 7108 4588 5305 6625 5978 12502 8234
internal_count=618842 496298 122544 237012 40997 259286 161168 81547 75844 28591 105258 12406 154028 56824 55768 63789 105400 140523 26381 45412 23286 15052 37408 100670 7944 10170 13306 13505 2236 500 27482 817 13943 60744 43518 3115 52653 93637 77150 10900 1736 6921 3385 19020 39926 17758 59904 59988 49114 12438 16487 45289 6460 579 38525 7108 4588 5305 6625 5978 12502 8234
cat_boundaries=0 1 2 4 5 6 87 155 236 238 239 317 386 387 464 545 546
cat_threshold=64 23 1090519040 266512 19 1 0 16777216 1024 0 0 536870912 0 0 64 2 1 24 16896 0 524288 0 0 0 0 0 0 0 0 16777248 0 0 0 0 0 0 0 268435456 0 0 2147483648 0 0 0 0 0 128 0 134217728 0 0 0 0 0 0 536870912 0 0 0 0 32768 0 0 2097152 0 0 0 0 0 0 3145728 0 532480 4096 512 8388608 0 0 0 33554432 0 0 1073741824 0 0 0 65536 0 0 0 0 0 0 0 0 0 2 0 0 0 0 0 0 0 0 0 0 0 0 0 0 0 0 0 0 0 0 0 0 0 0 0 0 0 0 0 0 0 0 1024 0 0 0 0 0 0 0 0 0 0 0 0 0 0 0 0 0 0 0 0 0 0 0 524288 4096 0 0 0 0 0 0 0 0 0 0 0 8 16384 0 0 2048 0 0 0 0 0 0 0 0 0 0 0 0 0 0 0 0 0 0 33554432 0 0 0 0 0 0 0 1024 0 0 0 0 0 0 0 0 0 0 0 0 0 0 0 0 0 0 0 0 0 1048576 0 65536 0 512 8388608 0 0 0 0 0 0 0 0 0 0 65536 1207959552 272 8 0 0 132096 0 0 0 0 0 8 0 4194312 24 16384 0 0 2048 0 0 0 0 0 0 0 0 0 0 0 0 0 0 0 0 0 0 33554432 0 0 0 0 0 0 0 1024 0 0 0 0 0 0 0 2 0 0 128 32768 0 0 0 0 0 0 0 67141632 0 1048576 0 65536 0 512 8388608 0 0 0 0 163840 0 0 16 0 0 0 0 0 0 0 256 0 0 0 8 0 0 0 0 0 0 1 0 0 0 0 0 0 0 0 0 0 0 0 268435456 0 0 0 0 0 0 0 0 0 0 1024 0 0 0 0 0 0 0 0 0 0 0 0 0 0 0 0 0 0 0 0 0 0 0 0 0 512 51 524288 0 128 0 0 0 0 8 8454144 2 0 2 0 0 0 0 0 0 0 4194304 0 0 33554432 0 0 0 0 0 0 0 0 0 0 0 0 0 0 0 0 131200 0 0 4 0 0 0 0 2064 4096 0 0 0 0 0 0 0 0 0 16384 0 0 0 1 8421376 0 0 0 0 512 8388608 0 0 0 0 131072 0 131072 524288 0 2147483648 0 0 16777216 0 256 0 2 0 0 16384 0 524288 0 0 0 0 0 0 0 0 16777216 0 0 0 0 0 0 0 268435456 0 0 33554432 0 0 0 0 32768 0 0 134217728 0 0 0 65536 16 0 0 0 0 0 0 0 1073741824 0 2097152 0 4194304 8388608 0 0 0 0 0 524288 0 0 8388608 0 0 0 0 0 0 1073872896 0 0 0 65536 16
is_linear=0
shrinkage=0.05


Tree=47
num_leaves=63
num_cat=0
split_feature=8 14 8 8 14 7 14 7 14 14 7 2 14 8 2 2 7 14 14 2 7 7 7 14 7 2 14 8 14 7 14 14 8 14 7 14 8 7 2 14 3 2 14 8 8 14 8 8 14 7 14 7 2 7 14 7 2 14 3 8 8 2
split_gain=62.7739 18.6335 10.5669 3.97333 3.74716 3.56108 2.67686 2.51288 1.65025 1.40644 1.29719 1.43995 1.16019 1.15528 1.11589 0.993521 0.958758 2.11937 1.37392 0.949582 1.23386 0.938454 0.777723 0.733312 0.658331 0.64193 0.738674 0.601709 0.593324 0.545291 0.525487 0.504393 0.503986 0.492604 0.772077 0.480461 0.63304 0.455981 0.496431 0.435066 0.425041 0.421456 0.616966 0.415056 0.400307 0.399096 0.392199 0.380217 0.377134 0.366332 1.11679 0.589024 0.365616 0.676335 0.339463 0.339288 0.333546 0.293043 0.305203 0.372256 0.277206 0.274251
threshold=1.6695000000000002 0.046331873364415473 1.5085000000000002 1.8955000000000002 -0.064083376361243824 48.500000000000007 -0.069341037599195729 4.5000000000000009 -0.24408337636124386 0.22173780145979918 8.5000000000000018 21.500000000000004 0.12181456336227993 1.3295000000000001 18.500000000000004 3.5000000000000004 3.5000000000000004 0.001066324713679623 0.12181456336227993 20.500000000000004 8.5000000000000018 50.500000000000007 6.5000000000000009 0.1002823193066892 5.5000000000000009 21.500000000000004 -0.13771210597676095 1.6255000000000002 -0.0064055808432642572 8.5000000000000018 0.11773075577083526 -0.0011362166886181855 2.0195000000000003 -0.14748851973673668 2.5000000000000004 -0.015111788924677792 1.7795000000000003 43.500000000000007 19.500000000000004 0.081699380946849157 16.500000000000004 3.5000000000000004 -0.35941667344042344 1.7295000000000003 1.8535000000000001 0.033052562634012579 1.7755000000000003 1.7195000000000003 0.071242499430100539 4.5000000000000009 -0.18402533651879779 5.5000000000000009 18.500000000000004 20.500000000000004 0.22173780145979918 4.5000000000000009 3.5000000000000004 -0.12428537068007782 14.500000000000002 1.7195000000000003 1.4895000000000003 7.5000000000000009
decision_type=10 2 10 10 2 2 2 2 2 2 2 2 2 10 2 2 2 2 2 2 2 2 2 2 2 2 2 10 2 2 2 2 10 2 2 2 10 2 2 2 2 2 2 10 10 2 10 10 2 2 2 2 2 2 2 2 2 2 2 10 10 2
left_child=2 4 6 9 8 10 13 15 -2 19 61 14 40 33 35 48 45 27 22 20 30 25 -19 -22 -11 37 -27 -18 46 -9 -3 -17 -14 41 -35 43 -37 38 57 -21 52 42 -1 -12 -25 -4 -7 -28 -8 -15 -51 -52 -5 -54 -34 -20 -47 -10 -59 -60 -53 -6
right_child=1 3 16 12 5 28 7 29 21 24 11 -13 32 49 -16 31 17 18 55 39 23 -23 -24 44 -26 26 47 -29 -30 -31 -32 -33 54 34 -36 36 -38 -39 -40 -41 -42 -43 -44 -45 -46 56 -48 -49 -50 50 51 60 53 -55 -56 -57 -58 58 59 -61 -62 -63
leaf_value=-0.005848440800472505 -0.0062060584954451775 -4.7893612493975139e-05 -0.0017971566708582466 0.00070345802530101705 -0.0010277325945831134 -0.00039581487534505228 -0.0016115687463174782 0.0013979476232083964 -0.00046739535879185474 0.0013869402508736273 0.00077786750292525256 -2.4627113257624396e-05 0.0010422632899919934 -0.0020194334333928951 0.00077918205126787461 -0.0010167900231487944 -0.00090834440493540937 -0.00019228548005746095 0.0013099866559527847 0.00016927626096084584 0.00060704562643657109 -0.0015374646325997307 0.0014357638630385805 0.0025628034582103566 0.0064309834445686019 -0.0032703625209921715 -0.00042843096795897127 -0.00057020221941093139 -0.00012823878226549541 0.0052132706156908922 0.00060038088290542224 0.000105120434024161 0.0014169457250705962 -0.0020057735804756135 0.00094623168755369157 0.0012439866145950891 0.00033036020161530369 -0.00052249569032096466 0.00056986853517333941 0.00045272931657557356 -0.0012014678394963812 -0.0022627652456127063 -0.0028083324217217927 8.4822963306018119e-05 0.0011019179871695425 -0.0010670032947807597 -0.0012088581718317267 -0.001093524137750881 -0.00016334083777440236 -0.0016440360273164076 -0.00064993740013553458 0.0041456752851524439 0.0011761204586822423 0.00034557400465303682 0.0024855133225647813 0.0041127043169298895 -0.00054278128448959897 -0.00024323855707585355 0.0012755167936266401 1.7620951740294746e-05 0.00082724905482693505 -0.00028587368915853907
leaf_weight=177 120 10248 1471 59764 1637 19409 8709 403 7569 121 2309 38115 16470 5023 12372 2853 23816 9350 202 40588 39178 1589 796 527 139 255 11308 29393 38906 122 4498 1544 3609 2503 243 1957 60806 10085 2283 20312 278 5945 2921 33557 4255 12254 1606 2653 474 9348 478 115 10798 3171 936 232 4033 18518 623 10516 139 5213
leaf_count=177 120 10248 1471 59764 1637 19409 8709 403 7569 121 2309 38115 16470 5023 12372 2853 23816 9350 202 40588 39178 1589 796 527 139 255 11308 29393 38906 122 4498 1544 3609 2503 243 1957 60806 10085 2283 20312 278 5945 2921 33557 4255 12254 1606 2653 474 9348 478 115 10798 3171 936 232 4033 18518 623 10516 139 5213
internal_value=7.28869e-07 0.000250962 -0.0010127 0.000601554 -1.67637e-05 8.375e-05 -0.00166753 -0.00110966 -0.000347959 0.000410124 0.00020962 0.000240526 0.000843025 -0.00196014 0.000331573 -0.00124088 -0.000683496 -0.000593038 5.32858e-05 0.000402139 0.000545631 -0.00033721 -6.45576e-05 0.000678392 0.00408356 -0.000307321 -0.000603528 -0.000721552 -0.000243872 0.00228456 0.000149851 -0.000622833 0.00117089 -0.00233107 -0.00174454 0.000275425 0.000358848 -0.000222414 -0.000145816 0.000263816 0.000749929 -0.00250917 -0.00298202 0.00012944 0.00126291 -0.00100843 -0.000457949 -0.000554818 -0.00153682 -0.00167059 -0.00149676 0.000383976 0.000757287 0.000987584 0.00163701 0.00280821 -0.000937195 -0.000189708 -0.000118837 8.79746e-05 0.00232969 -0.000463162
internal_weight=618842 496298 122544 214892 281406 215887 40997 14105 65519 119866 155966 149116 95026 26892 111001 13580 81547 63789 10580 119606 58706 65399 10146 43960 260 63810 14216 53209 59921 525 14746 4397 21015 11789 2746 98629 62763 49594 39509 60900 74011 9043 3098 35866 4782 17758 21015 13961 9183 15103 10080 732 73733 13969 4545 434 16287 37226 29657 11139 254 6850
internal_count=618842 496298 122544 214892 281406 215887 40997 14105 65519 119866 155966 149116 95026 26892 111001 13580 81547 63789 10580 119606 58706 65399 10146 43960 260 63810 14216 53209 59921 525 14746 4397 21015 11789 2746 98629 62763 49594 39509 60900 74011 9043 3098 35866 4782 17758 21015 13961 9183 15103 10080 732 73733 13969 4545 434 16287 37226 29657 11139 254 6850
is_linear=0
shrinkage=0.05


Tree=48
num_leaves=63
num_cat=0
split_feature=8 14 8 13 13 14 14 7 14 14 14 14 13 14 8 13 7 14 14 2 14 7 13 8 8 14 14 13 13 8 13 7 14 13 14 8 13 8 14 14 8 13 8 7 14 13 8 14 2 7 8 2 14 7 8 2 8 14 8 13 7 14
split_gain=56.6534 16.8282 9.53665 6.53231 5.61535 2.5465 2.42183 2.04812 2.032 1.62049 1.52904 1.26622 1.24775 1.09257 1.07783 0.996597 0.865279 1.91273 1.23996 0.845663 0.720655 0.716507 0.716466 0.806789 0.674558 0.636018 0.618606 0.652461 0.591715 0.823503 0.56893 0.564822 0.788436 0.91977 0.5592 0.550969 0.545586 0.541775 0.518239 0.483227 0.474487 0.446306 0.439942 0.425189 0.39148 0.374775 0.869978 0.360279 0.358905 0.349876 0.349776 0.348961 0.348657 1.12411 0.418205 0.346152 0.329391 0.321234 0.318425 0.314556 0.306207 0.304162
threshold=1.6695000000000002 0.04273075577083519 1.5085000000000002 1.8134236480004582 1.8432249302713755 -0.034739700287642609 -0.059999887003934209 4.5000000000000009 -0.050878793194301657 0.10705250893903641 0.10592471401731786 -0.1737528619846844 1.7516683354102367 -0.24408337636124386 1.3095000000000001 1.7636290502143075 3.5000000000000004 0.001066324713679623 0.12181456336227993 2.5000000000000004 0.18736881747616344 5.5000000000000009 1.8657678508960227 1.8745000000000003 1.7945000000000002 0.035916623638756036 -0.099757500569899502 1.7748379703175199 1.7748379703175199 1.7375000000000003 1.9050218519754698 6.5000000000000009 -0.1530833295540914 1.8208541137852097 -0.13089743349190794 1.8575000000000002 1.787960130808419 1.7855000000000001 -0.13771210597676095 0.16919771399691155 1.7155000000000002 1.7783277951588177 1.5595000000000001 2.5000000000000004 -0.055874857255541414 1.7516683354102367 1.9255000000000002 0.03405256263401258 6.5000000000000009 2.5000000000000004 1.7435000000000003 18.500000000000004 -0.13771210597676095 5.5000000000000009 1.3995000000000002 4.5000000000000009 1.6255000000000002 -0.05796555927448032 1.8645000000000003 1.8992856189347675 4.5000000000000009 0.15369511244229364
decision_type=10 2 10 2 2 2 2 2 2 2 2 2 2 2 10 2 2 2 2 2 2 2 2 10 10 2 2 2 2 10 2 2 2 2 2 10 2 10 2 2 10 2 10 2 2 2 10 2 2 2 10 2 2 2 10 2 10 2 10 2 2 2
left_child=2 4 6 9 5 11 14 19 13 15 22 -2 37 -6 38 48 47 31 21 -8 -11 -19 58 -24 -10 55 27 -13 29 -28 -26 57 41 42 -15 -12 -9 -7 -1 51 -36 -33 -34 -16 -44 -22 -47 -4 -3 -40 -29 -37 -45 54 -54 -21 -23 -18 -5 -42 -20 -27
right_child=1 3 16 10 8 12 7 36 24 20 35 26 -14 34 43 -17 17 18 60 25 45 56 23 -25 30 61 28 50 -30 -31 -32 32 33 -35 40 39 -38 -39 49 -41 59 -43 44 52 -46 46 -48 -49 -50 -51 -52 -53 53 -55 -56 -57 -58 -59 -60 -61 -62 -63
leaf_value=-0.0024168714549633679 -0.003912266410612898 -0.00067254424016859363 -0.0017029884596065281 0.001071913046738808 -0.0050594422005988673 -0.00021396446071428668 -0.0016134623301441873 0.0012958474669587825 0.0015746940360200695 0.00059706269809711244 0.004093324034446906 -0.001846798927542235 7.9612405423102177e-05 -0.00038589621041197831 -0.0020367327206234956 0.00036526715040007852 -0.0016000798749414916 -0.00025276183725092143 0.0012444873134611926 -0.001188460351570113 0.00068030649567915071 0.0020192219740362417 0.002800402190140655 0.00089500881361633487 0.00042415239377607892 4.2132651841366802e-05 -0.000435432058572158 -0.00048995803962905533 -0.0002045556912466279 -0.0014643922743095129 0.00088152807355013963 -0.0014045356425312525 0.0013402900438151013 0.0017962929271186255 0.0013611811786079292 0.0010524050162000792 0.0053807613512201766 -0.0010101650885683115 -0.0015906405433083201 0.0020503523903490561 3.6199246808139911e-06 -0.00076481927981601283 -0.00058026726052795379 -0.0015985834042780787 0.00015186095726672376 0.0048257481026118751 0.0014673556131465839 -0.00088992584081576875 8.3858023532324143e-05 0.0010973538345151997 -0.0012852197049337231 0.0015860584233751821 -8.8856934239579379e-05 0.003558865185936377 -0.001643121499748099 -0.00028020588742771498 0.00045327676700986747 -0.0008748755021465174 0.00056153089059102874 0.00039539108486103024 0.0039070690970000781 0.0028255456237233495
leaf_weight=8313 258 1633 1487 3363 105 40037 5504 369 1559 22286 167 1174 79605 6021 4734 68312 2209 8402 202 4780 1040 454 565 33251 33962 986 20344 9403 34704 2150 8501 3709 316 436 782 17268 105 2257 856 1593 18694 10292 29354 11509 1947 219 1614 16271 39549 141 1621 3724 607 132 1508 1344 1290 4946 33479 7058 232 109
leaf_count=8313 258 1633 1487 3363 105 40037 5504 369 1559 22286 167 1174 79605 6021 4734 68312 2209 8402 202 4780 1040 454 565 33251 33962 986 20344 9403 34704 2150 8501 3709 316 436 782 17268 105 2257 856 1593 18694 10292 29354 11509 1947 219 1614 16271 39549 141 1621 3724 607 132 1508 1344 1290 4946 33479 7058 232 109
internal_value=6.92425e-07 0.000238414 -0.000962069 0.000554167 -3.00507e-05 -0.000174795 -0.00158415 -0.00102639 0.000331524 0.00033129 0.000875449 -0.000415966 -3.69888e-05 3.27025e-05 -0.00184893 0.000248145 -0.000649321 -0.000563386 5.06215e-05 -0.00114662 0.000693144 -6.13297e-05 0.000760657 0.000926844 0.000553221 -0.000790679 -0.000402967 -0.00072623 -0.000334029 -0.000533781 0.000515718 -0.000685475 -0.000621265 -0.000484534 4.91262e-05 0.00123194 0.00220073 -0.000256453 -0.00228768 0.00121079 0.00014784 -0.000934286 -0.000515987 -0.00162801 -0.000534727 0.00143845 0.0018686 -0.000958009 5.38642e-05 -0.00121049 -0.000606896 0.00114708 -0.00148736 -0.000917665 -0.00119705 -0.000989131 0.000860925 -0.00109877 0.000608119 0.000110995 0.0026678 0.000319203
internal_weight=618842 496298 122544 228063 268235 191553 40997 13197 76682 134653 93410 69654 121899 32660 27800 109494 81547 63789 10580 12723 25159 10146 70658 33816 44022 7219 69396 12198 57198 22494 42463 53209 46054 32053 32555 22752 474 42294 9310 22585 26534 14001 31617 18490 31301 2873 1833 17758 41182 997 11024 20992 13756 2247 2115 6124 1744 7155 36842 25752 434 1095
internal_count=618842 496298 122544 228063 268235 191553 40997 13197 76682 134653 93410 69654 121899 32660 27800 109494 81547 63789 10580 12723 25159 10146 70658 33816 44022 7219 69396 12198 57198 22494 42463 53209 46054 32053 32555 22752 474 42294 9310 22585 26534 14001 31617 18490 31301 2873 1833 17758 41182 997 11024 20992 13756 2247 2115 6124 1744 7155 36842 25752 434 1095
is_linear=0
shrinkage=0.05


Tree=49
num_leaves=63
num_cat=0
split_feature=8 14 8 13 13 14 14 7 14 13 14 14 14 14 7 2 13 13 7 14 7 8 14 13 8 8 13 13 14 13 13 13 8 2 14 14 13 8 8 8 14 2 14 2 2 2 14 14 14 2 8 8 13 8 13 8 13 14 8 2 10 2
split_gain=51.1297 15.2766 8.60683 5.61814 5.07409 2.80636 2.19912 2.33461 2.11695 1.31977 1.26486 1.20754 1.14276 0.986044 0.95019 0.930084 0.811896 0.796934 0.780914 1.73104 0.981467 0.772949 0.645997 1.04382 0.636013 0.615568 0.575338 0.573768 0.558292 0.588846 0.54228 0.534022 0.743212 0.529512 0.504678 0.466033 0.435674 0.432965 0.429353 0.42857 0.425095 0.419015 0.411606 0.596064 0.361578 0.353677 0.344939 0.336808 0.331703 0.428043 0.315673 0.308775 0.305153 0.312029 0.300706 0.819864 0.288972 0.280661 0.276599 0.276253 0.276012 0.284145
threshold=1.6695000000000002 0.052863783311381758 1.5085000000000002 1.8432249302713755 1.8057492807426865 -0.034739700287642609 -0.085306064517720367 4.5000000000000009 -0.050878793194301657 1.7516683354102367 0.12575599800870488 0.16919771399691155 -0.1737528619846844 -0.24408337636124386 15.500000000000002 3.5000000000000004 1.7691613125461358 1.857918335561721 3.5000000000000004 0.061959008592888505 6.5000000000000009 1.8845000000000003 -0.1530833295540914 1.8208541137852097 1.7955000000000003 1.1995000000000002 1.787960130808419 1.9050218519754698 -0.099757500569899502 1.7748379703175199 1.7516683354102367 1.7748379703175199 1.7375000000000003 22.500000000000004 -0.13089743349190794 -0.0011362166886181855 1.7783277951588177 1.8785000000000001 1.5555000000000001 1.7095000000000002 0.14400897040605812 6.5000000000000009 -0.028190554210275939 6.5000000000000009 18.500000000000004 5.5000000000000009 0.09295900859288854 0.071242499430100539 0.054125142744458683 2.5000000000000004 1.7435000000000003 1.6065000000000003 1.7837075644055045 1.7525000000000002 1.7516683354102367 1.9055000000000002 1.9050218519754698 -0.099757500569899502 1.8545000000000003 19.500000000000004 1.0620000000000001 4.5000000000000009
decision_type=10 2 10 2 2 2 2 2 2 2 2 2 2 2 2 2 2 2 2 2 2 10 2 2 8 10 2 2 2 2 2 2 10 2 2 2 2 10 10 10 2 2 2 2 2 2 2 2 2 2 10 10 2 10 2 10 2 2 10 2 10 2
left_child=2 3 6 5 11 12 14 15 13 33 17 16 -2 -5 25 47 41 58 48 22 40 -19 36 30 -10 60 -9 -26 29 -14 42 32 -30 -7 -15 -17 -20 -12 -32 -36 -21 -3 43 -24 -39 51 -43 -8 -4 -50 -31 -44 -11 -54 -13 -56 -41 -40 -6 -23 61 -1
right_child=1 4 18 8 10 9 7 26 24 52 37 54 28 34 -16 35 -18 21 19 20 -22 59 23 -25 27 -27 -28 -29 31 50 38 -33 -34 -35 39 -37 -38 44 57 56 -42 46 45 -45 -46 -47 -48 -49 49 -51 -52 -53 53 -55 55 -57 -58 -59 -60 -61 -62 -63
leaf_value=-0.005419527927103142 -0.0037166531010018305 -0.00051739056244062549 -0.0013744816700436602 -0.0048064701159906001 0.0013312539084290621 -0.00047860343965619662 -0.0014951751155974965 0.0012494480564123388 0.0015154877388943921 -5.053309236579764e-06 0.0039574472347083381 0.00067140190333029779 -0.0017544589745550334 -0.00036660140006769082 -0.001353824410846826 -0.00092949240536002644 0.00044202180457713486 0.0026762936992751397 -0.0013486563829174427 0.00010994113319595426 0.0030901393101879838 0.00084863418001618395 -0.0015204087228380435 0.0018288745379419135 0.00043101623161332725 -0.0018942994975375512 0.0051983648607459958 0.00085964052471719705 -0.00041366045225698245 -0.00046546013574717739 0.0020455006436336924 -0.00019432790619881791 -0.0013911726586832015 -0.00011583296688290475 0.001322723551533785 0.00012129126260079109 -0.00072657831561591683 0.0011711209388283498 -0.00043210945214791695 2.5711905926624013e-05 0.0024659942198725963 0.00010597475703165347 -0.0005833194391196044 -0.00065987630134787297 0.0018888881641939187 -0.00010803582072551834 0.00039640013290612994 -0.00013101638386028237 -0.0010549791799968845 -0.00051084843677949706 -0.0012209587131800988 -0.0021207967977766155 0.0008409343465056988 0.00015462601332166923 0.0042771976520326214 0.0012364311494763658 0.00045392789948024877 0.0001421863261516983 0.00058258460492485883 0.0012083478127154124 -0.002492578969343618 -0.0029174581606165547
leaf_weight=180 258 2148 3161 105 1280 14016 9963 502 1634 40322 156 1646 1174 6021 8162 3333 57046 629 3874 3365 331 31726 2204 472 40736 14714 113 9659 20344 9403 205 34704 2150 35629 745 1544 10292 9367 7326 20936 203 32794 3175 23139 2159 5841 14855 474 8013 6584 1621 364 1709 53539 247 2162 4853 2998 34108 6417 1705 307
leaf_count=180 258 2148 3161 105 1280 14016 9963 502 1634 40322 156 1646 1174 6021 8162 3333 57046 629 3874 3365 331 31726 2204 472 40736 14714 113 9659 20344 9403 205 34704 2150 35629 745 1544 10292 9367 7326 20936 203 32794 3175 23139 2159 5841 14855 474 8013 6584 1621 364 1709 53539 247 2162 4853 2998 34108 6417 1705 307
internal_value=6.57804e-07 0.000226493 -0.000913965 1.68214e-06 0.000568792 -0.00013426 -0.00150495 -0.00104555 0.000346587 -9.112e-06 0.000857404 0.000345388 -0.000395168 3.10673e-05 -0.00179686 -0.00116686 0.000313245 0.000781229 -0.000616855 -0.000535217 0.000485608 0.000937819 -0.000601676 -0.000510273 0.000544647 -0.00201075 0.00197502 0.000513169 -0.000382819 -0.000689919 -0.000534671 -0.000317327 -0.000507092 -0.000218252 4.66699e-05 -0.000596827 -0.000896699 0.00134098 -0.000220347 0.000140448 0.000243988 0.000165723 -0.000629983 -0.000734714 0.00130557 -0.00034702 0.000196517 -0.00143322 -0.000910109 -0.000809548 -0.000576551 -0.000741455 9.95283e-05 0.000175856 0.0011923 0.00154821 0.000106294 -0.000265339 0.000609664 0.000909151 -0.00279244 -0.00384225
internal_weight=618842 496298 122544 299558 196740 214869 40997 15929 84689 145215 85842 110898 69654 32660 25068 15314 106843 74160 81547 63789 3899 38772 59890 45724 52029 16906 615 50395 69396 12198 45252 57198 22494 49645 32555 4877 14166 11682 10529 26534 3568 49797 34723 25343 11526 9380 47649 10437 17758 14597 11024 3539 95570 55248 4055 2409 25789 10324 35388 38143 2192 487
internal_count=618842 496298 122544 299558 196740 214869 40997 15929 84689 145215 85842 110898 69654 32660 25068 15314 106843 74160 81547 63789 3899 38772 59890 45724 52029 16906 615 50395 69396 12198 45252 57198 22494 49645 32555 4877 14166 11682 10529 26534 3568 49797 34723 25343 11526 9380 47649 10437 17758 14597 11024 3539 95570 55248 4055 2409 25789 10324 35388 38143 2192 487
is_linear=0
shrinkage=0.05


Tree=50
num_leaves=63
num_cat=0
split_feature=8 14 8 8 14 7 14 7 14 14 7 14 2 2 7 8 7 7 14 14 7 14 7 7 7 2 7 14 7 14 8 14 14 8 2 14 2 8 7 2 14 9 7 14 2 7 14 2 2 8 7 3 2 7 8 14 8 14 14 2 14 14
split_gain=46.1855 13.8934 7.81027 3.46594 2.40158 2.35695 2.04008 2.19644 1.23525 1.17058 1.06871 0.973636 0.933371 1.01835 0.886657 0.856577 0.836802 0.785907 0.726375 0.715338 0.68598 1.36693 0.802647 0.60314 0.554788 0.554705 0.546324 0.505381 0.501562 0.647885 0.485553 0.480666 0.472789 0.46436 0.458284 0.496624 0.447456 0.419123 0.402714 0.369058 0.365987 0.34442 0.322048 0.801121 0.314821 0.309033 0.30875 0.306336 0.513024 0.287096 0.279131 0.272867 0.301712 0.26963 0.267621 0.264996 0.263706 0.25963 0.248398 0.276121 0.246054 0.245198
threshold=1.6695000000000002 0.036549113499794068 1.5085000000000002 1.8955000000000002 -0.083788257558926924 48.500000000000007 -0.088766314920685971 3.5000000000000004 -0.24408337636124386 0.22173780145979918 5.5000000000000009 0.11615156235368863 21.500000000000004 18.500000000000004 50.500000000000007 1.3295000000000001 8.5000000000000018 5.5000000000000009 0.11488821107532222 0.18736881747616344 3.5000000000000004 0.001066324713679623 6.5000000000000009 50.500000000000007 8.5000000000000018 22.500000000000004 5.5000000000000009 -0.034739700287642609 6.5000000000000009 -0.15943404656886193 2.1940000000000004 0.071242499430100539 -0.0064055808432642572 1.7625000000000002 21.500000000000004 -0.13771210597676095 18.500000000000004 1.7755000000000003 48.500000000000007 2.5000000000000004 0.071242499430100539 1.1355000000000002 4.5000000000000009 -0.1530833295540914 20.500000000000004 5.5000000000000009 0.017581664438279358 18.500000000000004 21.500000000000004 1.9985000000000002 1.5000000000000002 15.500000000000002 19.500000000000004 9.5000000000000018 1.5555000000000001 -0.055874857255541414 1.8185000000000002 0.005931058257267364 0.081699380946849157 5.5000000000000009 -0.03721763971805702 -0.095997386183176645
decision_type=10 2 10 10 2 2 2 2 2 2 2 2 2 2 2 10 2 2 2 2 2 2 2 2 2 2 2 2 2 2 10 2 2 10 2 2 2 10 2 2 2 10 2 2 2 2 2 2 2 10 2 2 2 2 10 2 10 2 2 2 2 2
left_child=2 4 6 9 8 12 15 31 -2 14 -9 38 13 16 17 41 -6 -3 24 20 46 28 58 34 -19 40 -11 -18 55 44 49 39 37 -29 51 -36 54 -7 47 -8 -26 50 -17 -44 -30 -45 -4 -5 -49 -13 -1 52 -10 -24 -31 -22 -42 -41 -23 -60 -14 -38
right_child=1 3 19 11 5 32 7 10 23 26 -12 30 60 -15 -16 42 27 18 -20 -21 21 22 53 -25 25 -27 -28 33 29 36 -32 -33 -34 -35 35 -37 61 -39 -40 57 56 -43 43 45 -46 -47 -48 48 -50 -51 -52 -53 -54 -55 -56 -57 -58 -59 59 -61 -62 -63
leaf_value=-0.004370822177783765 -0.0054116721963509921 -0.00048290955065415054 -0.0018791651044081968 0.00057749782913678598 -0.00044849670991422425 -0.00037001297803497903 -0.001560529245326483 5.5344014520346938e-05 -0.00023327585329017421 0.0011759290394397325 0.0034239065069713972 0.00083446881824879521 -0.00027897103225651298 0.00062945629377937011 9.8431833430792783e-05 -0.0018585631788542612 3.0772748523097559e-05 1.3886165174592268e-05 0.00088629431180014748 0.0023859725165178559 -0.0014607374335211558 -0.0002463155219151084 0.0010367689063870901 -0.0017508466587139249 0.00041924782299208478 0.00026287325286164384 0.0058235308399973377 0.00089731845915324226 -0.00072539950645369696 0.0016868792545254821 0.0037329967985948865 0.0001727493180540341 -0.00013189619556083323 0.00023520591879593489 -0.0028615376455598906 -0.0006116722386872392 -0.00067343062443626055 -0.0011846601644130818 -0.0010426951098038858 -0.001242504863088843 0.0018731593876948644 -0.0019357432446107652 -0.0013785523772952479 5.474034235397373e-05 -0.0013126970530158207 0.003386814463173723 -0.00082609511463598581 0.0009867935041757204 0.00027736186157783409 0.001190632561217056 -0.0024548866135453169 -0.00053403433680940921 0.00046591594973081083 0.0032770789659186126 -0.00014608868640932947 -0.00080357824476719013 0.00066596473074801061 -0.00057417636203405435 4.9004161773196293e-05 0.0014863658025340842 -5.3639591960277501e-06 -0.00036536644882440559
leaf_weight=235 122 2522 726 61578 5639 21498 6463 1993 24413 116 267 15919 11888 12045 34605 3462 36733 9641 7446 202 2238 7831 686 780 33485 36127 139 2772 9708 205 159 586 31245 59237 253 8034 14842 1704 363 4601 464 10308 9688 199 2983 107 16865 11572 3268 8778 995 7350 1647 167 6962 4877 18068 2124 1341 445 26610 11436
leaf_count=235 122 2522 726 61578 5639 21498 6463 1993 24413 116 267 15919 11888 12045 34605 3462 36733 9641 7446 202 2238 7831 686 780 33485 36127 139 2772 9708 205 159 586 31245 59237 253 8034 14842 1704 363 4601 464 10308 9688 199 2983 107 16865 11572 3268 8778 995 7350 1647 167 6962 4877 18068 2124 1341 445 26610 11436
internal_value=3.07362e-07 0.000214975 -0.000868964 0.000483692 -4.55088e-05 2.41195e-05 -0.00143161 -0.000991412 -0.000387727 0.000324687 0.000453311 0.000706801 0.000123572 0.000194144 0.000318624 -0.00171401 0.000143911 0.000389339 0.000410244 -0.00058577 -0.000593152 -0.000516847 5.41988e-06 -0.000373297 0.000373994 0.000413382 0.00370933 0.000177742 -0.000619534 -0.000559273 0.000978791 -0.00122846 -0.000258863 0.000264804 -0.000347529 -0.00068036 -0.000443853 -0.000429842 0.00061875 -0.00129072 0.000517914 -0.00203011 -0.00144296 -0.00129899 -0.000863443 0.00121988 -0.000869556 0.000626642 0.000830566 0.000961059 -0.00282094 -0.000264973 -0.000189087 0.00147538 -9.36597e-05 -0.00101029 0.00069619 -0.00103142 -0.000124961 0.000407137 -8.98525e-05 -0.000539363
internal_weight=618762 496220 122542 244250 251970 209371 41028 16034 42599 142613 2260 101637 154924 116426 142358 24994 104381 107753 105231 81514 81312 63721 10470 42477 97785 88144 255 98742 53251 46136 24856 13774 54447 62009 41697 8287 33445 23202 76781 13188 52017 11538 13456 9994 12691 306 17591 76418 14840 24697 1230 33410 26060 853 7167 7115 18532 6725 9617 1786 38498 26278
internal_count=618762 496220 122542 244250 251970 209371 41028 16034 42599 142613 2260 101637 154924 116426 142358 24994 104381 107753 105231 81514 81312 63721 10470 42477 97785 88144 255 98742 53251 46136 24856 13774 54447 62009 41697 8287 33445 23202 76781 13188 52017 11538 13456 9994 12691 306 17591 76418 14840 24697 1230 33410 26060 853 7167 7115 18532 6725 9617 1786 38498 26278
is_linear=0
shrinkage=0.05


Tree=51
num_leaves=63
num_cat=0
split_feature=8 14 8 13 13 14 14 14 7 14 13 14 8 13 8 14 2 8 14 7 14 7 13 8 13 13 7 14 14 2 14 8 13 14 2 13 13 14 13 7 14 7 2 14 14 14 8 8 14 7 14 8 8 2 14 2 8 14 8 13 14 8
split_gain=41.6824 12.6188 7.04877 5.00291 3.95519 2.67276 1.87287 1.52592 1.27673 1.2658 1.1432 1.04621 0.945491 0.920084 0.912865 0.745813 0.669426 0.669123 0.654632 0.649103 1.49342 0.976699 0.600304 0.742673 0.577582 0.528676 0.486398 0.907816 0.448632 0.442923 0.438508 0.417434 0.515234 0.409736 0.46967 0.400853 0.400757 0.598994 0.686751 0.39726 0.381877 0.781048 0.377222 0.373241 0.370338 0.370049 0.479913 0.364579 0.342898 0.336495 0.595881 0.33361 0.33082 0.327428 0.31296 0.296769 0.294769 0.29428 0.293169 0.270289 0.269522 0.288355
threshold=1.6695000000000002 0.056424843510216045 1.5085000000000002 1.8508886654934142 1.8432249302713755 -0.025141334261173928 -0.029473454994190181 -0.050878793194301657 3.5000000000000004 0.12792465385803589 1.7691613125461358 -0.18402533651879779 1.3295000000000001 1.7691613125461358 1.8795000000000002 -0.24408337636124386 20.500000000000004 1.7985000000000002 -0.099757500569899502 2.5000000000000004 0.0692503006934614 5.5000000000000009 1.7837075644055045 1.7555000000000003 1.7516683354102367 1.7748379703175199 4.5000000000000009 -0.033575156489783813 0.22173780145979918 7.5000000000000009 0.18736881747616344 1.9195000000000002 1.7516683354102367 -0.14748851973673668 2.5000000000000004 1.9050218519754698 1.7313513947794037 -0.15943404656886193 1.8296745792475027 2.5000000000000004 -0.10999988700393425 5.5000000000000009 2.5000000000000004 -0.0094351754930646053 0.14400897040605812 -0.13089743349190794 1.7255000000000003 1.4155000000000002 0.045723070680631202 2.5000000000000004 -0.35941667344042344 1.8245000000000002 2.0965000000000003 4.5000000000000009 0.09571112178434972 5.5000000000000009 1.7435000000000003 -0.13089743349190794 1.5655000000000003 1.7965040282710272 0.029028084136284885 1.7495000000000003
decision_type=10 2 10 2 2 2 2 2 2 2 2 2 8 2 10 2 2 10 2 2 2 2 2 10 2 2 2 2 2 2 2 10 2 2 2 2 2 2 2 2 2 2 2 2 2 2 10 10 2 2 2 10 10 2 2 2 10 2 10 2 2 10
left_child=2 3 6 5 9 11 12 15 42 13 29 -2 33 55 -6 -5 30 -9 25 -4 26 44 23 -20 -10 -13 43 36 -11 -7 54 32 -30 49 -35 -19 57 -38 58 -14 -41 47 -8 -21 -22 -17 -47 -42 -44 50 -1 -31 -33 -49 -16 -3 -27 -28 -39 -29 61 -12
right_child=1 4 19 7 14 10 8 17 24 28 60 18 39 -15 16 45 -18 35 22 20 21 -23 -24 -25 -26 56 27 59 31 51 -32 52 -34 34 -36 -37 37 38 -40 40 41 -43 48 -45 -46 46 -48 53 -50 -51 -52 -53 -54 -55 -56 -57 -58 -59 -60 -61 -62 -63
leaf_value=-0.0057612898122323189 -0.0045502894985400243 -0.0019352807252310525 -0.00088916060575276561 -0.0041745292389023941 0.0021412546177696288 -0.00087962065414462975 -0.0012965649316523042 0.0017458130186715219 0.00036249478597650365 0.00071066128143270257 0.00069249762585121355 -0.0016409955966345806 -0.001716608208554766 0.00042946086214791496 0.00068265753893885701 -0.00029223489168698477 0.0014457141804069297 0.00043193958816180333 -0.00034126996672490564 -0.0016974126417941577 -3.6789522073819861e-05 0.002492942287022252 -0.00011411845185739299 -0.0012762506286245305 0.003753049843239559 -0.00043877169707439383 -0.0012118544434962346 -3.046748024960592e-05 0.0014428748779088203 -8.0751145340953343e-05 0.0023393880795889769 0.00075309257928207578 0.0057547342572962087 -0.0017998543042425767 -0.00046014973040266931 0.00079059610574785672 -0.00076021941990491912 0.0014049325367415674 0.0019357384461222958 -0.0013375922403198986 -2.9045627026284319e-05 0.003043344636336604 -0.00084432961324371135 -0.00077708114819568651 0.0015118767229855847 0.001488324072438344 0.00013487135615608355 -0.0018814780257798702 0.00033547110895958533 -0.0018441464199583188 -0.002339468055607561 -0.00062292468420947062 0.0025713063735816801 -0.00067857046208764243 0.00093765219338423373 0.00014000363029377527 -0.0011327350754479042 -0.00068200024516557934 -0.00036516179047617477 0.0022280838617330626 0.00025066604209792104 4.4521178857602837e-05
leaf_weight=133 146 173 12427 103 1405 1903 4321 1118 1088 14010 1786 1175 4912 70484 29923 5207 4350 36727 33426 1331 4417 467 37452 2268 142 11214 3147 7060 157 61719 458 971 124 2173 936 9888 11483 237 337 10966 900 132 3342 6393 423 675 22063 1024 755 6008 2932 2974 337 1264 20126 40671 1772 15664 17993 135 37029 44386
leaf_count=133 146 173 12427 103 1405 1903 4321 1118 1088 14010 1786 1175 4912 70484 29923 5207 4350 36727 33426 1331 4417 467 37452 2268 142 11214 3147 7060 157 61719 458 971 124 2173 936 9888 11483 237 337 10966 900 132 3342 6393 423 675 22063 1024 755 6008 2932 2974 337 1264 20126 40671 1772 15664 17993 135 37029 44386
internal_value=2.91994e-07 0.000204226 -0.000825516 1.13416e-05 0.000533825 -0.000101629 -0.00136003 0.000365022 -0.000750788 0.000379144 2.6599e-05 -0.000321269 -0.00154735 0.00032004 0.000882782 7.23275e-05 0.00085055 0.00053701 -0.000314196 -0.000556481 -0.000496641 0.000309257 -0.000253955 -0.000400679 0.000753925 -0.000625363 -0.000563698 -0.000512443 0.000800966 -0.000127791 0.000799291 0.00159717 0.00334562 -0.00189189 -0.00139652 0.000508018 -0.000589656 -0.000476361 -0.000300805 -0.00132872 -0.00119535 -0.000725532 -0.000970649 -0.000935673 9.85588e-05 8.79806e-05 0.00017505 -0.000881583 -0.000626915 -0.00206163 -0.00248795 -0.000105675 0.00122155 -0.00121693 0.000785197 0.000131213 -0.000533466 -0.000770643 -0.00034215 1.19098e-05 0.000150176 6.95858e-05
internal_weight=618762 496220 122542 313031 183189 237250 41028 75781 9648 126927 149797 87453 31380 111328 56262 28048 54857 47733 87307 81514 69087 5307 73146 35694 1230 14161 63780 56056 15599 66596 50507 1589 281 12182 3109 46615 48861 30050 18567 19198 14286 3320 8418 7724 4840 27945 22738 3188 4097 9073 3065 64693 1308 2288 50049 40844 12986 18811 18230 7195 83201 46172
internal_count=618762 496220 122542 313031 183189 237250 41028 75781 9648 126927 149797 87453 31380 111328 56262 28048 54857 47733 87307 81514 69087 5307 73146 35694 1230 14161 63780 56056 15599 66596 50507 1589 281 12182 3109 46615 48861 30050 18567 19198 14286 3320 8418 7724 4840 27945 22738 3188 4097 9073 3065 64693 1308 2288 50049 40844 12986 18811 18230 7195 83201 46172
is_linear=0
shrinkage=0.05


Tree=52
num_leaves=63
num_cat=1
split_feature=11 14 13 14 13 7 14 11 14 14 14 14 13 14 13 14 9 13 14 13 7 7 2 13 14 14 12 14 13 2 14 7 14 14 7 14 14 2 14 2 4 3 14 13 14 13 11 2 11 14 2 14 14 10 11 14 12 7 2 2 14 13
split_gain=32.2685 15.1129 5.48755 4.95014 4.42013 2.93333 2.38908 2.18915 1.52184 1.34067 1.31798 1.0294 0.723858 0.701115 0.682132 0.671489 0.588621 0.587467 0.542844 0.532882 0.526403 0.511224 0.501152 0.460256 0.670057 0.443692 0.441355 0.437836 0.399893 0.3968 0.374957 0.344081 0.425192 0.339245 0.543063 0.293144 0.290597 0.269581 0.266619 0.262185 0.257779 0.251231 0.251176 0.25006 0.249085 0.244291 0.239573 0.247402 0.23745 0.233839 0.233392 0.231518 0.221844 0.2218 0.22118 0.218789 0.214337 0.21099 0.208032 0.179078 0.177209 0.16587
threshold=1.5832857142857144 0.025175771358670555 1.8134236480004582 -0.060859854515073468 1.8411380396533612 3.5000000000000004 -0.088766314920685971 1.4219285714285717 -0.11276631492068588 0.10592471401731786 0.083269114063143981 0.11319273218147631 1.7664540979860031 0.066434590088748316 1.8657678508960227 0.22173780145979918 1.2105000000000004 1.7636290502143075 -0.1737528619846844 1.8808204437217764 8.5000000000000018 5.5000000000000009 2.5000000000000004 1.7516683354102367 -0.20045154348454794 0.22173780145979918 1.625016666666667 0.18736881747616344 1.7731886774278114 2.5000000000000004 -0.2643106990766278 2.5000000000000004 -0.35941667344042344 -0.1530833295540914 6.5000000000000009 -0.022415297091337712 0.041699380946849114 20.500000000000004 -0.03721763971805702 8.5000000000000018 0 10.500000000000002 -0.010897433491907858 1.8808204437217764 0.11773075577083526 1.9050218519754698 1.8505 19.500000000000004 1.8305000000000002 -0.22109152146568353 7.5000000000000009 -0.0449336752863203 0.14793099809798529 1.4855000000000003 1.7360714285714292 -0.48104099140711137 1.3265833333333337 16.500000000000004 6.5000000000000009 2.5000000000000004 0.062959008592888624 1.8296745792475027
decision_type=10 2 2 2 2 2 2 10 2 2 2 2 2 2 2 2 10 2 2 2 2 2 2 2 2 2 10 2 2 2 2 2 2 2 2 2 2 2 2 2 1 2 2 2 2 2 10 2 10 2 2 2 2 10 10 2 10 2 2 2 2 2
left_child=3 4 10 7 6 13 18 16 30 14 17 20 42 40 -4 21 31 39 49 51 36 59 -15 58 -25 41 53 37 -20 -18 -6 32 -1 57 56 54 50 -11 -14 -3 -5 -13 -8 -32 -23 -29 -16 60 -37 -2 -7 -10 -24 -17 -21 -33 -35 -31 -9 -12 -48 -22
right_child=1 2 9 5 8 11 12 23 19 27 15 25 38 22 46 26 29 -19 28 35 61 44 52 24 -26 -27 -28 45 -30 33 43 55 -34 34 -36 48 -38 -39 -40 -41 -42 -43 -44 -45 -46 -47 47 -49 -50 -51 -52 -53 -54 -55 -56 -57 -58 -59 -60 -61 -62 -63
leaf_value=-0.0054732252682622214 -0.0032908394199254276 -0.00060229341415749308 0.00046476414494139233 -0.0010154083651983303 -0.0022008632417019531 -0.00052074926418020921 -0.00038065911432706674 -0.0019237033255787373 3.0919765401590795e-05 0.00092175355392888007 -0.0015409133846165332 0.00061096322403196546 -0.00017223081641343243 -0.00086081028973317034 0.0012019666289579645 0.0020588261319372404 -0.00179377828837718 0.00022221822760574539 -0.00072442404181070875 0.00072358263389183427 0.00065119860261678836 0.00036160804787385286 -0.0002998601782926699 -0.00088166457229239619 -2.6226424165388227e-05 0.0037507961375815276 0.00098032639921126182 0.0018026468497713795 -0.00041059261896459815 -0.0016867892763061641 -0.00044901643238675444 -0.0022015375499348576 -0.0024674853374416867 -0.00078407986082328649 0.0023544220231456127 0.0010323636661915083 -3.4766248270507409e-05 0.001486304983924717 2.0741391399686597e-05 1.1685135730776156e-05 -0.0015591791669503719 0.0030288356208674067 -0.00017120684244703921 1.1294866239762487e-05 0.00060290455763083335 0.004272073850934875 0.00049291835364621828 0.00098250644856367943 0.00051165547012317928 -0.0012513790312000013 -8.9612785354073341e-05 0.0002899955201221594 0.00098897252009970014 0.0046035780937816254 0.00025481286098768456 -0.0014212563858970655 -0.0015005747465484686 -0.0012097604785346026 -0.0010645071082169056 -0.00017026014793466431 0.00074273329459088866 0.0027246100581077006
leaf_weight=133 153 1814 46632 13751 255 11105 33154 853 15586 19552 271 849 29555 7286 2684 223 5718 66409 18114 3107 979 35007 4445 7847 3232 161 937 733 23089 5176 7330 1845 1020 2928 121 3339 8482 2371 45388 41923 2590 123 25188 4938 15400 116 11143 6946 6359 1727 4376 19303 361 139 13236 1751 1622 4198 4047 1975 19560 107
leaf_count=133 153 1814 46632 13751 255 11105 33154 853 15586 19552 271 849 29555 7286 2684 223 5718 66409 18114 3107 979 35007 4445 7847 3232 161 937 733 23089 5176 7330 1845 1020 2928 121 3339 8482 2371 45388 41923 2590 123 25188 4938 15400 116 11143 6946 6359 1727 4376 19303 361 139 13236 1751 1622 4198 4047 1975 19560 107
internal_value=2.77394e-07 0.000154156 0.000410718 -0.000846982 -0.000127067 -0.000536385 -0.000262795 -0.00126592 0.000198828 0.000684427 0.00022768 -0.000154525 -0.000158169 -0.000888013 0.000594997 0.000430147 -0.00156276 0.000128508 -0.000586473 0.000302006 -0.000221202 0.00040244 -0.000599382 -0.000810574 -0.000632114 0.00131962 0.00155318 0.00102596 -0.000548562 -0.00144265 -0.000303181 -0.00206259 -0.0028142 -0.0012997 -0.000951581 0.00047316 -0.000269998 0.000982811 -5.53604e-05 -1.37797e-05 -0.00110159 0.000916929 -0.000290232 -0.000263736 0.000435327 0.00214005 0.000745569 0.000713032 0.000690934 -0.00141736 -0.00039888 0.000174258 -0.00020305 0.00303595 0.000343932 -0.0018216 -0.0010395 -0.00147316 -0.00121408 -0.000335642 0.000652068 0.000855485
internal_weight=618762 523656 273835 95106 249821 54615 176368 40491 73453 109737 164098 26182 133285 28433 86965 53952 24512 110146 43083 60930 25049 52653 12092 15979 11079 1133 1299 22772 41203 19763 12523 4749 1153 14045 4671 26041 23963 21923 74943 43737 16341 972 58342 12268 50407 849 40333 37649 9698 1880 15481 34889 4806 362 16343 3596 4550 9374 4900 2246 30703 1086
internal_count=618762 523656 273835 95106 249821 54615 176368 40491 73453 109737 164098 26182 133285 28433 86965 53952 24512 110146 43083 60930 25049 52653 12092 15979 11079 1133 1299 22772 41203 19763 12523 4749 1153 14045 4671 26041 23963 21923 74943 43737 16341 972 58342 12268 50407 849 40333 37649 9698 1880 15481 34889 4806 362 16343 3596 4550 9374 4900 2246 30703 1086
cat_boundaries=0 1
cat_threshold=1
is_linear=0
shrinkage=0.05


Tree=53
num_leaves=63
num_cat=0
split_feature=8 14 8 13 13 14 14 14 7 14 14 8 13 13 8 7 14 8 2 14 7 14 7 14 13 13 8 13 7 14 13 13 8 14 14 14 2 7 14 7 8 14 13 13 14 8 14 8 2 14 2 14 2 14 8 13 14 2 8 13 8 8
split_gain=33.7303 10.4059 5.75624 4.11399 3.2447 2.0919 1.58591 1.53527 1.09083 1.0302 0.92925 0.849756 0.80471 0.774438 0.77039 0.680078 0.652287 0.578131 0.573362 0.569134 0.533315 1.04619 0.657804 0.497267 0.508722 0.462599 0.670028 0.453679 0.419646 0.540594 0.366396 0.36074 0.560512 0.355941 0.349981 0.347687 0.397642 0.337569 0.329786 0.640452 0.36236 0.322032 0.599931 0.317664 0.309581 0.438167 0.305171 0.382962 0.29857 0.293083 0.288372 0.286501 0.282418 0.354499 0.278152 0.272278 0.266581 0.297388 0.260456 0.256905 0.294716 0.284152
threshold=1.6695000000000002 0.056424843510216045 1.5085000000000002 1.8432249302713755 1.8432249302713755 -0.013690086382429188 -0.029473454994190181 -0.060859854515073468 2.5000000000000004 0.13643459008874828 -0.16589216316615404 1.8995000000000002 1.7731886774278114 1.7313513947794037 1.3295000000000001 6.5000000000000009 -0.24408337636124386 1.7855000000000001 20.500000000000004 0.18736881747616344 3.5000000000000004 0.001066324713679623 5.5000000000000009 -0.094933675286320227 1.7731886774278114 1.7748379703175199 1.7625000000000002 1.9050218519754698 6.5000000000000009 -0.06713621668861823 1.7965040282710272 1.7516683354102367 1.8855000000000002 0.22173780145979918 0.22173780145979918 -0.14748851973673668 3.5000000000000004 2.5000000000000004 -0.10493367528632024 4.5000000000000009 1.4155000000000002 -0.15943404656886193 1.8296745792475027 1.787960130808419 -0.0045751564897839039 1.8395000000000004 -0.13428537068007781 1.7095000000000002 5.5000000000000009 0.09571112178434972 22.500000000000004 0.030492723534902292 3.5000000000000004 -0.35941667344042344 1.8425000000000002 1.7516683354102367 0.080723120531272521 2.5000000000000004 1.7435000000000003 1.7837075644055045 1.8245000000000002 1.7795000000000003
decision_type=10 2 10 2 2 2 2 2 2 2 2 10 2 2 8 2 2 10 2 2 2 2 2 2 2 2 10 2 2 2 2 2 10 2 2 2 2 2 2 2 10 2 2 2 2 10 2 10 2 2 2 2 2 2 10 2 2 2 10 2 10 10
left_child=2 3 6 5 9 10 14 16 -8 12 -2 54 48 50 35 51 -5 -9 33 20 56 28 -23 24 -12 26 -25 44 -22 41 -24 -11 34 49 -33 52 -37 -16 -39 40 -40 43 55 -30 -19 -46 -18 -48 -3 -13 -7 -10 53 -1 -6 -43 -4 -58 -26 60 -15 -61
right_child=1 4 19 7 11 13 8 17 15 31 23 18 -14 59 37 -17 46 27 -20 -21 21 22 30 25 58 -27 -28 -29 29 -31 -32 32 -34 -35 -36 36 -38 38 39 -41 -42 42 -44 -45 45 -47 47 -49 -50 -51 -52 -53 -54 -55 -56 -57 57 -59 -60 61 -62 -63
leaf_value=-0.0044515266863769196 -0.0028913708469936968 -0.0018627768498609421 -0.0009552292825943722 -0.0039351877633411929 0.0029066743237346833 -0.00047558333033781674 -0.0010130194876311709 0.0013256979088883028 -0.00033143211703552433 0.00041751189134146631 -0.001422350550696218 0.00059015422052112259 0.00040988733107682573 5.3646258447626901e-05 -0.0015582193460242279 0.0033802600021288101 -0.00033935750309843404 0.0001748486600291853 0.0013020030434780444 0.0021512275534243401 -0.00088604702009361606 -0.00016398241286821197 0.0006877529611282186 -0.00030537021366637763 -0.00036171936933656587 -0.00011141810697895226 -0.0012715640387258511 0.00069673350072047685 -0.0011285606001238599 4.4432463007162914e-05 0.0034821943663123495 0.0019317945944238254 0.00087138119754983409 0.0026558405856372579 0.0051948389764875178 -0.0014495243887840028 0.00037177805548665115 -0.0012072011960369443 -4.157702952679198e-05 0.0012590857952160456 -0.001271171565917475 -0.00057503024782981638 0.0017864305324619637 -0.00057896389585548175 0.0012724097705417237 0.0003954019781492532 0.0012036840516721136 4.093547537521589e-05 0.0001497347733893956 0.00084014354326052566 -0.00011300500059720616 0.00084589842732811027 -0.0016641622278418203 -0.0021223469374039975 0.0014232593589016589 -0.00025213145557579584 -0.00078422286125798258 -0.00019890210193171891 -0.0010010996975457034 0.00076024059219432659 -0.00030331083931929158 0.00014293875690090269
leaf_weight=173 341 185 8321 106 355 7501 6754 1770 2049 4254 1448 28583 66632 46432 4912 154 5417 17529 4337 202 7115 8645 1699 32854 12958 41913 1898 11134 3719 4542 126 461 7058 232 100 2773 336 11070 863 393 1960 18520 300 8972 1496 29677 734 20106 48237 19878 20393 691 5968 2932 2877 10083 5804 3466 1816 1938 6605 48965
leaf_count=173 341 185 8321 106 355 7501 6754 1770 2049 4254 1448 28583 66632 46432 4912 154 5417 17529 4337 202 7115 8645 1699 32854 12958 41913 1898 11134 3719 4542 126 461 7058 232 100 2773 336 11070 863 393 1960 18520 300 8972 1496 29677 734 20106 48237 19878 20393 691 5968 2932 2877 10083 5804 3466 1816 1938 6605 48965
internal_value=2.63524e-07 0.000183716 -0.000742607 8.55903e-06 0.000483022 -0.000104765 -0.00122564 0.00029849 -0.000665004 0.000342922 -0.000286036 0.000799088 0.000297163 2.34235e-05 -0.00139801 0.000147191 -2.082e-05 0.000435131 0.000751116 -0.000499487 -0.000506072 -0.000438792 1.81109e-05 -0.000276472 -0.000527969 -0.000223256 -0.000358139 0.000408788 -0.000528626 -0.000473505 0.000880684 0.000786351 0.000992289 0.00070205 0.00251344 -0.00170901 -0.00125269 -0.00120066 -0.00107772 -0.000632014 -0.000895281 -0.000530063 -0.000437874 -0.000740019 0.000342959 0.00043749 -5.01759e-06 8.18883e-05 0.000142046 0.000692696 -0.000210506 -3.45214e-05 -0.00186538 -0.00225212 0.0015862 -0.000461203 -0.000749786 -0.000565375 -0.000440311 8.62024e-05 9.19236e-06 0.000166441
internal_weight=618762 496220 122542 313031 183189 225062 41028 87969 9648 126927 93228 56262 115054 131834 31380 2894 26363 61606 53030 81514 81312 63721 10470 92887 16222 76665 34752 59836 53251 46136 1825 11873 7619 48693 561 12182 3109 19198 14286 3216 2823 41594 28903 12691 48702 31173 26257 20840 48422 48461 27894 2740 9073 3105 3232 28603 17591 9270 14774 103940 53037 50903
internal_count=618762 496220 122542 313031 183189 225062 41028 87969 9648 126927 93228 56262 115054 131834 31380 2894 26363 61606 53030 81514 81312 63721 10470 92887 16222 76665 34752 59836 53251 46136 1825 11873 7619 48693 561 12182 3109 19198 14286 3216 2823 41594 28903 12691 48702 31173 26257 20840 48422 48461 27894 2740 9073 3105 3232 28603 17591 9270 14774 103940 53037 50903
is_linear=0
shrinkage=0.05


Tree=54
num_leaves=63
num_cat=0
split_feature=8 14 8 13 13 14 14 7 14 14 14 13 14 8 13 14 8 14 8 7 14 7 13 8 14 8 13 8 13 8 7 14 7 14 13 14 13 14 2 2 8 8 2 8 8 13 8 14 14 7 14 14 2 14 14 14 8 14 2 7 14 8
split_gain=30.4416 9.45732 5.195 4.0393 3.11331 1.43485 1.38931 1.10741 1.03351 0.961016 0.8614 0.836657 0.826348 0.718784 0.667905 0.570312 0.515421 0.513644 0.499137 0.481317 0.946271 0.620828 0.47973 0.675329 0.452342 0.432657 0.418848 0.426638 0.381461 0.374518 0.369526 0.739483 0.865413 0.335765 0.332226 0.518003 0.581986 0.328592 0.382197 0.314367 0.309739 0.294212 0.417976 0.384757 0.281805 0.280143 0.269656 0.266598 0.264784 0.257037 0.446119 0.255686 0.254124 0.251886 0.244011 0.233896 0.347006 0.232404 0.221585 0.218875 0.207752 0.206006
threshold=1.6695000000000002 0.036549113499794068 1.5085000000000002 1.8134236480004582 1.8508886654934142 -0.01931780535522087 -0.050878793194301657 3.5000000000000004 0.10705250893903641 0.10592471401731786 -0.060859854515073468 1.7516683354102367 -0.18402533651879779 1.3295000000000001 1.7313513947794037 -0.24408337636124386 1.7885000000000002 0.18736881747616344 1.7825000000000002 3.5000000000000004 0.011924653858035985 5.5000000000000009 1.8657678508960227 1.8745000000000003 0.22173780145979918 1.8575000000000002 1.7516683354102367 1.7975000000000001 1.7516683354102367 1.6895000000000002 3.5000000000000004 -0.1737528619846844 5.5000000000000009 0.15990670843560009 1.7313513947794037 -0.13428537068007781 1.800783472633406 -0.14748851973673668 2.5000000000000004 2.5000000000000004 1.6255000000000002 1.9195000000000002 6.5000000000000009 2.0965000000000003 1.8545000000000003 1.9050218519754698 1.4255000000000002 -0.099757500569899502 -0.13089743349190794 2.5000000000000004 -0.35941667344042344 0.027730755770835173 5.5000000000000009 0.067061303704771605 0.056924714017317919 -0.14748851973673668 1.7085000000000001 -0.088766314920685971 23.500000000000004 17.500000000000004 -0.032269244229164766 1.8375000000000001
decision_type=10 2 10 2 2 2 2 2 2 2 2 2 2 8 2 2 10 2 10 2 2 2 2 10 2 10 2 10 2 10 2 2 2 2 2 2 2 2 2 2 10 10 2 10 10 2 10 2 2 2 2 2 2 2 2 2 10 2 2 2 2 10
left_child=2 4 5 8 6 13 12 39 14 22 15 18 -2 37 61 -6 -12 19 58 51 34 -22 44 -24 -10 -11 29 47 -9 -14 -15 59 46 -27 48 -36 -37 49 -39 -7 -23 42 -26 -43 -5 -18 -33 -28 -21 50 -1 -4 -50 -16 -41 -17 -57 -48 -8 -32 -54 -3
right_child=1 3 17 9 10 7 11 28 24 25 16 -13 26 30 53 55 45 -19 -20 20 21 40 23 -25 41 33 27 -29 -30 -31 31 32 -34 -35 35 36 -38 38 -40 54 -42 43 -44 -45 -46 -47 57 -49 52 -51 -52 -53 60 -55 -56 56 -58 -59 -60 -61 -62 -63
leaf_value=-0.0049769877778240166 -0.0041078132347599286 -4.0698139414978764e-05 -0.0014514563785075272 0.00097279288876120763 -0.0036977762867271614 -0.0010869185721852617 -0.0003461054026327083 0.00065711803182204028 0.0004687717072502565 0.003433583055933317 0.0014500300536809693 3.3049911468245065e-05 -0.00046983124561107036 -0.0014011614921784199 0.00014929834009819016 -0.00035312176665254567 0.00029907527169676192 0.0020436661618672101 -0.00098117643906422362 -0.0010641219300231021 -0.00012080571887580112 0.002215599863338497 0.0022071498657300842 0.00065923366828085834 0.00074635129570961003 0.00084238328168882281 -0.00046668493612966297 -0.00087007364573055222 0.0035912318267107297 -0.001520057017257045 -0.0015117905521538704 0.00064721281867889072 0.0022524088113606276 0.0014663404733333059 -0.00058114421092164237 -0.00024397430184098712 0.0011762044629830266 -0.001548957388022746 -0.00036055668574530266 -0.00062590962455547213 0.000552681462626845 0.00058706242652212769 0.0046792840531260588 0.0029495064948003372 0.00040559998164400992 0.00061717288564758438 -0.0013676058610007625 -0.00019988004136755537 -0.0011077791746328144 -0.001582024499956675 -0.0020162296069269371 -0.00066313599300724634 -0.00058750530931791101 0.00031232132232989629 0.00048254100693911011 0.0013801629964637491 6.4080778758030918e-05 -0.00029046349898023612 -0.00010652754928087369 -0.0010024971646366422 -0.00013366292274101659 -0.0011296283750008892
leaf_weight=133 146 25027 1097 2325 103 4036 15379 749 23804 171 1139 89900 2284 7866 48592 3354 30538 202 2127 3147 8025 394 719 35253 125 20180 12620 3139 130 1351 3130 391 310 2414 16213 13534 762 2180 981 3105 968 903 147 213 37691 8950 930 36277 1998 6008 2932 16494 15675 46244 591 515 18234 1085 25914 6471 3005 442
leaf_count=133 146 25027 1097 2325 103 4036 15379 749 23804 171 1139 89900 2284 7866 48592 3354 30538 202 2127 3147 8025 394 719 35253 125 20180 12620 3139 130 1351 3130 391 310 2414 16213 13534 762 2180 981 3105 968 903 147 213 37691 8950 930 36277 1998 6008 2932 16494 15675 46244 591 515 18234 1085 25914 6471 3005 442
internal_value=2.50348e-07 0.00017453 -0.000705477 0.000396235 -4.03812e-05 -0.00116435 -0.000141682 -0.000590643 0.000228719 0.000643042 0.000264549 -5.39985e-05 -0.000351115 -0.00131675 0.000167739 1.41399e-05 0.000401419 -0.000474513 -0.00023423 -0.000480768 -0.000416852 4.6711e-05 0.000557669 0.000690173 0.000519933 0.000928012 -0.000341263 -0.000305015 0.00109106 -0.000860163 -0.00113344 -0.000962473 -0.000234065 0.000909048 -0.000496939 -0.000387681 -0.000168276 -0.00161916 -0.00118014 -0.000781825 0.00103373 0.00139734 0.00287187 0.00103796 0.000438555 0.000371172 -0.000554433 -0.000268741 -0.000636849 -0.00177211 -0.00214471 -0.000712297 -0.000571822 0.000228792 -0.000448665 3.14375e-05 0.000100231 -0.000787606 -0.000195755 -0.00116853 -0.000514497 -5.95959e-05
internal_weight=618762 496220 122542 244250 251970 41028 189137 8611 145497 98753 62833 133320 55817 32417 120305 22206 40627 81514 43420 81312 63721 9387 75988 35972 25192 22765 55671 52036 879 3635 20183 12317 2716 22594 54334 30509 14296 12234 3161 7732 1362 1388 272 1116 40016 39488 2406 48897 23825 9073 3065 17591 20678 94836 3696 22103 18749 2015 41293 9601 18680 25469
internal_count=618762 496220 122542 244250 251970 41028 189137 8611 145497 98753 62833 133320 55817 32417 120305 22206 40627 81514 43420 81312 63721 9387 75988 35972 25192 22765 55671 52036 879 3635 20183 12317 2716 22594 54334 30509 14296 12234 3161 7732 1362 1388 272 1116 40016 39488 2406 48897 23825 9073 3065 17591 20678 94836 3696 22103 18749 2015 41293 9601 18680 25469
is_linear=0
shrinkage=0.05


Tree=55
num_leaves=63
num_cat=0
split_feature=8 14 8 13 13 14 13 14 14 14 8 13 14 14 3 2 13 13 8 14 13 14 13 14 14 8 13 10 8 14 14 13 13 14 14 13 14 13 13 13 8 2 13 8 2 13 8 8 8 2 14 14 8 13 8 8 14 13 14 8 2 13
split_gain=27.4809 8.55198 4.66893 3.84576 2.7798 1.26717 1.79176 1.2322 0.995732 0.93739 0.912831 0.817044 0.733376 0.688018 0.638901 0.575441 0.558802 0.518575 0.507357 0.498131 0.488703 1.13078 0.861225 0.484246 0.420218 0.401321 0.374373 0.362768 0.358484 0.347056 0.344843 0.805151 0.422179 0.488533 0.372576 0.346156 0.325045 0.314232 0.304313 0.290518 0.286723 0.286229 0.285995 0.281962 0.276607 0.271176 0.585506 0.262792 0.240517 0.238942 0.237168 0.236276 0.341878 0.233758 0.229553 0.228957 0.218748 0.383634 0.211234 0.395302 0.208539 0.203363
threshold=1.6695000000000002 0.032034440725519649 1.5085000000000002 1.8432249302713755 1.8411380396533612 -0.10999988700393425 1.6254072576076228 0.098034440725519603 -0.048730885936856032 -0.075405580843264305 1.8745000000000003 1.7691613125461358 -0.16589216316615404 0.09571112178434972 11.500000000000002 2.5000000000000004 1.7516683354102367 1.7712088497916894 1.7755000000000003 0.18736881747616344 1.5120058491212303 0.081699380946849157 1.6254072576076228 0.026211742441073053 -0.24408337636124386 1.7685000000000002 1.8992856189347675 1.1020000000000001 1.7595000000000003 0.16919771399691155 -0.14271210597676084 1.800783472633406 1.6254072576076228 -0.022415297091337712 0.010658962400804219 1.7783277951588177 0.14793099809798529 1.7861665622526861 1.7516683354102367 1.6734096264513336 1.6955000000000002 19.500000000000004 1.7313513947794037 1.5985000000000003 6.5000000000000009 1.7516683354102367 1.9255000000000002 1.7795000000000003 1.7995000000000003 19.500000000000004 0.15369511244229364 -0.023690086382429195 1.8195000000000003 1.8508886654934142 1.6195000000000002 1.8585000000000003 -0.0011362166886181855 1.7837075644055045 -0.35941667344042344 1.3995000000000002 4.5000000000000009 1.8432249302713755
decision_type=10 2 10 2 2 2 2 2 2 2 10 2 2 2 2 2 2 2 10 2 2 2 2 2 2 10 2 8 10 2 2 2 2 2 2 2 2 2 2 2 10 2 2 8 2 2 10 10 10 2 2 2 10 2 10 10 2 2 2 8 2 2
left_child=2 4 5 7 8 14 15 11 12 24 -5 44 -2 41 27 -7 18 -8 -10 39 -4 30 -23 -17 -6 -11 51 60 38 -15 35 32 34 42 -32 -22 -24 -30 40 -9 -14 -12 -34 -35 -3 -21 -47 -18 -13 -26 -25 55 -53 -33 -36 -27 57 -49 -16 -60 -1 -61
right_child=1 3 20 10 9 6 17 19 16 25 13 48 28 29 58 23 47 -19 -20 45 21 22 36 50 49 26 -28 -29 37 -31 31 53 33 43 54 -37 -38 -39 -40 -41 -42 -43 -44 -45 -46 46 -48 56 -50 -51 -52 52 -54 -55 -56 -57 -58 -59 59 61 -62 -63
leaf_value=-0.0035534025201056914 -0.0027848219699969558 -0.00067572057888408638 -0.00073968672952382398 0.0016567986231458224 -0.0032534253872514595 -0.0012165182287032527 0.00097037618596071374 -0.00037903373568135712 -0.00018903764429578822 0.0010144700247485057 0.00048678798772963948 0.0006869821547887821 -0.00042899977301081481 0.00082066311132802201 -0.0012484964653810776 -0.00078719096693511499 0.00012414504003096776 0.0043488119354879026 -0.00095742830571811952 0.00041026396088088637 -0.00098399315656132798 7.0774935201812608e-05 0.0015550774640198856 3.0816937504090789e-05 -0.00012104045061779057 0.0001120545228179224 0.00051821121999421217 -0.0014906456162593999 -0.0015258050243121591 0.0018143954852177391 -0.0012447943502943196 0.00069457768653079276 -0.0005551129818702062 0.00086454832649499784 -0.00045061888247414987 -0.00049099754377521037 0.004584140584180222 -0.00053882463998835184 -0.00024468667592820602 0.00045625235324547002 -0.0013560795954231757 0.00087542147172801693 -0.00025735190698004164 -7.6861429928739373e-05 4.5585085525275303e-05 0.0037731651333160702 0.0011151554069502021 -0.00085554891703780011 0.00025495395819509465 0.00046472335791348721 0.0024909254896865263 0.0011115187433602101 0.00026515627318664535 0.0028013612495926331 -0.0018008850622187223 -0.00065361420569940061 2.1375394393973279e-07 -0.00012611391128082382 0.0016452713989807913 -0.00092289905810511808 -0.0020188573241132286 0.001112273506550705
leaf_weight=299 307 1361 12458 2268 104 7942 602 1071 37183 1952 42897 3354 2856 22697 4610 8437 26968 140 2280 1018 5176 3015 632 1293 18958 15500 12886 12747 957 914 2460 844 17510 931 6063 11409 103 5126 41199 37137 1178 5326 14949 5460 56742 232 1937 2137 81565 1917 106 1263 21577 156 332 1042 30750 11517 165 3665 853 127
leaf_count=299 307 1361 12458 2268 104 7942 602 1071 37183 1952 42897 3354 2856 22697 4610 8437 26968 140 2280 1018 5176 3015 632 1293 18958 15500 12886 12747 957 914 2460 844 17510 931 6063 11409 103 5126 41199 37137 1178 5326 14949 5460 56742 232 1937 2137 81565 1917 106 1263 21577 156 332 1042 30750 11517 165 3665 853 127
internal_value=3.42944e-07 0.000165913 -0.000670372 0.000364941 -5.05863e-05 -0.00110568 -0.000799473 0.000242697 -0.000166928 0.000200756 0.00066917 0.000173165 -0.000348308 0.000637987 -0.0013581 -0.000899946 -8.24484e-05 0.00160782 -0.000233432 0.000482932 -0.000451453 -0.000399442 0.000444896 -0.000644332 -8.30433e-05 0.000310565 0.000284277 -0.00156744 -0.000333731 0.000859131 -0.000447938 -0.000380883 -0.000410316 -0.000339304 -0.000721874 -0.000644856 0.00197956 -0.0006941 -0.000285268 0.000432839 -0.000699724 0.000529711 -0.000417979 6.02771e-05 2.86893e-05 0.00108349 0.00139946 1.03338e-06 0.000272018 -6.72484e-05 0.000217215 0.000207732 0.000311958 0.00102324 -0.000520719 6.38242e-05 -7.37364e-05 -0.000240278 -0.00101847 -0.000750492 -0.00241715 -0.000854738
internal_weight=618660 496176 122484 258519 237657 40986 18520 184417 162458 75199 74102 143022 51623 71834 22466 17778 110835 742 39463 41395 81498 69040 3750 9836 20979 54220 52268 13899 51316 23611 65290 48705 47705 38850 8855 16585 735 6083 45233 38208 4034 48223 32459 6391 58103 3187 2169 71372 84919 20875 1399 39382 22840 1000 6395 16542 44404 13654 8567 3957 1152 3792
internal_count=618660 496176 122484 258519 237657 40986 18520 184417 162458 75199 74102 143022 51623 71834 22466 17778 110835 742 39463 41395 81498 69040 3750 9836 20979 54220 52268 13899 51316 23611 65290 48705 47705 38850 8855 16585 735 6083 45233 38208 4034 48223 32459 6391 58103 3187 2169 71372 84919 20875 1399 39382 22840 1000 6395 16542 44404 13654 8567 3957 1152 3792
is_linear=0
shrinkage=0.05


Tree=56
num_leaves=63
num_cat=1
split_feature=8 14 8 13 13 14 14 14 7 13 14 14 14 7 14 13 8 14 14 13 8 7 14 7 13 7 13 8 14 14 7 7 14 13 13 13 14 8 14 8 13 14 14 13 8 12 2 7 14 13 8 8 14 8 13 8 8 8 0 14 13 8
split_gain=24.8015 7.78016 4.21371 3.20468 2.28515 1.89053 1.171 1.00517 0.861806 0.76117 0.685023 0.618992 0.616633 0.590002 0.91092 0.568522 0.529422 0.506173 0.44762 0.461418 0.644476 0.441054 1.02401 0.743479 0.43685 0.399639 0.397732 0.567966 0.396088 0.357776 0.343156 0.319123 0.660456 0.428259 0.298485 0.297636 0.297182 0.286982 0.282424 0.273558 0.271358 0.268525 0.265227 0.468093 0.261861 0.260567 0.247821 0.247414 0.246886 0.245153 0.244756 0.241713 0.241566 0.364756 0.238107 0.469501 0.230872 0.22448 0.22367 0.306985 0.28263 0.222087
threshold=1.6695000000000002 0.061959008592888505 1.5085000000000002 1.8508886654934142 1.8057492807426865 -0.015111788924677792 -0.01931780535522087 -0.050878793194301657 3.5000000000000004 1.7748379703175199 -0.1737528619846844 0.18736881747616344 0.13069938094684921 2.5000000000000004 -0.31319037769853725 1.8035893350394401 1.8045000000000002 -0.35941667344042344 -0.094933675286320227 1.7837075644055045 1.7655000000000001 2.5000000000000004 0.074403050238807347 4.5000000000000009 1.7748379703175199 5.5000000000000009 1.857918335561721 1.9045000000000003 -0.24408337636124386 0.14793099809798529 6.5000000000000009 4.5000000000000009 -0.0770409914071115 1.761051224599248 1.8761670047273677 1.9050218519754698 0.010658962400804219 1.7625000000000002 -0.18402533651879779 1.8785000000000001 1.7313513947794037 -0.52701264904174339 -0.16589216316615404 1.8296745792475027 1.8275000000000003 1.3829333333333338 18.500000000000004 6.5000000000000009 0.14400897040605812 1.7664540979860031 1.8745000000000003 1.6185000000000003 -0.13089743349190794 1.7295000000000003 1.7516683354102367 1.9255000000000002 1.7525000000000002 1.5655000000000003 0 -0.24408337636124386 1.7516683354102367 1.5655000000000003
decision_type=10 2 10 2 2 2 2 2 2 2 2 2 2 2 2 2 10 2 2 2 10 2 2 2 2 2 2 10 2 2 2 2 2 2 2 2 2 10 2 10 2 2 2 2 8 8 2 2 2 2 10 10 2 10 2 10 10 10 1 2 2 10
left_child=2 3 6 5 11 10 13 28 48 30 -2 25 26 17 34 45 -9 -1 24 20 -20 -4 31 -24 -12 -3 50 -28 -5 -25 -7 36 40 61 41 -18 -23 -11 -19 -14 -33 -15 -42 57 -32 58 -41 -10 -8 -27 -6 -38 -30 -54 -13 -56 -26 -44 59 -16 -61 -34
right_child=1 4 21 7 12 9 8 16 47 37 18 54 39 14 15 -17 35 38 19 -21 -22 22 23 29 56 49 27 -29 52 -31 44 32 33 -35 -36 -37 51 -39 -40 46 42 -43 43 -45 -46 -47 -48 -49 -50 -51 -52 -53 53 -55 55 -57 -58 -59 -60 60 -62 -63
leaf_value=-0.0045486864696880035 -0.0026632395091296984 -0.00042444416626454993 -0.00070270239930816957 -0.0030565956792355901 0.00090134723836631241 -0.00074294504425186005 -0.00073973991992805463 0.0011953482139006367 0.00058335867555107241 0.00087636766105656763 -0.0012124828900523152 0.00038975076811729407 0.0032190983679493985 -0.0020715388531391708 -0.00068772432422083488 0.0028469873694764798 0.0003278450042404383 -0.0020895509701234012 -0.00024927705757924037 -6.0033784689420794e-05 -0.0010736521565354164 -0.001182554633043867 1.2693958674441977e-05 0.0012377666454986651 -0.00031357956819950944 0.00016625840778976243 0.0017521550053953884 0.00066377562751877102 -0.00024388709876601406 0.0043549335823909749 -2.7825109768462151e-05 -0.0006868795561953355 0.00050602081936747506 0.00099484173708721613 -0.00078969716552893898 0.00062665858065532036 -0.00044519472355384471 0.00014169499409231586 -0.0013466349584121235 0.00086250451831463681 -0.00060347025792592741 -0.001340706266357997 0.0013526805191547756 0.001613317497272948 -0.00040400288114666972 -0.0012748919832195451 0.0015164744037576647 0.0029064346082008411 0.001527233149025677 0.00033635050451335819 0.00040582533974540137 -0.0018411659704957236 0.0010317558460485965 9.0249143447004013e-05 0.0035333344188984484 0.0010481815007697081 -0.0009200429204731513 -0.00034117544986014549 -0.0007446076546559668 7.1439521329203241e-05 0.0022182593672400021 -0.00023114954603777103
leaf_weight=133 291 2157 12458 102 2751 1840 7712 2142 759 1354 1731 1018 139 1499 1027 113 38599 1476 38129 39145 2528 2460 3686 866 14830 36664 1243 33615 5163 103 71971 12844 1101 820 2032 10628 5395 72726 9598 7744 10609 7781 198 319 4944 1736 1782 135 122 50174 26469 329 1080 21664 216 1582 1755 16123 6050 608 205 14187
leaf_count=133 291 2157 12458 102 2751 1840 7712 2142 759 1354 1731 1018 139 1499 1027 113 38599 1476 38129 39145 2528 2460 3686 866 14830 36664 1243 33615 5163 103 71971 12844 1101 820 2032 10628 5395 72726 9598 7744 10609 7781 198 319 4944 1736 1782 135 122 50174 26469 329 1080 21664 216 1582 1755 16123 6050 608 205 14187
internal_value=3.25797e-07 0.000157617 -0.000636853 1.75133e-05 0.000437414 -6.99848e-05 -0.00105039 0.000294459 -0.000536596 4.00726e-05 -0.000240911 0.000270931 0.000644688 -0.00118941 -0.00103339 -0.000678914 0.000425842 -0.00148248 -0.000233726 -0.000182563 -0.000300536 -0.00042888 -0.00037947 0.000336682 -0.000456643 0.000247837 0.000588535 0.000702586 5.35004e-05 0.00156911 -6.81482e-05 -0.000431247 -0.000388769 -0.000118352 -0.00133857 0.000392358 -0.000722954 0.000155123 -0.00144565 0.00101697 -0.000497413 -0.00145876 -0.000408107 -0.000283551 -5.20053e-05 -0.000720304 0.000984841 0.000934159 -0.000704436 0.000264536 0.000452478 -0.000525431 6.48678e-05 0.000134957 0.00100078 0.00134673 -0.000377755 -0.000320626 -0.000598281 -0.000112494 0.000612766 -0.000178061
internal_weight=618660 496176 122484 330622 165554 251244 40986 79378 8728 152835 98409 91811 73743 32258 21051 9739 51369 11207 98118 79802 40657 81498 69040 4655 18316 88995 64078 34858 28009 969 78755 64385 56201 16108 11312 49227 8184 74080 11074 9665 40093 9280 27249 16640 76915 9626 9526 894 7834 86838 29220 5724 27907 22744 2816 1798 16585 16321 7890 1840 813 15288
internal_count=618660 496176 122484 330622 165554 251244 40986 79378 8728 152835 98409 91811 73743 32258 21051 9739 51369 11207 98118 79802 40657 81498 69040 4655 18316 88995 64078 34858 28009 969 78755 64385 56201 16108 11312 49227 8184 74080 11074 9665 40093 9280 27249 16640 76915 9626 9526 894 7834 86838 29220 5724 27907 22744 2816 1798 16585 16321 7890 1840 813 15288
cat_boundaries=0 1
cat_threshold=19
is_linear=0
shrinkage=0.05


Tree=57
num_leaves=63
num_cat=1
split_feature=8 14 8 13 13 14 14 14 7 14 13 14 14 8 13 8 8 13 8 14 7 14 14 7 14 8 7 14 13 15 13 14 8 7 13 14 8 7 14 7 13 13 10 14 7 14 8 13 14 8 14 13 13 8 13 8 13 8 8 2 2 8
split_gain=22.3836 7.0799 3.80299 3.18457 2.28365 1.0611 0.912743 0.82213 0.785524 0.761051 0.657292 0.603103 0.571483 0.5037 0.485384 0.476733 0.474143 0.453781 0.523727 0.428425 0.398051 0.954554 0.436541 0.398019 0.519086 0.395911 0.378632 0.557871 0.514193 0.371316 0.362955 0.358718 0.380988 0.354053 0.353744 0.320594 0.315662 0.313012 0.296792 0.271289 0.26924 0.255835 0.252033 0.235758 0.226169 0.214976 0.293029 0.214959 0.214008 0.283524 0.213588 0.424527 0.233455 0.220424 0.206684 0.206374 0.201071 0.334577 0.199221 0.191433 0.187954 0.187118
threshold=1.6695000000000002 0.032034440725519649 1.5085000000000002 1.8057492807426865 1.8508886654934142 -0.039473454994190187 -0.0770409914071115 0.10592471401731786 3.5000000000000004 0.09295900859288854 1.7837075644055045 -0.12097191586371502 -0.18402533651879779 1.1995000000000002 1.7313513947794037 1.7335000000000003 1.8055000000000001 1.890186014534385 1.9145000000000001 0.22173780145979918 2.5000000000000004 0.119548456515452 0.058863783311381652 4.5000000000000009 -0.0770409914071115 1.8425000000000002 2.5000000000000004 -0.31319037769853725 1.8035893350394401 0 1.7516683354102367 -0.020802286003088529 1.8255000000000001 4.5000000000000009 1.761051224599248 0.15990670843560009 1.7685000000000002 5.5000000000000009 -0.24408337636124386 6.5000000000000009 1.7313513947794037 1.7267332674126126 1.3195000000000003 0.14400897040605812 4.5000000000000009 -0.013690086382429188 1.7685000000000002 1.7516683354102367 -0.01931780535522087 1.5865000000000002 -0.15943404656886193 1.8296745792475027 1.787960130808419 1.5655000000000003 1.8808204437217764 1.8585000000000003 1.8992856189347675 1.8845000000000003 1.5795000000000001 6.5000000000000009 2.5000000000000004 1.7755000000000003
decision_type=10 2 10 2 2 2 2 2 2 2 2 2 2 8 2 10 10 2 10 2 2 2 2 2 2 10 2 2 2 9 2 2 10 2 2 2 10 2 2 2 2 2 8 2 2 2 10 2 2 10 2 2 2 10 2 10 2 10 10 2 2 10
left_child=2 4 5 9 6 13 12 17 43 14 16 38 -2 -1 59 -13 40 25 -19 44 -4 22 23 48 41 -5 -15 54 42 -21 -14 -17 -33 -23 58 55 -32 -24 -6 -10 61 -25 -29 60 -11 46 -42 -44 -22 -50 52 53 -43 -52 -28 -9 -34 -58 -26 -3 -7 -8
right_child=1 3 20 7 11 8 10 35 39 19 -12 15 30 26 -16 31 -18 18 -20 29 21 33 37 24 34 -27 27 28 -30 -31 36 32 56 -35 -36 -37 -38 -39 -40 -41 45 50 47 -45 -46 -47 -48 -49 49 -51 51 -53 -54 -55 -56 -57 57 -59 -60 -61 -62 -63
leaf_value=-0.0018751164606584378 -0.0035154624196972388 -0.00072740483756649377 -0.00066756727300048581 0.0011287371212625723 -0.0029037659072463275 -0.00098398635459471455 -0.00025322892612593189 0.0026540732393108258 0.00029699813343411275 -0.00085963542356740866 4.0768304953530445e-05 0.0013566871868093146 -0.0013174955236868267 -0.0013514381450523999 0.00016935080065168555 0.00014418680924938322 -0.00067288596392177033 0.0018405866648478779 0.00062404402073720788 0.0039001798395594187 -0.0014718743336404891 0.00062978800182387476 -7.3674423879212207e-05 -0.00083623401042326082 0.00029408195680429646 0.00038355028388274855 -0.0013292174178137781 -0.00055780526273300471 0.0027226856295336885 0.00096395658885771126 -0.00028109051979725001 0.0013956400057402308 0.00027099101205894791 0.0028162510547190323 0.00089447644867764057 0.0013279516357540342 -0.00082229854899819343 0.0013359140926867148 -0.00018603066544367803 0.0025050178408781423 -0.00013615574455325434 -0.00095454381995176444 -0.0012920549757411328 0.0014508715010468551 0.00035058215538052637 2.4763370805270712e-05 -0.00082348306011485674 0.00067139658286828466 -0.00048722342006428241 -0.0013578652303283271 0.0012111090207624514 0.001547999806168765 -0.00046475538665972287 -0.00037912837576015406 -0.0007562635389880125 0.00072114550032645027 0.001574282866505866 0.00046450892833021324 -0.00025785128820755696 -5.409408943347125e-05 -0.00052646918801946383 -0.0011534292437925431
leaf_weight=2204 144 1107 12458 1833 102 4626 26750 139 1221 390 61541 999 959 9315 86538 30772 4524 933 17085 112 975 669 5536 4315 1875 64579 8094 6510 110 1246 29502 937 15256 256 797 2542 2965 424 6639 157 23348 3333 2163 122 38146 25374 1661 149 4462 1183 220 294 9009 22922 1954 21105 791 4803 12770 22764 4361 590
leaf_count=2204 144 1107 12458 1833 102 4626 26750 139 1221 390 61541 999 959 9315 86538 30772 4524 933 17085 112 975 669 5536 4315 1875 64579 8094 6510 110 1246 29502 937 15256 256 797 2542 2965 424 6639 157 23348 3333 2163 122 38146 25374 1661 149 4462 1183 220 294 9009 22922 1954 21105 791 4803 12770 22764 4361 590
internal_value=3.08905e-07 0.000149736 -0.000605014 0.000330826 -4.72502e-05 -0.000997883 -0.000137623 0.000537644 -0.000564024 0.000181921 -8.28166e-05 0.000218565 -0.000372373 -0.00114706 0.00011429 0.000274665 -0.000175289 0.000464495 0.000687038 0.000369093 -0.000407436 -0.000360497 -0.000382162 -0.000421358 -0.000377674 0.000404118 -0.00109035 -0.000962219 -0.000674708 0.00124194 -0.000358832 0.000254099 0.000409338 0.00123491 -0.00013136 0.00079729 -0.000330516 2.6605e-05 -0.000227153 0.000548565 -0.000146325 -0.000472543 -0.00071707 -0.000732336 0.000338334 -7.77727e-05 -0.000181805 -0.00116552 -0.000787828 -0.00066968 -0.00042868 -0.000340025 -0.000597024 -0.000364011 -0.0012178 0.000733793 0.000365014 0.000621433 -0.000187187 -8.53184e-05 -0.000761973 -0.000272655
internal_weight=618660 496176 122484 258519 237657 40986 177358 108216 10487 150303 143788 60299 33570 30499 110409 53558 82247 84430 18018 39894 81498 69040 68115 62155 55535 66412 28295 18980 8932 1358 33426 52559 21787 925 15442 23786 32467 5960 6741 1378 77723 40093 8822 9109 38536 50383 25009 2312 6620 5645 35778 23436 12342 23142 10048 21244 20850 5594 14645 23871 8987 27340
internal_count=618660 496176 122484 258519 237657 40986 177358 108216 10487 150303 143788 60299 33570 30499 110409 53558 82247 84430 18018 39894 81498 69040 68115 62155 55535 66412 28295 18980 8932 1358 33426 52559 21787 925 15442 23786 32467 5960 6741 1378 77723 40093 8822 9109 38536 50383 25009 2312 6620 5645 35778 23436 12342 23142 10048 21244 20850 5594 14645 23871 8987 27340
cat_boundaries=0 51
cat_threshold=0 0 0 0 0 0 0 0 0 0 0 0 0 0 0 0 0 0 0 0 0 0 0 0 0 0 0 0 0 0 0 0 0 0 0 0 0 0 0 0 0 0 0 0 0 0 0 0 0 0 2
is_linear=0
shrinkage=0.05


Tree=58
num_leaves=63
num_cat=1
split_feature=11 14 13 14 13 7 11 14 14 14 14 14 7 13 14 14 7 7 14 13 14 7 14 13 14 14 7 14 13 11 7 13 2 2 14 13 13 11 2 13 14 13 13 11 2 11 14 14 2 11 14 14 4 2 11 14 11 10 14 2 2 14
split_gain=17.5525 8.49398 3.35472 2.73385 2.36081 1.6071 1.33661 1.13182 1.09366 0.83662 0.768063 0.561602 0.535799 0.473537 0.465098 0.456796 0.462893 0.439339 0.439328 0.412716 0.41125 0.399289 0.354937 0.34821 0.339715 0.329208 0.325178 0.314429 0.335062 0.3113 0.311148 0.308272 0.262166 0.244984 0.232913 0.224386 0.224181 0.218479 0.22389 0.211365 0.200398 0.192257 0.182688 0.174977 0.20998 0.174672 0.202237 0.165793 0.160995 0.160785 0.162422 0.156576 0.155314 0.146634 0.146403 0.144053 0.14174 0.139881 0.144904 0.138469 0.136959 0.13614
threshold=1.5890714285714289 0.016593189298751979 1.8432249302713755 -0.030878793194301753 1.8208541137852097 3.5000000000000004 1.4219285714285717 -0.090451543484547967 0.072034440725519691 -0.12097191586371502 0.22173780145979918 0.09571112178434972 5.5000000000000009 1.8808204437217764 0.15990670843560009 -0.12788527009430159 2.5000000000000004 4.5000000000000009 -0.41897855795156541 1.7748379703175199 -0.18402533651879779 10.500000000000002 0.22173780145979918 1.7731886774278114 0.080723120531272521 -0.35941667344042344 6.5000000000000009 -0.1737528619846844 1.7397976231570116 1.8390714285714289 1.5000000000000002 1.7691613125461358 2.5000000000000004 19.500000000000004 0.084160768618202778 1.8808204437217764 1.7731886774278114 1.8633571428571432 20.500000000000004 1.8761670047273677 -0.2643106990766278 1.7516683354102367 1.8808204437217764 1.3590714285714289 8.5000000000000018 1.7933571428571431 0.22173780145979918 -0.52701264904174339 8.5000000000000018 1.6990714285714288 -0.022415297091337712 -0.043690086382429098 0 23.500000000000004 1.6989285714285718 0.061959008592888505 1.8305000000000002 1.3495000000000001 -0.2643106990766278 7.5000000000000009 5.5000000000000009 -0.22109152146568353
decision_type=10 2 2 2 2 2 10 2 2 2 2 2 2 2 2 2 2 2 2 2 2 2 2 2 2 2 2 2 2 10 2 2 2 2 2 2 2 10 2 2 2 2 2 8 2 10 2 2 2 10 2 2 1 2 10 2 10 8 2 2 2 2
left_child=3 4 8 6 7 24 15 20 19 40 21 29 -8 51 23 17 -17 18 -1 48 54 34 37 -10 52 35 -18 39 -29 -4 -16 53 -26 55 59 47 -22 -13 -39 57 -6 -32 -42 44 61 46 -43 -19 -3 -15 -51 -11 -5 -9 -2 -31 -52 58 -14 -7 -36 -27
right_child=1 2 11 5 9 10 12 31 14 13 -12 22 27 49 30 16 26 25 -20 -21 36 -23 -24 -25 32 43 -28 28 -30 33 41 -33 -34 -35 60 -37 -38 38 -40 -41 42 45 -44 -45 -46 -47 -48 -49 -50 50 56 -53 -54 -55 -56 -57 -58 -59 -60 -61 -62 -63
leaf_value=-0.0039042555866388392 -0.0013157506703172881 -0.00059243698387946217 0.0009147924064130666 -0.00067989363273870777 -0.0017974334708087383 -0.00023492344014097705 -0.0013911601954666171 -0.00034999730906590395 0.00016151335615025399 -1.9888133132856644e-05 0.0033226514001490244 0.0017905435656470508 -0.00091774112076764634 0.001111557459024687 -0.0017507228579666308 -0.0011351211920046455 -0.00055619627776267832 -0.0018312364686175365 -0.0015311448267015186 0.00018708493704948023 -0.00058838359835564709 0.001801710569303959 0.0026296228517138855 0.00037505037631553346 -0.00058387773797125833 -0.0012005244823948494 0.0021109917236513775 -0.00059889478449482543 4.5885546911531186e-06 0.00032407537672995653 0.00038726571806825717 -6.7519932134082881e-05 -4.1435758668494386e-05 0.00073820618533027797 -0.00011011229344299217 -0.00073683344787026323 -0.00033769714685451155 0.00066580218067067249 0.0011354878039498322 -0.00016335095100617145 -0.00039006787116571066 0.0012058661654815739 1.269700928378053e-05 -0.00083138676567229676 0.0016551174106918408 0.00086861999598906417 0.0033427857636191141 -0.0012342391127976307 1.4959498501863781e-05 0.00023100918194035461 0.00078389101047741212 0.0001641652277998188 -0.0010794249754982903 -0.00017817417415413387 -0.003137570527478067 0.00049562463947534709 0.0003417669530481896 -0.0011958723651145221 -0.00044332411754332152 9.7686371332820137e-05 0.00050836310982862965 0.00043733553793276589
leaf_weight=202 583 1110 3843 13502 213 13950 1819 18877 31256 23589 169 491 3310 660 122 6407 4908 1495 5649 59374 16470 284 253 49053 5793 262 117 4401 4818 24097 1903 52272 3619 6486 1452 1789 19450 20234 2901 1589 8137 370 4305 2147 163 3441 158 5236 63601 16279 2924 22651 2967 36283 136 24864 4770 1709 3133 4034 2334 246
leaf_count=202 583 1110 3843 13502 213 13950 1819 18877 31256 23589 169 491 3310 660 122 6407 4908 1495 5649 59374 16470 284 253 49053 5793 262 117 4401 4818 24097 1903 52272 3619 6486 1452 1789 19450 20234 2901 1589 8137 370 4305 2147 163 3441 158 5236 63601 16279 2924 22651 2967 36283 136 24864 4770 1709 3133 4034 2334 246
internal_value=2.97391e-07 0.000115494 0.000293232 -0.000615426 -0.000113752 -0.000347127 -0.000876686 -0.000236367 0.00018696 9.77366e-05 -3.52457e-05 0.000562065 -0.000571448 0.000164603 0.000323653 -0.00109829 -0.000853354 -0.00126119 -0.00161307 9.18871e-05 -0.000476342 -6.09773e-05 0.000766797 0.000291942 -0.000614927 -0.0010796 -0.000494095 -0.000492806 -0.000283505 0.000479609 0.00074852 -0.000154526 -0.000375304 0.000449447 -8.52769e-05 -0.00123455 -0.000452642 0.000746849 0.000724698 -0.000690891 -0.000276742 0.000800446 -0.000250709 -0.000611127 9.36383e-05 0.000998552 0.00184532 -0.00136684 4.54071e-06 0.000341678 0.000320482 7.02717e-05 -0.000751872 -0.000236976 -0.00166035 0.000411194 0.00050979 -0.00079372 -0.000687049 -0.000160316 0.000271167 -0.000407388
internal_weight=618660 521156 293557 97504 227599 48104 49400 144071 210388 83528 22223 83169 20779 70873 86303 28621 11432 17189 5851 124085 36639 22054 23879 80309 25881 11338 5025 18960 9219 59290 5994 107432 9412 55447 21770 8520 35920 23626 23135 9741 12655 5872 12442 2818 671 3969 528 6731 64711 24633 23973 46240 16469 55160 719 48961 7694 8152 6443 17984 3786 508
internal_count=618660 521156 293557 97504 227599 48104 49400 144071 210388 83528 22223 83169 20779 70873 86303 28621 11432 17189 5851 124085 36639 22054 23879 80309 25881 11338 5025 18960 9219 59290 5994 107432 9412 55447 21770 8520 35920 23626 23135 9741 12655 5872 12442 2818 671 3969 528 6731 64711 24633 23973 46240 16469 55160 719 48961 7694 8152 6443 17984 3786 508
cat_boundaries=0 1
cat_threshold=1
is_linear=0
shrinkage=0.05


Tree=59
num_leaves=63
num_cat=1
split_feature=8 14 8 13 13 14 14 7 14 13 14 14 14 7 8 2 13 14 13 8 13 7 14 14 7 7 8 13 8 14 13 14 15 14 14 8 14 8 8 13 13 2 13 8 8 2 8 2 7 8 14 14 14 8 8 8 14 8 13 14 8 2
split_gain=18.0866 5.87385 3.08868 2.22115 2.00259 1.20609 0.910572 1.32194 0.673357 0.614291 0.550422 0.523751 0.518779 0.500466 0.469718 0.431587 0.384106 0.382154 0.367165 0.51787 0.356286 0.348373 0.867651 0.486111 0.435608 0.357077 0.323876 0.313098 0.66079 0.311201 0.449202 0.307389 0.254448 0.252895 0.25226 0.245201 0.245133 0.232481 0.230242 0.219117 0.218369 0.214186 0.212045 0.259891 0.249994 0.210814 0.208414 0.208126 0.207713 0.206472 0.200591 0.198362 0.197459 0.222758 0.193393 0.18979 0.188027 0.264029 0.181025 0.177889 0.169399 0.166256
threshold=1.6695000000000002 0.052863783311381758 1.5085000000000002 1.8508886654934142 1.8057492807426865 -0.03721763971805702 -0.10696555927448036 4.5000000000000009 -0.053904590860349259 1.7313513947794037 0.13069938094684921 -0.1737528619846844 0.16919771399691155 15.500000000000002 1.8045000000000002 2.5000000000000004 1.7712088497916894 0.026211742441073053 1.857918335561721 1.9045000000000003 1.7313513947794037 3.5000000000000004 0.11174627034455133 -0.020802286003088529 5.5000000000000009 6.5000000000000009 1.7895000000000001 1.7748379703175199 1.7355000000000003 -0.12788527009430159 1.7965040282710272 -0.24408337636124386 0 -0.12097191586371502 -0.093690086382429136 1.5775000000000003 0.011924653858035985 1.8785000000000001 1.6155000000000002 1.8992856189347675 1.787960130808419 7.5000000000000009 1.7837075644055045 1.8245000000000002 1.7495000000000003 18.500000000000004 1.8595000000000004 5.5000000000000009 4.5000000000000009 1.1995000000000002 0.03405256263401258 0.22173780145979918 0.099250300693461427 1.8325000000000002 1.5655000000000003 1.9695000000000003 -0.14748851973673668 1.7095000000000002 1.9050218519754698 0.15369511244229364 1.8085000000000002 4.5000000000000009
decision_type=10 2 10 2 2 2 2 2 2 2 2 2 2 2 10 2 2 2 2 8 2 2 2 2 2 2 10 2 10 2 2 2 9 2 2 10 2 10 10 2 2 2 2 10 10 2 10 2 2 10 2 2 2 10 10 10 2 10 2 2 10 2
left_child=2 3 6 5 12 11 13 15 31 26 18 -2 20 49 -10 -8 -9 61 46 -20 47 50 23 25 35 -23 41 28 34 40 54 -5 51 -29 -13 -25 -37 -12 -26 -16 -27 -7 43 -11 -44 -39 -6 -3 -24 -1 -4 -14 -22 -54 -31 -55 -33 -58 -59 -19 -35 -17
right_child=1 4 21 8 10 9 7 16 14 42 37 27 32 -15 39 17 -18 59 19 -21 52 22 48 24 38 29 -28 33 -30 30 -32 56 -34 60 -36 36 -38 45 -40 -41 -42 -43 44 -45 -46 -47 -48 -49 -50 -51 -52 -53 53 55 -56 -57 57 58 -60 -61 -62 -63
leaf_value=-0.0017372482337914307 -0.0023685240511593644 -0.0012420708634797945 -0.0011201768574222008 -0.0027026802068290889 0.00080701670315631066 -0.00072484834555495135 -0.00099748546364353957 0.00089457822780343642 0.0010411908957524837 1.4199182859616647e-05 0.0029135454848087093 -0.0009271343236386863 0.00054479307767834662 -0.00079579723550758348 0.00024607658419532408 -0.00074678703956886951 0.0038301713944813849 0.00010298830344150281 0.0014138552577218837 0.0005477643012646589 0.00019096038740459907 -0.00078029656540850082 0.00068966886054616997 0.00025948149545907209 0.0014600847226287816 -0.0006661189845897429 -0.0011288108601461729 -0.00052272436992593593 -0.0012666916536853612 0.0011995226798386987 0.0010489438690194743 -0.00030405807717559345 0.00064956869743953852 -0.00011564976717719058 -0.00026044847701967315 -0.0010087201403467475 -0.00021681278172961221 0.00074102010631208045 0.00028928455504017414 0.00049785638886776229 -0.00034355549681609461 -0.00013756681676079809 0.00066121402868486647 -0.00034888464171089361 9.4692088491608498e-05 0.0013441887507191625 0.00033392490204553238 3.0218705160811671e-05 0.0025304348987992852 -0.0012074257096750757 -0.00051120355086121765 0.003324781218335464 0.0011488627987943354 0.00035927126091577275 -0.00027994677139448192 -0.00074166532753588402 0.0011221725003279477 -4.0449230517004826e-06 0.00033790190571430449 0.002233585867567322 -0.00055030806358270291 -0.00020730852069184545
leaf_weight=2161 291 326 1475 102 2502 1634 7909 597 2346 53368 139 1542 102 8104 31625 6516 137 1293 1807 38490 63849 5453 325 2226 526 9737 899 4725 2008 223 668 3333 3752 42955 17771 1153 6410 7744 2082 11890 11378 31135 2012 5430 60567 1782 33467 22960 290 12334 16248 173 882 18338 23304 400 612 17916 4937 106 2365 1829
leaf_count=2161 291 326 1475 102 2502 1634 7909 597 2346 53368 139 1542 102 8104 31625 6516 137 1293 1807 38490 63849 5453 325 2226 526 9737 899 4725 2008 223 668 3333 3752 42955 17771 1153 6410 7744 2082 11890 11378 31135 2012 5430 60567 1782 33467 22960 290 12334 16248 173 882 18338 23304 400 612 17916 4937 106 2365 1829
internal_value=2.82521e-07 0.000134603 -0.000543844 -4.82732e-06 0.000346864 -8.19726e-05 -0.0008979 -0.000636625 0.000235535 -3.56948e-06 0.000528001 -0.000251614 0.000206359 -0.00111048 0.000352027 -0.000723074 0.0014425 -0.000500339 0.000482953 0.000586602 0.000185345 -0.000365787 -0.000311291 -0.000329489 -4.8796e-05 -0.000398038 -0.000192537 -0.000242982 -0.000403433 -0.000352034 -0.000229621 3.69302e-05 0.000763455 -0.000174625 -0.000313678 -0.000201779 -0.000337541 0.000883475 0.00052542 0.000314873 -0.000492303 -0.000166851 4.88471e-05 -1.93316e-05 0.000112907 0.000853853 0.000366833 1.24069e-05 0.00155767 -0.00128641 -0.000561885 0.00221318 0.000233591 0.000372321 -0.000265924 0.00033577 4.73579e-05 9.72735e-05 6.98268e-05 0.00026442 -0.000138332 -0.000628548
internal_weight=618660 496176 122484 299463 196713 226702 40986 18387 72761 155045 85931 71657 110782 22599 45861 17653 734 9744 76266 40297 106755 81498 63775 63160 12397 50763 33668 71366 21321 45310 24195 26900 4027 50045 19313 9789 7563 9665 2608 43515 21115 32769 121377 58798 62579 9526 35969 23286 615 14495 17723 275 83469 19620 23527 18738 26798 23465 22853 1399 45320 8345
internal_count=618660 496176 122484 299463 196713 226702 40986 18387 72761 155045 85931 71657 110782 22599 45861 17653 734 9744 76266 40297 106755 81498 63775 63160 12397 50763 33668 71366 21321 45310 24195 26900 4027 50045 19313 9789 7563 9665 2608 43515 21115 32769 121377 58798 62579 9526 35969 23286 615 14495 17723 275 83469 19620 23527 18738 26798 23465 22853 1399 45320 8345
cat_boundaries=0 63
cat_threshold=0 0 0 0 0 0 0 0 0 2 0 0 0 0 0 0 0 0 0 0 0 0 0 0 0 0 0 16777216 0 0 0 0 0 0 0 0 0 0 0 0 0 0 0 0 0 0 0 0 0 0 2 0 0 0 0 0 0 0 32 4194304 0 0 2147483648
is_linear=0
shrinkage=0.05


Tree=60
num_leaves=63
num_cat=0
split_feature=8 14 8 13 13 14 14 14 14 14 13 13 8 13 14 8 8 13 13 8 14 14 8 13 14 14 13 13 8 14 13 14 13 13 8 13 8 8 13 8 2 13 13 8 13 14 14 8 8 13 14 13 8 8 8 14 2 13 14 8 8 2
split_gain=16.3369 5.34772 2.81145 2.19603 1.55466 1.08413 1.07009 0.844326 0.795501 0.720484 0.636572 0.578882 0.480751 0.480176 0.52585 0.462444 0.412346 0.404504 0.388546 0.387112 0.381485 0.373204 0.364093 0.31587 0.762741 0.350407 0.362928 0.343209 0.353357 0.322185 0.421839 0.308295 0.30778 0.296078 0.289153 0.284047 0.265755 0.261081 0.242233 0.240698 0.23822 0.237928 0.232956 0.304422 0.232289 0.32723 0.325935 0.321963 0.243248 0.226801 0.372489 0.773479 0.295547 0.27152 0.231566 0.248695 0.223366 0.222718 0.221351 0.221263 0.201724 0.196725
threshold=1.6695000000000002 0.061959008592888505 1.5085000000000002 1.8134236480004582 1.7861665622526861 -0.0037121059767608595 -0.033575156489783813 -0.01931780535522087 -0.13771210597676095 0.15990670843560009 1.5120058491212303 1.857918335561721 1.9045000000000003 1.4679620961029771 -0.35941667344042344 1.9085000000000003 1.7885000000000002 1.8432249302713755 1.890186014534385 1.8595000000000004 -0.24408337636124386 -0.31319037769853725 1.7935000000000001 1.5120058491212303 0.119548456515452 0.038469967089536768 1.6254072576076228 1.6254072576076228 1.6295000000000002 -0.10356540991125172 1.7712088497916894 -0.11804732229493119 1.7313513947794037 1.7055956604081108 2.1695000000000007 1.7812280917457983 1.7055000000000002 1.8625000000000003 1.6254072576076228 1.7955000000000003 20.500000000000004 1.7516683354102367 1.8992856189347675 1.8455000000000001 1.7516683354102367 -0.069341037599195729 -0.06713621668861823 1.7275000000000003 1.7335000000000003 1.5693940189544902 -0.18402533651879779 1.6734096264513336 1.4155000000000002 1.4595000000000002 1.4155000000000002 -0.13428537068007781 6.5000000000000009 1.8808204437217764 0.11615156235368863 1.5455000000000003 1.7855000000000001 7.5000000000000009
decision_type=10 2 10 2 2 2 2 2 2 2 2 2 10 2 2 10 10 2 2 10 2 2 10 2 2 2 2 2 10 2 2 2 2 2 10 2 10 10 2 10 2 2 2 10 2 2 2 10 10 2 2 2 10 8 10 2 2 2 2 10 10 2
left_child=2 3 7 5 56 8 20 13 -2 11 -9 37 -13 21 57 -11 -8 49 -18 -20 -5 -1 44 -4 25 26 -25 -27 -29 41 59 -22 39 -12 -17 -24 -33 -6 -26 61 -14 -28 43 -38 46 47 -10 -46 -48 54 -51 52 -52 -53 55 -16 -3 -15 -58 -31 -44 -7
right_child=1 4 23 6 9 32 16 10 22 15 33 12 40 14 17 34 18 -19 19 -21 31 -23 35 24 38 27 29 28 -30 30 -32 36 -34 -35 -36 -37 42 -39 -40 -41 -42 -43 60 -45 45 -47 48 -49 -50 50 51 53 -54 -55 -56 -57 58 -59 -60 -61 -62 -63
leaf_value=-0.0035057531763360928 -0.0020535159318840032 -0.00030330733368698804 -0.00057767436468434059 -0.0029028945628232199 0.00063041467721273677 -0.00062753238618172341 0.0010551860380876119 -0.00067934906410234181 -0.0010797686075341437 0.0032976861033201608 0.00014175466829501534 0.0015620121608939186 0.00052952288447119023 -0.001278098419198521 -0.0012351689863157207 0.00090666125392575348 0.00021491453889816608 0.0018871188562786158 0.001371003623940369 0.00042474445721985736 -0.00024136890595415742 -0.0012567743803859666 -0.0011619791989365455 -0.0008056017934346901 0.00063677630944256947 -0.0002448675812366201 -0.00062749540708283667 0.0012684760865994316 5.9780693867416032e-05 0.0008003997375807039 0.00054875917304328056 0.00098662283939590428 5.5212717614881282e-05 0.002519809758029342 0.0030449314391819029 -0.00039354538743367707 2.2315992336722918e-05 0.00031403541360476524 0.002473200297086418 -0.00087730871592643905 0.00095736462595451049 -0.00033652332415443309 0.0011962897575599739 -0.00065672677023637029 -0.00019681997503746243 -1.8626807904819946e-05 -0.00021120488099850133 -0.00075314928355386403 -0.00077281740383849419 -0.00077272410076497495 0.001121015379965423 0.0042240800630779715 -0.00056747294561473015 0.0011965291803490796 -0.0014316879898350816 -0.00048516713726738572 0.000138433848661509 -0.00067998822548147623 0.00038283940769117276 -0.00028064141570888532 0.00021393181216275827 -7.1704523248281702e-05
leaf_weight=189 592 2446 12572 113 7467 1699 1721 6284 1332 231 2243 1264 33892 7515 1712 3783 59890 152 1170 14181 10246 7689 1489 4437 680 6765 11103 839 2165 484 1755 766 85695 139 165 6252 32097 51458 244 1053 3599 19131 558 1740 22829 30751 17817 2935 2162 5581 293 109 2244 231 1685 3119 49727 1963 11385 21472 8234 25257
leaf_count=189 592 2446 12572 113 7467 1699 1721 6284 1332 231 2243 1264 33892 7515 1712 3783 59890 152 1170 14181 10246 7689 1489 4437 680 6765 11103 839 2165 484 1755 766 85695 139 165 6252 32097 51458 244 1053 3599 19131 558 1740 22829 30751 17817 2935 2162 5581 293 109 2244 231 1685 3119 49727 1963 11385 21472 8234 25257
internal_value=-6.60903e-07 0.000127169 -0.000516996 1.10333e-05 0.000359263 -9.31863e-05 0.000170384 -0.000854004 -0.000226963 0.000480346 -0.000415511 0.000452841 0.000602929 -0.000970992 -0.00086221 0.00112325 0.000289943 -0.000679234 0.000272439 0.000496865 -7.94801e-07 -0.00131073 -0.000214326 -0.000347152 -0.000305196 -0.000324542 -0.00037092 -4.73797e-05 0.000397362 -0.000335167 -0.000197186 5.31875e-06 8.18291e-06 0.000280524 0.000996027 -0.000541355 6.35642e-05 0.000354127 0.00112172 -0.000135707 0.000570594 -0.000443379 4.69778e-05 -1.26024e-05 -0.000181798 -0.000128753 -0.000322468 -0.000260196 -0.000271979 -0.000705285 -0.000534488 -7.23423e-05 -0.000372468 0.00216713 -0.000926986 -0.000750951 0.000165213 -0.00115422 0.000183966 -0.000256811 0.000276279 -0.000106738
internal_weight=618791 495996 122795 330579 165417 199863 130716 41148 86159 101859 8666 97680 38755 32482 24604 4179 76962 15126 75241 15351 53754 7878 85567 81647 69075 68151 58382 9769 3004 53945 23711 53641 113704 2382 3948 7741 43395 58925 924 28009 37491 30234 42629 33837 77826 56515 21311 25764 19979 14974 8458 2877 2537 340 6516 4831 63558 9478 61112 21956 8792 26956
internal_count=618791 495996 122795 330579 165417 199863 130716 41148 86159 101859 8666 97680 38755 32482 24604 4179 76962 15126 75241 15351 53754 7878 85567 81647 69075 68151 58382 9769 3004 53945 23711 53641 113704 2382 3948 7741 43395 58925 924 28009 37491 30234 42629 33837 77826 56515 21311 25764 19979 14974 8458 2877 2537 340 6516 4831 63558 9478 61112 21956 8792 26956
is_linear=0
shrinkage=0.05


Tree=61
num_leaves=63
num_cat=0
split_feature=8 14 8 13 13 14 14 7 14 14 14 13 8 7 14 14 13 8 14 13 8 14 13 14 8 14 13 8 8 7 14 7 7 14 13 8 13 7 13 8 8 14 8 8 2 8 3 8 14 14 14 14 8 8 13 8 13 10 8 14 2 8
split_gain=14.7441 4.8892 2.53734 2.32581 1.50998 0.766737 0.642292 0.601353 0.578137 0.561802 0.560888 0.449683 0.435149 0.432044 0.489147 0.374229 0.373652 0.373337 0.341031 0.309544 0.308027 0.304543 0.294157 0.292309 0.292268 0.28875 0.284072 0.29488 0.282171 0.271887 0.545593 0.446316 0.321126 0.276998 0.363966 0.265417 0.253829 0.253757 0.236804 0.384148 0.232327 0.232008 0.256164 0.259963 0.303656 0.224522 0.229193 0.222631 0.22888 0.221808 0.220307 0.209543 0.270965 0.244446 0.209319 0.201144 0.201003 0.197306 0.197239 0.189756 0.186449 0.185311
threshold=1.6695000000000002 0.026211742441073053 1.5085000000000002 1.8134236480004582 1.8411380396533612 -0.0094351754930646053 0.10705250893903641 2.5000000000000004 0.099250300693461427 -0.10356540991125172 -0.13428537068007781 1.7313513947794037 1.8245000000000002 1.5000000000000002 -0.35941667344042344 -0.040878793194301648 1.8432249302713755 1.7395000000000003 -0.31319037769853725 1.8992856189347675 1.8455000000000001 -0.24408337636124386 1.8992856189347675 0.18736881747616344 1.9145000000000001 -0.18402533651879779 1.7313513947794037 1.7785000000000002 1.7795000000000003 3.5000000000000004 -0.020802286003088529 5.5000000000000009 6.5000000000000009 -0.14748851973673668 1.800783472633406 1.5985000000000003 1.7748379703175199 6.5000000000000009 1.7516683354102367 1.7055000000000002 1.7995000000000003 0.22173780145979918 2.1005000000000007 1.9195000000000002 6.5000000000000009 1.7595000000000003 12.500000000000002 1.5775000000000003 0.014838376917312714 0.18736881747616344 0.014838376917312714 -0.043690086382429098 1.8325000000000002 1.8545000000000003 1.7783277951588177 1.5655000000000003 1.8808204437217764 1.3295000000000001 1.8355000000000004 0.089730384931967513 20.500000000000004 1.5795000000000001
decision_type=10 2 10 2 2 2 2 2 2 2 2 2 10 2 2 2 2 8 2 2 10 2 2 2 10 2 2 10 10 2 2 2 2 2 2 10 2 2 2 10 10 2 10 10 2 10 2 10 2 2 2 2 10 10 2 10 2 10 10 2 2 10
left_child=2 4 5 6 10 13 11 -7 12 21 25 58 -5 18 56 38 57 -11 -1 -14 -10 -6 51 29 -21 -2 27 -17 -28 59 32 47 -31 54 55 -33 50 -9 39 -12 -24 -8 43 44 -43 -40 -47 -32 -49 60 -30 52 -19 -53 -34 -35 -15 -16 -3 61 -22 -4
right_child=1 3 23 8 9 7 41 37 20 17 15 -13 19 14 16 26 -18 22 -20 24 49 -23 40 -25 -26 -27 28 -29 36 30 31 35 33 34 -36 -37 -38 -39 45 -41 -42 42 -44 -45 -46 46 -48 48 -50 -51 -52 53 -54 -55 -56 -57 -58 -59 -60 -61 -62 -63
leaf_value=-0.003330465489949184 -0.0033202212951146067 -5.2640704181264336e-05 -0.00061084736853464971 0.0015669066973133775 -0.0027577498057173092 -0.00063073133873375008 0.00033970360623578885 0.00021483959538583656 0.0028268328783451584 0.00086192845946847475 -0.00034936344392012299 0.00014928125149064401 0.00032033503238008466 -0.0012141934940886367 -0.00056761942841724656 -0.00020057418187514864 0.0018175958182124021 3.9543699726180356e-05 -0.0011816521154276887 0.0015456290942270771 0.00055860073388271623 -0.0001498347906946306 0.0010679986432127668 0.0015605155656635808 0.0005289753532702157 -0.0008337362884928267 8.7089887294804761e-05 -0.001477548190860231 -0.00070666862246274295 -0.00072254093772948849 0.00027798326416419273 0.001848787899815746 -0.00078616905328479961 0.0010930800489508685 0.00065984992922624793 0.00038108381512439273 -5.033101815793699e-05 0.0024638262473536767 -0.00015418642246472396 -0.00140862510653045 0.00031648990838968285 0.00043017576160187378 0.0032326199982011441 0.00041885889662306175 0.0037317902862961439 -0.00019948325642203527 -0.00076497753139430748 -0.00091503660143637969 -0.00016220009569363326 0.001438153967221782 -0.0001461685532948136 0.00037957302447089489 -0.00066698753956418117 6.7081698932151349e-05 -0.00037420298566163767 -0.0002755305404332883 -0.0006459888151952582 -0.00099133180160915842 -0.0010915412408237523 -0.00031417015312409463 0.0010059609464777937 -0.0019172057669649843
leaf_weight=189 125 29702 10054 758 113 5757 23875 1960 160 2055 5267 110067 67207 7515 11892 21067 153 16456 8012 751 24122 11982 1120 204 12046 1771 32618 462 3017 5460 2358 354 4295 271 1110 2372 29918 134 44186 1022 12578 134 118 994 145 3971 3265 1189 6691 817 4185 11171 1479 14230 10930 28700 1963 3573 464 7380 2578 279
leaf_count=189 125 29702 10054 758 113 5757 23875 1960 160 2055 5267 110067 67207 7515 11892 21067 153 16456 8012 751 24122 11982 1120 204 12046 1771 32618 462 3017 5460 2358 354 4295 271 1110 2372 29918 134 44186 1022 12578 134 118 994 145 3971 3265 1189 6691 817 4185 11171 1479 14230 10930 28700 1963 3573 464 7380 2578 279
internal_value=-6.27858e-07 0.000120811 -0.000491146 0.000262148 -5.35473e-05 -0.000811304 0.000144218 -0.000366817 0.000442133 0.000136271 -0.000143106 0.000102408 0.000374548 -0.000916108 -0.00081315 -0.00013223 -0.000641188 0.000199822 -0.00123117 0.000363251 0.000639347 -0.0001742 0.000175965 -0.000329795 0.000588638 -0.000997666 -6.92141e-05 -0.000227977 -2.02019e-05 -0.000334529 -0.000286367 3.13382e-06 -0.000360296 -0.00031664 -0.000228685 0.000571681 -0.000114481 0.000358758 -0.000231886 -0.0005215 0.000377936 0.000376275 0.00100399 0.000797407 0.00214607 -0.000196466 -0.000454643 -0.000148249 -0.000275794 0.000626627 -0.000380968 0.000112125 -1.872e-05 0.000204511 -0.000490419 -0.000262728 -0.00109651 -0.000665513 -6.86206e-05 -0.000507815 0.000601795 -0.00064612
internal_weight=618791 495996 122795 273938 222058 41148 165499 7851 108439 71184 150874 140233 80762 33297 25096 148978 15618 59089 8201 80004 27677 12095 57034 81647 12797 1896 91267 21529 69738 81443 63730 12964 50766 45306 30081 2726 37120 2094 57711 6289 13698 25266 1391 1273 279 51422 7236 10238 7880 27517 7202 43336 17935 25401 15225 28971 9478 15465 30166 17713 26700 10333
internal_count=618791 495996 122795 273938 222058 41148 165499 7851 108439 71184 150874 140233 80762 33297 25096 148978 15618 59089 8201 80004 27677 12095 57034 81647 12797 1896 91267 21529 69738 81443 63730 12964 50766 45306 30081 2726 37120 2094 57711 6289 13698 25266 1391 1273 279 51422 7236 10238 7880 27517 7202 43336 17935 25401 15225 28971 9478 15465 30166 17713 26700 10333
is_linear=0
shrinkage=0.05


Tree=62
num_leaves=63
num_cat=0
split_feature=8 14 8 13 13 14 14 8 14 7 14 8 14 13 14 13 8 8 14 2 13 8 2 7 7 14 13 7 14 14 8 14 13 14 8 14 14 2 13 13 13 8 8 13 8 14 8 14 8 13 8 8 8 14 13 8 14 14 8 2 14 13
split_gain=13.3065 4.43374 2.28995 1.81695 1.29803 0.904191 0.897855 0.728401 0.716208 1.06311 0.663339 0.557822 0.478882 0.426477 0.952931 0.392946 0.380374 0.343951 0.342185 0.330942 0.321459 0.359467 0.294642 0.283612 0.268883 0.668995 0.459433 0.274321 0.385434 0.259541 0.339375 0.2578 0.256878 0.249781 0.241946 0.2346 0.233536 0.254657 0.207723 0.202494 0.201992 0.253777 0.191955 0.18977 0.285328 0.278122 0.25838 0.20575 0.189318 0.185715 0.245982 0.216495 0.180061 0.21409 0.178599 0.412051 0.177906 0.17509 0.174486 0.166194 0.16117 0.332683
threshold=1.6695000000000002 0.061959008592888505 1.5085000000000002 1.8134236480004582 1.8508886654934142 -0.0094351754930646053 -0.018075332789834416 1.8045000000000002 -0.10696555927448036 4.5000000000000009 -0.13771210597676095 1.9045000000000003 0.13353799147561188 1.7295764294741234 -0.22109152146568353 1.7313513947794037 1.7825000000000002 1.3895000000000002 -0.11804732229493119 3.5000000000000004 1.8808204437217764 1.8645000000000003 20.500000000000004 6.5000000000000009 2.5000000000000004 0.061959008592888505 1.761051224599248 4.5000000000000009 -0.0770409914071115 -0.52701264904174339 1.2655000000000001 -0.24408337636124386 1.761051224599248 0.13643459008874828 1.7055000000000002 0.019388865035801287 -0.41897855795156541 5.5000000000000009 1.7812280917457983 1.7267332674126126 1.8992856189347675 1.8745000000000003 1.7855000000000001 1.761051224599248 1.7255000000000003 -0.072948871453930572 1.7255000000000003 -0.06713621668861823 1.5865000000000002 1.7636290502143075 1.8255000000000001 1.7595000000000003 1.6065000000000003 0.010658962400804219 1.7516683354102367 1.8845000000000003 0.12181456336227993 0.22173780145979918 1.7095000000000002 5.5000000000000009 -0.15943404656886193 1.8462092085444868
decision_type=10 2 10 2 2 2 2 10 2 2 2 10 2 2 2 2 10 10 2 2 2 10 2 2 2 2 2 2 2 2 8 2 2 2 10 2 2 2 2 2 2 10 10 2 10 2 10 2 10 2 10 10 10 2 2 10 2 2 10 2 2 2
left_child=2 3 8 5 12 10 18 -8 13 19 -2 56 15 36 29 59 43 -11 31 -10 -9 -22 57 -7 -4 27 33 52 39 -15 -31 -5 48 -27 -20 -21 37 -1 -18 -29 41 -36 -42 44 47 46 -45 -12 -30 50 -25 -51 53 -26 -14 -56 -6 -13 -47 -3 -41 -62
right_child=1 4 24 6 11 23 7 20 9 17 16 22 54 14 -16 -17 38 -19 34 35 21 -23 -24 49 25 26 -28 28 32 30 -32 -33 -34 -35 40 -37 -38 -39 -40 60 42 -43 -44 45 -46 58 -48 -49 -50 51 -52 -53 -54 -55 55 -57 -58 -59 -60 -61 61 -63
leaf_value=-0.0035282531559156873 -0.0018852124940265738 -0.0015201961634505685 -0.00052599115579617648 -0.0026198623348355934 0.0013016410628945588 -0.00061345501227682902 0.0012917881853279102 0.00018441100710339358 -0.00076424666565311737 0.0040057696774771475 -0.00083380038865962086 0.00046999078445024217 0.00025534332404109457 -0.0012931459959084173 0.0026336850933433857 0.00024614420507860704 -0.0011005304693114681 0.00088916836562381678 0.00093533808471263054 -0.00042397664986204087 0.0011814805473467525 0.00036536012405713101 0.00093407429639910168 -4.8118040184045784e-05 -0.00093461044067673317 5.5673942758164091e-05 0.0033040600217152704 -0.00069241179209279758 0.00033840253624722394 0.0015629874159519648 -0.00073812630257254663 -0.00021852284772888136 0.00080006127550078887 0.0011596234971303807 2.2218424201924099e-05 0.00053905159185020993 -0.0011145892864091551 -0.0015177368255899638 -0.00042045213628950565 -0.00047603062064617444 0.001142247161199824 -0.0010248313911274769 0.00020261023887629994 -0.00018898811027791209 -0.00080663507282021827 0.00024927025261512213 -0.00072913209976648409 -0.00018228118268055548 -0.00019238088258034312 0.00054954986737893168 -0.0008445428810719335 4.6463823575269836e-05 -0.001704059182974968 -0.00034623917178902086 0.0018439692334787875 0.00054714353254909254 0.0034630516138259731 0.0019175392170880168 -7.238299549105569e-05 2.7668750616060366e-06 -0.0002692347652934023 0.0019128134796946228
leaf_weight=198 592 181 12572 113 1659 1856 1734 47392 12031 103 1309 39839 4529 2274 204 88131 1409 630 795 4905 1464 17213 3877 49201 2423 5700 118 4315 1934 163 9428 10246 795 563 40956 726 9716 770 5528 12350 576 587 9640 20996 2449 5196 2475 16317 12789 2209 989 66977 362 4272 658 8864 101 210 22360 17368 23278 176
leaf_count=198 592 181 12572 113 1659 1856 1734 47392 12031 103 1309 39839 4529 2274 204 88131 1409 630 795 4905 1464 17213 3877 49201 2423 5700 118 4315 1934 163 9428 10246 795 563 40956 726 9716 770 5528 12350 576 587 9640 20996 2449 5196 2475 16317 12789 2209 989 66977 362 4272 658 8864 101 210 22360 17368 23278 176
internal_value=-5.96465e-07 0.00011477 -0.000466589 9.02339e-06 0.000326102 -8.57753e-05 0.000153969 0.000280197 -0.000770739 -0.000538741 -0.000217828 0.000552844 0.000239583 -0.000958301 -0.00075463 0.000203121 -0.000205179 0.00132711 1.79305e-05 -0.000616176 0.000253648 0.000429332 0.000517872 -1.26352e-07 -0.000313305 -0.000274595 0.000213147 -0.000324237 -0.000286988 -0.000812887 -0.000699019 -0.000244718 -7.5386e-05 0.000154911 6.97015e-05 -0.000299814 -0.00118838 -0.00192898 -0.000558585 -0.000368836 5.64056e-05 7.42368e-06 0.000255589 -0.000170699 -0.00030093 -0.000119464 -0.000245946 -0.000230666 -0.000122658 9.40938e-06 -6.38117e-05 6.25266e-05 -0.000617906 -0.000559178 0.000513818 0.000636758 0.00142568 0.000477581 -1.17316e-05 -1.29409e-05 -0.000329839 -0.000252861
internal_weight=618791 495996 122795 330579 165417 199863 130716 67803 41148 18395 78631 45686 119731 22753 12069 105680 78039 733 62913 17662 66069 18677 43926 121232 81647 69075 6381 62694 55637 11865 9591 10359 15518 6263 52554 5631 10684 968 6937 40119 51759 41543 10216 71102 20075 51027 23471 17626 14723 119376 50190 69186 7057 6695 14051 9522 1760 40049 27556 17549 35804 23454
internal_count=618791 495996 122795 330579 165417 199863 130716 67803 41148 18395 78631 45686 119731 22753 12069 105680 78039 733 62913 17662 66069 18677 43926 121232 81647 69075 6381 62694 55637 11865 9591 10359 15518 6263 52554 5631 10684 968 6937 40119 51759 41543 10216 71102 20075 51027 23471 17626 14723 119376 50190 69186 7057 6695 14051 9522 1760 40049 27556 17549 35804 23454
is_linear=0
shrinkage=0.05


Tree=63
num_leaves=63
num_cat=1
split_feature=8 14 8 13 13 8 13 14 14 7 14 13 8 14 7 14 14 2 13 13 14 8 13 8 14 14 8 7 14 8 14 8 14 8 2 14 14 8 14 14 7 14 7 8 10 15 13 14 13 13 8 13 14 14 8 8 8 8 8 13 14 14
split_gain=12.0091 4.05485 2.06668 1.82213 1.31279 0.696076 0.685224 0.65134 0.592261 0.49093 0.455313 0.41489 0.38472 0.381031 0.374476 0.412419 0.364322 0.344901 0.3292 0.313292 0.307425 0.2619 0.258581 0.252511 0.247818 0.241043 0.239649 0.23695 0.707252 0.34256 0.232926 0.224407 0.222859 0.302457 0.21602 0.233031 0.213767 0.213308 0.20324 0.197883 0.186445 0.319037 0.577365 0.229757 0.195284 0.189851 0.186144 0.270162 0.279198 0.185133 0.176873 0.174259 0.256865 0.173931 0.17148 0.166632 0.164979 0.164943 0.160805 0.159574 0.159267 0.158497
threshold=1.6695000000000002 0.032034440725519649 1.5085000000000002 1.8508886654934142 1.8508886654934142 1.8745000000000003 1.7748379703175199 -0.0094351754930646053 -0.094933675286320227 2.5000000000000004 0.12792465385803589 1.7837075644055045 1.8055000000000001 -0.18402533651879779 1.5000000000000002 -0.35941667344042344 -0.14748851973673668 20.500000000000004 1.8432249302713755 1.7748379703175199 -0.18402533651879779 1.7095000000000002 1.9050218519754698 1.8045000000000002 0.18736881747616344 0.078640726544305775 1.8755000000000002 4.5000000000000009 -0.022415297091337712 1.5985000000000003 -0.0094351754930646053 1.3595000000000004 -0.023690086382429195 1.7455000000000003 6.5000000000000009 0.11773075577083526 -0.054611134964198775 1.9345000000000001 -0.24408337636124386 0.076782360281942977 3.5000000000000004 -0.1530833295540914 5.5000000000000009 1.4395000000000002 1.2685000000000002 0 1.7313513947794037 -0.13771210597676095 1.800783472633406 1.8538499140524283 1.7885000000000002 1.8761670047273677 -0.20045154348454794 0.071242499430100539 1.7485000000000002 1.8855000000000002 1.7095000000000002 1.7335000000000003 1.8225000000000002 1.7636290502143075 -0.088766314920685971 0.089730384931967513
decision_type=10 2 10 2 2 10 2 2 2 2 2 2 10 2 2 2 2 2 2 2 2 10 2 10 2 2 10 2 2 8 2 8 2 10 2 2 2 10 2 2 2 2 2 10 8 9 2 2 2 2 10 2 2 2 10 8 10 10 10 2 2 2
left_child=2 4 7 6 8 -5 34 14 13 -9 23 12 32 -2 20 49 38 25 40 -15 -1 -18 36 -8 27 -7 -12 30 46 -30 -4 -11 33 -10 56 55 58 -27 -6 -31 45 44 43 -43 -42 -17 -29 51 -49 -16 -38 -48 -53 -25 -21 -36 -3 -37 -23 -14 -45 -32
right_child=1 3 24 5 16 17 10 9 11 31 26 -13 59 19 15 18 21 -19 -20 54 -22 22 -24 53 -26 37 -28 28 29 39 61 -33 -34 -35 35 57 50 -39 -40 -41 41 42 -44 60 -46 -47 47 48 -50 -51 -52 52 -54 -55 -56 -57 -58 -59 -60 -61 -62 -63
leaf_value=-0.0019223392028136959 -0.002919992812819881 -0.00012264768384815199 -0.0010773927953494011 0.0015867676328449255 -0.0024515215103218164 0.00031751942372699386 0.00073260631833843429 -0.00056098243725718198 -0.00017492184681508884 0.0026443853033415506 0.0019006008953770756 1.311385741489304e-05 -0.0013628901990202884 -0.00098763141998976247 -0.0011305490251191836 -0.00035933146145016292 0.0011346101893052495 0.00084959165016033195 0.0017328528354994062 -0.00022918413865345071 -0.001005009643371986 3.8999543848104968e-05 0.00037715856521369458 0.00014327219375344903 0.0014428774381129046 0.0010498199676266164 0.00054039654217530873 -0.0004326699576054749 0.00099691037163945916 -1.9903769031841523e-05 -0.00049691844667738947 0.00021714086808111616 -5.6396424122112085e-05 -0.00068472074824670124 6.1140423836563598e-05 0.0018548093159541446 0.00094601005368656317 0.00048567433014667791 -0.00026731163586354438 0.0010394284019924411 -0.00044090826575952024 0.00061706112160585052 0.0024684649323125796 -0.0011973256250287683 -0.0010492843151816526 -0.00095068484878405718 -0.00044928010136908222 -0.00013512631941975489 0.00084051734288215186 -0.00063777037202792112 0.00018488713108973147 -0.00010857772604534468 0.0020506035652161645 0.00027912625513546217 -0.00072371596295556207 -0.0004931689021354642 -0.0009790244373961783 0.00028744475562476733 -0.00042579857724662985 -0.00048167126314952634 -0.00014901279247220116 -0.00022536451741022334
leaf_weight=1047 146 1928 1325 1380 110 29660 2370 5757 31450 100 336 70516 589 1772 6835 1913 727 5014 153 14660 7154 14047 12780 47926 204 1787 8935 19713 1178 5534 14403 1994 48978 3206 74278 171 786 26873 3350 479 4153 617 223 561 1933 5042 13224 14271 773 2643 26423 1823 149 46340 1991 1381 794 9127 2145 4020 1023 8571
leaf_count=1047 146 1928 1325 1380 110 29660 2370 5757 31450 100 336 70516 589 1772 6835 1913 727 5014 153 14660 7154 14047 12780 47926 204 1787 8935 19713 1178 5534 14403 1994 48978 3206 74278 171 786 26873 3350 479 4153 617 223 561 1933 5042 13224 14271 773 2643 26423 1823 149 46340 1991 1381 794 9127 2145 4020 1023 8571
internal_value=-5.66642e-07 0.000109032 -0.000443259 0.000246173 -3.99967e-05 0.00047586 0.000169391 -0.000732202 -0.000108557 -0.000322527 0.000254983 -7.73059e-05 -0.000149561 -0.000375742 -0.000828798 -0.000732944 0.000161395 0.000451654 -0.000575044 -0.000355579 -0.00112212 0.000191683 0.000179481 0.000222872 -0.00029764 0.000417441 0.000589693 -0.000301999 -0.000246386 0.00021723 -0.000432786 0.000333055 -0.000125053 -0.000222083 6.60043e-05 8.00523e-05 0.000121272 0.00052085 -0.000336752 6.44834e-05 -0.000597876 -0.000440929 4.41645e-05 -0.00020146 -0.000634137 -0.000789914 -0.000313126 -0.000235197 -8.49952e-05 -0.000993135 0.000206874 -0.000383896 5.45653e-05 0.000210056 -0.000288316 5.10226e-05 -0.00037245 0.00031627 -2.25736e-05 -0.000594285 -0.00052029 -0.000395609
internal_weight=618791 495996 122795 258300 237696 64714 193586 41148 177328 7851 105907 158759 88243 18569 33297 25096 60368 63334 15618 18423 8201 56908 56181 96636 81647 58320 9271 81443 57144 7191 24299 2094 83634 34656 87679 84957 43401 28660 3460 6013 15465 8510 2424 2201 6086 6955 49953 30240 15044 9478 27209 15196 1972 94266 16651 75659 2722 9298 16192 4609 1584 22974
internal_count=618791 495996 122795 258300 237696 64714 193586 41148 177328 7851 105907 158759 88243 18569 33297 25096 60368 63334 15618 18423 8201 56908 56181 96636 81647 58320 9271 81443 57144 7191 24299 2094 83634 34656 87679 84957 43401 28660 3460 6013 15465 8510 2424 2201 6086 6955 49953 30240 15044 9478 27209 15196 1972 94266 16651 75659 2722 9298 16192 4609 1584 22974
cat_boundaries=0 78
cat_threshold=0 0 0 0 0 0 0 256 0 2 0 0 0 0 0 0 0 0 0 0 0 0 0 16777248 0 0 0 0 0 0 0 268435456 0 0 0 0 0 0 0 131074 8 0 134218752 0 0 1073741824 0 2064 2147483648 0 0 0 0 0 32768 1073741824 0 0 0 1024 8388608 0 0 0 2097152 0 0 4096 0 0 0 0 0 0 0 0 1073872896 16
is_linear=0
shrinkage=0.05


Tree=64
num_leaves=63
num_cat=2
split_feature=8 14 8 13 13 14 14 14 14 8 0 14 13 13 8 14 13 13 8 14 8 3 8 14 14 13 13 14 13 8 15 14 8 8 14 8 14 13 14 13 13 8 13 8 14 8 13 8 2 13 8 8 2 14 2 14 11 8 14 13 8 8
split_gain=10.8385 3.673 1.86532 1.84138 1.11457 0.60771 0.521896 0.519909 0.490129 0.461221 0.453947 0.464404 0.793221 0.419878 0.410935 0.349833 0.333758 0.315024 0.372859 0.308657 0.305202 0.274976 0.255784 0.255583 0.254731 0.250746 0.24209 0.57204 0.308936 0.235938 0.213558 0.211982 0.276578 0.20346 0.216043 0.363424 0.198232 0.196994 0.18987 0.508932 0.25145 0.273218 0.20117 0.19202 0.183667 0.203722 0.178626 0.176093 0.174637 0.170661 0.165296 0.163509 0.215564 0.160829 0.248476 0.240631 0.166694 0.15964 0.162593 0.15573 0.208832 0.186046
threshold=1.6695000000000002 0.021699380946849204 1.5085000000000002 1.8057492807426865 1.8657678508960227 0.069731992223638253 -0.10493367528632024 0.11174627034455133 0.083269114063143981 1.8245000000000002 0 -0.13428537068007781 1.6254072576076228 1.7837075644055045 1.7945000000000002 -0.18402533651879779 1.6254072576076228 1.890186014534385 1.9145000000000001 -0.1737528619846844 1.3995000000000002 10.500000000000002 1.3695000000000002 0.18736881747616344 -0.52701264904174339 1.7837075644055045 1.4679620961029771 0.1086407265443058 1.6254072576076228 1.8625000000000003 1 -0.035947437365987482 1.7435000000000003 1.7085000000000001 -0.013690086382429188 1.8575000000000002 -0.41897855795156541 1.7636290502143075 -0.1530833295540914 1.8208541137852097 1.7516683354102367 1.5455000000000003 1.7691613125461358 1.6155000000000002 -0.18402533651879779 1.4695000000000003 1.6254072576076228 1.9345000000000001 18.500000000000004 1.7313513947794037 1.7555000000000003 1.7685000000000002 19.500000000000004 0.065916670445908446 5.5000000000000009 -0.032269244229164766 1.532214285714286 1.6065000000000003 -0.029473454994190181 1.7636290502143075 1.8485000000000003 1.8545000000000003
decision_type=10 2 10 2 2 2 2 2 2 10 1 2 2 2 10 2 2 2 10 2 8 2 8 2 2 2 2 2 2 10 9 2 10 10 2 10 2 2 2 2 2 10 2 10 2 8 2 10 2 2 10 10 2 2 2 2 10 10 2 2 10 10
left_child=2 4 5 8 6 10 15 9 21 -5 -1 16 -13 14 31 -2 36 -11 -19 51 -14 -3 -7 46 -18 -17 -4 38 -29 -9 -25 32 -8 -21 -35 -36 -12 -16 42 40 53 -42 43 -28 -26 -46 -10 -48 -31 -33 -27 -6 -53 54 57 -56 -55 58 -40 60 -23 -61
right_child=1 3 26 7 19 22 13 29 23 17 11 12 20 -15 37 25 24 18 -20 33 -22 59 -24 30 44 50 27 28 -30 48 -32 49 -34 34 35 -37 -38 -39 39 -41 41 -43 -44 -45 45 -47 47 -49 -50 -51 -52 52 -54 56 55 -57 -58 -59 -60 61 -62 -63
leaf_value=-0.0010534092284657634 -0.0026866253762910307 -0.00033633119910667249 -0.00054247709459088978 0.0013852094566905082 -0.00025211238681288866 0.0029334000115947374 -0.00021139763169126071 0.0023767617295786577 -0.00093784470090305875 0.00026630521852638123 -0.0028611558774220094 -0.00051876287662602891 0.0037196754018248828 -7.4437358830867847e-06 -0.0012417647202112325 -0.0010506161106359341 -0.0011881350955250133 0.0013115215482342453 0.00043190067975315419 0.001086230624980542 0.00076549748745272312 1.2139413044522013e-05 0.00031659501608953799 0.0024888745129783276 -0.00063399502021352502 -0.00023915701893754862 -0.00067411657415959475 0.00032140258141810765 0.002073931033423139 0.0005207675100153572 0.00059149558727312817 -0.00018376554225445663 -0.00093103360053261902 0.00011780533279187999 0.0011962657790514258 0.0002759183644425928 -0.0011408211504340146 -0.00044881583430206426 -0.0012837444988533838 0.0013808437833214607 0.0021084917690224795 -6.2068262648952788e-05 -0.0003397304587566304 -0.0020819481451657008 0.0016504827841855195 -0.00054224268291763863 0.00024568335668286576 -0.00016049034398725703 0.00091734269714201482 1.5311034087674923e-05 -0.00081413375200379493 -0.0033454431840025489 -0.00059897183478528333 0.00045118805962887664 -0.00033975352392841496 1.0277675024009848e-05 -0.00019437794723178707 -0.0015767503157507051 -0.00046245987774220745 0.00017603512070759296 -0.00090258035453953602 -3.1204309370770407e-06
leaf_weight=8288 169 4285 8084 1014 1290 108 25475 186 334 76048 175 14796 102 79136 934 1304 2151 1285 19289 640 612 43715 690 150 9914 9303 2934 1704 295 16465 2683 18972 1409 29317 1212 9328 3882 4853 650 482 147 10545 10985 264 189 241 46473 2831 3339 24888 1444 107 215 1248 24493 6141 5031 374 8270 46145 633 21125
leaf_count=8288 169 4285 8084 1014 1290 108 25475 186 334 76048 175 14796 102 79136 934 1304 2151 1285 19289 640 612 43715 690 150 9914 9303 2934 1704 295 16465 2683 18972 1409 29317 1212 9328 3882 4853 650 482 147 10545 10985 264 189 241 46473 2831 3339 24888 1444 107 215 1248 24493 6141 5031 374 8270 46145 633 21125
internal_value=-5.39368e-07 0.00010358 -0.000421102 0.000220171 -5.5208e-05 -0.000695608 -0.000112898 0.000371961 0.00011413 0.000324397 -0.00072263 -0.000636597 -0.000440214 -8.81979e-05 -0.000171701 -0.000427539 -0.000821001 0.000313264 0.00048684 0.000174798 0.00118752 5.67318e-05 0.000670749 0.000240917 -0.000693065 -0.000395858 -0.000282758 -0.000254217 0.00058003 0.000604278 0.00070283 -0.000138563 -0.000249114 0.000201806 0.000187604 0.00038175 -0.00121503 -0.000576795 -0.00027752 -0.000237029 -0.000250735 -3.22261e-05 -0.000441333 -0.000790335 -0.000590117 0.000421537 0.000214554 0.000222361 0.000587631 -7.08012e-05 -0.000316413 -0.000503701 -0.00151162 -0.000301296 -0.000338288 -0.000269585 -6.60667e-05 -0.000564739 -0.000522307 7.18214e-05 -9.16815e-07 0.000119774
internal_weight=618791 495996 122795 286000 209996 41148 167887 117626 168374 97636 40350 32062 15510 155667 76531 12220 16552 96622 20574 42109 714 115903 798 52471 12495 12051 81647 73563 1999 19990 2833 70744 26884 40497 39857 10540 4057 5787 71564 57381 56899 10692 14183 3198 10344 430 49638 49304 19804 43860 10747 1612 322 46207 39928 30634 6279 9294 8920 111618 44348 67270
internal_count=618791 495996 122795 286000 209996 41148 167887 117626 168374 97636 40350 32062 15510 155667 76531 12220 16552 96622 20574 42109 714 115903 798 52471 12495 12051 81647 73563 1999 19990 2833 70744 26884 40497 39857 10540 4057 5787 71564 57381 56899 10692 14183 3198 10344 430 49638 49304 19804 43860 10747 1612 322 46207 39928 30634 6279 9294 8920 111618 44348 67270
cat_boundaries=0 1 52
cat_threshold=64 0 0 0 0 0 0 0 0 0 0 0 0 0 0 0 0 0 0 0 0 0 0 0 0 0 0 0 0 0 0 0 0 0 0 0 0 0 0 0 0 0 0 0 0 0 0 0 0 0 0 2
is_linear=0
shrinkage=0.05


Tree=65
num_leaves=63
num_cat=0
split_feature=8 14 8 13 13 14 14 14 14 14 7 8 14 13 14 8 13 8 8 3 13 8 14 14 13 8 7 14 8 8 14 13 8 13 8 14 8 7 8 14 7 7 8 8 14 7 8 13 13 14 14 13 8 8 7 14 8 8 14 13 14 8
split_gain=9.83953 3.33536 1.67566 1.37654 1.00925 0.794565 0.604006 0.585512 0.525735 0.497344 0.86304 0.375363 0.375261 0.366897 0.684782 0.359975 0.354525 0.369453 0.27708 0.252228 0.244459 0.244096 0.227706 0.223699 0.214176 0.212142 0.203113 0.437277 0.388391 0.198817 0.221672 0.304825 0.243951 0.227364 0.216064 0.198658 0.265825 0.191832 0.203613 0.189993 0.192117 0.174482 0.181682 0.171835 0.171501 0.168277 0.16398 0.163829 0.161944 0.345396 0.223084 0.265619 0.209029 0.161492 0.15834 0.249017 0.264837 0.208722 0.173262 0.157827 0.156981 0.154125
threshold=1.6695000000000002 0.061959008592888505 1.5085000000000002 1.8411380396533612 1.7861665622526861 -0.00074969930653867578 0.16919771399691155 -0.062766314920685948 0.15990670843560009 -0.11493367528632024 4.5000000000000009 1.7795000000000003 -0.1530833295540914 1.7313513947794037 -0.24408337636124386 1.9085000000000003 1.857918335561721 1.9145000000000001 1.3895000000000002 9.5000000000000018 1.7748379703175199 1.8745000000000003 -0.24408337636124386 0.18736881747616344 1.9181177618160861 1.8245000000000002 3.5000000000000004 0.04273075577083519 1.5795000000000001 1.8005000000000002 -0.072948871453930572 1.761051224599248 1.7435000000000003 1.7397976231570116 1.7655000000000001 -0.52701264904174339 1.2655000000000001 6.5000000000000009 1.8275000000000003 -0.41897855795156541 4.5000000000000009 4.5000000000000009 1.6355000000000002 1.4895000000000003 -0.0027121059767609697 4.5000000000000009 1.7095000000000002 1.7712088497916894 1.8808204437217764 -0.20045154348454794 -0.14271210597676084 1.7837075644055045 1.6395000000000002 2.1695000000000007 5.5000000000000009 -0.034739700287642609 1.5795000000000001 1.5495000000000003 -0.06713621668861823 1.9181177618160861 0.044175771358670575 1.8375000000000001
decision_type=10 2 10 2 2 2 2 2 2 2 2 10 2 2 2 10 2 10 10 2 2 10 2 2 2 10 2 2 10 10 2 2 10 2 10 2 8 2 10 2 2 2 10 8 2 2 10 2 2 2 2 2 10 10 2 2 10 10 2 2 2 10
left_child=2 3 6 5 45 12 9 22 16 13 19 -9 -2 39 35 -10 21 -18 -12 -11 37 -6 -5 26 -13 -22 60 48 -29 30 33 32 -32 -14 -35 -15 -37 -7 -39 40 -1 -30 -43 -16 -21 -3 -33 -31 50 -50 -28 54 -53 -17 55 -52 -57 -56 -59 -24 -4 -61
right_child=1 4 23 7 8 20 -8 11 15 10 18 24 29 14 43 53 17 -19 -20 44 25 -23 59 -25 -26 -27 27 28 41 47 31 46 -34 34 -36 36 -38 38 -40 -41 -42 42 -44 -45 -46 -47 -48 -49 49 -51 51 52 -54 -55 57 56 -58 58 -60 61 -62 -63
leaf_value=-0.0031130099254295779 -0.00148784498806564 -0.00076333375128191281 -0.0008150023404456156 -0.0022956413647940233 0.00047502680606121477 -0.00056241723167972646 0.0031617502505451364 0.0009458331836599877 0.002875511987341775 -0.00090086249328393203 0.0035767217626449322 0.00018529396277131041 -0.0011901516690072909 -0.0011229724999384757 0.003467689249157923 0.00075046072911539446 0.0011762245319107123 0.00043954389788309885 0.00078724426590469669 -0.00058803364230729455 0.00025996316791282572 0.00022590325637356431 -6.8458504606222828e-05 0.0013871232064218196 0.00044731094831169786 4.2420651434071444e-05 -0.00045568646460950561 0.0012841833748256863 -0.00023214596267789219 -0.0013285788472396612 -0.00018023531204768524 0.00025776202417680593 -0.00077393197847367486 -0.00020126617110827078 -0.00098077188966216411 0.001431585449084 -0.00063679697695817833 -1.2530175783986338e-07 -0.00033870103201444612 -0.00098850405255042199 -0.0013701505361089282 0.0010604851547431277 8.7364112475898521e-05 0.00078747373555592315 -0.00022989724812224702 0.00013301384053193946 -3.9939815911228362e-05 -0.00033309123097097047 -7.4005348874710256e-05 0.0020470720973822312 -0.00096040627957427824 0.0011124230318697687 2.5888700175307754e-05 0.0023172350662630484 0.0010582209950553648 2.8947215971932235e-05 -0.00065825687389232067 -0.00029166318612548867 -2.8005509944855606e-06 0.00078366873587644003 -0.00036779257349992727 3.5563011449974363e-05
leaf_weight=198 530 528 2248 111 12478 1695 103 1820 225 4092 103 61450 623 2273 108 3755 1784 36993 656 9058 15605 46380 24075 203 8933 39761 15017 687 3038 435 21205 5269 1884 29075 917 158 9215 63216 4776 8853 785 636 1951 134 5298 63051 37881 8283 1417 222 1927 551 2251 172 319 2914 2702 23376 6673 1113 15440 1805
leaf_count=198 530 528 2248 111 12478 1695 103 1820 225 4092 103 61450 623 2273 108 3755 1784 36993 656 9058 15605 46380 24075 203 8933 39761 15017 687 3038 435 21205 5269 1884 29075 917 158 9215 63216 4776 8853 785 636 1951 134 5298 63051 37881 8283 1417 222 1927 551 2251 172 319 2914 2702 23376 6673 1113 15440 1805
internal_value=-6.34458e-07 9.85403e-05 -0.000401705 6.80459e-06 0.000281862 -6.00825e-05 -0.000662324 0.000162496 0.000379486 -0.000671947 -0.000486588 0.000236882 -0.000160722 -0.000835829 -0.000648921 0.000930524 0.000356053 0.000473436 0.00116579 -0.000554571 2.53057e-05 0.000278718 -3.56604e-05 -0.000270603 0.000218549 0.000103735 -0.000274738 -0.000233105 0.000161896 -0.000154059 -0.000133473 -8.20482e-05 -0.000228679 -0.000244738 -0.000225099 -0.000703624 -0.00060193 -3.70062e-05 -2.39081e-05 -0.00106173 -0.0017212 2.48278e-05 0.000326601 0.0019836 -0.000455865 0.00012557 -3.58777e-06 -0.000382763 -0.000276565 0.000213291 -0.000290971 -0.000230216 0.000239551 0.000819084 -0.000264936 -0.000469967 -0.000301684 -0.000214009 -0.000227515 -2.6367e-05 -0.000424629 0.00032091
internal_weight=618434 495828 122606 330462 165366 231155 41034 99307 101787 40931 19207 72203 106102 21724 11888 4152 97635 38777 759 18448 125053 58858 27104 81572 70383 55366 81369 63681 6312 105572 96854 66239 23089 30615 29992 11646 9373 69687 67992 9836 983 5625 2587 242 14356 63579 43150 8718 57369 1639 55730 40713 2802 3927 37911 7543 5616 30368 30049 26993 17688 2918
internal_count=618434 495828 122606 330462 165366 231155 41034 99307 101787 40931 19207 72203 106102 21724 11888 4152 97635 38777 759 18448 125053 58858 27104 81572 70383 55366 81369 63681 6312 105572 96854 66239 23089 30615 29992 11646 9373 69687 67992 9836 983 5625 2587 242 14356 63579 43150 8718 57369 1639 55730 40713 2802 3927 37911 7543 5616 30368 30049 26993 17688 2918
is_linear=0
shrinkage=0.05


Tree=66
num_leaves=63
num_cat=2
split_feature=8 14 8 13 13 14 8 14 14 7 14 13 14 8 7 2 13 14 8 14 8 13 15 14 7 14 7 2 8 8 8 13 8 4 14 8 2 8 2 8 13 14 8 13 14 14 13 8 2 14 14 8 8 13 8 8 8 2 13 14 8 13
split_gain=8.88018 3.04299 1.51229 1.14543 1.11405 0.606031 0.557553 0.545115 0.448853 0.790009 0.443482 0.372477 0.347863 0.481596 0.341812 0.325657 0.318583 0.295571 0.264115 0.246786 0.238516 0.224118 0.220751 0.216905 0.203034 0.498822 0.314422 0.182167 0.176476 0.16794 0.164869 0.161622 0.30069 0.160209 0.159259 0.154756 0.203125 0.154525 0.15418 0.153536 0.244003 0.152819 0.167073 0.151937 0.345627 0.214035 0.303481 0.252027 0.166034 0.284348 0.230769 0.216337 0.173722 0.146409 0.182749 0.167958 0.147171 0.140919 0.1396 0.137328 0.171899 0.131506
threshold=1.6695000000000002 0.046331873364415473 1.5085000000000002 1.8508886654934142 1.8508886654934142 -0.050244001991295299 1.8845000000000003 0.16919771399691155 -0.11493367528632024 5.5000000000000009 0.11773075577083526 1.7313513947794037 -0.013690086382429188 1.8395000000000004 15.500000000000002 4.5000000000000009 1.7691613125461358 -0.18402533651879779 1.7855000000000001 0.15990670843560009 1.7895000000000001 1.7313513947794037 0 -0.1737528619846844 1.5000000000000002 0.10592471401731786 4.5000000000000009 19.500000000000004 1.8585000000000003 1.8175000000000001 1.8855000000000002 1.7516683354102367 1.8645000000000003 1 0.053508956282699145 1.7685000000000002 19.500000000000004 1.6895000000000002 22.500000000000004 1.8845000000000003 1.890186014534385 0.22173780145979918 2.0655000000000006 1.8808204437217764 -0.20045154348454794 -0.14271210597676084 1.7837075644055045 1.6395000000000002 5.5000000000000009 -0.022415297091337712 0.049107836833845793 1.6295000000000002 1.5865000000000002 1.9050218519754698 1.7355000000000003 1.8925000000000003 1.8755000000000002 5.5000000000000009 1.7267332674126126 -0.12097191586371502 1.7275000000000003 1.7748379703175199
decision_type=10 2 10 2 2 2 10 2 2 2 2 2 2 10 2 2 2 2 10 2 10 2 9 2 2 2 2 2 10 8 10 2 10 1 2 10 2 10 2 10 2 2 10 2 2 2 2 10 2 2 2 10 10 2 10 10 10 2 2 2 10 2
left_child=2 4 7 10 5 17 -5 8 14 15 16 18 23 -14 22 33 30 -2 38 27 21 37 -1 35 -4 43 -27 -8 -22 -18 57 -12 -33 34 -10 -6 -37 -19 -7 40 -15 42 -34 45 -45 61 48 -48 50 58 52 -51 -47 55 -55 -25 -56 -3 -50 60 -23 -26
right_child=1 3 24 6 12 11 19 -9 9 -11 31 -13 13 39 -16 -17 29 20 -20 -21 28 59 -24 53 25 26 -28 -29 -30 -31 -32 32 41 -35 -36 36 -38 -39 -40 -41 -42 -43 -44 44 -46 46 47 -49 49 51 -52 -53 -54 54 56 -57 -58 -59 -60 -61 -62 -63
leaf_value=-0.0031921593399601988 -0.00253045032369453 -0.001510326188115081 -0.00049500713999428212 0.0015156190330926026 -0.00025706867010824385 -0.00033002377993562523 0.00035060041268339474 0.0030036627159152154 -0.00054847981852430719 0.0019973934562563119 0.00016563934797487572 1.9653799724547228e-05 0.0011060858850250263 0.00032779374292358002 -0.00053737432508982536 3.007662029858418e-05 0.00051456276358684825 -0.00038869777659714528 -0.0010461231502648886 0.0011134876420980566 -0.00094875617572758714 -0.00032319841975780666 -0.00092728313734989328 4.9323918935081155e-05 -0.00064690248016113869 0.0002469126554261391 0.0018838150033843705 0.00060059728185297458 -0.00024732794167153782 0.00017495131031814259 -0.00076838760450069531 0.0013721607625003414 0.00037962904382038231 -0.00085581937033381728 0.00010652949430425463 -0.0032576656145278681 -0.0005977139692222742 -0.0013583236073391048 -8.0639335749504301e-05 0.00016627115564178316 0.0012073380430959867 0.001016223562742682 -0.0015015915780672571 -7.0305078914517795e-05 0.0020272063540719581 -0.00052794033195413298 0.0011768885736653726 3.612873931979106e-05 -0.00043924633360620247 0.00043990310641969939 -0.00021404859855209628 -0.00013847034391650819 -0.0013826689557368723 0.0017552333200797532 0.00037479261553734629 -0.000929439496862103 -5.7773246491305446e-05 4.5418595269387281e-05 -0.0001938963022061241 -0.00013479487192943329 -0.0013662439649289645 -0.00033059902535990742
leaf_weight=102 137 146 8078 1159 1338 8481 44676 103 11304 321 6863 122536 1707 6798 8122 2479 3807 1185 840 1210 1803 3863 13500 29174 4857 1993 344 8707 1784 83106 638 847 14376 4092 1011 107 218 629 23020 19642 892 958 119 1417 228 5678 615 2276 7773 2791 8041 3843 664 201 5897 445 2950 47930 22814 47199 440 10160
leaf_count=102 137 146 8078 1159 1338 8481 44676 103 11304 321 6863 122536 1707 6798 8122 2479 3807 1185 840 1210 1803 3863 13500 29174 4857 1993 344 8707 1784 83106 638 847 14376 4092 1011 107 218 629 23020 19642 892 958 119 1417 228 5678 615 2276 7773 2791 8041 3843 664 201 5897 445 2950 47930 22814 47199 440 10160
internal_value=-6.02735e-07 9.36132e-05 -0.000381619 0.000235445 -1.45642e-05 -7.14952e-05 0.000430419 -0.000629207 -0.000638349 -0.000462259 0.000166988 -2.01818e-05 0.000159356 0.000291307 -0.000794038 -0.000504065 0.000132456 -0.000210823 -0.000171114 0.000407381 -0.000205238 -0.000178686 -0.000947296 6.43459e-05 -0.000257073 -0.00023092 0.00048786 0.000391376 -0.0005999 0.000189827 3.00976e-05 0.000369184 0.000454885 -0.00058477 -0.000494707 -0.000494786 -0.00147345 -0.000724913 -0.000147781 0.000240421 0.000429816 0.000404608 0.000364185 -0.000254527 0.000220414 -0.000265767 -0.00021971 0.000278802 -0.000247638 -0.000191886 -0.000391914 0.000104858 -0.000617429 8.83932e-05 0.000264426 3.46188e-05 0.000230555 4.0694e-05 -0.000256247 -0.000159447 -0.000429854 -0.000432902
internal_weight=618434 495828 122606 214542 281286 211917 55752 41034 40931 19207 158790 154877 69369 29039 21724 18886 135627 57040 32341 54593 56903 53316 13602 40330 81572 73494 2337 53383 3587 86913 48714 23163 16300 16407 12315 1663 325 1814 31501 27332 7690 15453 14495 71157 1645 69512 54495 2891 51604 37221 14383 6634 6342 38667 9048 29619 8847 48076 30587 51502 4303 15017
internal_count=618434 495828 122606 214542 281286 211917 55752 41034 40931 19207 158790 154877 69369 29039 21724 18886 135627 57040 32341 54593 56903 53316 13602 40330 81572 73494 2337 53383 3587 86913 48714 23163 16300 16407 12315 1663 325 1814 31501 27332 7690 15453 14495 71157 1645 69512 54495 2891 51604 37221 14383 6634 6342 38667 9048 29619 8847 48076 30587 51502 4303 15017
cat_boundaries=0 79 80
cat_threshold=0 0 0 0 0 0 0 0 0 0 0 0 524288 0 0 0 0 0 0 0 0 0 0 0 0 0 0 0 0 0 0 0 0 0 0 0 0 0 0 0 0 0 0 0 0 0 0 0 0 0 0 0 0 0 0 0 0 0 0 0 0 0 0 0 0 0 0 0 0 0 0 0 0 0 0 0 0 262144 1 1
is_linear=0
shrinkage=0.05


Tree=67
num_leaves=63
num_cat=2
split_feature=8 14 8 14 14 14 7 14 14 2 3 8 14 7 14 14 7 8 3 7 3 2 8 3 14 8 7 8 14 9 7 2 15 7 14 7 7 14 8 8 14 14 7 14 2 2 14 8 17 14 8 11 2 8 7 12 8 7 3 14 8 7
split_gain=8.01496 2.79381 1.36523 1.03506 0.50083 0.436049 0.460208 0.404316 0.358499 0.356017 0.415058 0.328319 0.328316 0.29918 0.399986 0.34983 0.295272 0.29001 0.987227 0.276718 0.228596 0.254121 0.22677 0.221253 0.209656 0.196032 0.286759 0.218863 0.191355 0.186448 0.209576 0.186144 0.181936 0.173789 0.393309 0.257995 0.201969 0.257022 0.195971 0.167086 0.191651 0.165354 0.150252 0.143466 0.139946 0.171186 0.156243 0.145429 0.137476 0.145632 0.137434 0.13628 0.131601 0.127404 0.126057 0.209902 0.143978 0.193491 0.196981 0.124231 0.211289 0.122891
threshold=1.6695000000000002 0.015714629319922183 1.5085000000000002 0.082424843510216075 -0.01931780535522087 -0.085306064517720367 48.500000000000007 0.16919771399691155 -0.24408337636124386 21.500000000000004 10.500000000000002 1.7975000000000001 0.22173780145979918 2.5000000000000004 -0.31319037769853725 -0.35941667344042344 3.5000000000000004 1.4155000000000002 10.500000000000002 3.5000000000000004 10.500000000000002 21.500000000000004 1.8275000000000003 16.500000000000004 -0.18402533651879779 1.9195000000000002 5.5000000000000009 2.1595000000000004 0.18736881747616344 1.8395000000000004 9.5000000000000018 4.5000000000000009 0 2.5000000000000004 0.058863783311381652 5.5000000000000009 4.5000000000000009 -0.082269244229164804 1.5655000000000003 1.5865000000000002 -0.0094351754930646053 -0.18402533651879779 6.5000000000000009 0.12181456336227993 21.500000000000004 19.500000000000004 -0.13771210597676095 1.7855000000000001 1 -0.52701264904174339 1.2995000000000003 1.409071428571429 5.5000000000000009 1.7275000000000003 11.500000000000002 1.8700166666666671 1.8545000000000003 46.500000000000007 11.500000000000002 -0.034739700287642609 1.7395000000000003 6.5000000000000009
decision_type=10 2 10 2 2 2 2 2 2 2 2 10 2 2 2 2 2 8 2 2 2 2 10 2 2 10 2 10 2 8 2 2 9 2 2 2 2 2 10 10 2 2 2 2 2 2 2 10 9 2 10 8 2 10 2 10 10 2 2 2 10 2
left_child=2 5 4 9 13 8 29 16 -2 10 -3 -8 20 15 48 -1 51 18 24 -19 32 22 -22 44 50 26 -14 -27 33 30 -7 -26 -5 -4 36 -36 39 42 -39 40 -35 -17 -38 -24 45 47 -46 -10 49 -15 -16 -6 -12 -34 -54 56 57 58 -56 -32 -61 -40
right_child=1 3 28 12 7 6 11 -9 23 -11 52 -13 25 14 17 41 -18 19 -20 -21 21 -23 43 -25 31 27 -28 -29 -30 -31 59 -33 53 34 35 -37 37 38 61 -41 -42 -43 -44 -45 46 -47 -48 -49 -50 -51 -52 -53 54 -55 55 -57 -58 -59 -60 60 -62 -63
leaf_value=-0.0034072353795211573 -0.002888049661956874 -0.00031172512135655756 -0.00041991905116713237 0.00015373016791452013 -2.7234396273392376e-05 -0.00021798910632442878 -0.00013248702982307826 0.0028534795881136484 -0.00011862415235297283 3.4564273446960709e-05 5.5644066279976717e-05 -0.00072358388367404526 0.00044154143794926246 -0.0010857827469971323 -5.4828474348673605e-05 -0.0013531493755303461 0.00058891037715576137 -0.001186372732523724 0.0042236067620831531 -0.00036531827194987771 0.0010694342975308051 0.00018437870975698147 0.00031804396207518043 -0.00087244244169618372 -7.1993819083108834e-05 0.00051855075347989653 0.0035637376242727212 0.0022889142035881975 0.0012889869255142796 -7.4707764470864949e-05 3.3770356550963413e-05 0.0012758475576957042 0.00025805484475669333 -0.00092077177876076282 5.6066731602135855e-05 0.0012094431359760563 -0.00079394711032103544 0.00057884060470298133 -0.00027562912887531808 -0.0010538855698750149 -0.00023245786731447985 -0.00078916859178771175 -0.00027758860188865605 0.00048347591962506818 -0.0015701796812223009 0.00036933012686384773 -0.00032525518763213025 -0.00047835360522625908 -0.0013158826999896546 -0.00062270216419771038 -0.0015007430375425337 -0.00051483493704970458 6.9850589054796928e-05 -0.00080601279614604757 0.0004511706085652367 0.00014281321705308087 0.00026018969821329065 0.00025083678961110425 0.0011385887304043284 0.00076306782780465477 0.00013416214477305174 4.8329094397372769e-06
leaf_weight=137 124 4279 12456 6664 1900 6004 35042 103 26917 77008 15852 2518 134 2153 289 1502 846 1241 138 5929 1155 23637 48477 1172 1498 1328 163 201 203 31781 45419 309 402 1336 6198 526 1465 1106 6577 1187 4161 9647 36740 17961 261 1634 7335 3137 1101 8030 381 5830 13758 937 2683 37335 41467 4473 1704 1391 33475 9617
leaf_count=137 124 4279 12456 6664 1900 6004 35042 103 26917 77008 15852 2518 134 2153 289 1502 846 1241 138 5929 1155 23637 48477 1172 1498 1328 163 201 203 31781 45419 309 402 1336 6198 526 1465 1106 6577 1187 4161 9647 36740 17961 261 1634 7335 3137 1101 8030 381 5830 13758 937 2683 37335 41467 4473 1704 1391 33475 9617
internal_value=-5.75929e-07 8.89326e-05 -0.000362555 0.000184979 -0.000597797 -5.77324e-05 -1.96708e-05 -0.000260526 -0.000203704 0.000118679 0.000171969 -0.000172114 0.000315243 -0.000688268 -0.000576989 -0.000896007 -0.000297926 -0.000343039 0.000107694 -0.000507428 0.000303018 0.000325495 0.000374842 -0.000195476 -0.000121614 0.000979607 0.00215507 0.00075128 -0.000244219 2.88238e-05 6.69554e-05 0.000158489 4.67949e-05 -0.000248044 -0.000216978 0.000146292 -0.000256255 -0.000224986 -6.50946e-05 -0.000515914 -0.000399747 -0.000865148 -0.000297389 0.000362767 -0.000175279 -0.000129075 -0.000368031 -0.000156172 -0.000779859 -0.000719905 -0.000877058 -0.000394985 0.000189618 -0.000482947 0.000210559 0.000232642 0.000299281 0.000482239 0.000718178 8.82646e-05 0.000159253 -0.000109073
internal_weight=618434 495828 122606 299618 41034 196210 155630 8679 40580 198559 121551 37560 101059 32355 21069 11286 8576 9785 2615 7170 99233 91230 67593 40456 2477 1826 297 1529 81572 118070 86289 1807 8003 81369 68913 6724 62189 55505 17300 6684 5497 11149 38205 66438 39284 31688 7596 30054 11284 10183 670 7730 117272 1339 101420 87662 50327 8860 4387 80285 34866 16194
internal_count=618434 495828 122606 299618 41034 196210 155630 8679 40580 198559 121551 37560 101059 32355 21069 11286 8576 9785 2615 7170 99233 91230 67593 40456 2477 1826 297 1529 81572 118070 86289 1807 8003 81369 68913 6724 62189 55505 17300 6684 5497 11149 38205 66438 39284 31688 7596 30054 11284 10183 670 7730 117272 1339 101420 87662 50327 8860 4387 80285 34866 16194
cat_boundaries=0 70 71
cat_threshold=0 0 0 0 0 0 0 0 32 0 0 24 16384 0 0 2048 0 0 0 0 0 0 16384 0 0 0 0 0 0 0 0 0 0 0 33554432 0 0 0 0 0 0 0 1024 0 0 0 0 0 0 0 16384 0 0 0 0 0 0 0 0 0 0 0 0 0 1048576 0 65536 4096 512 8388608 16
is_linear=0
shrinkage=0.05


Tree=68
num_leaves=63
num_cat=0
split_feature=8 14 8 13 13 14 14 8 14 14 14 14 13 8 8 13 7 7 14 14 13 13 8 8 13 14 14 14 8 8 2 8 8 7 13 8 13 14 13 14 14 14 2 13 2 8 13 8 7 8 14 13 14 2 2 14 2 13 14 13 2 14
split_gain=7.23369 2.54494 1.23223 1.12468 0.705198 0.675365 0.464664 0.52372 0.452044 0.406259 0.370161 0.364895 0.313081 0.297262 0.286564 0.281901 0.271181 0.269954 0.361707 0.315722 0.276512 0.268686 0.269826 0.248895 0.461069 0.268801 0.262648 0.227438 0.234646 0.226367 0.218871 0.296802 0.218251 0.204046 0.187203 0.180776 0.186553 0.205344 0.178718 0.494581 0.266445 0.20189 0.176934 0.17186 0.171749 0.166646 0.166267 0.157116 0.152984 0.150468 0.267475 0.277569 0.149232 0.148459 0.14278 0.314175 0.154669 0.139807 0.139744 0.218324 0.138567 0.20328
threshold=1.6695000000000002 0.066434590088748316 1.5085000000000002 1.8296745792475027 1.7861665622526861 -0.034739700287642609 -0.022415297091337712 1.8125000000000002 -0.01931780535522087 0.18736881747616344 -0.14748851973673668 0.16919771399691155 1.7313513947794037 1.7435000000000003 1.9285000000000003 1.7837075644055045 2.5000000000000004 2.5000000000000004 -0.35941667344042344 -0.35941667344042344 1.8432249302713755 1.8808204437217764 1.9145000000000001 1.4155000000000002 1.7516683354102367 -0.31319037769853725 -0.18402533651879779 -0.13428537068007781 1.7095000000000002 1.7955000000000003 19.500000000000004 1.9045000000000003 1.8645000000000003 3.5000000000000004 1.9050218519754698 1.8745000000000003 1.8710351686054125 0.001066324713679623 1.7516683354102367 0.043508956282699136 -0.10493367528632024 -0.14271210597676084 4.5000000000000009 1.7313513947794037 22.500000000000004 1.6095000000000004 1.8808204437217764 1.6955000000000002 9.5000000000000018 1.7855000000000001 0.016593189298751979 1.7712088497916894 -0.18402533651879779 5.5000000000000009 2.5000000000000004 0.085711121784349711 5.5000000000000009 1.7989173714657982 -0.24408337636124386 1.8808204437217764 5.5000000000000009 -0.032269244229164766
decision_type=10 2 10 2 2 2 2 10 2 2 2 2 2 10 10 2 2 2 2 2 2 2 10 8 2 2 2 2 10 10 2 10 10 2 2 10 2 2 2 2 2 2 2 2 2 10 2 10 2 10 2 2 2 2 2 2 2 2 2 2 2 2
left_child=2 3 8 5 53 10 27 -8 17 21 -2 16 29 43 -11 -15 -10 19 46 -1 23 32 -23 24 26 -26 -20 -5 -29 44 35 -32 -6 -25 -16 36 -9 -38 41 40 58 45 -28 47 -7 -4 -19 -12 -41 57 51 -51 -21 -3 -43 60 -57 -14 -40 -60 -56 -62
right_child=1 4 38 6 9 12 7 30 11 14 13 -13 49 15 34 -17 -18 18 20 52 -22 22 -24 33 25 -27 42 28 -30 -31 31 -33 -34 -35 -36 -37 37 -39 39 48 -42 54 -44 -45 -46 -47 -48 -49 -50 50 -52 -53 -54 -55 55 56 -58 -59 59 -61 61 -63
leaf_value=-0.0032368736110889376 -0.001504616199511636 -0.00071720793480243162 -0.0005577832592999737 -0.00025733879633126414 0.00056055555761540894 -0.00028321730706623252 0.0011065017221862394 0.000224877194082604 -0.0004538447333432311 0.003036568517250171 -0.0002779762256671276 0.0027108055976410488 9.1749186728840972e-05 -0.00089196933213776689 0.0007380198528713943 -0.00028644996267124305 0.00017976613096548296 -0.00088675740952470035 -0.00081312693595925385 -0.0012854919068915004 0.0017922787936000457 0.0012785191032827084 0.00043317225524393044 -0.0011270540989853199 0.00065636702595721808 0.0036363790109503464 -6.8394125540912758e-05 0.00083163055665923442 4.7995554054213218e-05 -0.00077574656575454337 0.0012566390006603409 0.00033120188587761323 0.00024511612002890915 -0.00043165178493391606 0.0028586010209511264 0.00011330248463661402 0.00029913756079088692 0.0010767583365862568 -0.00047615676440503334 0.0010821595101064413 0.0002498019027883325 -0.00044954642696273892 0.0012421717850691295 -9.9558948919013988e-05 -3.9823723494638543e-05 -0.0019488082849924569 -0.00036652014225056035 -0.0010387620440025518 0.0033749843151308599 -0.00070053200595589866 4.7483469392552217e-05 -9.4517744633880926e-05 -0.00074971015733855885 0.00012515824456345182 -0.00040817607787199092 6.9394970541822047e-05 0.0010259612649083456 0.00044659465966523571 -0.00017605256949344264 0.0011149819184150269 -0.00027724069843187537 3.4647049379937079e-05
leaf_weight=137 535 528 3170 6228 6031 9884 1650 13477 6264 167 3204 103 33450 2368 1668 10208 2312 7445 1136 1502 147 983 23768 1241 202 121 1498 976 44977 1301 1036 5292 60414 7033 111 39042 1956 1500 4116 267 3619 8078 311 44733 27177 231 1935 861 100 2095 72125 19262 9647 55794 12106 4270 469 3027 14560 335 23536 6715
leaf_count=137 535 528 3170 6228 6031 9884 1650 13477 6264 167 3204 103 33450 2368 1668 10208 2312 7445 1136 1502 147 983 23768 1241 202 121 1498 976 44977 1301 1036 5292 60414 7033 111 39042 1956 1500 4116 267 3619 8078 311 44733 27177 231 1935 861 100 2095 72125 19262 9647 55794 12106 4270 469 3027 14560 335 23536 6715
internal_value=-5.48073e-07 8.44861e-05 -0.000344433 1.00737e-05 0.000256927 -5.39169e-05 0.000136932 0.000227273 -0.000567923 0.000341382 -0.000195122 -0.0002475 -1.98117e-06 -0.000183707 0.00105623 -0.000400466 -0.00028303 -0.000653875 -0.000548171 -0.000851206 -0.000362587 0.000326128 0.000466746 -0.000390032 -2.05824e-05 0.00177272 -0.000217267 2.621e-05 6.46393e-05 -0.000127492 0.000203988 0.000482712 0.000273748 -0.000535954 0.000870333 0.000172478 0.000308919 0.000636647 -0.000232008 -0.000113893 -0.000143422 -0.000278381 0.000156916 -0.000127845 -0.000104736 -0.000652263 -0.000779438 -0.000439117 0.00170691 3.50678e-05 1.46049e-06 -0.000153964 -0.000821891 0.000117261 -0.000255334 -0.000222022 0.000164063 0.000121196 -0.000218277 -0.000147016 -0.000265219 -0.000208009
internal_weight=618434 495828 122606 346364 149464 230230 116134 63953 41034 93142 61909 8679 168321 61374 1946 12576 8576 32355 21069 11286 11689 91196 24751 11542 3268 323 2945 52181 45953 38362 62303 6328 66445 8274 1779 55975 16933 3456 81572 22997 22630 58575 1809 48798 37061 3401 9380 4065 367 129959 93482 21357 11149 56322 55174 47096 4739 36477 19011 14895 42357 30251
internal_count=618434 495828 122606 346364 149464 230230 116134 63953 41034 93142 61909 8679 168321 61374 1946 12576 8576 32355 21069 11286 11689 91196 24751 11542 3268 323 2945 52181 45953 38362 62303 6328 66445 8274 1779 55975 16933 3456 81572 22997 22630 58575 1809 48798 37061 3401 9380 4065 367 129959 93482 21357 11149 56322 55174 47096 4739 36477 19011 14895 42357 30251
is_linear=0
shrinkage=0.05


Tree=69
num_leaves=63
num_cat=1
split_feature=8 14 13 8 13 8 13 14 14 13 0 8 14 7 14 2 13 14 8 8 14 8 14 13 8 14 8 14 8 14 2 8 14 8 8 13 14 14 13 14 14 14 8 8 14 14 8 8 8 14 14 2 8 2 14 8 14 8 13 14 13 8
split_gain=6.5284 2.32047 1.15305 1.11209 0.785368 0.60817 0.446633 0.417094 0.408204 0.337373 0.32882 0.323434 0.304207 0.699681 0.299722 0.256596 0.252907 0.427784 0.251774 0.242144 0.237035 0.21906 0.205721 0.204988 0.197456 0.181615 0.17837 0.232572 0.178094 0.166024 0.165676 0.172031 0.157049 0.289245 0.154465 0.153893 0.341066 0.182568 0.171745 0.300167 0.172621 0.151043 0.2497 0.147651 0.143913 0.143793 0.237784 0.141641 0.14161 0.13419 0.131649 0.202199 0.152533 0.130188 0.207075 0.194293 0.135146 0.166827 0.128062 0.126252 0.125509 0.124484
threshold=1.6695000000000002 0.026924714017317889 1.8508886654934142 1.5085000000000002 1.8710351686054125 1.8785000000000001 1.7731886774278114 0.070527201990151958 -0.099757500569899502 1.7837075644055045 0 1.8055000000000001 -0.1530833295540914 4.5000000000000009 0.1086407265443058 20.500000000000004 1.7516683354102367 -0.24408337636124386 1.3995000000000002 1.7995000000000003 -0.18402533651879779 1.3695000000000002 -0.1737528619846844 1.7748379703175199 1.7085000000000001 0.078640726544305775 1.9095000000000002 0.16919771399691155 1.9345000000000001 0.18736881747616344 6.5000000000000009 1.7195000000000003 -0.0053178053552208606 1.8645000000000003 1.7095000000000002 1.8808204437217764 -0.20045154348454794 -0.2643106990766278 1.7516683354102367 -0.099757500569899502 -0.13089743349190794 -0.035947437365987482 1.7435000000000003 1.5455000000000003 -0.48104099140711137 -0.52701264904174339 1.2655000000000001 1.6155000000000002 1.9345000000000001 0.16919771399691155 0.12398476930778292 8.5000000000000018 1.8925000000000003 4.5000000000000009 0.041699380946849114 1.5795000000000001 0.080723120531272521 1.5695000000000003 1.8710351686054125 0.22173780145979918 1.8992856189347675 1.1995000000000002
decision_type=10 2 2 10 2 10 2 2 2 2 1 10 2 2 2 2 2 2 8 10 2 8 2 2 10 2 10 2 10 2 2 10 2 10 10 2 2 2 2 2 2 2 10 10 2 2 8 10 10 2 2 2 10 2 2 10 2 10 2 2 2 10
left_child=3 4 6 7 8 -4 30 10 20 11 61 41 16 -14 19 25 44 45 -15 -8 -2 -9 -6 -22 -24 48 27 -16 -27 35 34 -32 -26 -34 -3 37 -37 -5 40 -40 47 42 -10 -41 -12 -18 -47 -39 60 -28 51 -33 -53 56 -55 -56 57 -42 -48 -30 -7 -1
right_child=1 2 5 29 22 15 14 21 9 -11 12 -13 13 18 26 -17 17 -19 -20 -21 23 -23 24 -25 32 28 49 -29 59 -31 31 50 33 -35 -36 36 -38 38 39 43 53 -43 -44 -45 -46 46 58 -49 -50 -51 -52 52 -54 54 55 -57 -58 -59 -60 -61 -62 -63
leaf_value=-0.0016515161363927324 -0.0020708529438707049 -0.0001095906583783136 0.0012597513264603504 -0.00078082513650694178 -0.00040857350608658293 0.00028238631523010832 0.00059552422957405676 0.0026305229823667541 -0.00016754806850336737 1.158385027448394e-05 -0.0021947756206738096 -0.00058141866595616684 -0.00041284728594023908 0.0032105133933320396 0.00051305292376570613 0.00067580990688873466 -0.00091118160591639762 0.0019100866291430155 0.00072385618630205911 0.0001344032142520799 -0.00092825701331155286 0.00025513819880997778 0.0011014089822046229 -0.00024713270290138695 0.00011539373081089994 0.00088475631829404476 0.00015494111537351821 0.0023731133876216792 0.00035427751354886951 0.0012077186955340652 0.00042948189685678155 -0.00030836679186677985 0.001113501250969322 0.00024847237962872414 -0.00094030151324111979 -3.819798746605577e-05 0.0020222895071268657 -0.00045894096861336917 -0.00018551277172904252 0.0020735846610508988 -0.00044854958171474394 -5.98243146284168e-05 -0.00081430808577094289 0.00026644365142250339 -0.00086896875036865113 0.0015132709047089808 -0.00057527538506252937 -0.0013624711411276435 0.000111162439478361 0.00057538267394285339 0.00023806369000717835 4.4335934754064356e-05 -0.00057751709526173724 -0.0002396194220275255 0.00095503972456508965 -1.0625442939342691e-05 -0.00021930610582027374 -0.001541527842031154 -3.5349712625722114e-05 0.0015821691064392459 0.00079264531037693999 -0.00079734297695594706
leaf_weight=451 190 1955 1818 1497 1509 15603 2937 113 24536 85037 213 3791 15427 119 7321 5031 2093 181 704 92876 1188 688 581 15740 28461 1748 9127 172 26669 203 2852 4539 1105 7703 784 1417 234 4686 16379 117 8028 52641 1589 3331 5241 152 6464 478 15110 2396 7262 71040 1000 29432 575 5535 9295 365 1323 211 1306 7865
leaf_count=451 190 1955 1818 1497 1509 15603 2937 113 24536 85037 213 3791 15427 119 7321 5031 2093 181 704 92876 1188 688 581 15740 28461 1748 9127 172 26669 203 2852 4539 1105 7703 784 1417 234 4686 16379 117 8028 52641 1589 3331 5241 152 6464 478 15110 2396 7262 71040 1000 29432 575 5535 9295 365 1323 211 1306 7865
internal_value=-5.20669e-07 8.02618e-05 0.000178481 -0.000327211 -3.88596e-05 0.000357648 0.000119277 -0.000539527 -8.207e-05 -5.83148e-05 -0.00056202 -0.000130313 -0.000488483 -0.000337068 0.000184526 0.000332677 -0.000645845 -0.000499041 0.00108341 0.000148538 -0.000314645 0.000590242 0.000163927 -0.000294934 0.000186751 0.000304212 0.00036585 0.00055575 0.000395718 -0.000220408 3.54983e-05 4.75948e-05 0.000172492 0.000356994 -0.00034737 -0.00022397 0.00025384 -0.000233866 -0.000223398 -9.62516e-05 -0.00026657 -0.000108602 -0.000206886 0.000327765 -0.000920747 -0.000542507 -0.000445312 -0.000542575 0.000222397 0.000242364 3.46042e-05 1.53101e-05 3.57039e-05 -0.000239793 -0.000184631 8.02514e-05 -0.000350637 -0.000496082 -0.000483543 0.000363916 0.000321797 -0.000842654
internal_weight=618434 495828 271757 122606 224071 67496 204261 41034 184712 167594 40233 82557 31917 16250 114829 65678 15667 10213 823 95813 17118 801 39359 16928 37850 60647 19016 7493 28628 81572 89432 86693 37269 8808 2739 81369 1651 79718 78221 19827 58394 78766 26125 3448 5454 10032 7939 5164 32019 11523 83841 76579 72040 53230 35542 6110 17688 8393 7787 26880 16909 8316
internal_count=618434 495828 271757 122606 224071 67496 204261 41034 184712 167594 40233 82557 31917 16250 114829 65678 15667 10213 823 95813 17118 801 39359 16928 37850 60647 19016 7493 28628 81572 89432 86693 37269 8808 2739 81369 1651 79718 78221 19827 58394 78766 26125 3448 5454 10032 7939 5164 32019 11523 83841 76579 72040 53230 35542 6110 17688 8393 7787 26880 16909 8316
cat_boundaries=0 1
cat_threshold=64
is_linear=0
shrinkage=0.05


Tree=70
num_leaves=63
num_cat=1
split_feature=8 14 8 13 14 13 14 0 14 7 14 8 14 8 13 14 13 8 14 14 8 13 8 13 8 13 14 13 2 2 8 8 7 8 8 14 8 2 8 2 14 8 13 7 14 7 7 14 13 8 13 14 13 14 14 14 8 8 14 8 2 14
split_gain=5.83446 2.13637 1.00921 0.941045 0.622178 0.597536 0.393801 0.319528 0.309136 0.704875 0.302032 0.440466 0.281157 0.26291 0.229869 0.38416 0.222646 0.231059 0.221534 0.187999 0.187225 0.185604 0.361287 0.180939 0.171435 0.174701 0.170941 0.167007 0.161379 0.1609 0.156648 0.15371 0.153246 0.166773 0.150529 0.196802 0.148663 0.260977 0.147964 0.145725 0.209313 0.19348 0.143045 0.13711 0.282828 0.182994 0.140688 0.276555 0.202002 0.181123 0.138379 0.171671 0.18587 0.163194 0.136104 0.135769 0.245114 0.135035 0.134663 0.14554 0.164846 0.130969
threshold=1.6695000000000002 0.066434590088748316 1.5085000000000002 1.8508886654934142 -0.00074969930653867578 1.8057492807426865 0.15990670843560009 0 -0.1530833295540914 5.5000000000000009 -0.013690086382429188 1.8395000000000004 -0.12097191586371502 1.8745000000000003 1.7516683354102367 -0.24408337636124386 1.7636290502143075 1.7695000000000001 0.13998476930778295 0.16919771399691155 1.9285000000000003 1.7783277951588177 1.7725000000000002 1.7837075644055045 1.9345000000000001 1.7313513947794037 0.18736881747616344 1.8462092085444868 23.500000000000004 4.5000000000000009 1.8855000000000002 1.4255000000000002 4.5000000000000009 1.7595000000000003 1.4395000000000002 -0.088766314920685971 1.9045000000000003 19.500000000000004 1.8045000000000002 19.500000000000004 -0.22109152146568353 1.8785000000000001 1.890186014534385 1.5000000000000002 0.088028084136285059 4.5000000000000009 4.5000000000000009 -0.0770409914071115 1.8411380396533612 1.5655000000000003 1.7712088497916894 -0.24408337636124386 1.8808204437217764 -0.1737528619846844 -0.48104099140711137 -0.050244001991295299 1.7335000000000003 1.7275000000000003 -0.01931780535522087 1.5655000000000003 4.5000000000000009 -0.52701264904174339
decision_type=10 2 10 2 2 2 2 1 2 2 2 10 2 10 2 2 2 10 2 2 10 2 10 2 10 2 2 2 2 2 10 8 2 10 10 2 10 2 8 2 2 10 2 2 2 2 2 2 2 10 2 2 2 2 2 2 10 10 2 10 2 2
left_child=2 3 6 4 12 19 7 -1 14 29 20 -12 23 27 54 61 28 -18 42 24 39 22 -14 -2 25 -3 43 -7 -6 -10 32 -11 -21 -34 -31 -36 37 -13 55 40 -5 -41 -15 -4 46 -46 58 50 49 -49 53 -52 -53 -48 -9 -23 -57 -25 -45 60 -60 -16
right_child=1 5 26 10 16 13 -8 8 9 31 11 36 21 18 15 -17 17 -19 -20 30 -22 38 -24 57 -26 -27 -28 -29 -30 34 -32 -33 33 -35 35 -37 -38 -39 -40 41 -42 -43 -44 44 45 -47 47 48 -50 -51 51 52 -54 -55 -56 56 -58 -59 59 -61 -62 -63
leaf_value=-0.00079599100985721413 -0.0013220987025019263 7.1281529109205625e-06 -0.00040709307682903123 -0.0021380986473108813 -0.00017090404253913914 0.00064670873237009585 0.0022795497469598473 -0.0020965275530513455 -0.00041649650836295452 0.0035714910837518761 0.0010059410996281835 0.0002782888535144796 -0.00015104252534024832 0.00024679137834551968 -0.00085949014911375864 0.0018410924402470726 0.00054436114701700072 6.3471075743065563e-05 0.00060198580512645431 -0.0001846097874739725 -0.00090266275870252229 -8.2091740542216996e-05 -0.00079548789404027009 -0.00022360838040544158 -0.0002427893906541324 0.00018458596135466736 0.0012454903490590982 0.0016826084771830786 1.2911060796600897e-05 0.0006213925146197147 0.00032029495955189627 0.0012550207938345033 0.0029773310233484692 0.0010272149076453144 -0.0010289438864084896 7.7048455285865295e-05 0.00013047711272249835 0.0011491137670965037 -0.00023204273319434558 0.00056014534032094423 3.6680802195453424e-05 -2.1166003758669313e-05 0.00042309057560815569 -0.00094328920194170309 7.6690435139820145e-05 0.001063215207605915 -0.0008626855716288511 0.00057894875998954376 0.002146239013894013 -6.9223986309581233e-05 -0.00043187383030622014 -8.9210632169802964e-05 0.001070605805530057 -0.0002991499173760902 -0.00081875972358120576 0.00061882217074171438 2.5838255955505474e-05 -0.0008335762374146031 -0.00030305527054329457 -0.0005650972531770134 0.00030546066180465862 -0.00041587534335161321
leaf_weight=8369 567 18449 8021 111 18483 2151 126 217 13635 103 1833 16731 45096 43440 2104 177 2568 91484 6455 180 502 33570 2285 3592 3036 55867 202 475 33733 723 3239 235 142 481 548 1512 23199 907 9659 3209 33976 2584 15651 942 4038 532 1366 1160 108 15207 4002 12826 355 21586 5261 1918 19067 1214 5876 3948 1373 7952
leaf_count=8369 567 18449 8021 111 18483 2151 126 217 13635 103 1833 16731 45096 43440 2104 177 2568 91484 6455 180 502 33570 2285 3592 3036 55867 202 475 33733 723 3239 235 142 481 548 1512 23199 907 9659 3209 33976 2584 15651 942 4038 532 1366 1160 108 15207 4002 12826 355 21586 5261 1918 19067 1214 5876 3948 1373 7952
internal_value=6.16809e-08 7.64011e-05 -0.000308934 8.19404e-06 -3.81036e-05 0.00023432 -0.000511415 -0.000520027 -0.000448508 -0.00029925 0.000154936 0.000247695 -0.000124063 0.000343521 -0.00060798 -0.000468048 3.0637e-05 7.66013e-05 0.000323868 0.000142857 5.69218e-05 -0.000107054 -0.000182122 -0.000477348 0.000125487 0.000140532 -0.000207219 0.000834086 -5.21543e-05 -0.000345781 0.000475279 0.00196093 0.00110043 0.0014717 6.83724e-07 -0.000217167 0.00021366 0.000323069 -5.16641e-05 6.90008e-05 2.95989e-05 0.000300848 0.000293486 -0.000210827 -0.000189355 0.000191533 -0.000214674 -0.000181553 -9.06311e-06 -2.32852e-05 -0.000252358 -0.000145057 -5.79736e-05 -0.000332689 -0.000869376 -1.9728e-05 8.00362e-05 -0.000377687 -0.000369136 -0.000320832 -0.000187799 -0.000508692
internal_weight=618358 495854 122504 346288 263236 149566 40962 40836 32467 16756 83052 42670 116968 68172 15711 10233 146268 94052 65546 81394 40382 111595 47381 5373 77352 74316 81542 2626 52216 16418 4042 338 803 623 2783 2060 40837 17638 64214 39880 34087 5793 59091 81340 73319 4570 68749 56610 16475 16367 40135 17183 13181 22952 5478 54555 20985 4806 12139 11197 7249 10056
internal_count=618358 495854 122504 346288 263236 149566 40962 40836 32467 16756 83052 42670 116968 68172 15711 10233 146268 94052 65546 81394 40382 111595 47381 5373 77352 74316 81542 2626 52216 16418 4042 338 803 623 2783 2060 40837 17638 64214 39880 34087 5793 59091 81340 73319 4570 68749 56610 16475 16367 40135 17183 13181 22952 5478 54555 20985 4806 12139 11197 7249 10056
cat_boundaries=0 1
cat_threshold=64
is_linear=0
shrinkage=0.05


Tree=71
num_leaves=63
num_cat=5
split_feature=11 14 13 14 13 14 14 7 14 7 11 13 14 14 13 14 14 14 13 4 3 7 11 2 14 15 14 14 14 2 14 11 13 14 11 15 13 13 13 11 13 14 7 11 2 14 11 11 10 2 2 2 14 11 0 2 14 10 15 2 7 11
split_gain=4.7302 2.55549 1.18432 0.879467 0.652496 0.635684 0.490192 0.463192 0.516596 0.458313 0.402169 0.348857 0.313889 0.25466 0.247236 0.239832 0.214256 0.20526 0.199486 0.194906 0.182985 0.169516 0.161129 0.193393 0.156763 0.186624 0.144432 0.133782 0.132648 0.295211 0.127759 0.118562 0.114916 0.137927 0.129951 0.113725 0.113539 0.11227 0.104764 0.102153 0.101768 0.138213 0.0945575 0.0926753 0.0952889 0.0898942 0.118769 0.0888559 0.085014 0.0826282 0.0816439 0.0810684 0.0805732 0.0800588 0.107577 0.0787368 0.0771012 0.0765631 0.0734004 0.071554 0.0688884 0.0677348
threshold=1.5890714285714289 0.005931058257267364 1.8057492807426865 -0.030878793194301753 1.8657678508960227 0.22173780145979918 -0.099757500569899502 5.5000000000000009 -0.31319037769853725 3.5000000000000004 1.3479285714285718 1.8992856189347675 0.09295900859288854 -0.16589216316615404 1.8226809234874521 0.18736881747616344 0.0970525089390364 -0.2643106990766278 1.7691613125461358 0 10.500000000000002 1.5000000000000002 1.3710714285714289 2.5000000000000004 0.22173780145979918 1 -0.24408337636124386 0.090886440976605823 -0.41897855795156541 4.5000000000000009 -0.074285370680077775 1.8390714285714289 1.8208541137852097 -0.1737528619846844 1.5062142857142862 2 1.7636290502143075 1.9050218519754698 1.9181177618160861 1.8147857142857147 1.7922103034227244 -0.16589216316615404 5.5000000000000009 1.8519285714285718 20.500000000000004 -0.10356540991125172 1.7490714285714291 1.5062142857142862 1.5655000000000003 23.500000000000004 5.5000000000000009 23.500000000000004 -0.48104099140711137 1.8647857142857143 3 2.5000000000000004 0.14793099809798529 1.2575000000000001 4 1.5000000000000002 25.500000000000004 1.566214285714286
decision_type=10 2 2 2 2 2 2 2 2 2 8 2 2 2 2 2 2 2 2 1 2 2 8 2 2 9 2 2 2 2 2 10 2 2 10 9 2 2 2 10 2 2 2 10 2 2 10 8 8 2 2 2 2 10 1 2 2 8 9 2 2 8
left_child=3 4 12 7 6 9 26 13 35 27 -10 16 20 28 42 43 50 -6 51 32 -3 -14 23 -15 -23 -26 -2 59 29 -1 -24 -20 33 57 -34 -9 49 45 52 48 41 -28 -11 -13 -45 -19 -47 -35 -39 -22 -4 -8 -37 54 -52 -29 -18 -12 -25 -5 -27 -61
right_child=1 2 11 5 17 -7 18 8 10 14 19 15 21 22 -16 -17 56 37 31 -21 36 24 30 58 25 60 40 55 -30 -31 -32 -33 34 47 -36 38 -38 39 -40 -41 -42 -43 -44 44 -46 46 -48 -49 -50 -51 53 -53 -54 -55 -56 -57 -58 -59 -60 61 -62 -63
leaf_value=-0.0042209438830614092 -0.0019462507798408087 -0.00040168031835516484 3.1432148836339534e-05 -0.00059509615748162749 -0.0014572650348047599 0.0025453896234678324 -0.00024236247222277898 -0.00175774329927171 0.0029246448734279642 -0.00010888394543881405 -0.00018511639864229851 0.00083120218068588071 -0.0012996991135570512 -0.00066409839684690821 0.002468331678213872 0.0026445225206756496 0.00032601785073554452 -0.00010958457559985589 1.2744852554664562e-06 -0.00040830194045157514 -0.00010416186750630879 0.00018301715282845535 -0.0011918732833756151 0.00016950669183181369 0.0027209319659877939 0.00086492511807470052 -0.00091276246351630868 -0.00026675614485170446 -0.00091133078113189389 -0.0010840098719005862 -0.00063483036646342121 -0.00015926480328275975 0.0018267077761785395 0.00047448500837952577 0.00016461099482993039 -0.00082182307837614277 7.8044860409994405e-05 0.00055994964590404554 -8.4343468695630987e-05 7.6491260470813765e-05 -0.00018965993489740223 -0.00032437892628732305 0.00010256301466748871 0.0003418361487522773 0.00058125971457944866 0.00036741479547499294 5.4043179285880789e-05 -6.8430210175871045e-05 0.0002014971196739612 2.6595754479659509e-05 0.00046426960282787649 -0.00010791693368602403 -0.00052725390640397357 0.00016986399030400939 0.0002207140863596406 7.3054232691284436e-05 0.00059134377553270233 -0.00059964582819062914 -0.00031765562860044266 -0.00033464038686153693 7.4785157297337885e-05 -0.0013384451525909006
leaf_weight=100 130 2364 7373 3581 208 215 16888 212 103 13088 2837 1358 189 5035 100 123 19740 5990 67042 7456 17251 37666 1433 955 101 703 1058 4645 3828 300 3654 13882 126 910 1764 3926 86449 3224 903 4992 17403 17625 8871 15698 5652 3691 16722 4386 3397 40321 5966 33363 5680 51434 19234 2693 3179 1834 3989 14694 454 170
leaf_count=100 130 2364 7373 3581 208 215 16888 212 103 13088 2837 1358 189 5035 100 123 19740 5990 67042 7456 17251 37666 1433 955 101 703 1058 4645 3828 300 3654 13882 126 910 1764 3926 86449 3224 903 4992 17403 17625 8871 15698 5652 3691 16722 4386 3397 40321 5966 33363 5680 51434 19234 2693 3179 1834 3989 14694 454 170
internal_value=5.79534e-08 5.98854e-05 0.000149327 -0.000319595 -7.72489e-05 -0.000167286 -0.000119812 -0.000467671 -0.000345206 -0.000179477 -0.000191378 0.000265199 6.8274e-05 -0.000658959 -1.21675e-05 0.000442621 0.000227315 0.000109144 -7.48536e-05 -0.000207997 3.46538e-05 0.000194102 -0.00056273 -0.000445983 0.000201355 0.000750412 -0.000282653 -0.000322621 -0.00100186 -0.00186824 -0.000791748 -2.6265e-05 -8.20393e-05 -0.000149822 0.000275417 -0.000623791 4.18159e-05 0.000117714 -0.000598673 0.000247275 -0.000276659 -0.000357699 -2.34636e-05 0.000430694 0.000405219 6.07289e-05 0.000110706 2.48577e-05 0.00037604 -1.25847e-05 0.000190346 -0.0001531 -0.000647645 0.000205636 0.000278647 -0.000142048 0.00036282 -0.000347875 -0.000223853 -0.000394458 0.000550124 -0.000346121
internal_weight=618358 520870 315255 97488 205615 48057 167391 49431 30137 47842 19416 129757 185498 19294 22059 22831 106926 38224 131175 19313 146385 39113 15066 9979 38924 1258 36216 25783 4228 400 5087 80924 11857 9967 1890 10721 144021 38016 10509 11613 36086 18683 21959 22708 21350 26403 20413 5296 6621 57572 84007 50251 9606 76634 25200 7338 22919 4671 4944 18445 1157 14864
internal_count=618358 520870 315255 97488 205615 48057 167391 49431 30137 47842 19416 129757 185498 19294 22059 22831 106926 38224 131175 19313 146385 39113 15066 9979 38924 1258 36216 25783 4228 400 5087 80924 11857 9967 1890 10721 144021 38016 10509 11613 36086 18683 21959 22708 21350 26403 20413 5296 6621 57572 84007 50251 9606 76634 25200 7338 22919 4671 4944 18445 1157 14864
cat_boundaries=0 1 52 131 132 210
cat_threshold=1 0 0 0 0 0 0 0 0 0 0 0 0 0 0 0 0 0 0 0 0 0 0 0 0 0 0 0 0 0 0 0 0 0 0 0 0 0 0 0 0 0 0 0 0 0 0 0 0 0 0 2 16777216 0 0 0 0 0 0 0 33554432 0 0 0 0 0 0 0 0 0 0 0 0 0 0 0 0 0 0 0 0 0 0 0 0 0 0 32 0 0 0 0 0 0 0 0 0 0 0 0 0 0 65536 0 0 0 0 0 0 0 0 0 0 0 0 0 0 0 0 0 0 0 0 0 0 0 0 0 0 4194304 1 14 0 0 2147483648 0 0 0 0 0 0 2 0 0 16384 0 524288 2048 0 0 0 0 0 0 0 0 0 0 0 0 0 0 0 0 0 0 2147483648 0 0 0 0 131200 0 0 134217728 0 0 0 0 0 0 0 0 0 2048 0 0 1073741824 0 0 0 0 8388608 0 0 0 0 0 0 0 0 0 0 0 262144 0 0 0 131072 16
is_linear=0
shrinkage=0.05


Tree=72
num_leaves=63
num_cat=3
split_feature=8 14 14 8 14 14 7 8 14 0 14 7 2 3 8 8 3 14 9 8 15 14 12 14 7 14 8 3 16 14 8 14 8 8 7 14 7 7 14 8 8 14 2 2 7 8 2 8 2 7 8 8 7 12 2 7 14 8 2 7 14 7
split_gain=4.68947 1.80023 0.886035 0.825054 0.510193 0.435683 0.34663 0.306648 0.301009 0.282599 0.27563 0.246967 0.27908 0.246362 0.178238 0.176409 0.167823 0.157706 0.19688 0.175911 0.146431 0.23539 0.196785 0.141677 0.175576 0.236099 0.564502 0.315182 0.185561 0.159583 0.185274 0.136107 0.296797 0.129318 0.127848 0.296338 0.194164 0.14188 0.184152 0.169432 0.155169 0.147326 0.125324 0.125222 0.124887 0.123308 0.1541 0.122706 0.119651 0.117364 0.166331 0.114317 0.129517 0.114298 0.131536 0.113518 0.110362 0.105693 0.104585 0.103965 0.105386 0.102794
threshold=1.6695000000000002 0.051809445789724136 0.22173780145979918 1.5085000000000002 -0.085306064517720367 0.11615156235368863 50.500000000000007 1.7955000000000003 -0.24408337636124386 0 -0.0027121059767609697 8.5000000000000018 21.500000000000004 10.500000000000002 1.8545000000000003 1.3395000000000004 16.500000000000004 -0.00074969930653867578 1.8185000000000002 1.7655000000000001 1 0.22173780145979918 1.625016666666667 -0.52701264904174339 3.5000000000000004 -0.22109152146568353 1.3695000000000002 10.500000000000002 2 -0.16589216316615404 1.3995000000000002 -0.030878793194301753 1.7095000000000002 1.9255000000000002 2.5000000000000004 0.058863783311381652 5.5000000000000009 4.5000000000000009 -0.086491043717300861 1.5455000000000003 1.5985000000000003 1.0000000180025095e-35 3.5000000000000004 22.500000000000004 47.500000000000007 1.7255000000000003 6.5000000000000009 1.5995000000000001 6.5000000000000009 4.5000000000000009 1.7155000000000002 1.8225000000000002 11.500000000000002 1.8633500000000003 5.5000000000000009 9.5000000000000018 -0.062766314920685948 1.1995000000000002 6.5000000000000009 6.5000000000000009 -0.35941667344042344 6.5000000000000009
decision_type=10 2 2 10 2 2 2 10 2 1 2 2 2 2 10 8 2 2 8 10 9 2 10 2 2 2 8 2 9 2 8 2 10 10 2 2 2 2 2 10 10 2 2 2 2 10 2 10 2 2 10 10 2 10 2 2 2 10 2 2 2 2
left_child=2 4 3 9 8 11 13 31 -2 57 23 45 14 -6 -13 -12 33 18 -15 55 21 -7 -23 -11 29 28 -27 -28 -26 -25 42 32 -8 -10 -5 37 47 40 59 -40 41 -36 -31 51 49 48 -47 -37 -3 -22 -51 -21 -53 54 -54 -19 -32 -1 -16 -39 -61 -41
right_child=1 5 -4 34 6 20 7 -9 16 10 15 12 -14 17 58 -17 -18 19 -20 43 44 22 -24 24 25 26 27 -29 -30 30 56 -33 -34 -35 35 36 -38 38 39 61 -42 -43 -44 -45 -46 46 -48 -49 -50 50 -52 52 53 -55 -56 -57 -58 -59 -60 60 -62 -63
leaf_value=-0.001465752178593283 -0.0025945517900254345 -0.00022695937371855696 0.0040536054545200545 -0.00033641802065012663 -0.00034871958034894657 7.4258688545208865e-05 -0.00013761971819074742 -0.00066157375274619615 -0.00013859184862761501 -0.00085008841372872742 0.0013711638465066988 0.00040954235404952303 7.2746280344977021e-05 5.6788162382627248e-05 8.1704405942126975e-05 -0.00013065310110377799 -0.00075031712550182195 0.00017379633529498008 -9.4906232264017063e-05 0.00025076151077179954 -0.00055969304612571251 0.0037439822254236792 0.001225754316940613 -0.00096903582300004792 -0.00034628330426010449 0.0030547986005646337 -0.00023992968574904679 0.0014885045695550146 -0.0010039023436795769 -0.00044839465938323108 -0.001378792286501953 -3.1737630611962935e-05 -0.00098758344138830524 -0.00098459276566128118 -0.00072239799715565151 0.00030099136941453072 0.001057149929486995 -0.00067242350472244549 0.00086324170603953158 -0.00021541250563081568 -0.0011017058793033536 -0.00017033976528574605 9.7712584230021609e-05 -1.7075742689988378e-05 6.9615716111682814e-05 -0.0019263747930242361 -0.00019283031165518206 -0.00014249720763476623 0.00035826271701530453 0.0016182681104656739 0.00036461711276065202 -0.00021944448846016756 -7.0841479674266312e-05 8.5399276943256512e-06 0.00019363240216551612 0.00085270730912027361 -0.00064769875953103327 -0.00068209498982437313 0.00021819067567757893 -0.0017115583431574523 -0.00021482029971990315 2.6413680079763686e-05
leaf_weight=455 128 1410 118 12477 3870 362 8512 2302 38999 2175 203 10528 52432 68857 17327 5318 1193 1222 31028 13448 339 100 346 2081 8819 150 2914 290 1222 5224 678 41018 1168 457 1701 3024 544 1316 501 7242 733 4174 1315 21952 4056 131 5988 3221 2295 267 29207 3208 5470 19651 33454 1241 2163 7914 73888 118 35238 11176
leaf_count=455 128 1410 118 12477 3870 362 8512 2302 38999 2175 203 10528 52432 68857 17327 5318 1193 1222 31028 13448 339 100 346 2081 8819 150 2914 290 1222 5224 678 41018 1168 457 1701 3024 544 1316 501 7242 733 4174 1315 21952 4056 131 5988 3221 2295 267 29207 3208 5470 19651 33454 1241 2163 7914 73888 118 35238 11176
internal_value=5.62686e-08 6.84963e-05 -0.000276965 -0.000281141 -9.4009e-06 0.000185014 1.67253e-05 -9.71636e-05 -0.00017368 -0.000464312 -0.000397245 0.000150967 0.000166455 4.64013e-05 0.000214747 -7.54332e-05 -0.000166057 5.40648e-05 9.66624e-06 9.85699e-05 0.000346035 0.00100904 0.00179038 -0.000463121 -0.00042926 -0.000306339 5.68667e-05 -8.34859e-05 -0.000427661 -0.000572924 -0.000485044 -7.1536e-05 -0.000240177 -0.000148391 -0.000189131 -0.000162493 0.000151172 -0.00019673 -0.000170694 -4.39946e-05 -0.000415761 -0.000330178 -0.000338572 8.79939e-05 0.000329823 -9.21033e-05 -0.000229943 7.22521e-05 0.000135547 0.000365334 0.000375974 0.000118653 8.98972e-05 0.000106839 0.000156466 0.00051587 -0.000822173 -0.000723835 0.000192264 -0.000236058 -0.000219816 -6.86729e-05
internal_weight=618358 495854 122504 122386 297178 198676 256401 53000 40777 40921 32552 163999 154175 203401 101743 5521 40649 199531 99885 99646 34677 808 446 27031 24856 13395 3354 3204 10041 11461 9380 50698 9680 39456 81465 68988 6789 62199 55591 18919 6608 5875 6539 97183 33869 9824 6119 6245 3705 29813 29474 75231 61783 58575 38924 2463 2841 8369 91215 36672 35356 18418
internal_count=618358 495854 122504 122386 297178 198676 256401 53000 40777 40921 32552 163999 154175 203401 101743 5521 40649 199531 99885 99646 34677 808 446 27031 24856 13395 3354 3204 10041 11461 9380 50698 9680 39456 81465 68988 6789 62199 55591 18919 6608 5875 6539 97183 33869 9824 6119 6245 3705 29813 29474 75231 61783 58575 38924 2463 2841 8369 91215 36672 35356 18418
cat_boundaries=0 1 72 74
cat_threshold=64 0 0 0 8 0 0 512 0 0 2 0 0 0 0 0 0 0 0 0 0 0 0 0 0 0 0 0 16777216 0 0 0 0 0 0 0 0 0 0 4194304 0 0 0 262144 0 0 0 0 0 1073741824 0 16386 0 0 0 0 2097152 0 0 134217792 0 0 32768 0 0 0 0 0 134217728 0 0 65536 0 272
is_linear=0
shrinkage=0.05


Tree=73
num_leaves=63
num_cat=1
split_feature=8 14 14 13 8 13 8 14 14 14 13 8 2 7 7 14 13 14 8 3 13 14 14 8 14 8 8 7 13 13 14 14 13 14 14 2 8 14 8 8 13 13 8 8 2 14 9 8 13 13 15 14 14 8 8 14 8 13 14 2 8 13
split_gain=4.23239 1.64337 0.799649 0.795484 0.744705 0.601852 0.466804 0.312548 0.306564 0.254344 0.210475 0.266043 0.201722 0.201279 0.200713 0.256573 0.36486 0.25063 0.201328 0.419208 0.200574 0.181299 0.180712 0.334595 0.177774 0.15649 0.151984 0.149432 0.141243 0.131945 0.276175 0.168073 0.14458 0.236735 0.14652 0.129595 0.172463 0.133439 0.236105 0.128234 0.127894 0.126817 0.137489 0.12296 0.158694 0.121216 0.177665 0.120171 0.180408 0.145875 0.11625 0.11381 0.112583 0.159998 0.111779 0.110354 0.134386 0.136444 0.10849 0.107832 0.133691 0.106238
threshold=1.6695000000000002 0.032034440725519649 0.22173780145979918 1.8508886654934142 1.5085000000000002 1.8657678508960227 1.8845000000000003 -0.11804732229493119 0.098034440725519603 -0.0094351754930646053 1.7837075644055045 1.8055000000000001 19.500000000000004 2.5000000000000004 2.5000000000000004 -0.31319037769853725 1.8057492807426865 -0.35941667344042344 1.4155000000000002 10.500000000000002 1.7313513947794037 -0.18402533651879779 -0.06713621668861823 1.7095000000000002 -0.1737528619846844 1.7085000000000001 1.8275000000000003 3.5000000000000004 1.7861665622526861 1.8808204437217764 -0.20045154348454794 -0.2643106990766278 1.7516683354102367 -0.099757500569899502 -0.14271210597676084 19.500000000000004 1.8785000000000001 -0.099757500569899502 1.7825000000000002 1.5995000000000001 1.8808204437217764 1.7313513947794037 1.7655000000000001 1.7685000000000002 19.500000000000004 -0.13428537068007781 1.2985000000000002 1.8545000000000003 1.7812280917457983 1.7783277951588177 0 0.15990670843560009 0.088028084136285059 1.9345000000000001 1.5455000000000003 0.14793099809798529 1.9345000000000001 1.800783472633406 -0.026530032910463294 6.5000000000000009 1.7095000000000002 1.7837075644055045
decision_type=10 2 2 2 10 2 8 2 2 2 2 10 2 2 2 2 2 2 8 2 2 2 2 10 2 10 10 2 2 2 2 2 2 2 2 2 10 2 10 10 2 2 10 10 2 2 10 10 2 2 9 2 2 10 10 2 10 2 2 2 10 2
left_child=2 5 4 8 9 7 -5 21 20 14 11 22 52 -11 17 40 18 -1 19 45 26 -2 23 -9 43 -26 59 -20 -23 31 -31 -6 34 -34 39 37 58 -27 -39 -33 50 42 -24 -7 -45 46 -17 48 -22 -49 -16 -14 -8 -54 -35 56 57 -10 -37 60 -3 -58
right_child=1 3 -4 6 29 24 12 10 55 13 -12 -13 51 -15 15 16 -18 -19 27 -21 47 28 41 -25 25 35 -28 -29 -30 30 -32 32 33 54 -36 36 -38 38 -40 -41 -42 -43 -44 44 -46 -47 -48 49 -50 -51 -52 -53 53 -55 -56 -57 61 -59 -60 -61 -62 -63
leaf_value=-0.002777253863068378 -0.0020589789010126017 -0.00029734350218048094 0.0038509251647757103 0.0010502301250295083 -0.00071220996441101361 -0.0001626073122313798 0.00018340927748625724 -0.00016774659210850825 0.00015973043800231513 -0.00033327462238557043 -3.2859674528689301e-06 -0.00047914763320214222 0.00045408037299958298 0.00024888974594268557 -0.0021385921028799805 0.00021051236306254871 0.0027496279449669781 -0.00064153232373058617 -0.00086214991236532 0.0030051993304126279 8.6450125723400034e-05 -0.0010620564704556178 -0.00012237541241898008 -0.00094662177869280113 0.00091304977244998373 -0.00012558512165833523 -0.00087623163649862973 -0.00028265278353850864 -0.00028261750531798655 -4.5573698306145951e-06 0.0018268917818747934 -0.00044160675737973042 -0.00014191775968056458 0.0018243865688850362 -0.00019867175071737486 0.00052308495579076971 0.00014789001477069757 0.00062559453647770562 9.7492986581264676e-05 -0.0015273968252586202 -0.00020975489309429607 -1.0861135067910025e-05 -0.00066742842592465098 -0.0027749912473869439 -0.00045571778023427385 0.00026460883441884386 -0.0011145984471884454 -0.00020477798003295332 0.00026981988391660021 6.6755516640805665e-05 -0.00062818172794710245 0.0013633214739472176 0.00099183671848293684 0.00030361357441782282 0.00025878537032273898 0.0003728759620288974 -0.001208920133695325 0.00041087132308780558 0.0016354386337132897 -1.8090631752014154e-05 -0.0018489855917016415 -6.1886132825821438e-06
leaf_weight=139 159 1199 118 2031 1505 1280 32482 10832 22780 5788 93311 4636 9571 1997 123 513 102 11697 1371 120 45591 638 25945 1580 664 5688 561 5899 6531 1411 241 3108 16362 118 55051 2919 5841 2298 26791 298 1993 46814 1211 112 216 1507 499 5444 19005 54095 9173 357 883 19366 3371 9025 190 7092 237 22868 157 5454
leaf_count=139 159 1199 118 2031 1505 1280 32482 10832 22780 5788 93311 4636 9571 1997 123 513 102 11697 1371 120 45591 638 25945 1580 664 5688 561 5899 6531 1411 241 3108 16362 118 55051 2919 5841 2298 26791 298 1993 46814 1211 112 216 1507 499 5444 19005 54095 9173 357 883 19366 3371 9025 190 7092 237 22868 157 5454
internal_value=5.23634e-08 6.50715e-05 -0.000263123 0.000152417 -0.000267089 -2.9788e-05 0.000304202 -6.8785e-05 0.000101663 -0.000441113 -5.6054e-05 -0.000110151 0.00028002 -0.000183938 -0.000501534 -0.000409802 -0.000225524 -0.000666614 -0.000256149 0.000117923 6.7241e-05 -0.000389021 -9.03479e-05 -0.000266894 0.000132529 0.000151217 -6.26213e-05 -0.000391936 -0.000351983 -0.000179675 0.000262621 -0.000188829 -0.000178771 -6.2184e-05 -0.000218361 0.000139661 0.000308804 9.59031e-05 0.000139212 -0.000536605 -0.000573219 -6.07238e-05 -0.000146682 -0.000383937 -0.00124766 -1.96214e-05 -0.000442877 9.31696e-05 0.0001404 4.19276e-05 -0.000651143 0.000486776 0.000241093 0.000333625 0.000311735 0.000216751 0.000177078 0.000219355 0.000606617 -4.3779e-05 -0.000476995 -4.66774e-05
internal_weight=618358 495854 122504 258151 122386 237703 64690 191657 193461 40921 184329 91018 62659 7785 33136 21300 10011 11836 9909 2639 148920 7328 86382 12412 46046 44438 24785 7270 7169 81465 1652 79813 78308 19851 58457 43774 8997 34777 29089 3406 11289 73970 27156 1608 328 2519 1012 124135 64596 59539 9296 9928 52731 20249 3489 44541 35516 29872 3156 24224 1356 5644
internal_count=618358 495854 122504 258151 122386 237703 64690 191657 193461 40921 184329 91018 62659 7785 33136 21300 10011 11836 9909 2639 148920 7328 86382 12412 46046 44438 24785 7270 7169 81465 1652 79813 78308 19851 58457 43774 8997 34777 29089 3406 11289 73970 27156 1608 328 2519 1012 124135 64596 59539 9296 9928 52731 20249 3489 44541 35516 29872 3156 24224 1356 5644
cat_boundaries=0 79
cat_threshold=16777216 0 0 0 0 0 0 0 0 0 0 0 0 0 0 0 0 0 0 0 0 0 0 0 0 0 0 0 0 0 0 0 0 0 0 0 0 0 0 0 0 0 0 0 0 0 0 0 0 0 65536 0 0 0 0 0 0 0 0 0 0 0 0 0 0 0 0 0 0 0 0 0 0 0 0 0 0 0 1
is_linear=0
shrinkage=0.05


Tree=74
num_leaves=63
num_cat=12
split_feature=8 13 8 13 0 2 12 2 0 8 13 11 10 8 0 8 4 7 16 8 2 9 13 10 12 0 8 7 16 13 7 13 8 16 8 8 2 10 8 7 2 10 0 8 8 10 8 7 11 9 8 8 0 10 8 2 17 10 8 2 17 11
split_gain=3.82001 1.2333 0.667616 0.430714 0.252768 0.235432 0.157399 0.130134 0.199428 0.128791 0.118223 0.109587 0.0919011 0.0918201 0.0887531 0.0873792 0.0807954 0.0767004 0.098089 0.0925035 0.0711935 0.0709993 0.0688456 0.0685223 0.0680895 0.0652097 0.0626044 0.0617171 0.0615751 0.0562925 0.0518316 0.051258 0.0466243 0.0461768 0.0458336 0.0455725 0.0454932 0.0450881 0.0449504 0.044673 0.044667 0.0417455 0.0416316 0.0413796 0.0395607 0.0394586 0.0376618 0.0441973 0.0354921 0.0348929 0.0337589 0.0336965 0.0334301 0.0331039 0.0401096 0.0329315 0.0328035 0.0324527 0.0325523 0.096086 0.0311735 0.0315356
threshold=1.6695000000000002 1.8657678508960227 1.5085000000000002 1.7783277951588177 0 19.500000000000004 1.1921166666666669 23.500000000000004 1 1.8005000000000002 1.7336604933125102 1.5176428571428575 1.3985000000000001 1.1995000000000002 2 1.8375000000000001 3 2.5000000000000004 4 1.2995000000000003 2.5000000000000004 1.7985000000000002 1.8808204437217764 1.4455000000000002 1.5220166666666668 5 2.1055000000000006 23.500000000000004 6 1.8134236480004582 2.5000000000000004 1.8808204437217764 1.4305000000000001 7 1.3895000000000002 1.5455000000000003 8.5000000000000018 1.4395000000000002 1.9795000000000003 20.500000000000004 5.5000000000000009 1.1020000000000001 8 1.5865000000000002 1.6065000000000003 2.0195000000000003 1.9345000000000001 12.500000000000002 1.6364285714285718 2.0195000000000003 1.5395000000000001 1.7395000000000003 9 1.1020000000000001 1.1595000000000002 9.5000000000000018 10 1.3155000000000003 1.7825000000000002 7.5000000000000009 11 1.2462857142857147
decision_type=10 2 10 2 1 2 10 2 1 10 2 10 10 10 1 10 1 2 9 10 2 10 2 10 10 1 10 2 9 2 2 2 10 9 10 10 2 10 10 2 2 10 1 10 10 10 10 2 10 10 10 10 1 10 10 2 9 8 10 2 9 10
left_child=2 3 4 7 13 21 30 8 45 39 20 40 -9 41 29 -7 22 60 25 -20 43 36 27 -24 -16 28 46 35 -19 38 53 -30 -15 -22 -21 56 51 -17 -11 48 -10 -1 -36 50 -18 57 -26 -48 -5 -14 -4 -3 -13 -6 -55 -23 -12 -2 -59 -60 -8 -62
right_child=1 5 10 9 6 15 17 12 11 14 16 52 49 32 24 37 44 18 19 34 33 55 23 -25 26 -27 -28 -29 31 -31 -32 -33 -34 -35 42 -37 -38 -39 -40 -41 -42 -43 -44 -45 -46 -47 47 -49 -50 -51 -52 -53 -54 54 -56 -57 -58 58 59 -61 61 -63
leaf_value=-0.0019745975864459433 -0.00018640941004348442 0.00041369279212369174 -0.00041530144997334296 -3.524451546767871e-05 -0.0016958785398954641 0.00073895474955698224 -0.0009077758166482759 -0.00010939644717976973 -0.0019132978930294351 -7.5404888238710487e-06 -0.00014737875500650874 -0.00013809737624977475 9.4951929724091869e-06 -0.00070877618469636209 -6.3549889358587437e-05 0.00025008543393267103 -0.00046974908220344906 0.00035313046352955171 0.0011546981991268695 0.00019383310123780227 -0.00026644357663706703 0.00027336877611062348 9.7248331513756145e-05 0.00088511911821176738 0.00015457909574801847 -0.000423006606887915 0.0013804261951258477 -0.00012175395934031792 -0.00029894451488864489 0.00010191696878900489 -0.00056818662671488912 0.0002688441268988577 -0.00045306820124338832 -0.00015430318470701181 0.00020580899342373838 3.0874142496305435e-05 7.7737227669569481e-05 0.00041225015972944665 0.00015177202303775356 -1.0206893357582804e-05 -0.00069426024609953749 -0.00098341415514305547 -0.0002382922283480069 -0.00083366970987253488 -0.00017336794828740206 0.00014679721530197674 -0.00048735614352442172 7.0460555637500894e-05 0.00011477976744249128 0.0001375672656442805 -0.00020338623462307071 0.00016343498822108562 -0.00025173430268124681 -0.00037524382830323545 -0.0013311213496650586 0.0001884803579166188 0.00089023508727593633 3.6212234905575059e-05 -0.00076452030473424259 -4.4812232971860557e-05 0.00027753446627791755 -0.00040894270163266232
leaf_weight=169 3100 1770 4276 5294 157 1545 312 16924 108 33370 109 17305 86185 5202 4233 7174 1571 473 150 1040 13030 17651 1252 354 65319 7047 102 15475 4029 33972 3485 441 2712 31646 609 5825 19525 10649 5105 52503 247 286 3717 417 3974 3386 369 9428 15440 5668 3353 5603 10455 221 218 32390 260 14996 478 15560 170 10524
leaf_count=169 3100 1770 4276 5294 157 1545 312 16924 108 33370 109 17305 86185 5202 4233 7174 1571 473 150 1040 13030 17651 1252 354 65319 7047 102 15475 4029 33972 3485 441 2712 31646 609 5825 19525 10649 5105 52503 247 286 3717 417 3974 3386 369 9428 15440 5668 3353 5603 10455 221 218 32390 260 14996 478 15560 170 10524
internal_value=4.7508e-08 6.18179e-05 -0.000249978 2.31034e-05 -0.000414664 0.000222432 -0.00035134 -3.58778e-05 -9.14781e-05 6.87962e-05 -0.000167249 -0.000192131 -2.32909e-06 -0.000660071 9.50553e-05 0.000378245 -8.58199e-05 -0.000309878 -0.000244854 -6.98386e-05 -0.000211761 0.000183209 -4.49576e-05 0.000270913 0.000131552 -0.00032504 0.000142549 -6.83684e-05 -0.000184802 5.50049e-05 -0.000641876 -0.000242386 -0.000621149 -0.000187104 -0.000104199 6.50092e-05 0.000117696 0.000346977 1.35977e-05 1.43332e-05 -0.00106512 -0.00135157 -0.000175848 -0.000348673 -0.000257338 -1.60004e-05 0.000140868 4.94506e-05 7.64742e-05 1.73982e-05 -0.000322163 0.000223513 -0.000181036 -0.00107276 -0.000849916 0.000218423 0.000603863 -3.21541e-05 -1.67455e-05 -6.62626e-05 -0.000413305 -0.000397658
internal_weight=618358 495854 122504 399547 40962 96307 32593 174412 65635 225135 81542 28115 108777 8369 151898 19368 28820 28512 17506 5516 52722 76939 23275 1606 79451 11990 75218 21669 4943 72447 4081 4470 7914 44676 5366 6194 26898 17823 38475 73237 355 455 4326 8046 5545 37520 75116 9797 20734 91853 7629 7373 27760 596 439 50041 369 34134 31034 16038 11006 10694
internal_count=618358 495854 122504 399547 40962 96307 32593 174412 65635 225135 81542 28115 108777 8369 151898 19368 28820 28512 17506 5516 52722 76939 23275 1606 79451 11990 75218 21669 4943 72447 4081 4470 7914 44676 5366 6194 26898 17823 38475 73237 355 455 4326 8046 5545 37520 75116 9797 20734 91853 7629 7373 27760 596 439 50041 369 34134 31034 16038 11006 10694
cat_boundaries=0 1 2 3 4 6 7 9 11 12 13 14 15
cat_threshold=64 97 88 1 1225829989 341330 19 151003136 275458 152676452 800850 17 10 13392 16
is_linear=0
shrinkage=0.05


Tree=75
num_leaves=63
num_cat=17
split_feature=8 13 8 13 2 4 15 2 13 8 13 8 7 8 15 7 10 15 15 8 15 2 15 15 9 10 16 13 8 16 15 15 10 13 13 7 15 4 3 8 9 10 7 8 2 2 8 8 8 16 7 2 13 15 2 2 15 9 2 11 2 8
split_gain=3.46402 1.12368 0.602496 0.395294 0.213273 0.213104 0.125201 0.118769 0.139228 0.113559 0.112492 0.103819 0.0964369 0.09106 0.0874165 0.0848999 0.0845048 0.0801397 0.083085 0.0784664 0.0799658 0.0732497 0.0652219 0.0626144 0.060713 0.0586541 0.0539444 0.104482 0.0643015 0.0568735 0.0531717 0.0486215 0.0485264 0.0483576 0.0478587 0.0686 0.050509 0.0465575 0.0458875 0.0448628 0.0433304 0.0432982 0.0426604 0.0419035 0.0417448 0.041617 0.0400603 0.0397048 0.0395337 0.0412656 0.0390925 0.0377416 0.0376524 0.0403558 0.0343873 0.0376471 0.0554983 0.0340577 0.0339706 0.0338748 0.0336162 0.0331495
threshold=1.6695000000000002 1.8657678508960227 1.5085000000000002 1.7783277951588177 19.500000000000004 0 1 23.500000000000004 1.7516683354102367 1.7995000000000003 1.8808204437217764 1.1995000000000002 1.5000000000000002 2.1940000000000004 2 1.5000000000000002 1.3965000000000003 3 4 1.8375000000000001 5 5.5000000000000009 6 7 1.7975000000000001 1.4455000000000002 8 1.7516683354102367 1.3895000000000002 9 10 11 1.0620000000000001 1.9181177618160861 1.7336604933125102 23.500000000000004 12 13 11.500000000000002 1.4595000000000002 1.2105000000000004 1.4375000000000002 20.500000000000004 1.3895000000000002 3.5000000000000004 8.5000000000000018 1.5895000000000004 1.3295000000000001 1.5455000000000003 14 46.500000000000007 3.5000000000000004 1.8538499140524283 15 17.500000000000004 18.500000000000004 16 2.0195000000000003 22.500000000000004 1.6647857142857145 4.5000000000000009 1.4895000000000003
decision_type=10 2 10 2 2 1 9 2 2 10 2 8 2 10 9 2 10 9 9 10 9 2 9 9 10 8 9 2 8 9 9 9 10 2 2 2 9 1 2 8 10 10 2 10 2 2 10 8 10 9 2 2 2 9 2 2 9 10 2 10 2 8
left_child=2 3 5 7 24 6 30 8 17 42 12 32 46 22 44 40 -9 59 37 -6 -21 -20 -11 -14 45 -12 52 28 51 -29 38 -25 -7 43 36 48 58 -19 -1 -31 -8 -24 -5 -32 -13 -3 -4 -16 49 -36 -43 -28 53 -17 -52 -56 -57 -18 -33 -2 -30 -62
right_child=1 4 10 9 19 11 15 16 -10 13 25 14 23 -15 47 26 57 18 21 20 -22 -23 41 31 -26 -27 27 29 60 39 33 34 -34 -35 35 -37 -38 -39 -40 -41 -42 50 -44 -45 -46 -47 -48 -49 -50 -51 54 -53 -54 -55 55 56 -58 -59 -60 -61 61 -63
leaf_value=-0.0019166934795551546 0.00035184125124369076 0.00021505599848870707 -0.00031111626412875051 7.5549038149421276e-05 0.00070308550899355476 -0.0020962892267733855 -0.0011007142528596083 -0.00010537552935067096 4.0907762252612101e-06 -0.00022989785128196949 8.9190008281168494e-05 -0.00053326710203569904 -0.00065677764927121296 0.0015623914035746741 -0.00081295230996049773 -5.3694668163194584e-06 8.7237952104920622e-06 -0.00014945962134441657 -0.0010680966725646497 0.00041669469052855589 0.00019887045163315348 -0.00023194351609744416 7.9935614733573296e-06 0.00015048598505617422 0.00020736042875283065 0.00080401675630206466 -0.00012943737084315812 -0.00023834254387784456 -0.00036800180774443852 0.0018798878106671118 -0.00064862037649353419 -0.000617670372841403 -0.0009922178210589386 0.00048126075522218813 -0.00029547910710569906 -0.00014260925399992659 -0.00016849614695844571 1.138053852544544e-05 -0.00076969318007203671 0.00052856031915700233 -0.00042387071271181482 0.00011135981429664071 -9.3857576158409183e-06 -0.00037730031636356198 -0.00016341796900600698 7.5156232654409433e-05 -0.00093178276200242159 -0.0005619931039249806 1.4733221988063629e-05 0.00085813985089232985 -6.1914551501188064e-05 0.000226687708700886 -6.8801633424853402e-05 -0.00038295861739529459 0.00017553485137632732 -0.00015976633107761713 0.00016494226789760284 0.0001346402391934727 -0.00025850389347114471 -1.4789855666314235e-05 1.7828080199547591e-05 -0.00039231260002145214
leaf_weight=120 977 7353 7752 20602 1541 127 249 16804 25454 1574 1267 1345 594 105 2356 791 86195 13344 266 10794 7022 17090 13688 1362 50370 371 1897 117 3514 112 2692 1027 460 127 106 20285 40562 6788 319 136 4695 119904 52352 3019 1763 19188 269 4761 5946 267 6329 1224 1414 7582 5562 2859 2421 5727 1834 1774 1474 740
leaf_count=120 977 7353 7752 20602 1541 127 249 16804 25454 1574 1267 1345 594 105 2356 791 86195 13344 266 10794 7022 17090 13688 1362 50370 371 1897 117 3514 112 2692 1027 460 127 106 20285 40562 6788 319 136 4695 119904 52352 3019 1763 19188 269 4761 5946 267 6329 1224 1414 7582 5562 2859 2421 5727 1834 1774 1474 740
internal_value=2.62057e-07 5.90925e-05 -0.000237639 2.21671e-05 0.000212449 -0.000393937 -0.000325784 -3.43496e-05 -8.74298e-05 6.59016e-05 -0.000159083 -0.00058444 -0.000167481 9.04532e-05 -0.000547317 -0.000273273 -2.27819e-06 -0.000145323 -0.000164413 0.000360794 0.000331187 -0.000244618 8.94387e-05 -0.000149156 0.000175113 0.000251095 -0.000225363 -0.000138021 -0.000172366 0.000690855 -0.000524824 -0.00014482 -0.00123109 -0.000482906 -0.000150584 -9.77972e-05 -0.00018296 -9.51811e-05 -0.0010591 0.0010947 -0.000457959 9.27817e-05 1.45996e-05 -0.000505193 -0.000322434 0.000113914 -0.000331932 -0.000644165 4.60568e-05 0.000545386 0.000101255 1.02285e-05 -0.000307136 -0.000347751 3.06955e-05 8.47565e-05 -1.08703e-05 1.65687e-05 -0.000386083 0.000114999 -0.000271856 -0.000119256
internal_weight=618759 496083 122676 399815 96268 41034 30222 174419 65693 225396 81642 10812 80004 152442 10225 23945 108726 40239 37488 19357 17816 17356 152337 71983 76911 1638 19001 9214 8849 365 6277 71389 587 5838 70027 26604 43423 20132 439 248 4944 150763 72954 5711 3108 26541 8021 7117 6319 373 137075 3121 9787 8373 17171 10842 5280 91922 2861 2751 5728 2214
internal_count=618759 496083 122676 399815 96268 41034 30222 174419 65693 225396 81642 10812 80004 152442 10225 23945 108726 40239 37488 19357 17816 17356 152337 71983 76911 1638 19001 9214 8849 365 6277 71389 587 5838 70027 26604 43423 20132 439 248 4944 150763 72954 5711 3108 26541 8021 7117 6319 373 137075 3121 9787 8373 17171 10842 5280 91922 2861 2751 5728 2214
cat_boundaries=0 1 83 164 245 324 402 485 568 570 572 651 733 802 803 805 883 953
cat_threshold=1 17301504 0 0 0 0 0 0 33554432 33554432 0 0 10 524800 0 0 0 0 0 0 2048 0 2147483648 0 0 0 0 0 0 0 0 0 0 0 0 0 0 0 0 0 0 128 0 0 0 0 0 0 0 458752 0 65536 0 0 0 0 5120 0 0 0 0 67108864 0 0 0 2147483648 0 589824 1073741824 512 8388608 0 128 0 0 268468224 0 0 538181632 1 0 0 4194304 524288 0 2147483648 0 0 16777216 0 256 64 0 0 8 16384 0 0 2048 0 0 1 0 0 0 0 0 0 0 0 0 0 0 0 268435456 0 0 2181038080 0 0 0 0 0 128 0 0 0 0 0 0 0 983040 536870912 2 0 0 0 32768 0 0 2097152 0 4194304 0 256 0 0 2149580800 0 589824 0 0 8388608 0 0 8 0 0 0 131072 0 0 0 65536 0 0 0 0 0 0 0 0 0 0 0 8200 0 0 0 0 134217728 0 0 0 0 0 16384 0 0 0 0 0 0 0 0 0 0 0 8 0 0 0 0 0 0 256 0 0 0 0 0 0 0 0 0 0 0 0 0 0 0 0 0 0 0 0 16384 0 0 0 0 134217728 0 0 0 0 0 0 268468224 65536 0 0 0 0 16384 1048576 0 0 0 0 0 0 0 96 1024 0 16 0 0 0 2048 0 0 0 0 0 0 33554432 0 0 0 0 0 0 0 0 0 0 0 0 0 0 0 0 0 0 0 0 0 64 0 0 0 2048 0 0 0 0 3145728 8 0 2147483648 0 147456 1024 0 0 2147483648 0 3145728 2214592512 65536 0 0 8454144 0 0 0 33554432 0 0 0 0 512 0 16777216 0 0 0 0 0 0 2097152 0 0 24 16384 0 0 2048 0 0 1 0 0 0 0 16777216 0 0 0 0 0 0 0 0 8 0 2181038080 0 64 0 0 0 512 0 1024 0 0 0 0 0 0 0 2 0 0 0 0 0 0 2097152 0 0 0 0 0 0 3145728 0 65536 4096 512 8388608 0 0 0 0 0 0 0 16 32 132 2147483648 0 0 0 0 0 0 0 0 0 0 0 0 0 0 0 0 0 0 0 4 0 0 0 0 0 0 0 0 268435456 0 4096 8388608 0 0 0 16384 32768 16777216 67108864 67108864 8388608 0 1049088 0 0 0 0 17 0 2048 0 8 0 0 268435456 0 16384 0 16384 2147483648 0 0 0 0 4112 0 256 0 8192 0 0 0 67108864 0 0 524288 0 0 0 32 16777216 0 0 0 0 536870912 0 1073741824 4 16 0 0 0 0 0 0 0 0 0 0 0 0 0 0 0 0 0 0 0 0 134217728 0 0 0 16777216 32 0 0 8388672 131072 2 0 0 0 1056 0 0 0 0 0 0 0 0 0 0 0 0 0 0 1073741824 0 24 256 0 0 0 0 32 0 32768 0 1024 4 0 32768 0 0 2147483648 0 0 262144 2097152 4 1169260656 799056 2684354565 1026 16777216 0 0 0 0 0 0 0 33554432 0 0 0 524288 0 0 0 0 0 0 2048 0 0 0 0 0 0 0 0 0 0 0 0 0 0 0 0 0 0 0 0 0 0 0 0 0 0 0 0 0 0 65536 0 0 0 0 0 0 0 0 0 67108864 0 0 0 2147483648 0 0 0 0 0 0 0 0 0 0 0 0 537133056 1 0 128 1024 0 0 0 2097152 256 32 0 0 0 0 16384 524288 0 537919488 0 0 0 0 0 0 0 0 0 0 0 0 0 0 8388608 0 0 0 0 0 0 134217728 0 0 18688 0 32768 134217728 0 2112 0 67112960 0 536870912 0 0 0 0 0 0 16 16777216 0 4 2097152 0 0 0 0 134217728 0 268435968 0 0 0 0 0 0 33554432 0 0 0 0 65536 536870912 524288 0 2415919104 16 0 0 0 0 8421376 1024 9 18 0 0 0 0 0 0 0 0 0 2048 33554432 0 0 0 0 0 0 0 0 0 0 0 0 0 64 0 0 2 128 0 0 0 64 0 0 16 0 256 2 2097152 0 16 0 262144 0 524288 0 0 0 0 32768 32768 0 2147483648 0 0 1024 1 2097152 278800 0 0 2147483648 0 0 0 0 8 0 2 8 0 131072 0 0 0 0 512 0 0 0 0 0 0 0 0 4194304 0 0 0 0 0 0 32769 0 16 64 0 1048580 0 0 0 0 0 0 0 0 2064 29360128 0 0 0 0 0 0 0 8388608 0 0 1024 0 160 0 32768 0 0 0 0 8 0 0 0 0 0 0 262144 0 84410384 0 0 0 0 0 0 0 0 0 0 0 8 16384 0 0 0 0 0 0 0 0 0 0 0 0 0 0 0 0 0 0 0 0 0 0 0 0 0 0 0 0 0 1024 0 0 0 0 0 0 0 0 0 0 0 0 0 0 0 0 0 0 0 0 0 1048576 0 65536 0 0 8388608
is_linear=0
shrinkage=0.05


Tree=76
num_leaves=63
num_cat=1
split_feature=14 13 13 14 8 8 7 14 13 14 14 8 13 8 14 14 8 13 8 8 14 8 8 8 14 13 13 8 7 8 13 8 13 8 13 7 14 13 14 8 7 7 14 8 14 13 14 8 14 7 13 8 8 14 8 15 8 14 13 8 13 14
split_gain=3.16443 1.46249 1.36801 0.710626 0.63248 0.608532 0.574895 0.499606 0.355545 0.300171 0.2808 0.252818 0.238133 0.376793 0.237055 0.228372 0.225996 0.251042 0.199039 0.191348 0.188643 0.210122 0.188386 0.179832 0.264621 0.177251 0.175291 0.167353 0.182595 0.163542 0.15323 0.142844 0.139285 0.138058 0.137945 0.13558 0.135576 0.133218 0.131166 0.130687 0.129913 0.126986 0.128935 0.123122 0.158672 0.128347 0.127262 0.12232 0.120416 0.118279 0.118169 0.195424 0.162762 0.117891 0.113841 0.110848 0.10724 0.209354 0.112842 0.106322 0.160534 0.124563
threshold=-0.020802286003088529 1.7783277951588177 1.7267332674126126 -0.1737528619846844 1.7625000000000002 1.5455000000000003 3.5000000000000004 0.082424843510216075 1.857918335561721 0.119548456515452 -0.16589216316615404 1.6885000000000001 1.8657678508960227 1.8595000000000004 0.22173780145979918 0.093995971728972907 1.7385000000000004 1.890186014534385 1.9995000000000003 1.8045000000000002 -0.088766314920685971 1.7655000000000001 1.5655000000000003 1.7055000000000002 0.15369511244229364 1.8134236480004582 1.8411380396533612 1.8555000000000004 5.5000000000000009 1.8645000000000003 1.9181177618160861 1.6355000000000002 1.7712088497916894 1.6255000000000002 1.8761670047273677 5.5000000000000009 0.032034440725519649 1.761051224599248 0.1002823193066892 1.4255000000000002 45.500000000000007 4.5000000000000009 0.025175771358670555 1.8245000000000002 0.021699380946849204 1.8134236480004582 0.027730755770835173 1.5865000000000002 -0.0011362166886181855 4.5000000000000009 1.7837075644055045 1.6945000000000003 1.6195000000000002 -0.52701264904174339 1.7055000000000002 0 1.8245000000000002 -0.070971915863714971 1.9181177618160861 1.9145000000000001 1.9181177618160861 0.027730755770835173
decision_type=2 2 2 2 8 8 2 2 2 2 2 10 2 10 2 2 8 2 10 8 2 10 8 8 2 2 2 8 2 10 2 10 2 8 2 2 2 2 2 10 2 2 2 8 2 2 2 10 2 2 2 10 10 2 10 9 10 2 2 10 2 2
left_child=2 6 10 16 9 32 33 12 19 25 55 -10 43 48 29 22 26 -18 -16 20 21 50 -8 24 -17 -3 -4 28 31 -9 -31 41 -5 38 -20 -25 -33 -29 47 -40 -21 42 -24 44 45 -6 -45 -2 -14 -38 51 -7 -52 -28 -51 -1 57 58 -13 60 61 -15
right_child=1 4 3 5 7 8 15 14 11 -11 -12 56 13 59 18 23 17 -19 34 40 -22 -23 27 35 -26 -27 53 37 -30 30 -32 36 -34 -35 -36 -37 49 -39 39 -41 -42 -43 -44 46 -46 -47 -48 -49 -50 54 52 -53 -54 -55 -56 -57 -58 -59 -60 -61 -62 -63
leaf_value=-0.00037358857481198322 -0.00027614784035740836 0.00059433559175608964 -0.00044536320052420645 0.0012923576302159136 2.7039833386066235e-05 -0.0002004421787907983 0.00041525844997050655 0.00059592374910756932 0.001483191646552797 0.0033174431783529797 -0.00038444471587815651 2.5109770098408175e-06 0.00045937482483506995 0.00010271395957517045 0.0029359261703068682 0.00036114698910082611 -0.0029284392318748523 -0.0005838649316417734 0.00051720353351589654 -0.00028156434878775534 -4.1738330391322854e-05 -0.0009714555381710485 -0.00099853753967990805 -0.00053880666149398683 0.0019146388056812608 0.0016305205342925751 -0.00059297314146457595 -0.0011180498181569054 5.3376704726117528e-06 0.00021723447660696436 0.00049228564055113033 -0.0013055068485387793 0.0033624041967599072 -0.0012570596897576143 0.0023747831320085019 0.00013207015672580624 -0.0012403292220927054 -0.0002275954468970581 0.0017472984105940837 -5.0331550837081734e-05 -0.0009338043532129219 0.00025512237431323084 -0.00012253952643393056 -5.797956966631003e-05 0.00038844393189414863 0.00041373958373545498 7.8741341262042398e-05 -0.0012969296659192933 0.0011042695995798245 -0.0001721490290059876 0.00097410455654383602 -0.00082291016127195016 -9.3137074752745158e-05 -9.1598045928210182e-05 -0.0016083820439135171 -0.00087392295021584965 -3.9875838911651098e-05 0.0004209472569349885 0.00062523864533441467 0.00011092767196162765 0.00084135768409017951 0.00044973805369266607
leaf_weight=1504 19333 1751 14107 261 12947 21620 2506 3402 318 129 25353 12101 1554 7008 122 2207 176 325 722 5764 72439 805 499 782 313 540 1376 467 113966 60153 5529 438 118 332 116 20374 341 4176 103 5494 880 1914 2655 22608 6313 2572 68866 298 1355 2509 363 1339 22535 7926 146 4819 13542 5008 774 25476 1192 4098
leaf_count=1504 19333 1751 14107 261 12947 21620 2506 3402 318 129 25353 12101 1554 7008 122 2207 176 325 722 5764 72439 805 499 782 313 540 1376 467 113966 60153 5529 438 118 332 116 20374 341 4176 103 5494 880 1914 2655 22608 6313 2572 68866 298 1355 2509 363 1339 22535 7926 146 4819 13542 5008 774 25476 1192 4098
internal_value=2.48673e-07 8.23058e-05 -0.000155562 -0.000102722 0.000166714 -6.42485e-05 -2.45665e-05 0.000158029 -6.90642e-05 0.000970708 -0.000458789 8.04612e-05 0.000107671 0.000211437 0.000268739 1.2038e-05 -0.000356748 -0.00140751 0.00104904 -0.00010681 -9.22426e-05 -0.000170646 -1.40447e-05 0.000154831 0.000554101 0.000838569 -0.000334259 -2.25085e-05 -1.13377e-05 0.000257896 0.000240388 -0.000234865 0.00193686 -0.000244098 0.000774339 0.000107272 -0.000483841 -0.000317159 -0.000230767 -1.72503e-05 -0.000367954 -6.61619e-05 -0.000261133 7.04135e-05 0.000177101 9.11285e-05 4.49505e-05 -0.000291643 0.000759764 -0.000363718 -0.000156589 -0.000236745 -7.62182e-05 -0.000165764 -0.000251128 -0.000756886 6.62665e-05 0.000146643 3.99472e-05 0.00016921 0.000289945 0.000230762
internal_weight=618759 405306 213453 181777 226453 157867 178853 224033 157488 2420 31676 31743 153989 40683 70044 153293 23910 501 960 125745 119101 46662 129617 23676 2520 2291 23409 127111 122468 69084 65682 8502 379 25560 838 21156 3434 4643 25228 5597 6644 5068 3154 113306 21832 15519 91474 19631 2909 2996 45857 22959 22898 9302 2655 6323 31425 17883 12875 37774 12298 11106
internal_count=618759 405306 213453 181777 226453 157867 178853 224033 157488 2420 31676 31743 153989 40683 70044 153293 23910 501 960 125745 119101 46662 129617 23676 2520 2291 23409 127111 122468 69084 65682 8502 379 25560 838 21156 3434 4643 25228 5597 6644 5068 3154 113306 21832 15519 91474 19631 2909 2996 45857 22959 22898 9302 2655 6323 31425 17883 12875 37774 12298 11106
cat_boundaries=0 78
cat_threshold=0 268435456 2147483648 0 0 0 0 8 0 0 8 8 16384 0 0 2048 0 0 0 0 0 0 0 0 0 0 0 0 0 0 0 0 0 0 0 0 64 0 0 128 0 0 0 0 0 0 0 0 0 0 0 0 0 0 0 0 0 0 0 0 0 0 0 0 2097152 0 0 0 0 0 0 0 4 0 0 262144 131072 131088
is_linear=0
shrinkage=0.05


Tree=77
num_leaves=63
num_cat=2
split_feature=14 13 13 14 8 2 8 14 11 13 14 8 8 14 14 13 8 14 14 8 8 8 13 8 8 14 13 8 2 8 14 8 13 8 2 8 8 14 8 2 14 8 8 13 14 8 13 16 2 8 13 13 8 14 8 14 15 2 14 8 14 8
split_gain=2.87175 1.41076 1.18489 0.606202 0.758283 0.592021 0.486579 0.477673 0.346235 0.311228 0.2995 0.281695 0.262897 0.251994 0.232415 0.21807 0.277592 0.216471 0.215053 0.199884 0.191318 0.186438 0.186332 0.177022 0.151415 0.150098 0.148035 0.135342 0.18069 0.129741 0.128808 0.125705 0.123967 0.119467 0.119037 0.116514 0.115239 0.168085 0.114329 0.112221 0.123523 0.111587 0.110852 0.194527 0.163371 0.26355 0.170492 0.106484 0.105846 0.119104 0.105329 0.101503 0.113559 0.101366 0.258116 0.0966667 0.0941692 0.0934757 0.0896154 0.291539 0.151371 0.117356
threshold=-0.034739700287642609 1.7837075644055045 1.7267332674126126 -0.28537173491340556 1.4305000000000001 4.5000000000000009 1.7525000000000002 0.082424843510216075 1.5890714285714289 1.8296745792475027 0.119548456515452 1.7435000000000003 1.5495000000000003 0.0692503006934614 0.22173780145979918 1.8657678508960227 1.8495000000000001 -0.1737528619846844 -0.13771210597676095 1.5995000000000001 2.0060000000000007 1.8505000000000003 1.7837075644055045 1.5555000000000001 1.8745000000000003 -0.0011362166886181855 1.857918335561721 1.5595000000000001 6.5000000000000009 1.6295000000000002 0.1002823193066892 2.1695000000000007 1.8296745792475027 1.9345000000000001 2.5000000000000004 1.5865000000000002 1.6155000000000002 0.021699380946849204 1.6795000000000002 5.5000000000000009 0.017581664438279358 1.2655000000000001 1.8245000000000002 1.890186014534385 -0.10356540991125172 1.7395000000000003 1.890186014534385 0 18.500000000000004 1.7775000000000001 1.8296745792475027 1.7837075644055045 1.6485000000000001 0.0095398691915812312 1.7825000000000002 -0.055874857255541414 1 5.5000000000000009 0.13998476930778295 1.7855000000000001 0.18736881747616344 1.9155000000000002
decision_type=2 2 2 2 8 2 8 2 10 2 2 8 10 2 2 2 10 2 2 8 10 8 2 10 10 2 2 10 2 8 2 10 2 10 2 10 10 2 10 2 2 8 10 2 2 10 2 9 2 10 2 2 10 2 10 2 9 2 2 10 2 8
left_child=2 5 17 8 -5 29 10 15 47 11 32 18 -11 21 24 -8 25 56 -6 -15 -16 27 -13 -20 50 -17 -26 -7 36 30 35 -22 -3 -28 -32 -2 39 -38 -30 40 -29 -19 44 -44 48 -46 -47 -4 49 -14 -9 -25 -53 54 -40 -54 -1 -39 61 60 -60 -21
right_child=1 6 3 4 9 13 7 14 -10 12 -12 22 42 19 20 16 -18 41 23 58 31 -23 -24 51 26 -27 33 28 38 -31 34 -33 -34 -35 -36 -37 37 57 53 -41 -42 -43 43 -45 45 46 -48 -49 -50 -51 -52 52 55 -55 -56 -57 -58 -59 59 -61 -62 -63
leaf_value=-0.0003608908181271821 -0.00027420275755835158 0.00053897687273325322 -0.00038099459062551785 0.004124662675405226 -0.00028715112679850304 0.00031902208050897185 6.3879951857295989e-05 0.000437235966192475 -0.0033561589537046028 0.0021552875082186014 0.0033966283488009023 -0.00075631801473715135 -6.6658031382756716e-05 0.0008518357965732079 0.0028316879478488986 0.00042953209285751686 0.00015622461592304222 0.00072823935277974464 0.0012935059011485626 7.3900983276856035e-05 0.00043797485386519707 -0.0004158352661929013 -0.00026564014368246223 -0.00011619624063624015 0.0001599483073277078 0.0011700721612120247 0.00076782320465069466 -0.0010124040680311447 0.00027094132837169265 -0.0013152515151170037 -0.0001931861879217446 0.001974991873499849 0.0013827407921779146 0.0002922575619678049 0.00028424695100058849 -0.0012508374285103094 -0.0012611177660028885 -0.0011436297209381282 -4.882239785003055e-05 0.0002207718390046179 -0.00011842940977454348 -0.00040349031572405465 -0.00046571762704542382 4.9003023354471699e-06 0.00065213006071017073 2.9761753995408564e-05 0.00049423896102941938 -0.00090465744357178966 0.00036967871276694943 -0.00053931948072557232 0.0011977788053541315 0.00079676924770540633 -3.0933141196172013e-05 1.0464669234500223e-05 -0.00052392078209085224 0.00040005625143846177 -0.00084769516274819142 -0.00021541381782774207 0.00073860114339392333 0.0001167377574120691 0.0022606295326270129 -0.00066019966421125304
leaf_weight=1347 20532 2263 10591 107 13659 2883 110755 4538 102 143 107 2379 13483 872 129 3005 40945 220 237 45591 639 3041 10362 48659 34335 886 1394 502 3455 279 3586 168 539 25075 2053 310 584 307 29465 1666 1678 21837 3142 7291 2186 19692 2196 1075 1227 1479 506 451 21219 75884 3166 1386 4424 2328 748 4891 209 551
leaf_count=1347 20532 2263 10591 107 13659 2883 110755 4538 102 143 107 2379 13483 872 129 3005 40945 220 237 45591 639 3041 10362 48659 34335 886 1394 502 3455 279 3586 168 539 25075 2053 310 584 307 29465 1666 1678 21837 3142 7291 2186 19692 2196 1075 1227 1479 506 451 21219 75884 3166 1386 4424 2328 748 4891 209 551
internal_value=2.35231e-07 7.16398e-05 -0.00016226 -0.000110207 -8.29741e-05 -2.34128e-05 0.000157957 0.000149553 -0.000455711 -8.59918e-05 0.000800427 -0.000137913 1.44538e-05 9.58294e-06 0.000261406 0.000101542 0.000194577 -0.000463534 -0.000105269 0.000101096 0.00104375 -2.91305e-05 -0.00035726 -7.07413e-05 0.000250285 0.000598157 0.000228448 -1.94849e-05 -2.76834e-05 -0.00024267 -0.00023137 0.000757949 0.000701285 0.000317303 -1.93663e-05 -0.000288729 -0.000272925 -0.000493653 -1.22094e-05 -8.81814e-05 -0.00032429 -0.000392202 8.41504e-06 -0.000136831 4.60514e-05 0.000128644 7.63623e-05 -0.000430351 -7.67687e-05 -0.000113381 0.000513532 -7.52498e-05 1.11663e-05 -2.12246e-05 -9.49185e-05 -4.50751e-06 -0.000736165 -0.000323559 8.85047e-05 0.000272898 0.001071 6.51348e-05
internal_weight=618759 429865 188894 161066 149298 204581 225284 222375 11768 149191 2909 98352 50839 177821 66784 155591 44836 27828 85611 52862 936 124959 12741 71952 65848 3891 60804 121918 119035 26760 26481 807 2802 26469 5639 20842 7065 3219 111970 3846 2180 22057 50696 10433 40263 24074 21888 11666 16189 14962 5044 71715 23056 108515 32631 22605 5771 2635 51990 5848 957 46142
internal_count=618759 429865 188894 161066 149298 204581 225284 222375 11768 149191 2909 98352 50839 177821 66784 155591 44836 27828 85611 52862 936 124959 12741 71952 65848 3891 60804 121918 119035 26760 26481 807 2802 26469 5639 20842 7065 3219 111970 3846 2180 22057 50696 10433 40263 24074 21888 11666 16189 14962 5044 71715 23056 108515 32631 22605 5771 2635 51990 5848 957 46142
cat_boundaries=0 2 80
cat_threshold=0 272 0 268435456 2147483648 0 0 0 0 0 0 0 0 8 16384 0 0 2048 0 0 0 0 0 0 0 0 0 0 0 0 0 0 0 0 0 0 0 0 64 0 0 128 0 0 0 0 0 0 0 0 0 0 0 0 0 0 0 0 0 0 0 0 0 0 0 0 2097152 0 0 0 0 0 0 0 0 0 268435456 262144 131072 16
is_linear=0
shrinkage=0.05


Tree=78
num_leaves=63
num_cat=26
split_feature=8 13 7 13 12 13 10 15 15 10 13 17 2 11 8 8 15 2 0 0 8 2 15 17 11 0 15 7 10 0 13 11 17 8 0 2 15 2 15 10 8 2 8 13 15 13 17 2 15 13 15 15 8 8 15 15 15 15 15 15 8 8
split_gain=2.51283 0.865419 0.446173 0.339441 0.22375 0.188006 0.181072 0.134018 0.130982 0.121881 0.0987114 0.107994 0.0972946 0.0971182 0.0909309 0.0791673 0.077861 0.0777127 0.0673558 0.0670851 0.0666694 0.0619457 0.0612971 0.0573159 0.073282 0.0534598 0.0516427 0.0486231 0.0462869 0.0460031 0.0431828 0.0401355 0.0589598 0.043482 0.0399562 0.0392256 0.0677429 0.0418726 0.0391868 0.0390094 0.0389602 0.0764214 0.04888 0.037103 0.0370184 0.03644 0.0361897 0.0360366 0.0351803 0.035153 0.0834192 0.0347808 0.0338817 0.0338444 0.0324295 0.0307247 0.0302874 0.0297305 0.029382 0.0281383 0.0274121 0.0274068
threshold=1.6695000000000002 1.8057492807426865 1.5000000000000002 1.890186014534385 1.2210833333333333 1.7313513947794037 1.1020000000000001 0 1 1.3855000000000002 1.8710351686054125 2 23.500000000000004 1.8119285714285718 1.4255000000000002 2.1420000000000003 3 19.500000000000004 4 5 1.8375000000000001 5.5000000000000009 6 7 1.4348571428571433 8 9 10.500000000000002 1.4555000000000002 10 1.7298921631661544 1.3590714285714289 11 1.4495000000000002 12 23.500000000000004 13 20.500000000000004 14 1.2895000000000001 1.7095000000000002 7.5000000000000009 1.7775000000000001 1.890186014534385 15 1.7313513947794037 16 7.5000000000000009 17 1.7861665622526861 18 19 1.6985000000000003 1.5995000000000001 20 21 22 23 24 25 1.5295000000000003 1.9185000000000001
decision_type=10 2 2 2 10 2 10 9 9 10 2 9 2 10 10 10 9 2 1 1 10 2 9 9 10 1 9 2 10 1 2 10 9 10 1 2 9 2 9 8 10 2 10 2 9 2 9 2 9 2 9 9 10 10 9 9 9 9 9 9 8 10
left_child=2 5 6 13 16 8 -1 -6 30 -7 18 47 21 25 46 19 29 44 31 27 -19 28 -22 24 26 -3 -20 -11 -10 -4 -2 32 -9 -34 54 36 -29 -38 -13 56 57 42 -42 -31 -5 -41 -8 59 -27 61 -51 -33 -30 60 -15 -46 -25 -23 -39 -12 -16 -21
right_child=1 3 4 17 7 9 14 10 12 15 11 38 -14 34 53 -17 -18 20 23 49 22 40 -24 39 -26 48 -28 35 52 43 -32 51 33 -35 -36 -37 37 58 -40 45 41 -43 -44 -45 55 -47 -48 -49 -50 50 -52 -53 -54 -55 -56 -57 -58 -59 -60 -61 -62 -63
leaf_value=-0.001942761694946688 2.3718986206990291e-05 0.00011034667380582983 -0.00030597607779322039 0.00041203623926869368 -0.00066936718130420833 -6.3444332289257468e-05 -0.00087241967749431308 -0.00018260448435372873 -0.0016279557416089029 0.00013911988864175737 -0.00017052095409363156 0.0015968597771828634 -6.3955264853951264e-05 0.00018990556250151087 -0.00036959824991243217 0.0014049639063887299 -0.00028263522302696278 0.00063656923241487166 -2.6835811344400996e-05 4.6250746770074583e-05 0.00036838887939259112 7.8226471275099165e-05 0.00017751764188687829 9.5391451031307431e-05 -0.00017680062646901603 -0.00013136705031873872 -0.00040853188506892782 7.1135219928220088e-05 0.0002354891954204433 -0.00083699461708532921 -0.0001701973487019205 8.000483862450426e-05 0.0010110155724225264 0.00019763349774938794 9.81430432920312e-05 2.5280281749363415e-05 -4.8858865411471176e-05 -0.00029259483715871336 0.0005174047592461287 -0.00017946923612408076 -0.00038665083388942387 -0.00020920442073786387 -0.00092473467678509257 -0.00017466049446570765 -8.3179242301743188e-05 -4.9235433111729795e-05 -0.00049691869123961085 -7.226377434076357e-05 2.2456655264530475e-05 0.00020998415689657166 3.6894359573347412e-05 -0.00011022081277910294 -0.00095730988764475993 -0.0010905455866587355 8.2274145257549484e-05 0.0001878018435070714 -0.00012501453101568214 -0.00017909967719901914 -8.4773017126230213e-05 0.00069432653603438961 -0.00021314953608977526 -0.00015185605711342948
leaf_weight=193 23576 17903 820 1789 1178 40513 742 539 130 5916 138 104 17824 27606 6853 105 3465 1541 1043 62483 10822 1568 6994 3208 25888 4166 6351 9861 102 1895 3269 2767 272 415 69647 41377 25099 3395 499 22954 1412 9761 602 238 1089 7012 7304 2575 33810 11707 17185 18051 143 139 9446 26073 3013 3919 3454 286 4734 1796
leaf_count=193 23576 17903 820 1789 1178 40513 742 539 130 5916 138 104 17824 27606 6853 105 3465 1541 1043 62483 10822 1568 6994 3208 25888 4166 6351 9861 102 1895 3269 2767 272 415 69647 41377 25099 3395 499 22954 1412 9761 602 238 1089 7012 7304 2575 33810 11707 17185 18051 143 139 9446 26073 3013 3919 3454 286 4734 1796
internal_value=2.21454e-07 5.03279e-05 -0.000202401 0.000127127 -0.000160361 -6.46021e-06 -0.000418681 -0.000141309 -8.32432e-05 1.50034e-05 -0.000134684 0.000122045 -0.000146299 9.25482e-05 -0.000403804 3.24296e-05 -0.000446212 0.000243499 -0.000144804 3.16389e-05 0.000321056 -0.000229599 0.000293765 -0.000168967 -0.000216387 3.91477e-05 -0.000355279 6.17015e-07 -0.000865359 -0.000635044 1.05146e-07 -6.85481e-05 0.000209433 0.000512215 0.000120514 -9.23292e-06 -4.33895e-05 -7.87361e-05 0.000726592 -0.000125307 -0.000215788 -0.000267065 -0.000547488 -0.000759531 0.000191644 -0.000148995 -0.000533249 -1.92611e-06 5.55192e-06 6.12994e-05 0.000107116 -8.49517e-05 -0.000460716 -0.000314983 0.000162496 0.000176911 -1.14048e-05 -0.000105748 -0.00018834 0.000425197 -0.000305679 4.07155e-05
internal_weight=618759 496083 122676 210886 102711 285197 19965 96293 62306 222891 95115 3602 35461 162578 19772 182378 6418 48308 91513 182273 19357 17637 17816 69469 33282 55879 7394 89102 375 2953 26845 22044 1226 687 106699 83186 41809 31948 603 36187 17262 11775 2014 2133 28951 29966 8046 2999 37976 93171 28892 20818 245 11726 37052 27162 6221 5487 6849 424 11587 64279
internal_count=618759 496083 122676 210886 102711 285197 19965 96293 62306 222891 95115 3602 35461 162578 19772 182378 6418 48308 91513 182273 19357 17637 17816 69469 33282 55879 7394 89102 375 2953 26845 22044 1226 687 106699 83186 41809 31948 603 36187 17262 11775 2014 2133 28951 29966 8046 2999 37976 93171 28892 20818 245 11726 37052 27162 6221 5487 6849 424 11587 64279
cat_boundaries=0 82 163 164 243 244 245 323 324 325 403 404 405 406 481 551 627 628 711 789 872 953 1030 1107 1188 1269 1339
cat_threshold=16777216 0 0 0 0 0 0 0 33554436 0 16777216 0 524800 0 0 0 0 0 0 4194304 4096 2147483648 0 0 0 0 0 0 0 0 134217728 0 0 0 0 32 0 0 0 0 128 0 67108864 0 0 0 0 0 65536 0 65536 0 0 0 0 1024 16777216 0 0 1073742080 67108864 8 0 0 2147483648 0 0 1073741824 0 0 0 0 12 0 32768 0 0 262144 268435456 0 262144 6291456 0 0 0 8 0 0 1073741824 0 0 0 16777217 8 16384 0 0 0 134217728 0 0 0 0 67108864 16384 0 0 0 0 16777216 0 0 0 0 8388608 0 0 0 32 0 0 0 2097152 67108864 0 0 0 0 0 0 0 2048 0 0 0 0 0 1024 0 0 131072 0 0 0 16384 4194304 3145728 0 65536 134217728 0 8388608 0 0 0 0 32768 0 0 0 0 0 16384 262160 0 0 0 0 0 0 0 0 0 0 0 0 917504 0 0 0 0 0 0 0 0 0 33554432 0 0 0 0 0 0 0 0 0 0 1 0 0 1 2147483648 0 0 0 0 0 0 0 0 0 0 393216 0 0 0 0 0 0 0 0 0 0 0 0 0 0 16 0 0 524288 4096 0 0 0 0 0 0 131072 0 0 823394304 1 17 26 0 16777216 0 0 0 0 0 0 2097152 0 0 24 16384 0 0 2048 0 0 1 0 0 0 0 16777216 0 0 0 0 0 0 0 0 0 0 2181038080 0 64 0 0 0 512 0 134218752 0 0 0 0 0 0 0 2 0 0 0 0 0 0 2097152 0 0 0 0 0 0 3145728 0 65536 4096 512 8388608 0 0 0 0 0 0 0 16 345434 18 0 0 2147483648 0 0 0 0 0 0 2 8 0 16384 0 524288 0 0 0 0 0 0 0 0 0 0 0 0 0 0 0 0 0 0 0 2147483648 16 0 0 0 131072 0 0 1024 0 0 0 0 2064 0 0 0 0 0 0 0 1073741824 0 2097152 0 4195328 8388608 2097152 0 8388608 2097152 3221225472 8224 65536 0 0 0 0 0 0 0 262144 131072 16 5 262160 34 524288 268435456 1024 0 0 134217728 0 0 0 0 4194312 8 512 0 0 2048 0 1 0 0 0 0 33554432 0 0 0 0 0 0 0 0 0 0 0 0 0 0 0 0 131074 0 0 0 0 0 0 0 1073741824 4096 128 16384 0 0 0 32776 0 2147483680 0 32 33554432 0 2 0 2 0 1073741824 288 4096 0 0 0 0 0 0 32768 0 0 0 0 0 0 0 0 0 0 0 2 0 0 0 2048 0 0 0 0 0 0 0 0 0 0 0 0 0 0 0 0 0 0 0 0 0 0 0 0 0 0 0 0 0 0 0 0 0 0 0 0 0 0 0 0 0 0 0 0 0 0 0 0 0 0 0 0 0 8388608 0 16777216 2147483648 0 0 16777216 0 0 0 1024 0 0 0 0 524288 0 0 0 1 0 0 0 0 0 0 0 0 0 0 0 0 0 0 0 2147483648 0 0 0 0 32768 0 0 0 0 0 0 0 0 0 0 16387 0 0 0 0 0 0 0 32 0 0 0 0 0 0 0 0 0 0 0 0 0 0 0 131072 33554432 16 134217728 0 2684354560 16 0 0 32 0 0 0 536870912 0 0 0 0 0 2097152 0 0 0 65568 2048 0 131072 0 0 0 0 8192 0 0 0 0 0 0 0 0 0 0 131074 4194304 16 0 0 8388612 0 0 48 0 0 0 0 0 0 0 0 268435456 0 2162688 33554432 0 2097152 0 0 0 0 0 4096 262144 0 0 0 262144 67108864 0 0 0 0 2048 0 0 2097152 536870912 524288 0 0 0 0 0 0 0 0 0 0 1024 16384 0 524288 0 0 0 0 0 0 0 0 0 0 0 0 0 0 0 0 0 0 0 2147483648 0 0 0 0 0 0 0 0 0 0 0 0 8 0 0 0 0 0 0 0 0 0 0 16777248 4194304 0 0 2214592512 0 3145728 0 65536 0 512 8388608 0 0 0 0 1073741824 4194304 0 16 0 0 268437504 0 0 0 0 256 0 1024 0 0 0 0 0 0 0 0 16385 0 0 0 0 0 0 0 0 0 0 0 0 268435456 0 0 34603008 0 0 0 1048576 32768 16384 0 1024 0 0 1073741824 65536 0 0 0 0 0 0 0 8 0 0 0 1 1024 0 0 2147483648 0 2097152 3221225472 8224 4096 512 65536 0 0 16 33554432 0 0 0 0 0 0 0 0 16777216 0 0 1024 0 0 0 0 0 2097152 1024 4194312 8 16384 0 0 2048 0 0 0 0 0 0 0 0 0 0 0 0 0 0 0 0 0 0 33554432 0 64 0 0 0 0 0 0 0 0 0 0 8 0 0 1610612738 0 0 0 0 0 0 2097152 16908320 16384 0 0 16384 0 1048576 0 65536 134217728 512 8388608 0 0 16 0 163840 33554432 0 16 0 0 65536 0 0 268435456 0 0 0 0 0 65536 0 4194313 0 0 0 0 0 0 0 0 0 0 0 33570816 16777216 0 0 0 0 0 0 0 268435456 0 0 0 0 0 0 0 0 128 0 0 0 64 1073741824 0 2048 4096 2147483648 536870912 0 0 0 8 1073741824 0 0 0 33554432 0 0 2147483648 8421376 0 1073741824 532480 0 0 0 0 0 0 0 32768 0 131072 1048576 0 2147517440 0 0 0 0 0 0 2 0 0 16384 0 0 0 0 0 0 0 0 0 0 16777216 0 0 0 262144 0 0 0 0 0 0 2148532224 0 0 0 0 128 8 262144 402653184 2147483648 557056 1073872896 0 0 0 0 0 0 2048 0 1024 0 0 2097152 1 0 0 0 0 0 64 0 0 4096 0 0 16384 0 0 0 0 0 131072 0 0 0 0 0 0 0 0 64 1024 0 0 0 0 524288 2048 0 0 0 0 0 0 0 0 0 0 0 0 0 0 0 0 0 0 33554432 0 0 0 0 0 0 0 1024 0 0 0 0 0 0 0 0 0 0 0 0 0 0 0 0 4195328 0 0 0 0 0 0 8192 0 512 0 0 0 0 0 0 0 0 0 0 0 65536 0 0 0 0 0 0 0 0 64 0 0 0 16384 0 524288 0 0 0 0 0 0 0 0 0 0 0 0 0 0 0 0 0 0 0 33554432 0 0 0 0 0 0 0 0 0 0 0 0 0 0 0 0 0 0 0 0 0 0 0 0 0 0 0 0 0 3145728 0 598016 0 0 8388608 0 0 0 0 131072 0 0 16 0 0 65536 0 0 0 0 0 0 0 0 0 0 0 0 0 0 0 2048 0 0 0 0 0 0 0 0 0 0 0 0 0 0 0 0 0 0 0 0 0 0 0 0 0 0 0 0 0 0 0 0 0 0 0 0 0 0 0 0 0 0 0 0 0 0 0 4 0 0 0 0 0 8388608
is_linear=0
shrinkage=0.05


Tree=79
num_leaves=63
num_cat=2
split_feature=14 7 13 14 8 2 8 14 13 8 14 13 8 14 8 11 14 8 14 8 13 14 8 13 15 11 14 8 13 8 8 8 2 8 8 13 10 13 8 8 13 8 14 13 8 14 2 14 14 11 13 8 8 2 15 13 8 13 13 8 10 2
split_gain=2.51922 1.16032 0.897184 0.707932 0.562834 0.439947 0.346241 0.34285 0.341173 0.28674 0.209377 0.197616 0.339989 0.194677 0.393711 0.375775 0.192618 0.261205 0.327569 0.175579 0.292242 0.184335 0.17271 0.24161 0.150359 0.254855 0.147779 0.237943 0.146762 0.253228 0.154225 0.14042 0.146028 0.197538 0.138166 0.15742 0.137065 0.13668 0.276744 0.134842 0.128188 0.127444 0.123729 0.120136 0.118233 0.115435 0.113998 0.113851 0.112542 0.106645 0.103079 0.142597 0.0988008 0.0982092 0.122362 0.0981304 0.0972852 0.122519 0.105041 0.0934345 0.0932791 0.0900041
threshold=0.0095398691915812312 6.5000000000000009 1.7783277951588177 -0.13428537068007781 1.7905000000000002 3.5000000000000004 1.5655000000000003 0.11174627034455133 1.8035893350394401 1.5865000000000002 -0.15943404656886193 1.8538499140524283 1.8625000000000003 -0.31319037769853725 1.4255000000000002 1.556214285714286 0.13643459008874828 1.7855000000000001 0.22173780145979918 1.7455000000000003 1.8710351686054125 -0.06713621668861823 1.7795000000000003 1.7748379703175199 0 1.8976428571428572 -0.06713621668861823 1.7275000000000003 1.8808204437217764 1.7435000000000003 1.5695000000000003 1.5455000000000003 5.5000000000000009 1.6255000000000002 1.9145000000000001 1.890186014534385 1.4195000000000002 1.890186014534385 1.8925000000000003 1.8745000000000003 1.8411380396533612 1.6355000000000002 0.059613067700478924 1.800783472633406 1.9085000000000003 -0.072948871453930572 4.5000000000000009 0.069731992223638253 0.054682194644779088 1.3710714285714289 1.761051224599248 1.7435000000000003 1.7095000000000002 2.5000000000000004 1 1.7965040282710272 1.9145000000000001 1.8462092085444868 1.8710351686054125 1.8245000000000002 1.6295000000000002 7.5000000000000009
decision_type=2 2 2 2 8 2 8 2 2 10 2 2 8 2 8 10 2 10 2 10 2 2 8 2 9 10 2 10 2 8 10 8 2 8 10 2 8 2 10 8 2 10 2 2 8 2 2 2 2 8 2 10 10 2 9 2 10 2 2 10 8 2
left_child=1 10 5 13 9 49 -5 11 22 -4 -1 39 -13 15 -15 -3 31 18 -18 20 21 -10 26 -24 25 -9 27 -8 29 -16 -30 -7 41 -34 35 -14 53 38 45 40 47 42 46 -11 -35 -21 -33 59 -36 -2 51 -28 -52 -12 -55 -29 57 -26 -58 -6 -46 -19
right_child=2 3 4 6 7 16 8 24 19 43 36 12 34 14 28 -17 17 61 -20 37 -22 -23 23 -25 56 -27 50 55 30 -31 -32 32 33 44 48 -37 -38 -39 -40 -41 -42 -43 -44 -45 60 -47 -48 -49 -50 -51 52 -53 -54 54 -56 -57 58 -59 -60 -61 -62 -63
leaf_value=-0.00067816378492628019 0.00055711369866248109 -0.00042712272388157864 0.0032610488631762569 0.001343725278371671 0.00022701669867524352 0.00034914693124701054 -0.00011308370736977049 0.0031794395326627031 3.767338294377946e-05 0.00048835636915638429 -0.00044714416878047783 0.0010856377471563459 0.00025907969048832874 0.0024796815782525197 -0.00023362256401336927 -0.0034771136836806204 0.0006025710696646164 -0.00057685519214130691 0.002919414282642023 -0.00016106046676896908 0.000906803802602404 0.00058183320386168071 -0.00068321643851003725 -0.00015907352240724097 0.00043285467043494252 0.00058180114046189955 -4.908919594792129e-05 -0.00092450179631118788 0.0015842999527417561 -0.0011287905763390997 -3.3611052851333733e-06 -0.00089348722727025881 0.00062671251983759818 1.8415896612293365e-05 8.01514408290218e-06 0.00077987097899172124 -0.00060829810000927881 0.00012788624377139824 -0.00077647064848057525 2.6310196249314387e-05 0.0004230499151848006 -0.00070150031317995449 6.9146459448719242e-05 0.0012350175893524155 -0.00026149962560559364 2.3694266601562218e-05 -0.0001701170316404843 0.00026562636335988762 0.00018882324605903227 -0.00025905255933417415 0.00029240787343385287 -0.00042058940929529858 1.3009674589128956e-05 1.781027609173037e-05 -0.00030544023460494011 -0.00027515733232929385 0.00015085587603781605 0.0016234959457069637 0.00037085927359571452 4.1104824447460413e-05 -0.0013982198306590192 0.00018056476857926984
leaf_weight=5569 410 10180 125 452 8556 3073 44708 120 9558 1292 6824 1060 10152 136 23931 102 1415 430 171 10834 1340 1859 2699 11860 5440 443 28348 1281 159 817 4027 770 1329 114371 11672 1693 4014 17182 1229 52566 3689 1115 3605 924 789 38493 1861 10386 32767 16820 3630 2842 24654 4022 10800 1066 12312 225 9700 32164 234 4464
leaf_count=5569 410 10180 125 452 8556 3073 44708 120 9558 1292 6824 1060 10152 136 23931 102 1415 430 171 10834 1340 1859 2699 11860 5440 443 28348 1281 159 817 4027 770 1329 114371 11672 1693 4014 17182 1229 52566 3689 1115 3605 924 789 38493 1861 10386 32767 16820 3630 2842 24654 4022 10800 1066 12312 225 9700 32164 234 4464
internal_value=2.10872e-07 -0.000113472 8.97453e-05 -7.63691e-05 0.000160496 -1.84215e-06 -3.85789e-05 0.000151146 -4.16784e-05 0.000931117 -0.00040026 0.000123548 0.000198486 -0.000270386 -0.000204246 -0.000457379 2.88186e-05 0.00029473 0.000852369 3.8102e-05 0.000208264 0.000126277 -9.47136e-05 -0.000256241 0.000312109 0.00111566 -7.26381e-05 -0.000138845 -0.000216862 -0.000263175 5.69442e-05 1.52665e-05 6.99716e-06 2.06098e-05 0.000181779 0.000333516 -0.000339946 6.05559e-06 -3.53499e-05 8.3521e-05 0.000138405 -0.000209152 -0.000121119 0.00079969 1.36293e-05 -1.68846e-05 -0.000381822 0.000117858 0.000141334 -0.000239631 -2.02562e-05 -8.29399e-05 4.8868e-05 -0.000290183 -0.000217919 -0.000629572 0.000295254 0.000480144 0.000247804 8.01682e-05 -0.000521512 0.000114016
internal_weight=618759 272616 346143 241387 195286 150857 202035 192945 201583 2341 31229 164705 57344 39352 29070 10282 133627 6480 1586 80495 12757 11417 121088 14559 28240 563 106529 47055 28934 24748 4186 127147 124074 116723 56284 11845 25660 67738 50556 107361 54795 7351 6236 2216 115394 49327 2631 51106 44439 17230 59474 31190 28284 21646 14822 2347 27677 5665 22012 40720 1023 4894
internal_count=618759 272616 346143 241387 195286 150857 202035 192945 201583 2341 31229 164705 57344 39352 29070 10282 133627 6480 1586 80495 12757 11417 121088 14559 28240 563 106529 47055 28934 24748 4186 127147 124074 116723 56284 11845 25660 67738 50556 107361 54795 7351 6236 2216 115394 49327 2631 51106 44439 17230 59474 31190 28284 21646 14822 2347 27677 5665 22012 40720 1023 4894
cat_boundaries=0 71 148
cat_threshold=0 0 0 0 0 0 512 0 8 0 0 0 0 0 0 0 0 0 0 0 0 0 0 0 16777216 0 0 0 0 0 0 0 0 0 0 0 0 0 0 0 0 0 262144 0 0 0 0 0 128 0 2 0 0 0 0 0 0 0 96 0 0 0 0 0 0 0 0 134217728 0 0 65536 1048576 0 2147483648 0 0 0 0 0 0 2 0 0 16384 0 0 0 1048576 1 1 0 0 0 0 16777248 0 0 0 0 0 0 0 268435456 0 0 2147483650 0 0 0 0 128 0 0 134217728 0 0 0 0 0 2214596608 0 0 0 2048 0 1024 0 0 0 1 1024 8388608 0 2 4194304 268435456 0 0 4096 0 65536 0 0 262160 0 0 65536 1073872896
is_linear=0
shrinkage=0.05


Tree=80
num_leaves=63
num_cat=3
split_feature=14 7 7 14 14 8 8 14 8 14 7 8 8 3 7 8 2 8 14 12 14 7 8 14 7 8 2 14 11 8 2 14 8 15 14 11 2 8 8 7 2 2 15 7 8 14 2 7 2 8 0 14 7 8 14 14 7 8 8 2 14 2
split_gain=2.29986 0.965505 0.77777 0.624659 0.546416 0.431782 0.28679 0.245755 0.205837 0.19894 0.196865 0.280013 0.18556 0.170694 0.177422 0.251911 0.167118 0.157288 0.153959 0.154777 0.136682 0.135991 0.135419 0.134812 0.136679 0.129608 0.120334 0.116061 0.125735 0.115367 0.132587 0.117024 0.155441 0.10643 0.156622 0.208633 0.104459 0.103357 0.0995541 0.0990659 0.0985905 0.0984134 0.107067 0.0972529 0.0965693 0.0960624 0.094926 0.106243 0.108986 0.172382 0.157697 0.133175 0.131679 0.127218 0.109762 0.0927188 0.088827 0.0854279 0.084479 0.0835163 0.0814626 0.0814397
threshold=-0.013690086382429188 6.5000000000000009 4.5000000000000009 0.082424843510216075 -0.1737528619846844 1.5455000000000003 1.6995000000000002 0.14793099809798529 1.7385000000000004 0.14793099809798529 46.500000000000007 1.7855000000000001 1.5995000000000001 10.500000000000002 50.500000000000007 1.8185000000000002 19.500000000000004 1.7755000000000003 -0.16589216316615404 1.3547833333333335 0.22173780145979918 8.5000000000000018 1.7955000000000003 -0.48104099140711137 46.500000000000007 1.2655000000000001 8.5000000000000018 -0.085306064517720367 1.8205000000000005 1.6255000000000002 3.5000000000000004 0.049107836833845793 1.5295000000000003 0 0.22173780145979918 1.9756428571428575 4.5000000000000009 1.5865000000000002 1.6995000000000002 8.5000000000000018 7.5000000000000009 2.5000000000000004 1 36.500000000000007 1.7335000000000003 0.077584702908662276 22.500000000000004 11.500000000000002 5.5000000000000009 1.8745000000000003 2 0.039175771358670571 46.500000000000007 1.8055000000000001 0.021699380946849204 -0.072948871453930572 9.5000000000000018 1.7435000000000003 1.9255000000000002 4.5000000000000009 -0.48104099140711137 19.500000000000004
decision_type=2 2 2 2 2 8 8 2 8 2 2 8 8 2 2 10 2 8 2 8 2 2 10 2 2 10 2 2 10 8 2 2 10 9 2 10 2 10 10 2 2 2 9 2 8 2 2 2 2 8 1 2 2 10 2 2 2 10 10 2 2 2
left_child=1 18 20 12 8 56 7 39 23 21 27 -12 -4 38 17 -16 -10 26 60 41 29 -8 -11 -3 25 -25 -15 58 43 30 -2 32 -32 34 -24 -36 -34 -38 40 -5 -14 -20 -43 57 -45 -31 47 -19 -49 50 54 53 61 -52 -50 -21 -6 -29 -7 -47 -1 -51
right_child=2 4 3 6 5 10 9 -9 16 22 11 -13 13 14 15 -17 -18 46 19 55 -22 -23 33 24 -26 -27 -28 28 -30 45 31 -33 36 -35 35 -37 37 -39 -40 -41 -42 42 -44 44 -46 59 -48 48 49 52 51 -53 -54 -55 -56 -57 -58 -59 -60 -61 -62 -63
leaf_value=-0.0016036875680002349 -0.00022950716205516887 -0.00053364759138583933 0.00059647173364676552 0.00049027919551375724 0.0010636928678027589 -8.6543215548588298e-05 -4.3704641074583901e-05 0.0023700138395180079 -0.0025392929967371827 0.0012898258014683963 -0.00012263261535228444 -0.00073319720664511898 -8.9969822250975307e-05 0.0010365904975022917 -2.4178105703870661e-06 -0.00058855271951294087 -0.00064244332021124275 -3.9947647085196599e-05 -0.00043274078007284918 -0.00085722691856451947 0.0013669160084501873 0.00018004285546716111 -5.4960378361607177e-05 0.0014151064735371619 -0.000631644076104253 -0.00020056555197532863 0.00023695254716456115 7.2410747582741811e-05 -0.00012414751480635205 -0.001491071916094938 9.7283556265481956e-05 0.0001535848858827306 -0.00085756438011076643 0.0003119750925473857 0.0035456498430564763 0.00092350160867017868 -1.1384052434895953e-05 -0.00085049849880851607 -0.00039061922289490309 0.0018727133730759048 0.00083968210135572016 4.4213444437540838e-05 -0.00031094406981184718 0.00087539742403659488 0.00012564794574157866 -0.0012236736758767172 -3.4122451692249856e-07 -9.8014742332298815e-06 0.00029860099706382906 6.2109171321069294e-05 0.00029895557292591602 0.00030362666574470408 -0.00028490404567149636 2.1247886767609689e-05 0.00073643720325186407 -0.00043953426865848359 0.0026472439521938447 -6.1760128280484967e-05 -0.00085980770268686939 -0.00026007286569932264 -0.00061822332148789749 0.00020557946009448617
leaf_weight=219 18559 4572 1557 1743 298 45062 7412 217 178 400 48784 1953 5777 497 52842 1899 334 14718 4983 1776 145 81053 225 125 1935 17764 8817 22941 14616 237 2784 5475 944 9982 102 296 1489 487 3145 140 300 3817 4772 442 15167 268 38938 18802 5795 58046 5410 10345 2470 17348 1901 5274 126 24570 356 1397 4943 11923
leaf_count=219 18559 4572 1557 1743 298 45062 7412 217 178 400 48784 1953 5777 497 52842 1899 334 14718 4983 1776 145 81053 225 125 1935 17764 8817 22941 14616 237 2784 5475 944 9982 102 296 1489 487 3145 140 300 3817 4772 442 15167 268 38938 18802 5795 58046 5410 10345 2470 17348 1901 5274 126 24570 356 1397 4943 11923
internal_value=-3.99835e-07 -0.000127926 7.24497e-05 9.32662e-05 -9.06652e-05 -5.93638e-05 0.000198444 0.000776681 -0.000309724 0.000186236 -6.32496e-05 -0.000146135 5.22617e-05 4.89898e-05 5.67901e-05 -2.27512e-05 -0.00130189 7.9118e-05 -0.000415828 -0.0003547 -0.000164695 0.000161296 0.000386718 -0.000288901 -0.000232455 -0.000189276 0.000279622 -2.91025e-05 7.99908e-06 -0.000171714 -0.000147569 -1.15368e-05 -0.000170029 0.000352655 0.000983644 0.00159551 -0.000424892 -0.00021819 -0.000162259 0.000593062 -4.40762e-05 -0.000255974 -0.000153421 3.85988e-05 0.000146879 -0.000549238 6.90613e-05 8.74753e-05 0.000101679 0.000120189 0.000202391 0.000154833 7.38911e-05 8.72642e-05 0.000406224 -0.000544757 0.00153428 3.02516e-06 -9.26043e-05 -0.000415175 -0.000660032 8.65571e-05
internal_weight=618892 225007 393885 362100 199223 174315 101570 2100 24908 99470 173891 50737 260530 258973 249751 54741 512 195010 25784 20622 31785 88465 11005 24396 19824 17889 9314 123154 77736 31640 29738 11179 5704 10605 623 398 2920 1976 9222 1883 6077 13572 8589 63120 15609 1902 185696 146758 132040 113238 40799 33103 72439 22758 7696 7050 424 47511 45418 1665 5162 69969
internal_count=618892 225007 393885 362100 199223 174315 101570 2100 24908 99470 173891 50737 260530 258973 249751 54741 512 195010 25784 20622 31785 88465 11005 24396 19824 17889 9314 123154 77736 31640 29738 11179 5704 10605 623 398 2920 1976 9222 1883 6077 13572 8589 63120 15609 1902 185696 146758 132040 113238 40799 33103 72439 22758 7696 7050 424 47511 45418 1665 5162 69969
cat_boundaries=0 68 146 147
cat_threshold=0 0 0 0 0 0 512 0 0 2 0 0 0 0 0 0 0 0 0 0 0 0 0 0 0 0 0 16777216 0 0 0 0 0 0 0 0 0 0 4194304 0 0 0 262144 0 0 0 0 0 0 0 2 0 0 0 0 0 0 0 32 0 0 0 0 0 0 0 0 134217728 0 0 2147483648 0 0 0 0 0 0 2 8 0 16384 0 524288 2048 0 1 0 0 0 0 0 16777216 0 0 0 0 0 0 0 0 0 0 2147483648 0 0 0 0 128 0 0 134218752 0 0 1073741824 0 0 4096 0 0 0 2048 0 1024 0 0 0 0 1024 8388608 0 3 0 268435456 0 0 69632 0 32768 0 0 262144 0 0 0 1073872896 16 14
is_linear=0
shrinkage=0.05


Tree=81
num_leaves=63
num_cat=4
split_feature=14 7 14 3 14 8 11 8 14 14 8 8 7 8 8 14 8 2 14 9 2 2 7 8 15 14 11 7 14 11 8 8 8 8 7 2 8 14 2 2 14 8 2 7 2 17 2 8 2 8 0 7 14 8 2 15 2 14 8 2 8 2
split_gain=2.09683 0.959914 0.816837 0.550029 0.290527 0.586219 0.294191 0.253963 0.221512 0.221046 0.215015 0.199504 0.192133 0.262537 0.163128 0.150865 0.139622 0.135383 0.13073 0.14839 0.147242 0.127683 0.124315 0.15649 0.120232 0.125985 0.225495 0.115591 0.114119 0.214111 0.191731 0.11171 0.198179 0.111633 0.131358 0.100496 0.203577 0.23736 0.147395 0.104908 0.138642 0.0981682 0.101296 0.0957226 0.0952294 0.0913943 0.0912599 0.163078 0.0914008 0.101718 0.161376 0.109682 0.093681 0.0892262 0.0863523 0.186855 0.0843613 0.0825897 0.0820982 0.0812044 0.0781024 0.0754046
threshold=-0.0770409914071115 5.5000000000000009 0.072034440725519691 10.500000000000002 -0.28537173491340556 1.4395000000000002 1.5832857142857144 1.6455000000000002 0.22173780145979918 0.14793099809798529 1.7185000000000004 1.7625000000000002 50.500000000000007 1.8175000000000001 1.5985000000000003 0.07998476930778288 1.6885000000000001 21.500000000000004 -0.41897855795156541 1.3595000000000004 5.5000000000000009 2.5000000000000004 11.500000000000002 1.6855000000000002 0 0.22173780145979918 1.9756428571428575 8.5000000000000018 0.005931058257267364 1.8447857142857147 1.7695000000000001 1.6995000000000002 1.8195000000000003 1.7885000000000002 41.500000000000007 3.5000000000000004 1.5695000000000003 -0.0037121059767608595 4.5000000000000009 5.5000000000000009 0.020539869191581243 1.4495000000000002 4.5000000000000009 37.500000000000007 6.5000000000000009 1 22.500000000000004 1.8225000000000002 6.5000000000000009 1.8745000000000003 2 46.500000000000007 0.038469967089536768 1.6485000000000001 3.5000000000000004 3 5.5000000000000009 0.035102566508092077 1.5085000000000002 20.500000000000004 1.9285000000000003 23.500000000000004
decision_type=2 2 2 2 2 8 10 8 2 2 8 10 2 8 10 2 10 2 2 8 2 2 2 10 9 2 10 2 2 10 8 8 10 8 2 2 10 2 2 2 2 10 2 2 2 9 2 8 2 10 1 2 2 10 2 9 2 2 8 2 10 2
left_child=3 8 12 18 6 -6 45 27 10 -9 15 -11 14 61 -3 35 -10 33 20 54 -1 -17 -16 -24 25 -13 -27 -4 29 -25 -30 -19 -33 58 59 -2 39 -38 -39 40 41 -37 -43 -26 -21 -5 47 -32 -49 50 -50 -51 -52 56 -20 -56 -40 -55 -7 -35 -61 -14
right_child=1 2 7 4 5 17 -8 9 16 11 -12 24 13 -15 22 21 -18 31 19 44 -22 -23 23 28 43 26 -28 -29 30 -31 46 32 -34 34 -36 36 37 38 53 -41 -42 42 -44 -45 -46 -47 -48 48 49 51 52 -53 -54 57 55 -57 -58 -59 -60 60 -62 -63
leaf_value=-0.0022348063052490806 -0.00032222467174913339 0.00076669818847691616 0.00087341469788428268 -0.00031076896274668826 0.0036358541154186243 0.00075435924482579984 -0.0029898278878025403 0.00014903258776502177 0.0027515167195244928 0.0020307455147559965 -0.0010902319428403519 6.4645636340816197e-05 -0.00011421577778000115 -0.0006759627965586746 -5.4302946409751738e-05 -0.00019265805274605355 0.0003004574124804128 -0.00017362168471398044 -0.00046688789657512608 -0.0010849481300752438 -0.00070920979243592529 0.00011916610576951931 0.00061378566444523965 4.7760003698445233e-05 0.00042236150765831524 0.0036033774212923808 0.00087732654514371543 0.0028543739045026567 0.00070575848779940288 -0.00014084680523618771 0.00031874989428850469 -0.0010267196605470679 -0.00012959268737960703 -0.00028804381528584641 -0.00092526342308982376 0.00011203645229686116 -0.0011003044870226335 -0.0012435008671434064 -0.00027264174177043149 0.00036992636666725615 0.00017582698581364577 -0.00059164473760235355 -0.00012285410847606812 9.4124105859432882e-05 -0.000460823630021737 -0.00079596320760877783 2.9003416522908854e-06 -3.9155430657781856e-05 0.00047226496511134351 7.9257863684289293e-05 1.1627222649778909e-05 -0.00031425464123256924 0.00024599566011096138 -0.0012150902361745557 0.00035764646245461853 -0.00035289742994867851 0.00016112878120431426 -0.0003291838009673707 -5.1679919221323494e-05 0.00043113772060138277 -0.0005903888946013167 -1.7871276260988157e-07
leaf_weight=198 14179 779 208 10633 104 318 107 118614 102 181 636 211 20609 1630 29572 5992 135 30732 7580 1251 786 7261 1245 73684 6773 102 296 114 1220 18909 7846 1092 1411 4284 687 1706 914 350 2330 1548 3594 2074 2593 3305 1195 1071 32066 13444 4202 52139 8703 1833 8359 307 1153 4558 2160 1839 48031 825 242 48870
leaf_count=198 14179 779 208 10633 104 318 107 118614 102 181 636 211 20609 1630 29572 5992 135 30732 7580 1251 786 7261 1245 73684 6773 102 296 114 1220 18909 7846 1092 1411 4284 687 1706 914 350 2330 1548 3594 2074 2593 3305 1195 1071 32066 13444 4202 52139 8703 1833 8359 307 1153 4558 2160 1839 48031 825 242 48870
internal_value=-3.79807e-07 4.3882e-05 6.62613e-05 -0.000191743 -0.000147168 -0.000115824 -0.000379973 0.000172295 -0.000169459 0.000168807 -0.00017707 0.000384631 2.39261e-05 -4.87199e-05 4.42637e-05 -0.000164673 0.00135534 -0.000120277 -0.000457089 -0.00042213 -0.00101619 -2.18171e-05 4.20413e-05 5.47803e-05 0.000356752 0.00103534 0.00157596 0.00157475 5.16511e-05 9.24342e-06 8.18998e-05 -0.000199783 -0.000520988 -7.16931e-05 -0.000274399 -0.00022103 -0.000147126 -0.000342598 -0.000243465 -1.30204e-05 -7.24968e-05 -0.000212537 -0.000331183 0.000314407 -0.00078003 -0.000356113 7.5981e-05 0.000100259 8.09274e-05 0.000102385 0.000195008 6.58934e-05 0.000126375 -0.00019072 -0.000356264 -0.000209437 -6.39682e-05 -0.000455919 -4.63785e-05 -0.000190836 0.000199451 -3.40046e-05
internal_weight=618892 502634 454914 116258 99537 87726 11811 129804 47720 129482 47483 10868 325110 71109 254001 46847 237 87622 16721 15737 984 13253 253222 223650 10687 609 398 322 222405 92593 129812 33235 2503 54387 6038 33594 19415 7900 6986 11515 9967 6373 4667 10078 2446 11704 128592 96526 88680 75236 21264 53972 17062 6636 13291 5711 4490 2146 48349 5351 1067 69479
internal_count=618892 502634 454914 116258 99537 87726 11811 129804 47720 129482 47483 10868 325110 71109 254001 46847 237 87622 16721 15737 984 13253 253222 223650 10687 609 398 322 222405 92593 129812 33235 2503 54387 6038 33594 19415 7900 6986 11515 9967 6373 4667 10078 2446 11704 128592 96526 88680 75236 21264 53972 17062 6636 13291 5711 4490 2146 48349 5351 1067 69479
cat_boundaries=0 68 69 70 147
cat_threshold=0 0 0 0 0 0 512 0 0 2 0 0 0 0 0 0 0 0 0 0 0 0 0 0 0 0 0 16777216 0 0 0 0 0 0 0 0 0 0 4194304 0 0 0 262144 0 0 0 0 0 0 0 2 0 0 0 0 0 0 0 32 0 0 0 0 0 0 0 0 134217728 16 14 0 0 2147483648 0 0 0 0 8 0 2 0 0 16384 0 0 2048 0 0 0 0 0 0 0 0 0 0 0 0 0 0 0 0 0 0 2147483648 0 0 0 0 0 0 0 0 0 0 0 0 0 0 0 0 0 0 0 0 0 0 0 0 0 0 0 1 0 2097152 0 0 65536 0 8388608 0 0 0 0 0 262144 131072
is_linear=0
shrinkage=0.05


Tree=82
num_leaves=63
num_cat=29
split_feature=8 13 7 13 2 15 10 12 10 13 16 0 15 9 0 15 2 8 8 7 3 2 8 16 13 15 15 0 15 15 9 15 12 15 8 0 15 15 8 0 13 8 9 15 0 2 8 15 8 8 8 0 15 15 2 15 0 8 2 15 0 15
split_gain=1.64645 0.662584 0.313523 0.210316 0.198592 0.178558 0.144354 0.113203 0.0987619 0.0882447 0.0877653 0.0808382 0.102564 0.0746453 0.0744375 0.0767251 0.0691345 0.111161 0.0688083 0.063204 0.0580306 0.0573165 0.0563729 0.0553479 0.0509048 0.0474763 0.0457297 0.0448137 0.044341 0.0434448 0.0411986 0.0402864 0.040073 0.0399482 0.0400673 0.0370127 0.0421631 0.0389609 0.0450627 0.0358615 0.0358138 0.0357407 0.0354567 0.04713 0.0330358 0.0327348 0.031927 0.0315069 0.0299666 0.0298624 0.0290631 0.0290397 0.0522643 0.0432026 0.0282583 0.02817 0.0276671 0.0266804 0.0258716 0.0345394 0.0263718 0.0436524
threshold=1.6695000000000002 1.8508886654934142 1.5000000000000002 1.7313513947794037 19.500000000000004 0 1.1020000000000001 1.2210833333333333 1.4185000000000001 1.8808204437217764 1 2 3 1.1355000000000002 4 5 7.5000000000000009 1.7095000000000002 1.8345000000000002 46.500000000000007 12.500000000000002 9.5000000000000018 1.4255000000000002 6 1.7712088497916894 7 8 9 10 11 1.5195000000000001 12 1.8562833333333335 13 1.9185000000000001 14 15 16 1.3795000000000002 17 1.8035893350394401 1.5865000000000002 1.4095000000000002 18 19 6.5000000000000009 1.5395000000000001 20 1.5495000000000003 1.6285000000000001 1.3495000000000001 21 22 23 1.5000000000000002 24 25 1.7185000000000004 24.500000000000004 26 27 28
decision_type=10 2 2 2 2 9 10 10 10 2 9 1 9 10 1 9 2 10 10 2 2 2 10 9 2 9 9 1 9 9 10 9 10 9 10 1 9 9 10 1 2 10 10 9 1 2 10 9 10 10 10 1 9 9 2 9 1 10 2 9 1 9
left_child=2 3 6 11 21 13 -1 26 40 23 39 -2 -13 -4 15 20 17 -14 -6 -16 -10 28 47 27 35 -20 44 -9 -3 56 45 -18 -17 -21 -35 37 -37 -25 -39 55 -5 46 43 -29 -7 -19 -24 -8 -26 -12 -38 52 -31 -53 -49 -11 -23 -30 59 60 -40 -62
right_child=1 4 5 8 18 7 22 9 14 10 49 12 16 -15 19 32 31 30 25 33 -22 29 41 24 48 -27 -28 42 57 51 -32 -33 -34 34 -36 36 50 38 58 -41 -42 -43 -44 -45 -46 -47 -48 54 -50 -51 -52 53 -54 -55 -56 -57 -58 -59 -60 -61 61 -63
leaf_value=-0.0016955992054396006 -0.00022082722660203948 0.00024359291862660561 -0.0019910388648356645 -5.6031363821525999e-05 0.00061140968384699448 -0.0001946285207610059 -0.00088464038524407808 -1.9641670123794451e-05 0.00029199571144903372 -0.00011779607314572904 0.0015404569737107853 1.9586682940877887e-05 -3.8352643386604269e-05 -0.00061363481929674899 3.9898545891403576e-05 1.149781023401276e-05 -4.0683181642156257e-06 -0.0011994868524244299 0.0003297630711087175 -0.0001766511039964299 0.00011070735312359876 0.00026292885378373669 -0.00029922283219823722 -0.00032376735289253098 0.00053411214924664152 0.00016388329811064368 -0.00020869017990526067 2.1243425138480585e-05 0.00038466706488891791 0.0002101359941654907 -0.00031961327228776168 -0.00013615187068670163 0.00013205064609218099 -4.5466056313729312e-06 -0.0002696252253883272 0.00014100727131996344 0.00073444460516232846 8.3870553738275646e-05 7.8155916226942084e-06 -8.1763040790943007e-05 3.1706736846096391e-05 -0.00070753996410006918 -0.00015203542990988817 -0.00031221932421387501 -0.00059646290764214143 -0.00060052706179860855 -0.00011489090327645707 -0.00050652748996085943 2.3848413044121593e-05 0.00058772628037744642 -8.7420798244130314e-05 -0.00013031707274585922 2.6456274404749288e-05 6.557521943408567e-05 -0.00031469561917748005 0.00054301240985572352 0.00011549196022375139 0.00010296786133465303 -1.8550284285196976e-05 -0.00027717883504816418 0.0001043518286794009 -0.00033849256465528875
leaf_weight=196 8453 12538 108 45265 1507 741 375 4755 5607 236 110 25001 1949 1102 129479 30319 9148 314 10256 4006 20751 5138 8015 2941 302 7576 3502 1230 889 9042 953 15673 8922 47138 1470 2246 108 2212 2753 1687 15653 434 23888 7928 1921 834 3323 3845 6090 326 26864 2996 6790 44558 3834 504 8509 15421 2651 5794 778 1938
leaf_count=196 8453 12538 108 45265 1507 741 375 4755 5607 236 110 25001 1949 1102 129479 30319 9148 314 10256 4006 20751 5138 8015 2941 302 7576 3502 1230 889 9042 953 15673 8922 47138 1470 2246 108 2212 2753 1687 15653 434 23888 7928 1921 834 3323 3845 6090 326 26864 2996 6790 44558 3834 504 8509 15421 2651 5794 778 1938
internal_value=-3.61326e-07 4.02004e-05 -0.000164329 6.62896e-06 0.000139648 -0.000129047 -0.00034533 -0.000121793 2.35483e-05 -0.000108379 0.000165011 -7.71492e-05 -5.45537e-05 -0.000730539 3.75757e-05 8.32396e-05 -0.000118741 -0.000310326 0.000286983 2.11195e-05 0.000149215 0.000112737 -0.000331981 -0.000116843 -8.46252e-05 0.000259565 -0.00032947 -0.000163378 0.000172852 9.02251e-05 -0.000562623 -8.75278e-05 3.88973e-05 -2.50902e-05 -1.25605e-05 -0.000102194 -6.67524e-05 -0.000156387 -0.000125679 4.57032e-05 -3.34869e-05 -0.000262243 -0.000184048 -0.00026775 -0.000485754 -0.000764354 -0.000245198 -0.000433912 4.79566e-05 0.000809527 -8.40987e-05 7.27629e-05 0.000131426 5.32088e-05 -0.000410215 0.000333507 0.000171153 0.00011825 -0.000159083 -0.000192161 -0.000101398 -0.000211722
internal_weight=618892 496155 122737 370935 125220 102715 20022 101505 308610 95341 2863 62325 53872 1210 247692 65599 28871 4050 19339 182093 26358 105881 19826 92478 54677 17832 6164 37801 28848 77033 2101 24821 39241 52614 48608 48285 29218 19067 16126 2427 60918 11772 33046 9158 2662 1148 11338 8054 6392 436 26972 63386 15832 47554 7679 740 13647 16310 13914 11263 5469 2716
internal_count=618892 496155 122737 370935 125220 102715 20022 101505 308610 95341 2863 62325 53872 1210 247692 65599 28871 4050 19339 182093 26358 105881 19826 92478 54677 17832 6164 37801 28848 77033 2101 24821 39241 52614 48608 48285 29218 19067 16126 2427 60918 11772 33046 9158 2662 1148 11338 8054 6392 436 26972 63386 15832 47554 7679 740 13647 16310 13914 11263 5469 2716
cat_boundaries=0 82 84 85 166 167 237 239 309 387 388 469 550 629 705 706 782 859 860 938 939 1009 1010 1084 1167 1231 1232 1313 1314 1330
cat_threshold=20971520 131072 0 0 0 0 0 0 33554432 0 0 0 917504 0 0 0 0 0 0 0 4096 2147483648 0 0 0 0 0 0 1048576 0 0 0 0 0 0 32 0 0 0 0 0 0 33554432 0 0 0 0 0 196608 0 65536 0 0 0 0 1024 0 0 0 256 67108864 0 0 0 2147483648 0 0 1073741856 0 0 0 0 0 0 268468224 32 0 262144 268435457 0 262144 2097152 1090519040 1296 6 0 16777216 0 0 0 134217728 0 0 0 0 0 24 16384 0 524288 0 134217728 0 0 0 0 0 16384 16384 0 0 0 16777216 0 0 0 0 0 0 33554432 0 32 0 0 0 0 0 0 0 0 0 0 0 0 0 16384 0 0 16 0 0 2147483648 0 131072 1024 0 0 2147500032 0 3145728 0 73728 134221824 0 8454144 0 0 0 0 32768 0 0 0 0 0 16384 36 0 0 0 0 0 0 0 0 96 1024 0 1024 16384 0 524288 0 134217728 0 0 0 0 67108864 0 0 0 0 0 0 0 0 0 0 0 0 2181038088 0 0 0 0 0 0 0 201326592 0 0 0 0 0 0 2147483648 2 2101248 0 2097152 8 1073741824 0 0 16777248 12582912 0 0 16384 0 3145728 0 65536 0 0 8388608 1230086244 276818 0 0 0 0 0 0 0 0 0 0 0 8 16384 0 0 2048 0 0 1 0 0 0 0 0 0 0 0 0 0 0 0 0 0 0 2181038080 0 64 0 0 131072 0 0 1024 0 0 0 0 0 0 0 2 0 0 0 8 0 0 0 0 0 0 0 0 0 3145728 0 65536 4096 0 8388608 0 0 0 0 0 0 0 0 0 0 0 0 0 0 0 0 0 0 0 0 0 0 33554432 0 0 0 0 0 0 0 0 0 0 0 0 0 1 2147483648 0 0 0 0 0 0 0 0 0 0 262144 0 0 0 0 0 0 0 0 0 0 0 0 0 0 16 0 0 524288 4096 0 0 0 0 0 0 131072 0 0 286261248 1 0 16777216 2147484672 0 0 16777216 0 256 0 1026 0 1048 0 0 524288 0 0 0 1 0 0 0 33554432 0 0 0 0 0 0 0 0 0 8 0 2190475264 0 0 0 0 32768 0 0 0 0 0 0 0 0 2147483648 0 16387 0 0 0 0 0 0 0 32 4195328 0 0 0 0 0 0 0 0 0 8388608 0 0 0 0 131072 33554432 0 16 0 0 65544 0 335544320 0 0 0 16777216 0 256 81920 0 524296 64 0 0 0 2048 0 0 1 0 0 100665344 0 16384 0 0 0 0 0 0 0 0 0 0 33554432 0 0 0 0 0 2097152 0 0 0 0 0 65600 8 0 536870912 0 0 0 0 0 0 16 0 32 16384 0 0 0 0 0 0 0 1207967744 0 0 0 0 16 0 163840 0 0 16 0 0 65536 0 67108864 0 32 0 16777216 0 0 16384 0 16777224 8192 0 0 0 2048 0 1 0 0 0 0 0 0 0 0 0 0 0 0 0 0 0 0 262144 0 0 0 0 0 0 67371008 67109888 0 0 0 0 0 134217728 128 1073741824 262144 0 0 0 0 1024 0 16777216 16384 0 0 32768 4194304 0 2147484672 67111168 1073741824 0 0 256 0 0 0 0 0 0 0 32 0 0 268435456 1048576 0 0 0 0 0 2 0 1090 0 0 0 0 0 0 1 0 0 0 0 16777216 0 0 0 0 0 0 0 268435456 0 0 0 0 64 0 0 0 0 0 0 0 64 0 134217728 16 67108864 2097152 1610612736 0 0 0 0 0 0 0 0 17408 8388608 0 100679680 32768 2097152 1024 532480 135168 134217728 0 0 0 0 0 0 33554432 6 0 0 1024 0 0 0 0 0 0 0 0 33554440 0 0 524288 0 0 0 0 0 0 0 0 0 0 0 0 134217728 0 0 0 0 0 0 2147483648 0 0 0 0 128 0 0 0 33554432 0 0 64 0 2214596608 0 0 1048576 2048 0 32768 0 0 0 0 0 0 2097152 0 0 2097152 0 2147491840 262144 512 65536 0 0 0 0 0 33619968 524288 268435456 2147483648 0 0 0 0 0 10485824 1024 9 26 512 0 0 0 0 0 1 0 0 0 0 0 0 0 0 0 0 0 0 0 8 0 2189426688 0 0 0 0 0 128 0 0 0 0 0 16 0 0 0 2 0 0 0 32768 0 0 0 0 0 0 0 2147516416 0 2097152 0 532480 0 512 0 0 0 0 0 0 0 8192 18 0 0 2147483648 0 0 16777216 32 8 0 2 8 0 16384 0 524288 0 0 1073741824 0 0 0 0 0 32 0 0 0 0 0 0 0 0 0 0 2147483648 0 0 0 0 0 0 0 1028 1024 0 0 0 2064 0 0 0 0 0 0 0 0 0 0 16384 1024 0 0 0 0 0 1073741828 32 69632 0 0 0 0 0 0 0 0 1073741856 5242896 5 0 0 0 0 0 0 0 0 0 0 0 2 0 0 0 2048 0 0 0 0 0 0 0 0 0 0 0 0 0 0 0 0 0 0 0 0 0 0 0 0 0 0 0 0 0 0 0 0 0 0 0 0 0 0 0 0 0 0 0 0 0 0 0 0 0 0 0 0 0 8388608 10 0 0 0 0 0 0 0 0 0 1024 4194304 26 16896 0 524288 0 0 0 0 0 0 0 16384 0 0 0 0 0 0 0 0 268435456 0 0 2147483648 0 64 0 0 32768 512 0 1024 0 0 0 0 16 0 0 0 0 0 0 0 1073741824 0 2097152 1 4194304 0 2097152 0 0 3145728 0 65536 4096 512 8388608 0 0 0 33554432 0 0 2415919104 0 0 0 0 8 0 0 0 0 0 0 0 0 0 0 0 0 0 0 16384 131072 0 0 0 16777216 0 0 0 0 0 0 8 0 64 0 0 0 4210688 16 0 2147483648 8388612 0 0 16 8192 0 0 2359296 0 16 0 264192 0 0 65536 0 0 0 33554432 8388608 2097152 0 0 4096 0 1 0 128 0 0 16384 0 0 0 0 0 0 0 50331648 0 0 0 0 0 0 0 0 0 0 0 8 0 0 0 2048 0 0 0 0 0 0 0 0 0 0 0 0 0 0 0 0 0 0 0 0 0 0 0 0 0 0 0 0 0 0 0 0 0 0 0 0 0 0 0 0 0 0 0 0 0 0 0 4 104 0 0 0 0 0 0 0 256 0 0 4194304 0 0 0 0 2048 0 0 0 0 0 0 16384 0 0 0 0 0 0 0 0 0 0 0 0 0 0 0 0 0 8 0 0 0 0 0 64 2064 0 0 0 0 0 0 0 0 0 2097152 0 4194304 8388608 0 67108864 0 1048576 0 0 0 0 8388608 0 0 0 0 0 33554432 0 0 0 0 65536 4 0 0 0 0 0 0 0 0 0 0 0 0 0 0 0 2048
is_linear=0
shrinkage=0.05


Tree=83
num_leaves=63
num_cat=0
split_feature=14 13 13 8 14 2 14 8 8 13 8 14 13 8 8 8 13 14 8 14 8 13 2 13 14 14 13 14 8 13 8 14 8 8 14 8 13 13 8 8 14 8 8 2 8 8 13 14 13 8 8 13 11 8 13 13 13 2 2 8 13 13
split_gain=1.8393 0.818677 0.630338 0.479003 0.470677 0.294817 0.270453 0.246394 0.228982 0.234996 0.267766 0.211384 0.170851 0.308146 0.163822 0.152494 0.246371 0.147878 0.16463 0.289161 0.143295 0.184608 0.159058 0.141391 0.201533 0.135663 0.134312 0.130327 0.243871 0.139094 0.130043 0.1726 0.124975 0.124916 0.132497 0.123104 0.189156 0.121685 0.119583 0.118999 0.117859 0.12806 0.123305 0.117571 0.162579 0.11598 0.122193 0.108615 0.103202 0.109419 0.10491 0.100391 0.100223 0.100112 0.0975566 0.092785 0.0915633 0.0888297 0.0886804 0.0881098 0.0879936 0.0879586
threshold=0.0095398691915812312 1.7267332674126126 1.7783277951588177 1.7905000000000002 -0.13428537068007781 3.5000000000000004 0.12181456336227993 1.5795000000000001 1.5655000000000003 1.8411380396533612 1.7095000000000002 -0.12788527009430159 1.8538499140524283 1.8835000000000002 1.7725000000000002 1.7795000000000003 1.7748379703175199 0.11773075577083526 1.7855000000000001 0.22173780145979918 1.8745000000000003 1.8657678508960227 19.500000000000004 1.9181177618160861 -0.18402533651879779 -0.069341037599195729 1.890186014534385 -0.48104099140711137 1.2795000000000003 1.8710351686054125 1.9195000000000002 0.18736881747616344 1.5455000000000003 1.9045000000000003 0.067061303704771605 1.7195000000000003 1.7965040282710272 1.8296745792475027 1.8425000000000002 1.7555000000000003 -0.043690086382429098 1.8185000000000002 1.8175000000000001 5.5000000000000009 1.6295000000000002 1.8555000000000004 1.7516683354102367 -0.10356540991125172 1.761051224599248 1.7455000000000003 1.7095000000000002 1.9181177618160861 1.3710714285714289 1.6355000000000002 1.7989173714657982 1.8462092085444868 1.7275420727495701 12.500000000000002 7.5000000000000009 1.4695000000000003 1.8657678508960227 1.890186014534385
decision_type=2 2 2 8 2 2 2 10 8 2 10 2 2 10 8 8 2 2 8 2 10 2 2 2 2 2 2 2 10 2 10 2 8 8 2 10 2 2 10 8 2 10 10 2 8 8 2 2 2 10 10 2 8 10 2 2 2 2 2 10 2 2
left_child=1 11 5 7 14 52 12 -4 -6 15 -11 -1 33 26 27 25 -17 32 19 -19 22 -22 40 24 -16 35 -14 -3 -29 -30 31 55 -7 34 38 -10 -37 -36 -5 -13 41 47 -42 53 -45 56 -47 -12 49 -27 -50 -32 -2 -34 -9 -8 -46 -35 -20 -31 -43 -49
right_child=2 4 3 6 8 17 30 54 9 10 20 39 13 -15 23 16 -18 18 58 -21 21 -23 -24 -25 -26 48 -28 28 29 59 51 -33 43 57 37 36 -38 -39 -40 -41 42 60 -44 44 45 46 -48 61 50 -51 -52 -53 -54 -55 -56 -57 -58 -59 -60 -61 -62 -63
leaf_value=-0.00050365730037171428 0.00057887943648160837 -0.00045787040354685672 0.003106564151138351 0.00014976096811710555 0.0011760775851259702 0.00032797269801893833 0.00045067916667759225 0.00044826599019914928 -7.1085224195995551e-05 0.00082281999314797155 -0.00015644220127824298 -0.00023281313651369687 0.00049772925265938466 0.00014720084677150665 -0.0030574497663846995 -0.0006289073534257244 -0.00012402128970382851 0.00039189433301786106 -0.00056584824958262332 0.0025030818354300505 -0.00081833668185898314 -6.7111257408777685e-05 0.00044329099248885737 -6.4659873431474951e-05 -0.00084614276052202484 -3.3096481527940679e-05 0.0013475355874277182 0.0020359932540450244 -0.00022502680709839641 0.00079931495525928918 0.00018895021274914224 0.0022761222283957643 -0.00012414813783737948 -0.00019703532470649661 0.00015088144888292202 -0.00081820807585266254 -0.0001674353502361559 0.00049882183000987039 -2.8637154909365396e-06 -0.0017848435169716759 0.00045620947036198076 -0.0008655641957405404 9.4027051177381709e-05 0.00050876499056018258 -7.2761437201960714e-05 -0.00081975629119923751 -0.00011514469726704763 6.9302205821937152e-05 0.00029436012059384743 -0.00038259409484785027 3.2265882700905171e-05 0.00055926853946721149 -0.00021321669834376244 -0.00067786532048227282 0.0011223593955680276 0.0017814145854893413 4.4677483197209444e-05 2.444434076929131e-05 0.0001230112703866099 -3.1015992627321238e-06 -0.00016086102357287083 0.00045967633723428245
leaf_weight=9972 409 4418 115 20206 393 2982 3555 1273 44419 1111 5140 30890 2866 57736 121 2703 22777 2844 495 172 907 8316 2756 443 694 24090 555 125 26295 366 13267 142 5954 5875 28589 1392 5644 2755 35176 124 2915 484 12124 1627 20908 665 8233 15414 4376 2469 29946 2123 16922 946 928 136 80501 19734 8320 5241 5226 1592
leaf_count=9972 409 4418 115 20206 393 2982 3555 1273 44419 1111 5140 30890 2866 57736 121 2703 22777 2844 495 172 907 8316 2756 443 694 24090 555 125 26295 366 13267 142 5954 5875 28589 1392 5644 2755 35176 124 2915 484 12124 1627 20908 665 8233 15414 4376 2469 29946 2123 16922 946 928 136 80501 19734 8320 5241 5226 1592
internal_value=-3.44688e-07 -9.74055e-05 7.62031e-05 0.00013558 -6.09965e-05 -4.99122e-07 0.00012699 0.000850366 -2.96092e-05 -3.20542e-05 5.43305e-05 -0.000303406 0.000107274 0.000174521 -0.000222661 -6.71462e-05 -0.000177581 2.46615e-05 0.000193427 0.000512294 3.87714e-05 -0.000140988 7.50886e-05 -0.00078364 -0.00117445 -4.20974e-05 0.000635596 -0.000203297 -0.00016818 -0.000176816 0.000304936 0.000565522 8.27066e-06 7.06631e-05 9.93144e-05 -0.000101865 -0.000296184 0.000181464 5.28211e-05 -0.000239018 5.14316e-05 -9.46571e-06 0.000164229 2.48109e-07 1.2596e-05 5.27765e-06 -0.000167804 4.49705e-05 8.41699e-06 -6.55868e-05 6.56825e-05 0.000240034 -0.000194524 -0.000200064 0.000732482 0.000499712 2.04645e-05 -2.63656e-05 8.43289e-05 4.92766e-05 -0.000220594 0.000105847
internal_weight=618892 272883 346009 195031 231897 150978 192715 2316 194194 193801 55985 40986 173492 61157 37703 137816 25480 133647 11831 3016 54874 9223 45651 1258 815 112336 3421 36445 32027 31902 19223 3833 121816 112335 86726 51455 7036 31344 55382 31014 42895 27856 15039 118834 111934 110307 8898 22146 60881 26559 34322 15390 17331 6900 2201 3691 101409 25609 8815 5607 5710 17006
internal_count=618892 272883 346009 195031 231897 150978 192715 2316 194194 193801 55985 40986 173492 61157 37703 137816 25480 133647 11831 3016 54874 9223 45651 1258 815 112336 3421 36445 32027 31902 19223 3833 121816 112335 86726 51455 7036 31344 55382 31014 42895 27856 15039 118834 111934 110307 8898 22146 60881 26559 34322 15390 17331 6900 2201 3691 101409 25609 8815 5607 5710 17006
is_linear=0
shrinkage=0.05


Tree=84
num_leaves=63
num_cat=2
split_feature=14 3 7 14 14 8 14 8 8 15 8 7 7 8 9 8 8 14 2 10 8 8 14 7 8 14 8 8 8 2 8 14 8 7 7 8 2 15 7 8 8 7 14 2 14 2 8 8 2 7 8 14 2 7 14 7 14 7 14 7 2 8
split_gain=1.68733 0.623898 0.583033 0.554651 0.311967 0.341514 0.237877 0.371047 0.183966 0.146145 0.144071 0.21378 0.143807 0.210887 0.142809 0.138531 0.129608 0.125948 0.129886 0.122741 0.11908 0.118733 0.106136 0.11007 0.105468 0.103538 0.115743 0.113068 0.103476 0.115866 0.102284 0.101914 0.223621 0.108236 0.0916511 0.0876378 0.0868426 0.157125 0.0844778 0.164073 0.0842614 0.0838934 0.0975054 0.0810455 0.0804197 0.0790094 0.105433 0.07886 0.0782548 0.0869109 0.119744 0.0927773 0.0875846 0.0943716 0.100183 0.0966474 0.0813229 0.113773 0.0775561 0.0757451 0.0868844 0.0950845
threshold=-0.03721763971805702 10.500000000000002 3.5000000000000004 0.078640726544305775 -0.14748851973673668 1.5355000000000001 0.22173780145979918 1.8895000000000002 1.7655000000000001 0 1.5655000000000003 6.5000000000000009 50.500000000000007 1.8185000000000002 1.7585000000000002 1.6095000000000004 1.6995000000000002 -0.41897855795156541 5.5000000000000009 1.3495000000000001 1.7455000000000003 1.6255000000000002 0.13353799147561188 8.5000000000000018 2.1595000000000004 0.080723120531272521 1.4155000000000002 1.5695000000000003 1.7775000000000001 7.5000000000000009 1.7255000000000003 -0.48104099140711137 1.2795000000000003 48.500000000000007 5.5000000000000009 1.6385000000000003 3.5000000000000004 1 50.500000000000007 1.7095000000000002 1.8085000000000002 9.5000000000000018 -0.018075332789834416 21.500000000000004 0.041699380946849114 6.5000000000000009 1.7195000000000003 1.3995000000000002 22.500000000000004 11.500000000000002 1.8545000000000003 0.046331873364415473 5.5000000000000009 46.500000000000007 0.013161975192448773 15.500000000000002 -0.0045751564897839039 41.500000000000007 0.0040525626340125473 46.500000000000007 6.5000000000000009 1.9085000000000003
decision_type=2 2 2 2 2 8 2 10 8 9 8 2 2 10 8 8 10 2 2 8 8 8 2 2 10 2 10 10 10 2 10 2 10 2 2 10 2 9 2 8 8 2 2 2 2 2 10 10 2 2 8 2 2 2 2 2 2 2 2 2 2 8
left_child=1 17 21 10 8 -6 15 -8 31 -10 44 16 20 -14 43 -5 58 18 -1 36 41 25 23 28 -9 27 -27 -2 45 -30 -24 -3 -33 -34 -32 -35 -19 47 -16 -40 -25 -13 -43 -7 -4 46 -17 -38 49 -22 51 52 -51 54 55 -54 57 -52 -12 60 -58 -62
right_child=2 4 3 6 5 14 7 24 9 -11 11 12 13 -15 38 22 -18 19 -20 -21 48 -23 30 40 -26 26 -28 -29 29 -31 34 32 33 35 -36 -37 37 -39 39 -41 -42 42 -44 -45 -46 -47 -48 -49 -50 50 56 -53 53 -55 -56 -57 59 -59 -60 -61 61 -63
leaf_value=-0.0020595621029306037 -0.00021577937171061979 -0.00043497688324307623 0.00027736297301167808 0.00080712050306445569 0.00224534492811003 1.7172043024796173e-05 0.0024287009009105322 0.00027339387187661531 -0.0026873420124945121 -0.00068618804608268867 -0.00037706750061375967 8.3103584445555598e-05 -1.3910590799239175e-05 -0.00056143723668597022 -0.00010237670599245013 -2.4479091373263638e-05 -0.00072576438713215115 -0.00039027357657516929 -0.00062670112677206704 -0.0005624929612844386 -4.3127367754996068e-05 -0.0011061019517607444 0.00098637627101828417 0.0005179459354482253 0.0014885912414497509 0.0014086764306251798 -4.9890950116439028e-05 -0.001126424100846049 -0.001232405609658195 -0.00015814294767083851 -0.00064031858315690348 0.0019341935803182425 -0.00014692438981194297 -0.00040176697389611492 0.00025627725197276488 -0.0017945447606313178 0.00042825657289152015 -0.00032562742173947276 -0.00020321787262008947 -0.00098538961026974916 0.00013870356953783747 0.00025567728186055361 0.00079919679893161342 -8.9238247188400474e-05 0.0010705293178631572 0.00025327185269182747 -0.0012996597146895323 -7.5873548257771698e-05 -1.0724227054678991e-05 -1.8341480363103691e-05 -5.0893335220784442e-05 0.00031810379818655773 1.2398086836009265e-06 6.1038488900679754e-05 0.00045471495033661756 0.00026192888099216353 -7.6719911443664542e-05 -0.00070122837526443858 -5.6593130358220358e-05 -0.00012052593299567993 0.00014983203816501935 3.4850489525821626e-05
leaf_weight=198 16627 4418 2785 802 161 53485 272 1384 103 637 2455 4695 60838 1811 41033 2572 1001 9218 786 4839 16835 336 473 1491 205 138 9447 348 270 3567 290 125 23077 3259 16617 117 1170 6247 5279 768 82886 3497 1080 26890 361 3509 173 2302 43992 9907 6026 6283 5554 16235 3800 9880 9147 757 8172 5667 32799 39796
leaf_count=198 16627 4418 2785 802 161 53485 272 1384 103 637 2455 4695 60838 1811 41033 2572 1001 9218 786 4839 16835 336 473 1491 205 138 9447 348 270 3567 290 125 23077 3259 16617 117 1170 6247 5279 768 82886 3497 1080 26890 361 3509 173 2302 43992 9907 6026 6283 5554 16235 3800 9880 9147 757 8172 5667 32799 39796
internal_value=-3.27454e-07 -0.000127197 5.33966e-05 6.82647e-05 -9.09153e-05 -5.60279e-05 0.00016159 0.00072227 -0.000231204 -0.00101032 3.18376e-05 2.81896e-05 3.69565e-05 -2.9738e-05 -5.8935e-05 0.000152327 -0.00018186 -0.000360698 -0.000915021 -0.000337756 5.63051e-05 -0.000172083 0.000147632 0.000126741 0.000430169 -0.000160267 -2.88912e-05 -0.000234448 -2.93247e-05 -0.000233736 0.000261187 -0.000212603 -0.000175639 -0.000185608 0.000240898 -0.000450036 -0.000280329 -0.000176052 -0.000128088 -0.000302558 0.000145405 0.000231601 0.000383927 -1.84282e-05 0.000368378 9.60872e-05 -0.000104846 9.3739e-05 4.8441e-05 6.44399e-05 7.6856e-05 0.000138031 0.000113097 0.00014981 0.000224741 0.000168119 4.33047e-05 -0.000123472 -0.000130628 5.62468e-05 6.8502e-05 8.68001e-05
internal_weight=618892 184112 434780 407884 159352 127616 114511 1861 31736 740 293373 290227 278599 62649 127455 112650 11628 24760 984 23776 215950 26896 111848 94468 1589 26560 9585 16975 10091 3837 17380 30996 26578 26453 16907 3376 18937 9719 47080 6047 84377 9272 4577 80375 3146 6254 2745 3472 206678 162686 145851 51659 45376 35469 19234 15434 94192 6783 10627 87409 81742 72595
internal_count=618892 184112 434780 407884 159352 127616 114511 1861 31736 740 293373 290227 278599 62649 127455 112650 11628 24760 984 23776 215950 26896 111848 94468 1589 26560 9585 16975 10091 3837 17380 30996 26578 26453 16907 3376 18937 9719 47080 6047 84377 9272 4577 80375 3146 6254 2745 3472 206678 162686 145851 51659 45376 35469 19234 15434 94192 6783 10627 87409 81742 72595
cat_boundaries=0 70 148
cat_threshold=0 0 0 0 0 0 0 0 0 2 0 0 0 0 0 2048 0 0 0 0 0 0 0 0 0 0 0 0 0 0 0 0 0 0 0 0 0 0 0 0 0 0 1024 0 0 0 0 0 0 0 0 0 0 0 0 0 0 0 0 0 0 0 0 0 0 0 0 0 0 8388608 0 0 2147483648 0 0 0 0 8 0 2 0 0 16384 0 524288 2048 0 1 1 0 0 0 0 16777216 0 0 0 0 0 0 0 0 0 0 2147483648 0 0 0 0 32896 512 0 134218752 0 0 0 65536 0 4096 0 0 0 2048 0 1024 0 0 0 0 0 0 0 1 0 270532608 0 0 69632 0 8454144 0 0 0 0 0 262144 131072 16
is_linear=0
shrinkage=0.05


Tree=85
num_leaves=63
num_cat=4
split_feature=14 3 7 14 8 14 8 16 8 14 7 8 14 10 14 7 14 8 14 8 14 8 11 14 8 14 8 11 2 14 8 2 9 14 8 7 8 7 14 7 2 15 15 8 7 7 8 14 7 8 8 3 8 8 7 8 14 8 2 15 8 2
split_gain=1.54317 0.607225 0.480362 0.451326 0.332262 0.330683 0.399424 0.209807 0.180241 0.159817 0.15034 0.240709 0.128402 0.12943 0.125987 0.134304 0.100347 0.121123 0.0998838 0.101909 0.0965667 0.166825 0.0960258 0.0956295 0.0989598 0.0949331 0.22638 0.0932541 0.0918759 0.130641 0.109054 0.0915206 0.0898102 0.0891318 0.0882873 0.0881437 0.0857964 0.0952709 0.0836252 0.0829852 0.0798921 0.121655 0.0787039 0.0771272 0.0768319 0.0936156 0.0936738 0.121979 0.0766684 0.0765442 0.0755782 0.0762454 0.148442 0.0828645 0.0727745 0.0710132 0.0692076 0.0943162 0.0674691 0.0673539 0.0637102 0.0631134
threshold=-0.01931780535522087 10.500000000000002 4.5000000000000009 0.099250300693461427 1.7055000000000002 -0.18402533651879779 1.5455000000000003 0 1.6065000000000003 0.18736881747616344 46.500000000000007 1.7825000000000002 -0.18402533651879779 1.3495000000000001 0.059613067700478924 6.5000000000000009 0.14793099809798529 1.7935000000000001 0.22173780145979918 1.6255000000000002 -0.22109152146568353 1.7095000000000002 1.8405000000000002 -0.075405580843264305 1.6295000000000002 -0.52701264904174339 1.2655000000000001 1.2462857142857147 2.5000000000000004 0.077584702908662276 1.5355000000000001 4.5000000000000009 1.8595000000000004 0.077584702908662276 1.4895000000000003 9.5000000000000018 1.7195000000000003 36.500000000000007 0.056424843510216045 8.5000000000000018 2.5000000000000004 1 2 1.4595000000000002 41.500000000000007 6.5000000000000009 1.9345000000000001 0.22173780145979918 29.500000000000004 2.1940000000000004 2.0895000000000006 10.500000000000002 1.8275000000000003 1.7885000000000002 50.500000000000007 1.8055000000000001 -0.090451543484547967 1.7095000000000002 7.5000000000000009 3 1.8545000000000003 4.5000000000000009
decision_type=2 2 2 2 8 2 8 9 8 2 2 8 2 8 2 2 2 10 2 8 2 8 10 2 10 2 8 10 2 2 10 2 8 2 10 2 10 2 2 2 2 9 9 10 2 2 10 2 2 10 8 2 10 10 2 8 2 10 2 9 10 2
left_child=1 12 18 8 9 7 34 25 35 39 22 56 42 27 15 -10 50 -18 19 28 21 -9 23 24 -8 -3 -27 -14 -2 30 31 38 59 -21 -7 -4 48 -38 43 -5 -29 -42 -1 -30 45 -19 47 -47 -25 -48 51 53 -53 -6 -34 -56 57 -12 -55 -17 -39 -35
right_child=2 5 3 4 16 6 10 20 14 -11 11 -13 13 -15 -16 32 17 44 -20 33 -22 -23 -24 36 -26 26 -28 40 29 -31 -32 -33 54 61 -36 -37 37 60 -40 -41 41 -43 -44 -45 -46 46 49 -49 -50 -51 -52 52 -54 58 55 -57 -58 -59 -60 -61 -62 -63
leaf_value=-0.0012742770459246888 -0.00021780821816037258 -0.00049933312601989387 0.00044979512681102393 0.00069102499489026668 0.00013659551102951053 0.0024841225712277297 0.00025775137433574249 -0.00068486041535363389 -0.00023696906576750449 0.0028445970593169571 -0.00016127905375944848 -0.00072346402867356141 0.00090197345003839515 -0.00047121358466009616 8.8407549701410295e-05 0.00028213296975374848 0.0011883996016710207 -0.00048448746226526716 0.0012051890511065723 -0.0013821920730679492 -0.00033772587441961894 -0.0024079041998345402 -0.00018441602337621296 0.00011817102605893895 -7.282212886076791e-05 0.0017453581567771167 -0.00015697949821975629 -0.00036921595583846805 0.00022632974399310163 0.00018893280688005881 -0.00027060097023695341 0.00047623724642745376 5.4183387396549092e-06 -0.0010537446109832244 0.000967472994532608 0.001952892173368719 -4.4601110700355446e-05 0.0001434201392369044 0.00043444770869915201 0.0021724610707476838 7.786773349987811e-05 -0.00026342565037262177 -0.00049264507586076537 -0.00022248326451451106 5.6503171548127291e-05 0.00058875813746570146 0.00025905228228245898 0.0022683676629273119 0.00054793170139615739 0.0014518228267990999 -0.001095580917298178 0.00082714675820659989 0.00016189776641469761 -0.0010751462654225469 -8.648049689834239e-05 -0.00047383858483586574 -6.1662275178120694e-05 -0.00070555672937537366 -0.00018690379680459584 4.9621709494173642e-05 -0.0002566682654177314 -0.00022106536487868954
leaf_weight=346 12069 2054 1838 758 2442 140 2367 2016 4882 117 16614 1647 189 6084 112416 3194 387 311 140 243 2259 151 8698 8403 51991 158 15328 5595 1232 4645 6293 933 64148 272 305 103 29781 13074 768 108 4130 7084 4880 4292 2683 2087 5311 114 1184 138 121 855 43578 251 8841 1366 29408 836 1442 113245 1077 1393
leaf_count=346 12069 2054 1838 758 2442 140 2367 2016 4882 117 16614 1647 189 6084 112416 3194 387 311 140 243 2259 151 8698 8403 51991 158 15328 5595 1232 4645 6293 933 64148 272 305 103 29781 13074 768 108 4130 7084 4880 4292 2683 2087 5311 114 1184 138 121 855 43578 251 8841 1366 29408 836 1442 113245 1077 1393
internal_value=-2.24555e-07 -0.000108127 5.7553e-05 7.36605e-05 0.000198336 -7.55373e-05 -5.13476e-05 -0.000257818 4.92496e-05 0.00111011 -5.53803e-05 -0.000129353 -0.000323979 -0.000273309 4.62237e-05 2.1989e-05 0.000183328 0.000319494 -0.000127441 -0.000133246 -0.000565193 -0.000804925 -2.46016e-05 -1.17159e-05 -5.84274e-05 -0.000179832 -0.00013757 -0.000202474 -0.000110879 -3.98268e-05 -0.000118432 1.41073e-05 2.86151e-05 -0.00048765 0.00144462 0.000529558 3.57279e-05 6.15445e-06 -5.4419e-05 0.000875777 -0.000214893 -0.000137896 -0.000547776 -0.000122386 0.000287902 0.000365888 0.000400459 0.000675753 0.000171247 0.00028926 0.000152478 0.000155588 0.000174699 -4.97729e-05 -1.43133e-05 -0.000138321 -0.00010847 -0.000187354 -0.000318592 5.60281e-05 0.00011297 -0.000357095
internal_weight=618815 215799 403016 370736 60703 187491 165525 21966 310033 983 165080 48505 28308 23082 308092 195676 59720 11031 32280 32140 4426 2167 116575 107877 54358 17540 15486 16998 30232 18163 13518 7225 190794 1908 445 1941 53519 43932 6292 866 16809 11214 5226 5524 10644 7961 7650 2201 9587 5449 48689 48568 44433 4135 74355 10207 46858 17450 1693 116439 14151 1665
internal_count=618815 215799 403016 370736 60703 187491 165525 21966 310033 983 165080 48505 28308 23082 308092 195676 59720 11031 32280 32140 4426 2167 116575 107877 54358 17540 15486 16998 30232 18163 13518 7225 190794 1908 445 1941 53519 43932 6292 866 16809 11214 5226 5524 10644 7961 7650 2201 9587 5449 48689 48568 44433 4135 74355 10207 46858 17450 1693 116439 14151 1665
cat_boundaries=0 2 79 158 241
cat_threshold=16917520 65808 0 0 2147483648 0 0 0 0 0 0 2 0 0 16384 0 524288 2048 1048576 1073741825 0 0 0 0 0 0 0 0 0 0 0 0 0 0 0 0 2147483650 0 0 0 0 128 0 0 134217728 2147483648 0 1073741824 0 0 2147487744 0 0 0 2048 0 0 0 0 0 0 0 8388608 0 1 8388608 270532608 0 0 69632 0 98305 0 0 262144 0 0 0 1073872896 0 0 0 0 0 0 0 0 0 0 0 0 524288 0 0 0 0 0 0 0 0 0 0 0 0 0 0 0 0 0 0 0 0 0 0 0 0 0 0 0 0 0 1024 0 0 0 0 0 0 0 0 0 0 0 0 0 0 0 0 0 0 0 0 0 0 0 524288 4096 0 0 0 0 0 0 0 0 0 0 1 0 0 0 0 0 0 0 0 0 130 0 2 0 0 0 0 262144 1 0 0 0 4194304 0 36864 0 0 0 32 0 0 0 0 0 0 0 0 524864 0 0 32768 0 0 0 0 0 134217736 0 0 0 65536 16777216 0 0 0 0 1073743872 0 0 0 0 0 2097152 2147483648 0 0 0 0 4096 0 268435456 33554432 0 0 0 32768 0 0 16 0 0 0 0 8388608
is_linear=0
shrinkage=0.05


Tree=86
num_leaves=63
num_cat=1
split_feature=14 13 13 8 14 8 7 8 13 8 14 8 8 8 14 14 8 13 8 8 14 13 14 8 8 13 8 13 11 13 8 8 14 14 8 8 8 13 14 8 13 14 2 14 0 8 14 13 8 13 13 2 13 14 8 13 2 11 8 8 13 8
split_gain=1.40615 0.637444 0.511405 0.490437 0.404662 0.279643 0.275559 0.222175 0.218798 0.258162 0.21079 0.340887 0.15727 0.151673 0.149848 0.140669 0.140272 0.224166 0.140143 0.134595 0.141795 0.145043 0.132962 0.362967 0.2887 0.125433 0.172529 0.123562 0.120745 0.113792 0.267121 0.116333 0.112574 0.110245 0.138193 0.120022 0.109191 0.108394 0.114917 0.139417 0.170317 0.107743 0.225203 0.107517 0.106542 0.106161 0.104106 0.100854 0.100134 0.143589 0.139898 0.0942175 0.086217 0.0851518 0.0909378 0.0839842 0.0805218 0.0803554 0.0794945 0.0785473 0.0784252 0.0776021
threshold=0.0095398691915812312 1.6734096264513336 1.8057492807426865 1.8145000000000002 -0.12428537068007782 1.5655000000000003 2.5000000000000004 1.5995000000000001 1.8411380396533612 1.7255000000000003 0.22173780145979918 1.7935000000000001 1.6855000000000002 2.0965000000000003 0.13998476930778295 -0.12788527009430159 1.7795000000000003 1.7712088497916894 1.9595000000000002 1.8545000000000003 -0.052712105976760786 1.8992856189347675 -0.31319037769853725 1.4155000000000002 1.5775000000000003 1.8710351686054125 1.5595000000000001 1.857918335561721 1.3590714285714289 1.8992856189347675 1.9145000000000001 1.9085000000000003 0.067984769307782869 0.099250300693461427 2.0255000000000005 1.5255000000000003 1.7435000000000003 1.7313513947794037 -0.050878793194301657 1.7195000000000003 1.7748379703175199 -0.41897855795156541 4.5000000000000009 -0.14271210597676084 0 1.7455000000000003 0.050890579919033015 1.8538499140524283 1.8545000000000003 1.7313513947794037 1.7516683354102367 18.500000000000004 1.8462092085444868 0.060481923329695049 1.7855000000000001 1.8134236480004582 6.5000000000000009 1.3710714285714289 1.8645000000000003 1.9145000000000001 1.7965040282710272 1.8625000000000003
decision_type=2 2 2 8 2 8 2 8 2 10 2 10 10 10 2 2 8 2 10 10 2 2 2 8 10 2 10 2 10 2 10 10 2 2 8 8 8 2 2 10 2 2 2 2 1 10 2 2 8 2 2 2 2 2 10 2 2 8 10 10 2 10
left_child=1 7 6 12 22 -6 57 15 16 -10 33 -12 -4 -13 29 28 37 -18 52 20 -11 -22 24 -24 -3 36 -27 58 41 31 -31 32 47 35 59 -8 -25 45 39 -39 -41 42 -1 -38 -34 -7 -33 -5 49 -37 -50 -20 -16 54 -51 -40 -48 -2 -21 -35 -55 -49
right_child=2 4 3 14 5 8 10 -9 9 19 11 13 -14 -15 18 -17 17 -19 51 27 21 -23 23 25 -26 26 -28 -29 -30 30 -32 46 44 34 -36 48 43 38 55 40 -42 -43 -44 -45 -46 -47 56 61 50 53 -52 -53 -54 60 -56 -57 -58 -59 -60 -61 -62 -63
leaf_value=-0.0032801739312708377 0.00053509104292448441 -0.00031655484534606575 0.0030108811723363292 6.978344452254786e-05 0.0010535995018406319 -0.00010543227044082206 0.00042596896402404081 -0.0013125574296255682 0.00073645195342213784 9.1036073668332435e-06 0.0025935007889355158 8.7765234165477384e-05 0.00095569610957865758 0.001543211972912778 0.00064455430310550671 -0.00022649081033369124 -0.00069942207847414884 -0.00012933219820234805 0.00012026558081143634 -0.00019597795235443019 0.00015823341398826964 0.00071624114514482785 0.0025016027624178961 -0.00017724694459254371 -0.0026349451760752881 0.0019700424877721716 1.4853530475453754e-05 -4.3895850742368926e-05 -0.0012094058071857568 0.00091454672185713876 0.00018327323558192519 -0.00011171176844732738 0.00061188214887717405 0.00016306066668475176 -0.00092874404938669125 -3.9760988965195149e-05 -0.0014263410270008953 -1.3414594073584555e-05 4.1003374424325888e-05 -0.00071247870972553518 -0.00013755913063777324 -0.00037688758762675694 -0.00053095936740372627 -0.00037468928896553525 0.00021940682584641299 -0.0006708816248909347 -0.00013592792558673569 0.00077985705531921417 -0.00088851770468302354 0.00014759405421706494 -5.1790090263201363e-05 0.00062439528507514071 0.0017614308061387072 0.00012777798862478567 2.8495588031725224e-06 0.00040285974693298008 0.00010158072124083207 -0.00018817063347988168 -0.00092389540469678161 -4.24960698426742e-05 0.00056330772653326517 0.00022256502947365386
leaf_weight=100 393 10621 101 25884 595 30884 1767 550 1349 23741 193 1045 1188 216 1312 18983 1862 23323 3817 841 13555 1274 129 29191 136 115 5980 12997 537 1336 19130 8194 2272 26472 313 45881 332 40194 32391 1457 11119 6043 292 907 7349 853 3896 676 507 14232 34019 1224 199 24575 45681 1687 42462 16824 677 5637 1079 8226
leaf_count=100 393 10621 101 25884 595 30884 1767 550 1349 23741 193 1045 1188 216 1312 18983 1862 23323 3817 841 13555 1274 129 29191 136 115 5980 12997 537 1336 19130 8194 2272 26472 313 45881 332 40194 32391 1457 11119 6043 292 907 7349 853 3896 676 507 14232 34019 1224 199 24575 45681 1687 42462 16824 677 5637 1079 8226
internal_value=-2.14637e-07 -8.51232e-05 6.66905e-05 0.000146389 -6.00421e-05 -2.87384e-05 2.03404e-05 -0.000318107 -3.19875e-05 5.33883e-05 3.67363e-05 0.000636585 0.00111673 0.000337073 0.000136461 -0.000297034 -6.43124e-05 -0.000171481 0.000369276 3.60302e-05 8.4871e-05 0.000206173 -0.000191302 -0.000145941 -0.000345866 -0.000155292 5.17439e-05 -9.37519e-05 -0.000489105 0.000123688 0.00023101 0.000101492 0.000161578 3.23789e-05 0.000116782 1.60651e-05 -0.00019676 -4.15521e-05 -1.26546e-05 -5.88741e-05 -0.000204167 -0.000428996 -0.00123229 -0.000656488 0.000312954 -0.00012063 5.25806e-05 0.000119711 1.17011e-05 3.1605e-05 -6.40771e-05 0.000242673 0.000791648 6.98714e-05 3.72328e-05 5.89167e-05 8.16201e-05 -0.000171661 -0.000520616 0.000126973 0.000146096 0.000264885
internal_weight=618815 272715 346100 127266 246210 198799 218834 26505 198204 54434 201617 1454 1289 1261 125977 25955 143770 25185 6552 53085 38570 14829 47411 36654 10757 36525 6095 14515 6972 119425 20466 98959 44407 200163 32422 167741 30430 118585 86848 52770 12576 6435 392 1239 9621 31737 54552 34786 165974 131448 34526 5041 1511 85567 59913 34078 46358 17217 1518 32109 25654 8902
internal_count=618815 272715 346100 127266 246210 198799 218834 26505 198204 54434 201617 1454 1289 1261 125977 25955 143770 25185 6552 53085 38570 14829 47411 36654 10757 36525 6095 14515 6972 119425 20466 98959 44407 200163 32422 167741 30430 118585 86848 52770 12576 6435 392 1239 9621 31737 54552 34786 165974 131448 34526 5041 1511 85567 59913 34078 46358 17217 1518 32109 25654 8902
cat_boundaries=0 1
cat_threshold=15
is_linear=0
shrinkage=0.05


Tree=87
num_leaves=63
num_cat=1
split_feature=14 13 8 13 14 8 8 14 7 11 14 8 14 2 8 13 8 8 8 14 14 8 8 13 2 8 8 2 14 8 8 13 13 7 8 2 13 8 13 14 8 8 8 13 8 14 14 17 14 8 8 14 8 14 8 8 7 14 8 8 2 8
split_gain=1.28371 0.550344 0.56273 0.533057 0.308851 0.385884 0.253101 0.24676 0.245445 0.23146 0.201208 0.230319 0.217305 0.171113 0.171163 0.158408 0.193095 0.158236 0.150258 0.145974 0.139422 0.152519 0.136481 0.175569 0.115578 0.23312 0.132178 0.124475 0.115394 0.154757 0.134971 0.115295 0.113245 0.111709 0.108515 0.133077 0.100901 0.0955381 0.136362 0.0954143 0.0948099 0.0902967 0.0892986 0.094036 0.08888 0.0965334 0.0869085 0.0864527 0.0809599 0.133109 0.118235 0.0801687 0.0746185 0.0745603 0.0734109 0.0728071 0.0714053 0.0704269 0.117282 0.11321 0.0834828 0.0700007
threshold=-0.0080753461419640332 1.8057492807426865 1.8125000000000002 1.7313513947794037 -0.28537173491340556 1.4495000000000002 1.7255000000000003 -0.16589216316615404 2.5000000000000004 1.5832857142857144 0.14793099809798529 1.7955000000000003 0.22173780145979918 19.500000000000004 1.9045000000000003 1.857918335561721 1.5775000000000003 1.6655000000000002 1.7895000000000001 -0.090451543484547967 0.072034440725519691 1.8845000000000003 1.8745000000000003 1.8761670047273677 5.5000000000000009 1.4895000000000003 1.4395000000000002 3.5000000000000004 0.058863783311381652 1.9145000000000001 1.8245000000000002 1.7712088497916894 1.7636290502143075 46.500000000000007 1.8545000000000003 19.500000000000004 1.7664540979860031 1.7335000000000003 1.8208541137852097 -0.080824228641329418 1.7655000000000001 1.5655000000000003 1.5895000000000004 1.7313513947794037 1.8395000000000004 0.10705250893903641 0.16919771399691155 0 -0.072948871453930572 1.8085000000000002 1.7795000000000003 -0.10999988700393425 1.7655000000000001 -0.055874857255541414 1.4305000000000001 1.4795000000000003 11.500000000000002 -0.062766314920685948 1.6655000000000002 1.5455000000000003 6.5000000000000009 1.2655000000000001
decision_type=2 2 10 2 2 8 8 2 2 10 2 10 2 2 10 2 10 8 8 2 2 10 10 2 2 10 10 2 2 8 8 2 2 2 10 2 2 10 2 2 10 10 8 2 10 2 2 9 2 10 10 2 10 2 8 10 2 2 10 10 2 10
left_child=3 8 17 6 9 -6 7 41 54 47 28 12 -12 20 -15 18 -17 -3 19 52 22 -22 23 -4 26 -26 27 61 30 42 32 -32 -10 56 35 48 -31 38 -21 -28 -34 -1 -30 -44 45 -45 -16 -5 50 -50 51 -18 55 -8 -2 -7 -20 58 60 -59 -27 -9
right_child=1 2 13 4 5 15 53 24 10 -11 11 -13 -14 14 46 16 34 -19 33 37 21 -23 -24 -25 25 57 39 -29 29 36 31 -33 40 -35 -36 -37 -38 -39 -40 -41 -42 -43 43 44 -46 -47 -48 -49 49 -51 -52 -53 -54 -55 -56 -57 -58 59 -60 -61 -62 -63
leaf_value=-0.00046509022749061617 0.00027086159149251464 0.0028447663814386392 0.00012467631025531875 -0.00024632151993243291 0.0024212411472399257 0.00067426244370896412 -0.0021202818394475986 0.00076025992521759763 -3.147164925280819e-05 -0.0026701097009743748 0.00062079390424613122 0.00015982166505540873 0.002450992989756789 0.00098935512103653423 0.00022882240469478663 0.0020990407869280517 -5.9293833129817891e-06 0.00082907179297878422 -0.00097990104022332969 4.1927912706249209e-05 0.00049261723618808189 0.00014339300409858011 1.0628876144834694e-05 0.00071178066911810128 0.0011548418815559177 -0.00065359188487269305 -0.0011055584787490213 0.00010789097869388361 0.00035993455084347106 -0.001392045239004676 -0.00039122926138836483 -7.6486415500504851e-05 0.00038288875408185106 -0.00056304731416055641 -0.00011616263938812734 0.00044672673820531485 -0.00016744541675186466 -5.9295954369767737e-05 0.00052494368232379853 -0.00042651746540254328 5.9416980661466612e-05 -0.0019353965270983162 -1.9628489233034851e-05 0.0001601949293418254 5.4160085964141258e-05 0.00080559414357368655 0.0011729197871771242 -0.00088001217278616158 0.00038098726328905506 3.7580003287875773e-05 -0.00021377372225365893 0.00030468164430328391 -0.00071026281140856395 -0.00082853509360205778 -0.0001886755323783674 -0.00010723174925815975 -0.00014094255260305231 0.00092190144334694947 -0.00078011570598014984 -7.5114057019631719e-05 -0.00014307838355233669 -0.00030117832492118136
leaf_weight=7019 915 102 20899 11050 160 300 126 158 58293 102 989 6221 194 835 11591 115 7508 2142 258 33910 3331 50920 47959 1356 357 852 612 2600 2606 174 3327 23194 2428 1887 8048 2411 5053 29295 1527 3344 33800 106 24936 20772 44562 596 249 560 4264 8343 5111 2872 510 985 17317 45420 14951 290 845 15644 13325 9189
leaf_count=7019 915 102 20899 11050 160 300 126 158 58293 102 989 6221 194 835 11591 115 7508 2142 258 33910 3331 50920 47959 1356 357 852 612 2600 2606 174 3327 23194 2428 1887 8048 2411 5053 29295 1527 3344 33800 106 24936 20772 44562 596 249 560 4264 8343 5111 2872 510 985 17317 45420 14951 290 845 15644 13325 9189
internal_value=-2.03233e-07 5.59643e-05 0.000135306 -9.2537e-05 -5.04919e-05 -3.30738e-05 -0.000227957 -0.000212683 1.0895e-05 -0.000298691 2.50626e-05 0.00028143 0.000920928 0.000122455 0.000297471 -3.54291e-05 5.32572e-05 0.000920694 -6.22113e-05 -4.09521e-05 0.000104632 0.000164835 5.81157e-05 0.000160449 -0.000171294 -0.000115544 -0.000281064 -0.000198116 1.64245e-05 5.65497e-05 -1.62941e-05 -0.00011597 1.16733e-05 -0.000200194 4.71554e-05 9.02372e-05 -0.000208211 7.51235e-06 6.27413e-05 -0.000531566 8.10961e-05 -0.000486964 7.13553e-05 6.30789e-05 9.43605e-05 0.000178197 0.000248677 -0.000277857 5.9648e-05 0.000153729 -1.69175e-05 8.00123e-05 -0.000108813 -0.000975034 -0.000165613 -0.000102104 -0.000155174 -0.000130195 -0.000207867 -5.69683e-05 -0.000173759 -0.000283236
internal_weight=618815 384761 139384 234054 178602 166890 55452 54341 245377 11712 227145 7404 1183 137140 12675 166730 38672 2244 128058 110962 124465 54251 70214 22255 47216 31313 15903 11947 219741 98699 121042 26521 94521 17096 38557 30509 5227 64732 35437 3956 36228 7125 93472 90866 65930 21368 11840 11610 28098 12607 15491 10380 46230 1111 18232 45720 15209 30956 15022 15934 14177 9347
internal_count=618815 384761 139384 234054 178602 166890 55452 54341 245377 11712 227145 7404 1183 137140 12675 166730 38672 2244 128058 110962 124465 54251 70214 22255 47216 31313 15903 11947 219741 98699 121042 26521 94521 17096 38557 30509 5227 64732 35437 3956 36228 7125 93472 90866 65930 21368 11840 11610 28098 12607 15491 10380 46230 1111 18232 45720 15209 30956 15022 15934 14177 9347
cat_boundaries=0 1
cat_threshold=262160
is_linear=0
shrinkage=0.05


Tree=88
num_leaves=63
num_cat=7
split_feature=14 7 13 14 14 13 2 13 14 12 13 14 2 14 12 14 9 2 15 15 13 9 14 16 12 14 9 13 0 2 10 14 14 9 12 13 9 14 9 14 14 14 12 12 7 14 12 9 14 15 7 10 2 15 9 0 9 2 2 2 14 14
split_gain=1.1823 0.557094 0.383016 0.362469 0.211121 0.207091 0.18 0.139263 0.124193 0.136742 0.125514 0.119902 0.203246 0.110136 0.0979892 0.0872622 0.127224 0.0915579 0.0982207 0.0825784 0.0779474 0.0720865 0.0910139 0.122534 0.0716898 0.110368 0.0697549 0.0668797 0.0667965 0.0666597 0.0644209 0.0619141 0.061592 0.0607389 0.0599934 0.0562559 0.0546642 0.0535444 0.0528072 0.0559562 0.0500145 0.0489887 0.0475675 0.0472806 0.0454704 0.0447967 0.05016 0.0438074 0.0433812 0.0419106 0.0676189 0.0479237 0.0405638 0.0360313 0.0488433 0.0356653 0.0345857 0.0536221 0.0339366 0.0337009 0.032924 0.0327884
threshold=0.021699380946849204 5.5000000000000009 1.7748379703175199 -0.11804732229493119 0.16919771399691155 1.8657678508960227 2.5000000000000004 1.8538499140524283 -0.48104099140711137 1.2938166666666668 1.8710351686054125 -0.41897855795156541 4.5000000000000009 0.13643459008874828 1.4946166666666669 -0.12788527009430159 1.3095000000000001 3.5000000000000004 0 1 1.9181177618160861 1.6955000000000002 -0.24408337636124386 2 1.6020833333333335 0.22173780145979918 1.8195000000000003 1.9050218519754698 3 20.500000000000004 1.3995000000000002 0.18736881747616344 -0.20045154348454794 1.1620000000000001 1.311366666666667 1.7336604933125102 1.8345000000000002 -0.18402533651879779 1.8245000000000002 -0.010897433491907858 0.099250300693461427 0.072034440725519691 1.583016666666667 1.3030166666666669 50.500000000000007 -0.059999887003934209 1.3623500000000004 1.5555000000000001 -0.050244001991295299 4 10.500000000000002 1.4595000000000002 5.5000000000000009 5 1.5395000000000001 6 1.7595000000000003 19.500000000000004 4.5000000000000009 19.500000000000004 -0.030878793194301753 -0.20045154348454794
decision_type=2 2 2 2 2 2 2 2 2 10 2 2 2 2 8 2 10 2 9 9 2 8 2 9 10 2 8 2 1 2 10 2 2 10 10 2 10 2 10 2 2 2 10 10 2 2 10 8 2 9 2 10 2 9 10 1 10 2 2 2 2 2
left_child=1 11 6 8 7 26 42 40 9 20 21 12 -1 -8 15 16 17 61 -19 -12 -3 22 23 33 25 -15 35 49 -27 36 53 -29 -23 -10 -17 60 -9 -32 39 56 52 -38 -2 -21 48 46 -36 -16 -28 -6 51 -51 58 54 -24 -35 57 -7 -4 -41 -5 -13
right_child=2 3 4 5 27 38 13 29 10 -11 19 14 -14 24 47 34 -18 18 -20 43 -22 32 30 -25 -26 28 44 31 -30 -31 37 -33 -34 55 45 -37 41 -39 -40 59 -42 -43 -44 -45 -46 -47 -48 -49 -50 50 -52 -53 -54 -55 -56 -57 -58 -59 -60 -61 -62 -63
leaf_value=-0.0030929107256233695 -0.00018298851546981617 -0.00045648312900886288 2.0932280540088476e-05 -0.00011973512299627487 -0.00021723506163283802 9.9513250936857848e-05 7.6127444240122e-06 0.00027494166583431657 0.00057679450257509932 -0.0021880116701380897 0.00027972500218976344 -0.00064255935036080223 -0.00048115688093730569 0.00028107918142657623 -0.00058778263229743979 -5.9886589699003132e-05 -0.00090839934395648347 0.00058572050061544848 -0.00024861439448310799 0.00098004983955650546 0.00012650410478317264 -0.0010809823901253681 0.00054475315867823725 -0.00078339655318575459 3.8742289115636335e-05 0.0022789436021809126 -0.00015227795160357595 0.00065228365754375038 0.00065498786726568374 0.00033893835092428941 -0.00049515470315823447 0.0020838191566078671 -0.00027660785851512081 -0.00010934213309437627 -0.00027797384071226368 -2.2191099863663283e-06 7.4163760811612415e-05 -0.00012694805889776591 -3.1660391262821762e-05 0.00021178016623330092 0.00013957072702002369 0.00017370011093369248 -0.0012187903579615523 -9.1537650412348181e-05 -0.00019238933924874637 -0.0001915724884888223 -0.00065404622416793587 -0.001647268103136282 -4.1352515565008017e-05 0.00056330204002878368 0.00040160956339973635 0.0018230147194014915 7.4685726075417679e-05 -4.0077246118820463e-05 3.6429511573851016e-05 -0.00031172919339075166 -3.3592676510260567e-06 0.00042694791856251306 -0.00016683953987239473 0.00055947664938978895 -2.2290012023890857e-05 -0.00033585018422572246
leaf_weight=100 10702 3940 16643 19466 229 15254 112595 7699 243 106 2449 1330 292 3297 1378 5880 1051 495 1160 105 671 244 671 1004 3070 100 11797 201 221 5120 1127 121 9652 3880 3224 94601 21287 7968 7372 4266 23544 29482 112 5237 8958 10321 1223 105 34859 151 2531 151 76083 7786 1598 5061 7440 1362 2813 833 15627 2527
leaf_count=100 10702 3940 16643 19466 229 15254 112595 7699 243 106 2449 1330 292 3297 1378 5880 1051 495 1160 105 671 244 671 1004 3070 100 11797 201 221 5120 1127 121 9652 3880 3224 94601 21287 7968 7372 4266 23544 29482 112 5237 8958 10321 1223 105 34859 151 2531 151 76083 7786 1598 5061 7440 1362 2813 833 15627 2527
internal_value=-1.93982e-07 -7.08294e-05 6.74277e-05 -4.87109e-05 0.000113447 -2.09155e-05 1.61381e-06 0.000106198 -0.000167879 -0.000412463 -0.000143345 -0.000278872 -0.00114742 1.93221e-05 -0.000267006 -0.000245436 -0.000404253 -0.000308125 2.96677e-06 3.99649e-05 -0.000371646 -0.000179746 -0.000140384 -0.000261123 0.000216454 0.000367248 -4.23639e-05 0.000504769 0.00125229 0.000165942 -7.61493e-05 0.00119022 -0.000296441 -0.000202954 -0.000194955 -2.22757e-05 0.000150792 -0.000172574 8.78962e-05 0.000118127 7.42963e-05 0.000131965 -0.000193716 -7.03433e-05 -8.92105e-05 -0.000248734 -0.0003814 -0.000662797 -6.94001e-05 0.000432687 0.00048428 0.00119316 5.82105e-05 1.10693e-05 0.000185934 -0.000224373 8.62357e-05 0.000126353 -6.21627e-06 0.000268582 -7.63426e-05 -0.000441612
internal_weight=618815 302663 316152 273577 186055 221835 130097 182671 51742 4717 47025 29086 392 119283 28694 27211 6563 5512 1655 7791 4611 39234 29338 10188 6688 3618 185308 3384 321 63588 19150 322 9896 9184 20648 129694 58468 9095 36527 29155 119083 50769 10814 5342 55614 14768 4447 1483 46656 3062 2833 302 95539 10055 2269 8941 24056 16616 19456 5099 35093 3857
internal_count=618815 302663 316152 273577 186055 221835 130097 182671 51742 4717 47025 29086 392 119283 28694 27211 6563 5512 1655 7791 4611 39234 29338 10188 6688 3618 185308 3384 321 63588 19150 322 9896 9184 20648 129694 58468 9095 36527 29155 119083 50769 10814 5342 55614 14768 4447 1483 46656 3062 2833 302 95539 10055 2269 8941 24056 16616 19456 5099 35093 3857
cat_boundaries=0 76 154 156 157 238 320 321
cat_threshold=0 0 2147483648 0 0 0 0 0 0 2 0 2 16384 0 0 2048 0 0 0 0 0 0 0 0 0 0 0 0 0 0 0 0 0 0 2147483648 0 0 0 0 0 0 0 0 0 0 0 0 0 0 0 0 0 0 0 0 0 0 0 0 0 0 0 0 0 2097152 0 0 0 0 0 0 0 0 0 0 262144 0 0 2147483648 0 0 0 0 0 8388608 0 0 10 0 0 0 0 0 0 0 0 0 0 33554432 0 0 0 0 0 0 0 0 0 0 0 2147483648 0 0 0 0 131202 8 0 0 0 0 0 0 48 0 0 0 0 0 0 0 0 0 0 0 4194304 0 8 2147483648 0 2097152 268435456 0 0 0 1 0 0 0 33554432 131072 0 0 16 1073741824 272 7 0 0 0 0 0 0 0 0 0 16 0 0 0 0 0 0 64 0 0 0 0 0 0 0 0 0 0 16777216 0 0 0 0 0 0 0 0 0 0 0 0 0 0 0 0 0 0 1048576 0 0 0 0 0 0 0 0 0 0 0 0 0 0 0 2147483648 0 0 0 0 0 0 0 0 0 0 0 0 33554432 0 0 0 0 81920 4194304 0 0 0 0 0 0 0 0 0 0 8 16384 0 0 2048 537919488 0 0 17408 0 2048 0 0 0 0 0 0 0 0 0 0 0 0 0 0 0 0 1048576 0 8 0 0 0 0 0 0 0 0 0 0 0 0 0 0 0 0 0 0 1073741824 0 0 0 4 2097152 0 0 65536 0 8388608 0 0 0 0 0 262144 0 131072 0 0 0 536870912 7
is_linear=0
shrinkage=0.05


Tree=89
num_leaves=63
num_cat=24
split_feature=13 13 2 12 0 13 10 15 15 15 8 12 10 12 2 8 15 0 0 2 8 9 0 15 12 8 2 8 8 16 16 15 15 15 15 15 16 12 11 9 2 13 15 15 2 15 13 15 8 8 11 8 11 8 12 8 0 15 10 3 15 8
split_gain=0.855058 0.416987 0.203584 0.185953 0.115805 0.110456 0.0979295 0.0868752 0.085803 0.066158 0.0615732 0.0543716 0.051566 0.0503323 0.0498995 0.0510397 0.0583044 0.0487423 0.0467588 0.0454367 0.0434023 0.0428004 0.0417797 0.0407984 0.0439375 0.0396191 0.0917482 0.0389718 0.0388038 0.0562933 0.0384468 0.037102 0.0368602 0.0366588 0.0349704 0.0335034 0.031771 0.0316687 0.031231 0.0309853 0.0295951 0.0289641 0.0705738 0.0349472 0.0286183 0.0285586 0.0263553 0.061488 0.0309104 0.025909 0.0257769 0.02544 0.0249705 0.0243925 0.0378416 0.0243572 0.0296785 0.0360533 0.0238408 0.0219438 0.0397631 0.0248378
threshold=1.7313513947794037 1.890186014534385 2.5000000000000004 1.2938166666666668 0 1.8057492807426865 1.1020000000000001 1 2 3 1.8575000000000002 1.8200166666666668 1.3775000000000002 1.5861500000000002 19.500000000000004 1.8785000000000001 4 5 6 22.500000000000004 2.1195000000000008 1.5895000000000004 7 8 1.3194166666666669 1.7155000000000002 6.5000000000000009 1.5295000000000003 1.3695000000000002 9 10 11 12 13 14 15 16 1.2447166666666669 1.7847857142857146 1.5455000000000003 1.5000000000000002 1.8808204437217764 17 18 7.5000000000000009 19 1.7861665622526861 20 1.8545000000000003 1.9345000000000001 1.6005000000000005 1.3795000000000002 1.5719285714285716 1.9345000000000001 1.8700166666666671 1.5775000000000003 21 22 2.0395000000000008 13.500000000000002 23 1.7435000000000003
decision_type=2 2 2 10 1 2 10 9 9 9 8 10 8 10 2 10 9 1 1 2 10 10 1 9 10 10 2 10 8 9 9 9 9 9 9 9 9 10 10 10 2 2 9 9 2 9 2 9 10 10 10 10 10 10 10 10 1 9 10 2 9 10
left_child=2 3 6 22 8 12 -1 19 -4 39 11 25 51 -12 23 16 -16 38 20 -6 46 27 -2 -3 -25 36 50 40 29 -10 -18 -30 -19 -24 -17 -28 -11 -31 -7 -9 -8 43 -43 -34 -37 -42 48 -48 58 -20 -27 -5 -29 54 59 -38 57 -57 -14 61 -61 -45
right_child=1 14 4 5 7 17 21 9 28 10 13 -13 18 -15 15 34 30 32 49 -21 -22 -23 33 24 -26 26 35 52 31 37 -32 -33 41 -35 -36 44 55 -39 -40 -41 45 42 -44 53 -46 -47 47 -49 -50 -51 -52 -53 -54 -55 -56 56 -58 -59 -60 60 -62 -63
leaf_value=-0.0013680458218597003 -8.7751833536868306e-05 0.0003125121637912446 -0.00048569201998609879 0.00073188958817073596 -0.00066256039749650357 -5.7998426415130639e-05 -0.00034948359520581111 0.00022501915819937097 -0.00026211380707120074 -0.00013407247892185259 -0.00093473964169508332 7.0905303094947069e-06 2.5644925021179494e-05 -0.00022762879301485908 0.00069605024778020741 0.00024249001950192508 -3.4551275672335045e-05 0.00051722014652523887 -1.0827853564253256e-05 -0.0001724623556362563 0.00096928316885286261 -0.0012766944854374742 -0.00094102463536713558 -0.00046648878571165658 0.00011565598510887019 -0.0010445478190504538 -4.3235627741639352e-05 -7.4761970493319888e-05 -0.00010389938174495115 0.00065537683358277772 0.00036814476702334262 -0.00022650695932290574 -0.00029547383200238911 -0.00030178698478607806 8.7823761400699016e-05 -0.00049608775289916454 4.1203110637509847e-05 8.6417949470017605e-05 3.2671986906950381e-05 1.5184928094603401e-05 7.7661235471343542e-05 0.00051784413525226842 0.00010014993510670955 0.00022038435065245218 -0.00017141393494795167 -0.00024210169090670608 0.00015198488897725994 8.3598536633565826e-06 -5.2042966016017884e-05 -0.00020977129324011102 -0.00040192410889027306 -4.7176806708845378e-05 -0.00043485109832799873 1.1773366730132704e-05 0.00014537478340273565 0.00014486462698335499 -0.00011823263219751988 -5.2419646203746235e-05 0.0001850818435617964 -0.00012873915146332585 4.819912027122377e-05 7.3693084831391207e-05
leaf_weight=196 2745 2694 1984 105 850 12748 7506 2809 1239 11082 321 24197 54053 1165 1091 10163 785 446 95807 1066 124 100 234 328 27438 342 5562 4247 11874 278 2466 12987 681 3975 5765 788 7766 2034 37243 4708 781 1133 8956 3182 4894 6626 13425 16749 13346 1665 287 51737 543 20184 14893 2944 11740 10710 2451 3472 36120 30985
leaf_count=196 2745 2694 1984 105 850 12748 7506 2809 1239 11082 321 24197 54053 1165 1091 10163 785 446 95807 1066 124 100 234 328 27438 342 5562 4247 11874 278 2466 12987 681 3975 5765 788 7766 2034 37243 4708 781 1133 8956 3182 4894 6626 13425 16749 13346 1665 287 51737 543 20184 14893 2944 11740 10710 2451 3472 36120 30985
internal_value=-1.82595e-07 3.18368e-05 -0.000108068 1.57163e-05 -8.3759e-05 1.99672e-05 -0.000255904 -5.55762e-05 -0.000168274 -4.84053e-05 -6.14533e-05 -5.556e-05 -1.21512e-06 -0.000380376 0.000167353 0.000228142 0.000380104 5.10428e-05 1.04282e-05 -0.000387861 3.44203e-05 -0.000244897 -0.000240723 0.000126901 0.00010874 -8.25751e-05 -0.000163675 -0.00023966 -0.000145945 8.61412e-06 0.0002711 -0.000168081 6.83149e-05 -0.000339472 0.000186717 -0.000130801 -6.08108e-05 0.000154164 9.54859e-06 9.34728e-05 -0.000279513 6.65979e-05 0.00014767 5.91354e-05 -0.000216061 -0.000208608 3.32648e-05 7.23146e-05 1.63959e-05 -1.42247e-05 -0.000751332 -4.55989e-05 -0.000115582 6.13758e-05 7.2676e-05 -3.62755e-05 -5.99843e-05 -9.80741e-06 3.25609e-05 5.79971e-05 3.26623e-05 8.73546e-05
internal_weight=618815 477189 141626 426459 121627 419505 19999 91231 30396 89315 81798 80312 249462 1486 50730 20270 4342 170043 197620 1916 100148 19803 6954 30460 27766 56115 11873 19703 28412 3551 3251 24861 120052 4209 15928 11244 44242 2312 49991 7517 14913 119606 10089 109517 5682 7407 100024 30174 69850 97472 629 51842 4790 108836 88652 33160 25394 13654 56504 73759 39592 34167
internal_count=618815 477189 141626 426459 121627 419505 19999 91231 30396 89315 81798 80312 249462 1486 50730 20270 4342 170043 197620 1916 100148 19803 6954 30460 27766 56115 11873 19703 28412 3551 3251 24861 120052 4209 15928 11244 44242 2312 49991 7517 14913 119606 10089 109517 5682 7407 100024 30174 69850 97472 629 51842 4790 108836 88652 33160 25394 13654 56504 73759 39592 34167
cat_boundaries=0 1 84 159 242 320 321 322 323 399 401 403 484 563 642 712 791 793 874 957 1032 1113 1114 1197 1280
cat_threshold=6 524288 0 0 1048608 0 0 0 0 0 0 0 0 524288 0 0 0 64 0 0 4196352 0 2048 33554432 0 0 0 0 0 0 0 0 0 0 0 0 0 0 0 0 2 2 0 67108864 0 64 0 0 0 0 0 1 4096 0 0 0 0 0 0 0 0 0 65536 32768 0 0 0 0 1073872896 0 256 0 0 0 262144 268451840 270336 0 0 1 0 262144 6291456 33554432 524288 16777216 2415919104 0 0 0 0 0 0 0 8 2 524288 0 0 0 0 0 1 0 0 0 0 0 0 0 0 0 0 0 0 0 8 0 2181038080 0 64 0 0 0 640 0 0 0 0 0 0 0 4096 0 2 0 0 0 0 0 0 0 32 0 0 0 2147516416 32772 0 0 524288 0 512 0 0 0 0 33554432 32768 0 0 0 0 0 0 0 8 0 0 0 72 0 0 524288 0 135266304 1073741824 0 0 0 0 0 0 0 0 0 16777216 0 0 0 0 0 0 2147745792 0 512 0 0 268435456 2097152 67108864 0 0 0 0 0 0 4096 0 0 0 2048 0 0 0 2147484672 0 0 0 0 0 64 0 270532608 0 67117056 134283264 67371008 65536 0 0 0 0 0 65536 0 0 0 0 0 0 536870912 0 0 2147483648 0 0 0 0 0 0 0 0 2 16384 0 0 2048 0 0 0 0 0 0 0 0 0 0 0 0 0 0 0 0 0 0 2147483648 0 64 0 0 0 0 0 1024 0 0 0 0 0 0 0 0 0 0 0 0 0 0 0 0 0 0 0 0 0 2097152 0 0 4096 0 8388608 0 0 0 0 0 0 0 16 68 101 3 0 16777216 2147483648 0 0 0 0 0 0 1024 0 16 16384 0 524288 0 0 0 1 0 0 0 33554432 0 0 0 0 0 0 0 0 0 0 0 2147483648 0 0 0 0 32898 0 0 0 0 64 0 65536 0 0 0 16387 0 0 0 0 0 0 0 32 0 0 8 0 0 2097152 0 0 0 0 0 0 0 0 0 131072 37748736 1225785376 274770 1073741824 786 0 0 0 0 0 0 0 0 32 0 4194305 1024 0 0 524288 2048 0 0 0 0 0 0 33570816 32 0 0 0 0 0 0 0 0 0 0 1048576 0 0 0 0 0 0 0 0 0 0 1073741824 64 2064 67108864 2147483648 1610629120 0 0 0 0 1073741824 0 2097152 0 0 8388608 2097152 67108864 0 0 2147483648 0 0 134217728 8454144 0 0 0 0 1073741824 33554432 0 0 0 0 81920 536870912 0 1024 0 0 0 0 0 65544 0 0 0 0 0 6144 0 0 0 0 0 0 0 0 0 0 33554432 0 0 0 0 0 0 8388608 0 0 64 0 0 0 0 0 0 262144 0 0 0 0 0 1073741952 0 128 0 2147483648 0 0 0 0 0 64 135266304 0 32768 0 0 0 0 0 134217728 0 0 65536 0 0 16384 134250496 0 0 0 4 0 0 0 0 0 0 0 0 0 0 0 0 786432 0 0 0 0 0 0 0 0 0 0 0 0 0 0 0 0 0 0 0 0 1 0 0 0 0 0 0 0 0 0 0 0 0 0 0 0 0 0 0 0 0 0 0 0 0 0 0 0 56 0 8 0 0 0 0 0 0 0 0 4 0 0 0 0 262144 1 0 16777216 0 0 0 0 0 0 0 0 0 8 16384 0 0 2048 0 0 1 0 0 0 0 0 0 0 0 0 0 0 0 0 8 0 2181038080 0 0 0 0 0 0 0 1024 0 0 0 0 0 0 536870912 2 0 0 0 8 0 0 2097152 0 4194304 0 0 0 0 3145728 0 65536 4096 512 8388608 0 16777216 0 0 0 50331648 0 0 0 0 0 0 16384 0 0 2048 0 1 0 0 0 0 16384 0 0 0 0 0 0 0 0 0 8 0 33554432 0 0 0 0 0 0 256 0 0 0 0 65536 0 0 0 2 2097152 0 1048576 0 0 0 0 0 0 0 0 67108864 4194304 1048576 0 65536 4096 0 8388608 0 0 0 0 0 0 0 0 32 1230514208 800850 0 0 0 0 0 0 0 0 0 0 8 10 0 0 0 0 0 0 0 0 0 0 33554432 0 0 0 0 0 0 0 0 268435456 0 0 0 0 0 0 0 0 128 0 0 0 0 0 0 0 0 0 2 0 0 0 0 0 0 0 0 4194304 0 0 0 0 0 0 532480 0 0 0 0 0 0 0 0 0 0 16 0 0 65536 16777216 128 0 131072 0 0 2048 0 50331648 0 0 0 0 0 0 32 0 2 0 0 0 0 0 0 0 4194304 0 524288 0 0 0 0 0 0 0 0 0 0 0 0 0 0 67108864 0 0 0 0 0 0 256 2 0 0 16 0 4096 0 0 0 1073741824 67108864 8 0 8388612 0 0 0 536870912 0 0 0 0 4 0 0 262144 1048576 131072 0 0 0 0 2097152 0 0 0 0 0 0 0 256 64 0 8 0 0 0 524288 0 0 0 1 0 0 0 0 0 0 0 0 0 0 0 0 268435456 0 0 33554432 0 0 0 0 0 136 0 134217728 0 0 0 0 16 0 0 0 0 0 0 0 0 0 0 0 4194304 0 0 0 0 0 0 524288 0 0 0 0 0 0 0 131072 0 0 0 0 0 0 0 0 2113536 0 0 1024 16384 0 524288 0 0 0 0 0 0 0 0 0 0 0 0 0 0 0 0 268435456 8 0 2147483648 0 64 0 0 0 0 0 0 0 0 0 0 0 67108864 2147483648 0 0 0 2097152 0 0 0 0 16908320 4194304 0 0 2214625280 0 3145728 0 65536 0 512 8388608 0 0 16 0 131072 4194304 131072 16 0 0 16384 97 0 0 1024 0 0 0 0 0 32 0 0 0 0 0 0 0 32 0 0 0 0 0 0 0 0 0 0 0 0 0 0 0 0 0 33554440 0 0 0 0 0 128 0 0 0 0 0 0 0 0 0 16384 0 0 0 0 0 0 0 0 0 0 0 0 0 0 0 65536 4096 512 8388608 0 0 262144 0 0 33554432 0 0 0 0 81920 0 8388608 0 0 2147483648 0 0 0 0 8 0 0 0 0 0 0 0 0 48 0 0 0 0 0 0 0 0 0 0 0 0 0 0 0 0 0 2147483658 0 0 0 0 0 4194312 16 0 0 8388608 0 0 2096 10240 0 16777216 0 0 0 0 0 0 0 65536 0 0 0 33554432 0 2097152 0 2048 4112 262144 1 0 0 0 0 1090519040 8192 0 0 0 0 8 0 536870912
is_linear=0
shrinkage=0.05


end of trees

feature_importances:
diferencial_vs_nacional=1861
precio_lag_1=1253
precio_medio_nacional_dia=980
dias_desde_shock=491
dia_del_mes=484
Rotulo_normalizado=116
precio_mm_7=99
dia_semana=68
semana_del_año=62
precio_lag_30=44
precio_lag_7=40
precio_mm_30=37
Provincia=23
es_fin_semana=10
IDCCAA=9
mes=3

parameters:
[boosting: gbdt]
[objective: regression]
[metric: l1]
[tree_learner: serial]
[device_type: cpu]
[data_sample_strategy: bagging]
[data: ]
[valid: ]
[num_iterations: 500]
[learning_rate: 0.05]
[num_leaves: 63]
[num_threads: 8]
[seed: 42]
[deterministic: 0]
[force_col_wise: 0]
[force_row_wise: 0]
[histogram_pool_size: -1]
[max_depth: -1]
[min_data_in_leaf: 100]
[min_sum_hessian_in_leaf: 0.001]
[bagging_fraction: 0.9]
[pos_bagging_fraction: 1]
[neg_bagging_fraction: 1]
[bagging_freq: 5]
[bagging_seed: 400]
[bagging_by_query: 0]
[feature_fraction: 0.9]
[feature_fraction_bynode: 1]
[feature_fraction_seed: 30056]
[extra_trees: 0]
[extra_seed: 12879]
[early_stopping_round: 0]
[early_stopping_min_delta: 0]
[first_metric_only: 0]
[max_delta_step: 0]
[lambda_l1: 0]
[lambda_l2: 0]
[linear_lambda: 0]
[min_gain_to_split: 0]
[drop_rate: 0.1]
[max_drop: 50]
[skip_drop: 0.5]
[xgboost_dart_mode: 0]
[uniform_drop: 0]
[drop_seed: 17869]
[top_rate: 0.2]
[other_rate: 0.1]
[min_data_per_group: 100]
[max_cat_threshold: 32]
[cat_l2: 10]
[cat_smooth: 10]
[max_cat_to_onehot: 4]
[top_k: 20]
[monotone_constraints: ]
[monotone_constraints_method: basic]
[monotone_penalty: 0]
[feature_contri: ]
[forcedsplits_filename: ]
[refit_decay_rate: 0.9]
[cegb_tradeoff: 1]
[cegb_penalty_split: 0]
[cegb_penalty_feature_lazy: ]
[cegb_penalty_feature_coupled: ]
[path_smooth: 0]
[interaction_constraints: ]
[verbosity: -1]
[saved_feature_importance_type: 0]
[use_quantized_grad: 0]
[num_grad_quant_bins: 4]
[quant_train_renew_leaf: 0]
[stochastic_rounding: 1]
[linear_tree: 0]
[max_bin: 255]
[max_bin_by_feature: ]
[min_data_in_bin: 3]
[bin_construct_sample_cnt: 200000]
[data_random_seed: 175]
[is_enable_sparse: 1]
[enable_bundle: 1]
[use_missing: 1]
[zero_as_missing: 0]
[feature_pre_filter: 1]
[pre_partition: 0]
[two_round: 0]
[header: 0]
[label_column: ]
[weight_column: ]
[group_column: ]
[ignore_column: ]
[categorical_feature: 0,1,4,5,6,15,16,17]
[forcedbins_filename: ]
[precise_float_parser: 0]
[parser_config_file: ]
[objective_seed: 16083]
[num_class: 1]
[is_unbalance: 0]
[scale_pos_weight: 1]
[sigmoid: 1]
[boost_from_average: 1]
[reg_sqrt: 0]
[alpha: 0.9]
[fair_c: 1]
[poisson_max_delta_step: 0.7]
[tweedie_variance_power: 1.5]
[lambdarank_truncation_level: 30]
[lambdarank_norm: 1]
[label_gain: ]
[lambdarank_position_bias_regularization: 0]
[eval_at: ]
[multi_error_top_k: 1]
[auc_mu_weights: ]
[num_machines: 1]
[local_listen_port: 12400]
[time_out: 120]
[machine_list_filename: ]
[machines: ]
[gpu_platform_id: -1]
[gpu_device_id: -1]
[gpu_use_dp: 0]
[num_gpu: 1]

end of parameters

pandas_categorical:[[0, 1, 2, 3, 4, 5, 6], [3, 4], [false, true], [false, true], ["post_shock"], ["   ES J NU\u00d1EZ ", "   PETROL STATION", " AGRICAR", " E.S. LA TORRETA", " E.S. SUR", " EL OLIVO", " FUENTECILLA I", " LAS GABIAS", " NUROIL", " OCTAPLUS", " POLO", " ROYMAGA PETROLEOS S.L.", " SAN FABIAN Y SAN SABASTIAN", " T. ALBERO", " TEB  24/7 ", "\"BP\"", "\"BP\" ROTONDA LAS VAGUADAS S.L.", "\"BP\"BEGUR", "\"BP\"PROPERLY, S.A.", "(SIN R\u00d3TULO)", "+B ENERGIAS", "+B ENERGIAS ", "-", "004602", "06/32718", "12241", "13344", "161100-09363", "1PRIMER", "23ESO68F", "24H", "3 PUNT TRES", "3GS COMBUSTIBLES ", "42 OIL", "7267", "7345", "96053", "A CHAN DE AMOEDO", "A&A", "A&B ", "A. G. ", "A.AGUAZA", "A.N. ENERGETICOS - LOS ARCOS", "A.N. ENERGETICOS, S.L - PERALTA", "A.N. ENERGETICOS-ALDEANUEVA", "A.N. GLUS", "A.O. LOW COST", "A.S. EL ARTINERO", "A.S. LA ESTACION DE ESPINOSA", "A2D", "A2OIL", "ABELLEIRA", "ABIERTO (SERVICIO ATENDIDO)", "ABYCER", "ACEITES GUADALQUIVIR", "ACEITUNERA GRANADILLA", "ADELFAS OIL", "ADRIDAN", "ADS", "AGD", "AGLA", "AGRARIA COMARCAL ORDES SCG", "AGRARIA DE MIRALCAMP", "AGRARIA DEL TURON", "AGRICOLA DEL CAMP SANTA BARBARA", "AGRICOLA SAN ISIDRO", "AGRICOLA SAN JOSE ALCASSER COOP.V.", "AGRIMARTIN", "AGRINZA", "AGRO DO FORNO", "AGRO-OLIVARERA NTRA. SRA. DE LA CABEZA, S. C. A.", "AGROCANTABRIA", "AGROCANTABRIA LAR", "AGROCOMERCIAL HIGUERA ", "AGROPAL", "AGROPECUARIA", "AGROPECUARIA DE JUNEDA", "AGROPIENSO", "AGROPONIENTE", "AGROTER SAT  N\u00ba1936", "AGRUPACION COOP. VALLE DEL JERTE", "AGUDO GASOLEOS", "AIRA OIL", "AIRA OIL TABOADA", "AIRA SILLEDA", "AIREMAR I", "AIREMAR II", "AIRPORT GRANADA", "AL-KASERA", "ALAMEDA", "ALAMEDA EXPRESS", "ALAMEDA EXPRESS AREA", "ALAS", "ALAS CENTRAL", "ALAZAN FRESH LINE S.L.", "ALCAMPO", "ALCOROIL S.L.", "ALFA ENERGY", "ALIBARRA LOW-COST", "ALIJA ENERGIA", "ALIMER", "ALIMERKA", "ALKARTASUNA USURBILGO BASERRITARREN KOOPERATIBA", "ALMAZARAS DE LA SUBBETICA", "ALMENDRAS MURCIANAS", "ALPE", "ALQ", "ALSA Y SERVI OIL LOW COST", "ALTO LEON", "ALZICOOP CARBURANTS", "AM PLUS", "AM97 PLUS S.L.", "AMALIA DE SAJONIA", "AMAT OIL", "AMERICAN PETROL", "AMMNSA, S.L.", "AN ENERGETICOS", "AN ENERGETICOS - ARGUEDAS", "AN ENERGETICOS - CADREITA", "AN ENERGETICOS - CAPARROSO", "AN ENERGETICOS - CAR CARRION", "AN ENERGETICOS - CARCASTILLO", "AN ENERGETICOS - CASEDA", "AN ENERGETICOS - CASTEJON", "AN ENERGETICOS - FALCES", "AN ENERGETICOS - FUNES", "AN ENERGETICOS - FUNES 2", "AN ENERGETICOS - HUARTE", "AN ENERGETICOS - JARAMIEL", "AN ENERGETICOS - LARRAGA SAN ISIDRO", "AN ENERGETICOS - LARRAGA-ARTAJONA", "AN ENERGETICOS - LERIN", "AN ENERGETICOS - LUMBIER", "AN ENERGETICOS - MADRIGAL", "AN ENERGETICOS - MELIDA", "AN ENERGETICOS - MENDAVIA", "AN ENERGETICOS - MENDIGORRIA", "AN ENERGETICOS - MIRANDA DE ARGA", "AN ENERGETICOS - OLITE", "AN ENERGETICOS - PE\u00d1ARANDA", "AN ENERGETICOS - RIBAFORADA", "AN ENERGETICOS - SANGUESA", "AN ENERGETICOS - SESMA", "AN ENERGETICOS - TAFALLA", "AN ENERGETICOS - TUDELA 2", "AN ENERGETICOS - URROZ", "AN ENERGETICOS - VALTIERRA", "AN ENERGETICOS - VENTAS DE ARMENTIA", "AN ENERGETICOS - VILLAFRANCA", "AN ENERGETICOS - YERRI", "AN ENERGETICOS - ZUERA", "AN ENERGETICOS ANDOSILLA", "AN ENERGETICOS ARTAJONA", "AN ENERGETICOS AZAGRA", "AN ENERGETICOS MESENOR", "AN ENERGETICOS S,L - SOS DEL REY CATOLICO", "AN ENERGETICOS S.L. - FUSTI\u00d1ANA", "AN ENERGETICOS S.L. - LECERA", "AN ENERGETICOS S.L. - SARRIGUREN", "AN ENERGETICOS S.L. - TUDELA 1", "AN ENERGETICOS, S.L.", "AN ENERGETICOS, S.L. - ESGUEVILLAS DE ESGUEVA", "AN ENERGETICOS/BODEGA CIRBONERA", "AN ENERG\u00c9TICOS - ETXALAR", "AN ENERG\u00c9TICOS - EZKIBEL ", "AN ENERG\u00c9TICOS - LANAJA", "AN ENERG\u00c9TICOS - MEDINA DE RIOSECO", "AN ENERG\u00c9TICOS - SARTAGUDA", "AN ENERG\u00c9TICOS - TAJONAR", "AN ENERG\u00c9TICOS COMARCA 2", "AN ENERG\u00c9TICOS UCOGAL", "AN GLUS", "ANAYA SL", "AND GO", "ANDALUZA DE TRANSPORTES SCA", "ANDAMUR", "ANDAMUR \"EL LIMITE\"", "ANDAMUR \"GUARROMAN\"", "ANDAMUR \"LA JONQUERA\"", "ANDAMUR \"LORCA\"", "ANDAMUR \"PAMPLONA\"", "ANDAMUR \"SAN ROMAN\"", "ANDRES TEJEDOR E HIJOS", "ANDRESOIL", "ANEU OIL", "ANEU OIL ", "ANEUOIL", "ANIBAL", "ANNA", "ANROROIL", "ANYMORE TRANSPORT, SL", "AOIL", "AORVA GROUP", "APARCADOLORES", "APELLAN", "APJ", "AQUAVEL", "ARALAR", "ARANPINO", "ARBA SA", "ARBEQUINA", "ARBESU", "AREA 117", "AREA CAMBRILS COOPERATIVA", "AREA DE SERVEIS TARADELL,SL", "AREA DE SERVICIO AGETRANS ", "AREA DE SERVICIO DE LA PEZA", "AREA DE SERVICIO EL DELFIN", "AREA DE SERVICIO LA PALMERA", "AREA DE SERVICIO LAS NIEVES *", "AREA DE SERVICIO PAMANES", "AREA DE SERVICIO TORO", "AREA DE SERVICIO TORRELAVEGA", "AREA DE SERVICIO URAL", "AREA DE SERVICIOS Y TRANSPORTES GUIJUELO SL", "AREA DEL BAJO CINCA", "AREA DIESEL", "AREA LOS LLANOS", "AREA SAN MARTIN", "AREA-220", "AREA117", "ARENAS CAMACHO, S.L.", "ARENTO", "ARGI", "ARGOMAR", "ARIOSA", "ARRIBIDE", "ARROSSAIRES", "ARTEA OIL , S.A.", "AS TUR\u00cdS", "ASAJA SDAD COOP", "ASB ENERGIA", "ASC CARBURANTES", "ASIPO SERVICIOS", "ASIR", "ASJILEIVA BNAMARGOSA", "ASLE", "ASTIGI - \u00c9CIJA  - 5:30H A 23:30H", "ATALAYAS", "ATENOIL", "ATLANTIS EXPRESS", "ATRANSCAR CTM", "ATUGAS", "ATUNOIL", "AUROSERVICIO CIRUGEDA 24 H", "AUTO ESTACI\u00d3N DE SERVICIO BARAZAR S.A.", "AUTOENERGY LOW COST", "AUTOFUEL EXPRESS", "AUTOFUEL LOW COST", "AUTOIL", "AUTOIL BENIFAI\u00d3", "AUTOIL FOIOS", "AUTOIL MASSANASSA", "AUTOIL MUSEROS", "AUTOIL OROPESA ", "AUTOIL PAIPORTA", "AUTOIL PICASSENT", "AUTOIL PUZOL", "AUTOIL SEGORBE", "AUTOLAVADOS", "AUTOLAVADOS Y CARBURANTES ALSE SL", "AUTONET&OIL", "AUTONETOIL", "AUTOSERVEI 24 H", "AUTOSERVEI M3", "AUTOSERVEI PUIGCERD\u00c0 ", "AUTOSERVICIO", "AUTOSERVICIO 24H JLZ", "AVANTI", "AVANZA", "AVANZA ENERGY", "AVANZA LOW COST", "AVANZA OIL", "AVANZA OIL FIGUERES", "AVANZA OIL PAMPLONA", "AVELLANEDA OIL 1", "AVELLANEDA OIL 2", "AVIA", "AXXON RED, SL", "AYAFUEL", "AYBCARBURANTES", "AYUNTAMIENTO DE CORTES DE PALL\u00c1S", "AZEROIL", "AZEROIL LLOSA ", "AZUL-OIL", "B-OIL", "B.P.", "BAGARCIVA", "BAHIA DE ALMERIMAR ", "BALLENOIL", "BALLUS BAIX COST", "BALLUS BAIXCOST", "BALTRAN S.A", "BAR / E.S. ALTAMAR J.A.", "BARAZA+", "BARCIA", "BASIC", "BATAN", "BDMED", "BDMED ELDA", "BDS", "BEJAROIL", "BELLAVISTA S.L.", "BENCINAS BORRIOL", "BENCINAS MESTRETS", "BENIARJO", "BENIEXPRESS", "BENIHORT", "BENZINA", "BENZINA ALAQUAS", "BENZINA CARBURANTES", "BENZINA CARBURANTES PEGO", "BENZINERA  \" 38 \"", "BENZINERA CASTELLBISBAL", "BENZINERA GRANOLLERS ", "BENZINERA LA GARRIGA", "BENZINERA MARTINET", "BENZINERA SANTA SUSANNA", "BENZINERA VILAMARXANT", "BENZINERES MONTOIL", "BENZOIL", "BERMUDEZ", "BERNAL", "BEROIL", "BEROIL ", "BEROIL GASTEIZ", "BEROIL LAS ROSAS", "BEROIL NAVALMANZANO", "BEROIL VILLANUBLA", "BEROIL, S.L.", "BEST FUEL", "BFUEL ALGECIRAS", "BFUEL CAMPAMENTO", "BI AHIZPAK", "BICOCA-OIL", "BIDASOA COMBUSTIBLES", "BIDASOIL", "BIDEKO", "BIDEKO ATERPE", "BIESA", "BIGASOIL", "BIONET", "BLANCA", "BLANCA ENERGY ", "BLANCO", "BLTR", "BM COMPLET ", "BODEGA SAN PEDRO APOSTOL", "BODEGA SANTO CRISTO", "BODEGAS SAAC", "BODEGAS SIMBOLO, SDAD. COOP. DE C-LM NTRA. SRA. DE CRIPTANA", "BOLA", "BON SERVICI", "BONAREA", "BONOIL", "BP", "BP ", "BP  ", "BQP FUEL", "BRAVOIL ", "BRIGHT SERVICE", "BRIOGAS", "BS ENERGY", "BTP", "BUENOS AIRES", "BUQUERIN", "BURBUJAS", "BURGOS", "BV-CARBURANTES / \" DTO %\"", "BY ENERGY", "BYE", "BZ ALBORAYA", "BZ ESTACION DE SERVICIO", "B\u00daHO GAS", "C.CERRO/E.S. QUINTO P.", "C.P.G. LA MARINA", "C.T. DE SAN VICENTE DE ALCANTARA", "C2I", "CABEZO GAS", "CABEZO VENTURA", "CACENCA", "CALATORAO ES", "CALPE AUTOMOCION", "CALPE AUTOMOCION II", "CALSINA CARRE", "CAMPA", "CAMPAREZ GASOLINERA", "CAMPELLO - GOTETA II", "CAMPER", "CAMPO", "CAMPO DA CRUZ", "CAMPO ROQUETAS", "CAMPOADRA", "CAMPOASTUR", "CAMPODEZA, S.C.G.", "CAMPOEJIDO", "CAMPOEJIDO  ", "CAMPOENGUERA COOP V", "CAMPSA", "CAN S.L.", "CANARAFLOR ", "CANARY GREEN CORNER, SL", "CANARY OIL", "CANARY OIL, S.L.", "CANDO", "CANGES DEL HOYO", "CANOIL", "CANSO CARBUANTES BENIMODO", "CANSO+CARBURANTS", "CAPI", "CAR OIL", "CARAMANZANA MARKETING Y MEDIO AMBIENTE, S.L.", "CARBA", "CARBUALGA ", "CARBUCRIAL", "CARBUGAL A BARCALA", "CARBUGAL A GRELA", "CARBUGAL ALVEDRO", "CARBUGAL CARBALLO", "CARBUGAL CEE", "CARBUGAL COLISEUM", "CARBUGAL CORISTANCO", "CARBUGAL CORTI\u00d1AN", "CARBUGAL FUENLABRADA", "CARBUGAL LARAXE", "CARBUGAL LOS ROSALES", "CARBUGAL MEICENDE", "CARBUGAL SAB\u00d3N", "CARBUGAL SADA", "CARBUGAL SANTIAGO", "CARBUGAL TOMI\u00d1O", "CARBUNOR", "CARBURANTES A92", "CARBURANTES ALMANZORA SL", "CARBURANTES ARG\u00c9S, S.L.", "CARBURANTES A\u00d1OVER", "CARBURANTES BLUE", "CARBURANTES BOLA\u00d1OS S.L.", "CARBURANTES CAMPO ARA\u00d1UELO S.L.", "CARBURANTES CLAVERO - SAN SEBASTIAN", "CARBURANTES COOLOSAR", "CARBURANTES COOPERATIVOS", "CARBURANTES DE CANTORIA", "CARBURANTES FILABRES", "CARBURANTES GB", "CARBURANTES IBIZA, S.L.", "CARBURANTES LA ESTRELLA", "CARBURANTES LOS SE\u00d1ORITOS SL", "CARBURANTES MU\u00d1OZ PORRAS", "CARBURANTES NONASPE, SL", "CARBURANTES PREMIUM", "CARBURANTES QUEVEDO", "CARBURANTES RIOJA", "CARBURANTES RIOJA SANTO DOMINGO DE LA CALZADA", "CARBURANTES SAGUNTO", "CARBURANTES VALTIERRA S.L.", "CARBURANTES Y SERVICIOS AYORA SL", "CARBURANTS BONOIL", "CARBURANTS SANT ISCLE", "CARBURANTS TOSSES", "CARBURANTS TOSSES ", "CARBURANTS+DEL+CAMP+DE+LLUTXENT", "CARCEDOIL", "CARCELLER ROYO S.L.", "CARLA", "CARLOS DIEZ SEGOVIA", "CARMINA LOW COST", "CARREFOUR", "CARRREFOUR", "CASAT", "CASILLAS DE COMBUSTIBLES SL", "CASTELL XIVERT", "CASTELL-OIL", "CASTILLO DE MONTIEL", "CASTRIL", "CASTROIL", "CASTRONALON", "CATERRA", "CAXIGO S COOP GALEGA", "CA\u00d1ETE", "CC OIL", "CCOOPERATIVA DE ALPUENTE", "CECATRANS TRANSPORT & LOGISTICS, S.L", "CEDYC", "CEEOIL", "CENTRE LA ALQUERIA", "CENTRE LA VEREDA", "CENTRO DE LAVADO LA ZORRERA SL", "CENTRO DE SERVICIOS AGRICOLAS, S.A.", "CENTRO DIESEL COMBUSTIBLES MURCIANOS", "CENTRO SUR", "CEPSA-MOEVE", "CEREALES RAMIRO GRUAS", "CEREALES TORREMORELL", "CERQUEDA SL", "CERTECSION SL", "CERVIA OIL", "CETANOIL", "CG CARBURANTES AZUAGA", "CH", "CH2M", "CHAMPINTER", "CHEAPOIL", "CHEMABALLESTER", "CHESTE AGRARIA", "CHESTE AGRARIA COOP.V.", "CHEVRON", "CHIQU\u00cdN II", "CHM", "CHT", "CITRASOR, SCA", "CIUDAD DEL TAXI", "CIUDAD EJIDO,S.L", "CIVERA", "CKM", "CLAY", "CLC", "CLC CALIDAD LOW COST", "CLUN", "CLUN-MERCARURAL", "CN", "CNJ", "COAFOR ", "COAGAL", "COAGCOR A.I.E", "COAGRI", "COALTRANS S COOP AND", "COARVAL CARBURANTS", "COATO", "COBASA", "COBASGUAR ", "COBELLA", "COBIDEZA", "COBUCO", "COCAVICA", "COCOPE S.COOP", "COCOPE S.COOP.", "COCOPE, S. COOP.", "CODES", "CODO_CM", "COFRADIA DE PESCADORES", "COFRAD\u00cdA DE PESCADORES", "COHORSAN SCA", "COINTRANS", "COLOSO", "COMATRA", "COMB.QUINTANA QUINTANA", "COMBUS", "COMBUS [B]", "COMBUSCAN", "COMBUSELLA", "COMBUSTIBLES  MONEGROS, S.L.", "COMBUSTIBLES CALAHORRA S.L.", "COMBUSTIBLES CANARIOS", "COMBUSTIBLES CHT CIJUELA", "COMBUSTIBLES CRIPTANA,SL", "COMBUSTIBLES DISPROSIO S.L.", "COMBUSTIBLES FIEL, S.L.", "COMBUSTIBLES GOMEZ", "COMBUSTIBLES GOMEZ ", "COMBUSTIBLES HUERTA", "COMBUSTIBLES LA LITERA", "COMBUSTIBLES LA MURADA", "COMBUSTIBLES LA MURADA,S.L.", "COMBUSTIBLES PIUDO", "COMBUSTIBLES RIO EUME", "COMBUSTIBLES TRABANCA", "COMBUSTIBLES VILLAFRANCA", "COMBUSTIBLES VILLAMANRIQUE", "COMBUSTIBLES Y LAVADO LOS PALACIOS", "COMBUSTIBLES Y LUBRICANTES LA NICOBA, S.L.", "COMERCIAL SAMA", "COMOSUREX", "COMPOSTRA OIL", "CONDIS", "CONFOR AUTO", "CONFORT AUTO", "CONIYDE DOSHERMANAS", "CONSUMOMAR", "CONSUMOMAR S.C.A.", "COOP ALBATARREC", "COOP BELLCAIRE", "COOP BORJA", "COOP COCOL", "COOP EL PORVENIR", "COOP LA VI\u00d1A", "COOP SAN JOSE - S\u00c1DABA", "COOP SIERRA DE LUNA", "COOP SILLA", "COOP V ONTENIENSE", "COOP.  LAS ONTINAS", "COOP. AGRARIA SAN ISIDRO DE VALL D'ALBA, COOP.V.", "COOP. ARLANZA", "COOP. DELCAMPO SAN ISIDRO DE VALENCIA DEL VENTOSO", "COOP. DIVINA PASTORA DE JERICA", "COOP. EL PEDROSO", "COOP. ISIDRO LA VALL", "COOP. IVARS", "COOP. LA SIBERIA EXTREME\u00d1A", "COOP. LA UNION DE BENLLOCH", "COOP. LIMITADA DEL CAMPO SAN JOSE DE CALAMONTE", "COOP. LLUTXENT-OTOS", "COOP. LOS POZOS", "COOP. NTRA SRA DEL PRADO S.C", "COOP. NTRA.SRA. PILAR", "COOP. N\u00aa S\u00aa DE LA ASUNCION DE SONEJA", "COOP. PERALES", "COOP. SAN ESTEBAN DE LUESIA", "COOP. SAN ISIDRO DE ALCALA", "COOP. SAN ISIDRO DE VILAFAMES", "COOP. SAN ISIDRO LECI\u00d1ENA", "COOP. SAN JOSE", "COOP. SAN JOSE DE BURRIANA", "COOP. SAN LORENZO", "COOP. SAN MARCOS", "COOP. SANT BERNAT", "COOP. SANTA ANA", "COOP. TRACOMAR", "COOP. VIRGEN DEL ROSARIO", "COOP. VIRGEN OLIVA", "COOP.+SAN+PEDRO", "COOP.ASPA", "COOP.FONZ", "COOP.GUADALPERALES", "COOP.JUNCOSA", "COOP.SAGRADO CORAZON DE ALTURA", "COOP.SAN ANTONIO", "COOP.SAN JUAN DE SAN JUAN DE MORO", "COOPCARLET", "COOPEGO", "COOPERATIVA", "COOPERATIVA AGRICOLA DE CASINOS", "COOPERATIVA AGRICOLA LA POBLA S.C.V.", "COOPERATIVA AGRICOLA SAN RAFAEL", "COOPERATIVA AGRICOLA SANT JOSEP", "COOPERATIVA AGRICOLA SANTA BARBARA", "COOPERATIVA AGR\u00cdCOLA DE CASTELL\u00d3 D'EMP\u00daRIES", "COOPERATIVA ALBALAT", "COOPERATIVA ATZENETA", "COOPERATIVA CABANES", "COOPERATIVA CATOLICO AGRARIA COOP.V.", "COOPERATIVA COMARCAL STMO CRISTO DE LA COLUMNA", "COOPERATIVA CORCHERA", "COOPERATIVA DE BENISANO", "COOPERATIVA DE BETX\u00cd", "COOPERATIVA DE CORBERA", "COOPERATIVA DE LLIRIA", "COOPERATIVA DE LUNA", "COOPERATIVA DE VIVER", "COOPERATIVA DIVINA AURORA", "COOPERATIVA LA FLORIDA", "COOPERATIVA LA SAGRADA FAMILIA", "COOPERATIVA LA VALCUERNA", "COOPERATIVA LINYOLA", "COOPERATIVA LUCENA", "COOPERATIVA NTRA SRA DE LOS SANTOS", "COOPERATIVA OLIVARERA CABEZA DEL BUEY", "COOPERATIVA OSCA", "COOPERATIVA RUISE\u00d1ADA", "COOPERATIVA SAN ATILANO", "COOPERATIVA SAN BLAS", "COOPERATIVA SAN ISIDRO", "COOPERATIVA SAN ISIDRO LABRADOR", "COOPERATIVA SAN JOSE ", "COOPERATIVA SAN LAMBERTO", "COOPERATIVA SAN MARTIN", "COOPERATIVA SAN PEDRO ARBUES", "COOPERATIVA SANT JOSEP", "COOPERATIVA SANT ROC", "COOPERATIVA SANTA CRUZ DE ALPERA", "COOPERATIVA SANTA EULALIA", "COOPERATIVA SANTA MARTA VIRGEN", "COOPERATIVA V. AGRICOLA MONFORTE DEL CID", "COOPERATIVA VIRGEN DE FATIMA", "COOPERATIVA VITICOLA SAN JOSE", "COOPIC", "COOPNOSTRA", "COOPRADO", "COOPSERVICE D'ARTESA", "COORDINACION AGRARIA SA", "COOVIMAG", "COPAL", "COPAL LOGISTICA", "COPERAL", "COPRECA", "COPROHNIJAR S.C.A.", "COPUZOL", "COPVILAR", "CORIDU", "CORREDOIRAS", "COSAFRA", "COSANCLEMENTE", "COSANPE", "COSANSE", "COSOTRANS", "COSTA DE ALMERIA", "COSTAOIL", "COSTCO", "COSTCO ", "COTES OIL ESTACI\u00d3N DE SERVICIO", "COTRATO", "COUSO", "COVA", "COVILALBA", "CRIANZAS Y VI\u00d1EDOS SANTO CRISTO, S. COOP.", "CRIEL", "CRP", "CSC", "CSM COMBUSTIBLES ", "D P S", "DAGAS-OIL S.L.", "DAGO", "DECA 2006 ", "DEL VALLE COMBUSTIBLES, S.L.", "DEL VILLAR ENERGIA", "DELFINCARFUEL", "DELFINOIL", "DELFIOIL", "DEOIL", "DESERT TRUCKERS", "DGV", "DIALCO EL PRADO", "DIDAYMAZ S.COOP.", "DIESELF", "DIESELPRIX", "DIGANA", "DILAMOR", "DINERGIA", "DIP ENERGY", "DISA", "DISMUSA", "DISMUSA MASYMAS", "DISTREAX-22, S. L.", "DISTROL", "DLP", "DOEX", "DONBEX", "DONJIMENO", "DP", "DPM", "DRZ", "DST", "DST ", "DST ARCA REAL", "DST BELVIS", "DST CABANILLAS", "DST MERCAOLID", "DURAMAX", "DUROIL", "DYNEFF ", "E L   P U E N T E,  S.L.", "E S PETROANDALUS", "E-LECLERC", "E. LECLERC", "E. S. BETREN", "E. S. O PINO", "E. S. PEREZ RUMBAO S.A.", "E. S. SAN ISIDRO", "E. S. SAN JOS\u00c9", "E.E.S.S. MIRA", "E.LECLERC", "E.LECLERC HIPERMERCADO", "E.LECLERC INFANTE", "E.LECLERC LEON", "E.S \"EL CARRASCAL\"", "E.S BAHIA DE CASARES", "E.S CAMPOEJIDO ADRA", "E.S CAMPOEJIDO LAS PE\u00d1AS", "E.S CAMPOEJIDO TIERRAS ALMERIA", "E.S DE ALFAMBRA", "E.S DENIA", "E.S EL BARRIAL S.L", "E.S EL GORRION", "E.S EL PALMAR", "E.S GREDOS", "E.S H8 ENERGYS", "E.S JESMAR", "E.S LA ALMUDEMA", "E.S MINIOIL ", "E.S MIRADOR DE POQUEIRA", "E.S MOLVIZAR, S.L", "E.S MONOVAR", "E.S NERJA", "E.S NTRA SRA DEL ROSARIO", "E.S PACOCALCULA", "E.S PETROGAZ", "E.S PUERTA DO\u00d1ANA 2", "E.S SANT ISIDRE", "E.S TENTUDIA", "E.S VIDUEIROS", "E.S.  JAMILENA", "E.S.  PUNT DE TROBADA    -SABADELL-", "E.S. \"LAS ADELFAS\"", "E.S. \"SANTIAGO AP\u00d3STOL\"", "E.S. 2001", "E.S. A VALI\u00d1A", "E.S. ABOX-OIL", "E.S. AGUAMARINA ", "E.S. AGUAVIVA", "E.S. ALMENARA", "E.S. ALTO DO COUSO", "E.S. ALVAMAR", "E.S. AMADO S.L.", "E.S. AQUACENTER", "E.S. ARGOMILLA", "E.S. ATENAS", "E.S. BALAZOTE S.L.", "E.S. BALMAPA", "E.S. BARDENAS", "E.S. BARRAX S.L.", "E.S. BASURTO, S.L.", "E.S. BENETUSER", "E.S. CABRERIZOS", "E.S. CAMBA", "E.S. CAMPEJIDO DALIAS", "E.S. CAMPOEJIDO CTRA ALMERIMAR", "E.S. CAMPOEJIDO ROQUETAS", "E.S. CANAVA", "E.S. CARBURANTES DE ARNUERO S.L.", "E.S. CASHER", "E.S. CA\u00d1IZARES", "E.S. COMARCA DE LA VERA", "E.S. COOP SANTA MARIA DEL AGUILA - EL EJIDO", "E.S. COOP SANTA MARIA-VICAR-MURGIVERDE", "E.S. CRISTALERIA", "E.S. DAIMUS", "E.S. DEHESA BOYAL", "E.S. DIEZ CENTIMOS", "E.S. EL ALAMO, S.L.", "E.S. EL CORTIJO", "E.S. EL CRUCE", "E.S. EL DESVIO", "E.S. EL FRESNO", "E.S. EL GRANADAL", "E.S. EL MOLINO ATARFE DOS", "E.S. EL MOLINO ATARFE I", "E.S. EL MOLINO MARACENA", "E.S. EL POLIGONO", "E.S. EL ROCIO", "E.S. EL VALLE", "E.S. ESLA M\u00d3VIL S.L.", "E.S. EUROPA", "E.S. FRES - BP", "E.S. GESTINCO CARDADOR ", "E.S. GRANASOL ", "E.S. GUARROMAN", "E.S. GUNTIN", "E.S. HERMANOS SIMO", "E.S. ILITURGI", "E.S. IRIXOA - IRIGAS GROUP", "E.S. ISLARES S.L.", "E.S. I\u00d1IGO", "E.S. KONTXA S.L.", "E.S. LA ALMORAIMA", "E.S. LA CALETA", "E.S. LA CARRASCA", "E.S. LA CATRIA", "E.S. LA CENTRAL", "E.S. LA CORONADA", "E.S. LA CRUZ DEL GALLO", "E.S. LA CUESTA", "E.S. LA HERMIDA", "E.S. LA JOYOSA", "E.S. LA LONJA", "E.S. LA LOPERANA", "E.S. LA PONDEROSA", "E.S. LA RURAL", "E.S. LA SANTA", "E.S. LA TORRE", "E.S. LAS BRUJAS - CERNEGULA", "E.S. LAS CUEVAS", "E.S. LAS PALMERAS", "E.S. LAS SALINAS", "E.S. LEDA\u00d1A ", "E.S. LEMANS", "E.S. LETUR", "E.S. LOGAFUELL", "E.S. LOS MARCOS AREAPARKING 24H", "E.S. LOS PAROMALEJOS,S.L.", "E.S. MAGDAOIL", "E.S. MARIA AUXILIADORA", "E.S. MARJA", "E.S. MASSANASSA", "E.S. MC GAS", "E.S. METROARTE", "E.S. MIDES, S.L.", "E.S. MIRA", "E.S. MIRA, S.L.", "E.S. MIRASIERRA", "E.S. MOLERO S.A.", "E.S. MONASOR", "E.S. MONTEAGUDO", "E.S. MONTECOLLADO S.L.", "E.S. MONTEPINAR", "E.S. MUI\u00d1O GRANDE", "E.S. M\u00aa AUXILIADORA", "E.S. O VISO", "E.S. OGICA\u00d1AS ", "E.S. OLIVERAL A3,SL", "E.S. PAPA ALI", "E.S. PARRAGA", "E.S. PASEO DE LA VIRGEN", "E.S. PEDRON", "E.S. PEIBAR BARRANTES", "E.S. PEROXA (A)", "E.S. PETRER-ELDA", "E.S. PETRONACHIL", "E.S. PETRONACHIL - LOS ALAMOS", "E.S. PINEDA DE MAR", "E.S. PLUSOIL", "E.S. POLIGONO", "E.S. PREMIER", "E.S. REAL", "E.S. RETO AHORRO", "E.S. RIBEIRA DE PIQU\u00cdN", "E.S. RIO LINARES", "E.S. RIVERA", "E.S. ROCBLUME  -SABADELL- GAS-OILS_ROVIRA-", "E.S. RODALABOTA", "E.S. ROSALEDA  -ST. FRUITOS DE BAGES-     GASOILS ROVIRA", "E.S. SALADILLO", "E.S. SAN CORONADO", "E.S. SAN GREGORIO", "E.S. SAN LAZARO", "E.S. SANT GUIM", "E.S. SANT MARTI D'ALBARS", "E.S. SANT RAMON", "E.S. SANTA ANA DE LA JANDA", "E.S. SANTA FAZ", "E.S. SANTA RITA", "E.S. SECADERO", "E.S. SEGRI\u00c0", "E.S. SILES AGUILERA", "E.S. SOMAHOZ", "E.S. SOMARES S.L.", "E.S. SU EMINENCIA", "E.S. TEXAS", "E.S. TIEBAS", "E.S. TOBARRA", "E.S. TOCALU ", "E.S. TOSSA DE MAR", "E.S. TRABADELO", "E.S. TRECE\u00d1O S.L.", "E.S. TRES CAMINOS", "E.S. VADILLO", "E.S. VALDEHERRERA", "E.S. VALENCIANO MEDINA", "E.S. VALERO 24 H", "E.S. VALLE ZAHOR", "E.S. VEGAS DE TRIANA", "E.S. VILABOA", "E.S. VILLACASTIN, S.L.", "E.S. VILLALONGA", "E.S. VILLASOL", "E.S. VIRGEN DE LA SOLEDAD", "E.S. VIRGEN DE LOS REMEDIOS.", "E.S. VIRGEN DEL AGUA", "E.S.+AGRICOLA+S.C.J.+DE+ALBAL%2C+C.V.", "E.S.ARBOLEAS", "E.S.ARENES BELLPUIG", "E.S.AVINYONET", "E.S.BALERMAMAR S.C.A", "E.S.BELLAVISTA", "E.S.BENALUP", "E.S.CAMPO DE GIBRALTAR", "E.S.CAMPO DE TEJADA", "E.S.CAMPOEJIDO-LA ALDEILLA", "E.S.CARGOSA", "E.S.CHELVA", "E.S.D VILLANUEVA DE LA JARA", "E.S.EL CAMPILLO", "E.S.EL MOLINO ALHENDIN", "E.S.EL SALGUEIRAL", "E.S.EPILA", "E.S.FERREIRA", "E.S.GELIDA", "E.S.GOMEZ (BP)", "E.S.GUILLERIES,S.L.", "E.S.HNOS.BLAZQUEZ SL", "E.S.HORADADA", "E.S.HPG", "E.S.LA COLORADA", "E.S.LA MUELA", "E.S.LA RECTA", "E.S.LAS PILETAS", "E.S.LOS MOLINILLOS", "E.S.MAELLA", "E.S.MAS", "E.S.METROARTE MONCADA", "E.S.MEX", "E.S.MIBECOSL", "E.S.MOIANES", "E.S.MOLERO S.A.", "E.S.NTRA . S\u00d1RA. DEL ROSARIO.", "E.S.NTRA.SRA.DE LA PE\u00d1A", "E.S.NUEVA MONTA\u00d1A", "E.S.ORIHUELA DEL TREMEDAL", "E.S.PEDRAJAS", "E.S.QUINTANAR", "E.S.RUTANCARES S.L.", "E.S.SAIZ", "E.S.SAN BENITO", "E.S.SANTA FE", "E.S.SIBIERRE", "E.S.SOLBAS", "E.S.STO.DOMINGO DE GUZMAN", "E.S.TEIRABOA", "E.S.TERDIGUERA", "E.S.TERMENS", "E.S.TITAGUAS S.L", "E.S.VALEIXE", "E.S.VICASOL", "E.S.VISA", "E.S.VISTALEGRE", "E.SERVEIS TG", "E.SERVICIO TEIS P.R.", "E/S  SAN JAVIER", "E/S TALAVERA", "EASY FUEL", "EASYFUEL", "EASYGAS", "EASYGAS PORRI\u00d1O", "EASYREPOST", "ECO COMBUSTIBLE 24H LOW COST", "ECOAREA ALHAUR\u00cdN", "ECOBENZ", "ECOIL LEVANTE", "ECONOIL", "ECONOMIC FUEL", "ECONOMY CASH 24H", "ECONORIAS", "ECOSUMINISTROS", "ECOSUMINISTROS 24 H K40", "ECOZOIL ", "ECO\u00c1REA SANTA AMALIA", "ECU VILLARES", "EDETAGAS", "EDV", "EE SS HNOS. MORENO PADILLA", "EE SS LOS CARRASQUILLAS", "EE SS PUENTE DEL AVE", "EE SS SOMIEDO", "EE.SS AGUADERAS", "EE.SS VALLE PIQUERAS", "EE.SS. ALJORRA", "EE.SS. CAMANZO", "EE.SS. SAN SEBASTIAN", "EESS DE CABANES 40 PIES ", "EESS DYNEFF", "EESS GASOLEOS FERRER S.L", "EESS GASOLIVIA", "EESS LA CAVADA", "EESS LA FLORIDA ", "EESS LAS PALMERAS", "EESS MACEDA", "EESS NTRA SRA DE LOS MILAGROS", "EESS OC\u00c9ANO  LA AZADILLA", "EESS ROTONDA", "EESS TOSCANA", "EESSBENZA", "EESSMAS, S.L.", "EGEA HUESCAR", "EJIDO OESTE", "EL BADEN", "EL BALCON DE ANDALUCIA", "EL CANARI", "EL CANARI ONIL", "EL CARMEN", "EL CENTRO", "EL CRISTO ", "EL EMPALME", "EL ESCOBONAL", "EL GRADO ESTACION DE SERVICIO", "EL GRUPO SCA", "EL GUADALENTIN", "EL JUCAR", "EL LIMONAR", "EL MARINO", "EL PICO", "EL PILAR", "EL PLANO", "EL POLIGONO", "EL PORRAS", "EL PUEYO", "EL REMOLINO", "EL ROMERAL", "EL RUBIAL SOC. COOP.", "EL SALVADOR", "EL SOL", "EL SURTIDOR", "EL TANQUE", "EL TREBOL", "EL VALLE", "ELDISSER", "ELECTROMONTAJES CRIPTANA S.L.", "ELS GAFARRONS", "EMACOIL 24-7", "EMBOCADOR", "EMCCAT 24H.", "EMPRESOIL", "EMPURIES OILS L'ESCALA", "EMP\u00daRIES OILS SAUS", "ENCO SANT JORDI", "ENERCOM CARBURANTES", "ENERGETICOS BERBINZANA", "ENERGETICS CONCA S.L.", "ENERGIAS AF", "ENERGY", "ENERGY CARBURANTES", "ENERGY LA VARIANTE", "ENERGY24H", "ENERPLUS", "ENERQUIVIR{ SOTILLO BAJO{", "ENI", "ENTREAUTO", "EOIL", "EPERMENDI", "EPSILON PLUS ", "ERE AREA DE SERVICIO", "EROSKI", "ES", "ES ADENOR POLINYA", "ES AIDA", "ES ALGERRI", "ES ARTENARA", "ES BORJA - E.S.SOBRADO DE PICATO, S.L.U", "ES CALDERS", "ES CASTRONU\u00d1O", "ES COLL DE NARG\u00d3", "ES COLOSO", "ES COLOSO CHURRIANA", "ES DOSVILLAS SL", "ES EL PERAL", "ES ESLA", "ES ESUCARTO", "ES FEPSA  LA PALMA", "ES FERMAN LIA\u00d1O", "ES HERMANOS OLALLA", "ES LANDIBAR", "ES LAS CASAS", "ES LIMONAR", "ES LOS MONOS", "ES MALAVELLA", "ES MILL SERVICES", "ES NORIAS", "ES NTRA SRA OLIVAR", "ES OUTON", "ES PARKING DEL BAIX LLOBREGAT", "ES RB", "ES SALORINO", "ES SAN ANTONIOABAD. FUENTEALBILLA", "ES TADISUR ", "ES TAXLAGUNA ", "ES VEFRUBER", "ES ZARAGOZA", "ES.LA NARANJA", "ESC", "ESC-PETROLEOS", "ESCLATOIL", "ESCUDERO", "ESFER-OIL", "ESOIL", "ESPANOIL", "ESPECIAL OIL", "ESSER", "ESTACIO DE SERVEIS BALENYA", "ESTACIO DE SERVICI EL REGAIXO", "ESTACIO SERVEI BIGUES I RIELLS", "ESTACIO SERVEI CAN BUXERES", "ESTACIO SERVEI LLINARS", "ESTACIO SERVEI LLU\u00c7AN\u00c8S", "ESTACIO SERVEI OLIANA", "ESTACION  SERVICIO CHIPUDE", "ESTACION 24H. MIAJADAS LOGISTICA Y TRANSPORTES SL", "ESTACION BOYA", "ESTACION DE CARBURANTES SAN BARTOLOME APOSTOL", "ESTACION DE SERVICIO ", "ESTACION DE SERVICIO A TRABE", "ESTACION DE SERVICIO AOIZ, S.L.", "ESTACION DE SERVICIO ARALAR", "ESTACION DE SERVICIO CARDENETE", "ESTACION DE SERVICIO CASTA\u00d1AR", "ESTACION DE SERVICIO COLOSO MARBELLA", "ESTACION DE SERVICIO DIEGO PILETA  Y AUTOLAVADO AGUA OSMOTIZADA: HIJOS DE DIEGO PILETA", "ESTACION DE SERVICIO EL SALADILLO", "ESTACION DE SERVICIO FAVENCIA JULIA", "ESTACION DE SERVICIO HERMANOS OLALLA ", "ESTACION DE SERVICIO LA FONTANILLA", "ESTACION DE SERVICIO LA FORTALEZA", "ESTACION DE SERVICIO LA NORIA", "ESTACION DE SERVICIO LIEBANA S.L", "ESTACION DE SERVICIO LUINTRA, S.L.", "ESTACION DE SERVICIO MARI\u00d1AMANSA", "ESTACION DE SERVICIO MONCAYO", "ESTACION DE SERVICIO O VAL", "ESTACION DE SERVICIO ORDES", "ESTACION DE SERVICIO ORTEGA", "ESTACION DE SERVICIO P44", "ESTACION DE SERVICIO PARA\u00d1OS", "ESTACION DE SERVICIO PETROBLUE ", "ESTACION DE SERVICIO PIADELA FASE III", "ESTACION DE SERVICIO PORTER, S.L.", "ESTACION DE SERVICIO PRADESOL", "ESTACION DE SERVICIO PRIETO, S.L.", "ESTACION DE SERVICIO RV", "ESTACION DE SERVICIO SIGRAS", "ESTACION DE SERVICIO SORIANO S.L.", "ESTACION DE SERVICIO TABEAIO", "ESTACION DE SERVICIO TOMAS TRECE\u00d1O", "ESTACION DE SERVICIO VALLE DE LECRIN", "ESTACION DE SERVICIO VALLE DE TRUBIA S.L.", "ESTACION DE SERVICIO VELEZ RUBIO", "ESTACION DE SERVICIO VENTA CAVILA", "ESTACION DE SERVICIO VICASOL S.L.", "ESTACION DE SERVICIOS \"FIS\"", "ESTACION DE SERVICIOS EL MIRADOR", "ESTACION DE SERVICIOS JEDULA", "ESTACION INTER PATTY", "ESTACION PLAYA BLANCA", "ESTACION SERVICIO", "ESTACION SERVICIO BONET SL", "ESTACION SERVICIO MUNICIPAL", "ESTACION SERVICIO NTRA SRA DE LA BLANCA", "ESTACION SERVICIO TEBA", "ESTACIONES ARNEDO", "ESTACIONES DE SERVICIO GASOLIVIA", "ESTACIONES GB", "ESTACI\u00d3 DE SERVEIS CENTELLES", "ESTACI\u00d3 SERRA CADI, S.L.", "ESTACI\u00d3N ABADES KM 44", "ESTACI\u00d3N AEROPUERTO", "ESTACI\u00d3N DE SERVICIO", "ESTACI\u00d3N DE SERVICIO ACEITES ALDEAHERMOSA", "ESTACI\u00d3N DE SERVICIO ARANDA", "ESTACI\u00d3N DE SERVICIO ARMENTERA S.L", "ESTACI\u00d3N DE SERVICIO EL CRUCE DE SANTA MAR\u00cdA DE TRASSIERRA", "ESTACI\u00d3N DE SERVICIO EL GOMERO", "ESTACI\u00d3N DE SERVICIO NIG\u00dcELAS, S.L. ", "ESTACI\u00d3N DE SERVICIO OUTOMURO S.L.", "ESTACI\u00d3N DE SERVICIO PERALTA DE ALCOFEA", "ESTACI\u00d3N DE SERVICIO PUERTA GUADIX 292", "ESTACI\u00d3N DE SERVICIO SALVACA\u00d1ETE", "ESTACI\u00d3N MADRID", "ESTACI\u00d3N VILANOVA DE AROUSA", "ESTEBA RIVAS", "ESTRELLA ROJA", "ETXARRI OIL", "EUMOGAS, SL", "EUREKA", "EUROCAM", "EUROFUEL", "EUROIL CUATROCAMINOS", "EUROIL LARECTA", "EUROLOMA", "EURONOR", "EURONOR ENERGY ", "EUROPA", "EUROPA 1", "EUROPETROL", "EUROPULPI", "EUROSOL", "EUROWAG FIGUERES", "EUSKADI LOW COST", "EUSKADILOWCOST", "EUSKOIL-STAR PETROLEUM", "EVOLUTION", "EXIBOX", "EXOIL", "EXOIL ALBERIC", "EXOIL CHIVA", "EXOIL EXPRESS", "EXOIL REAL DE GANDIA", "EXPLOTACIONES GASOAL", "EXPLOTACIONES GASOAL SL", "EXPOAGUILAS", "EXPOMARINA", "EXPRESS", "F.A.LES PLANES", "F.COCA P. S.L.", "F.DEL MORAL", "F21", "FACE PETROLEUM", "FACE PETROLEUM SAGUNTO", "FAMILY ENERGY", "FAMILY ENERGY, S.L", "FAMILY ENERGY,SL", "FARRE OIL", "FARRUCO S.A.", "FAST & GAS", "FAST FUEL", "FAST FUEL ALBACETE", "FAST FUEL HINOJOSA", "FC GO", "FC PETROLEOS", "FEIXAS AULET", "FEIXAS AULET ", "FEJAMA 2022, S.L.", "FENIX GESTION", "FENIX OIL", "FER PREU JUST", "FERCAM", "FERNANDEZ BERMEJO", "FERTIBLEND", "FERVI CC PONTI\u00d1AS", "FINA", "FISCOGAS 24/7", "FITO", "FITOGAS", "FLOREZ COSMEN, S.L.", "FLUID", "FM", "FORESMA DESARROLLOS SL", "FORRAJES DE RIBAFORADA, S.L.", "FRANCAS ENERGY", "FRESAFLOR, S.C.A.", "FRII", "FROET-GAS", "FRU-ROSE, SCCL", "FRUCIMU", "FRUTAS CARAVACA, S.C.L.", "FTH", "FUEL 10", "FUEL EXPRESS", "FUEL TRUCK", "FUEL Y FURIOSO", "FUEL-ENERGY", "FUELING", "FUELQUIN", "FUENTES LOGISTICS QUALITY", "FULL  ENERGY BELLCAIRE D'EMPORDA", "FULL & GO", "FULL ENERGY - VILADAMAT", "FUSPRA ENERGY", "FUTURA PETROLIUM ", "FUTURGASOIL", "FYCASA LOGISTICA S.L.", "FYCSA FRESH AND CARRY,S.A.", "FYDEMSA", "G CANTALEJO", "G.P.S. OIL ", "GACELA", "GACOSUR BARBATE", "GACOSUR JEREZ", "GACOSUR MAIRENA", "GACOSUR PARSI", "GACOSUR VILLAMARTIN", "GADCAR", "GAFISUR ANTEQUERA", "GAFISUR PALMONES", "GAIA", "GALAN DE MEMBRILLA", "GALANES SOCIEDAD COOPERATIVA DE CLM", "GALEA", "GALERA \u00c1REAS DE SERVICIO", "GALP", "GAL\u00c1N DE MEMBRILLA", "GAMAR", "GAMARRA LOW COST", "GAMBA OIL ", "GAMIZ", "GANAR, S. COOP.", "GAR", "GARATGE HORTA", "GARDENOIL", "GARRUCHO", "GARRUCHO ESPERA", "GAS AUTO", "GAS DEL MAS", "GAS SOLIS", "GASAMP", "GASDEN", "GASEXPRESS", "GASEXPRESS ", "GASEXPRESS ARCHENA", "GASEXPRESS CAMPELLO", "GASEXPRESS FOIOS", "GASEXPRESS GETAFE", "GASEXPRESS LA POBLA DE FARNALS", "GASEXPRESS PUERTO", "GASEXPRESS PUZOL", "GASEXPRESS SEGORBE", "GASEXPRESS SUECA", "GASEXPRESS TAVERNES", "GASEXPRESS TRES CRUCES", "GASEXPRESS VALLADOLID 5", "GASEXPRESS VINAROZ", "GASHOME", "GASLANDER", "GASLOWCOST", "GASMOR E HIJOS S.L", "GASO 10", "GASOELECTRIC LOW COST", "GASOIL 3B", "GASOILS CARRERAS DE PIERA S.L.", "GASOLEO B", "GASOLEO EXPRES", "GASOLEO EXPRESS (NICOLAS Y RIQUELME SL)", "GASOLEOA", "GASOLEOS", "GASOLEOS ARANDA", "GASOLEOS ARIAS MARTINEZ, S.L.", "GASOLEOS CALASPARRA", "GASOLEOS CEAO", "GASOLEOS CERECEDO", "GASOLEOS DAGANZO", "GASOLEOS DE MONFORTE", "GASOLEOS GETAFE, S.L.", "GASOLEOS LA ELIANA", "GASOLEOS LA PARRILLA", "GASOLEOS MARTIN NAVAS SLU", "GASOLEOS MERCADAIZ", "GASOLEOS SAN BENITO", "GASOLEOS SIERRA OESTE,SL", "GASOLEOS SOTOMONTES,S.L.", "GASOLEOS TERUEL", "GASOLEOS TORRES LOW COST 24H.", "GASOLEOS TURBULA ", "GASOLEOS VILLAGER", "GASOLEOS VILOMORE,S.L.", "GASOLEOSJUCO", "GASOLINERA", "GASOLINERA AGULLENT", "GASOLINERA ALCOY ", "GASOLINERA ALFAFAR", "GASOLINERA ALISAL", "GASOLINERA ASPE", "GASOLINERA CAPELLAN\u00cdAS", "GASOLINERA CARTAGENA", "GASOLINERA CA\u00d1ADA ROSAL S.L.", "GASOLINERA CIEMPOZUELOS", "GASOLINERA C\u00c1CERES", "GASOLINERA D'ELX (S. ATENDIDO)", "GASOLINERA DE FORMENTERA", "GASOLINERA DE LA COOPERATIVA NTRA SRA DEL ROSARIO", "GASOLINERA EL EJIDO", "GASOLINERA EL ESPINAR DE SAN RAFAEL", "GASOLINERA EL MARGEN", "GASOLINERA ES", "GASOLINERA ETENOIL", "GASOLINERA G & S", "GASOLINERA GALMAR", "GASOLINERA GETAFE", "GASOLINERA GRANADA LA PALMA", "GASOLINERA JILOCA", "GASOLINERA LOS IBORES", "GASOLINERA LOW COST", "GASOLINERA LOW COST PENADES", "GASOLINERA MARTIN", "GASOLINERA NO\u00c1IN", "GASOLINERA OLIVARES", "GASOLINERA ORTUELLA", "GASOLINERA SAN ROQUE", "GASOLINERA SANTA BARBARA", "GASOLINERA SANTANA", "GASOLINERA TORREJ\u00d3N", "GASOLINERA TREVI\u00d1O", "GASOLINERA UTRERA", "GASOLINERA VALDEMORO", "GASOLINERA VALLADOLID PISUERGA", "GASOLINERA VILLAFLORES", "GASOLINERA VILLAREJO DE SALVAN\u00c9S", "GASOLINERA ZAMUDIO", "GASOLINERA ZARATAN", "GASOLINERAS DEL REY", "GASOLINERAS HF", "GASOLINERAS HT", "GASOLIVIA", "GASOLPOP,S.L.", "GASOLPRICE", "GASOLPRIME", "GASOLWIN", "GASOLWIN BENEIXAMA", "GASOLWIN LLIRIA", "GASOPOTENZ", "GASOPRIX", "GASORBA", "GASPLAY", "GASPUIG", "GASUIR", "GASUMA", "GAS\u00d3LEOS MONTEHERMOSO", "GAX", "GBA", "GC", "GC ENERGY", "GCL", "GECKOIL", "GECKOIL SANT PON\u00c7", "GEDS", "GENIL", "GERANTISAN", "GESGASOLEO", "GEXA", "GF", "GHC SORIA", "GHNPLUS", "GHOL", "GIAL", "GLOBAL HRV", "GLOBAL OIL", "GLOBAL OIL ", "GLOBAL OIL  ", "GLOBAL TANK", "GLOBAL TANK LA SERRETA", "GLOBAL TANK SILLA", "GLOBALTANK", "GLOBALTANK PINOSO", "GM FUEL STATIONS", "GM OIL", "GM OIL ", "GM OIL ELCHE", "GM OIL HOSPITALET DE LLOBREGAT", "GM OIL PALAM\u00d3S", "GM OIL TORREVIEJA", "GM10", "GMOIL", "GMR", "GO UBRIQUE", "GOEXPRESS", "GOLBAL OIL LOS MARTINEZ DEL PUERTO", "GONDELCU", "GONZALEZ CA\u00d1ABATE CARBURANTES", "GONZALEZ CA\u00d1ABATE, S.L.", "GOOD PRICE PALAU", "GOR", "GOTETA", "GP ENERGIA", "GPB", "GPS-NUEVA CONDOMINA", "GPS-PETRO PUENTE", "GPS.MOLINA", "GPS.MOLINA- TAPIADO", "GRANAOIL", "GRANASOL SAN PABLO", "GRATSA", "GREEN GAS", "GRUPO BARAMBIO", "GRUPO CIRUGEDA COLOM SL ", "GRUPO CRIADO", "GRUPO HEFAME", "GRUPO LARATRANS", "GRUPO LOGISTICO CODAITRANS", "GRUPO MAICAS PEIRO", "GRUPO PENA", "GRUPO TRANSLOGISTICA", "GSM", "GUAY", "GUEROIL", "GUGAS", "GV OIL", "GVOIL", "G\u00d3MEZ Y SIRVENT", "H2EXAGON ARAFO", "H2EXAGON ESCALERITAS", "H2EXAGON JINAMAR", "H2EXAGON LAS TORRES", "H2EXAGON NORTE", "H2GO CORRALEJO", "H2GO MAXO ARME\u00d1IME", "H2GO MORRO JABLE", "H2GO MUELLE CHICO", "HAFESA", "HAFESA OIL", "HAM", "HAXX", "HAXX PUERTO DE MOTRIL", "HELLIN GAS S.L.", "HEMEGAS", "HENERGY", "HERMANOS CRUZ (REPOSTAR)", "HERMANOS FERNANDEZ GARCIA SA", "HERMANOS GUILLEN MONTERO S.A.", "HERMANOS MORENO PADILLA", "HERMANOS NAVARRO", "HERMANOS NU\u00d1O, S.L.", "HGOIL", "HIDRO&GAR.2", "HIGUEROIL", "HIJOS DE OLIVA", "HIPER OIL", "HIPER-OIL", "HISPANIA DE CARBURANTES", "HLH", "HNOS BA\u00d1OS", "HNOS GUILLEN MONTERO S.A.L.", "HNOS. FERNANDEZ URABAIN S.L.", "HNOS. FRIGOLS LILA, S.L.", "HNOS. LARDIN VIVANCOS, S.L.", "HNOS. L\u00d3PEZ GUNT\u00cdN C.B.", "HNOS.FERNANDEZ", "HNOS.MARTINEZ", "HOILA", "HORTAMIRA", "HORTIFRUC", "HORTOFRUCOOP S.C.A.", "HRUIZ", "IBAIA ENERGY", "IBERDOEX", "IBERFUEL", "IBESSA", "ICOR ENERGIA", "IDS", "IGOA Y PATXI SL", "IGUZQUIZA Y ECHEVERRIA S.L.", "ILIPAMAGNA", "IMPULSO365", "INDAPAK LOGISTICS", "INDASOL", "INDUSTRIAL GIL FOLGADO SL", "INDUSTRIAL LOS ANGELES", "INFINITY OIL", "INICIATIVAS RUMIAL", "INLOCOR S.L.", "INNOGAS", "INPEALSA", "INTERCON", "INV", "INVERSIONES CASTELLANO CANTABRICA, S.L.U.", "ION+", "ISABEL ALONSO", "ISATIR ", "ITALICA OIL", "ITURSER S.L.", "ITV LA FLORESTA", "IZELAI FUEL", "J. UTRILLA", "J.L E HIJOS", "J.L.SARDINA S.L.", "J.UTRILLA", "JAENCOOP", "JAENCOOP ENERGY", "JAENCOOP ENERGY CORTIJOS NUEVOS", "JAENCOOP ENERGY TORRES DE ALBANCHEZ", "JAENCOOP ENERGY VILLANUEVA II", "JAIMAPARK", "JAYOMI SERVEIS", "JBM", "JCARRION", "JCC", "JEISER OIL", "JES\u00daS DEL PERD\u00d3N BODEGAS YUNTERO S. COOP. DE C-LM", "JIMENOIL", "JOSBERFUEL", "JOSE GARCIA GUILLEN", "JOVINO ESTHER E HIJOS S.L.", "JOYMAR", "JPG PETROL", "JTFUEL", "JUAN MARTINEZ SAURA", "JUCOFUEL", "JULIA-OIL", "JULIA-OIL (FINA)", "JUNCADIESEL", "JUST FUEL", "KARLAVADO.COM", "L ESPIGA SCCL", "L'AREA", "L'AREA ", "LA 23", "LA ADRADA", "LA ARCHENERA", "LA AYORENSE CARBURANTES", "LA BARONIA DE TURIS COOP V", "LA BOTIGA DEL SINDICAT", "LA CALANDINA", "LA CALLE DEL MOTOR", "LA CARABELA", "LA CA\u00d1ADA", "LA CHARLUCA ES", "LA CHICA", "LA CHUCA", "LA COOPERATIVA", "LA ENCINA DE PALAZUELO S. COOP.", "LA ERMITA S.L.", "LA ESTACION", "LA ESTRELLA DE QATAR", "LA FARINERA", "LA GAVIOTA GASOLINERA 24 HORA", "LA GAVIOTA GASOLINERA 24 HORAS", "LA GAVIOTA GASOLINERAS", "LA HITA - TORREVIEJA", "LA HITA- EL MOLINO", "LA HITA-EL PASICO", "LA HITA-EL VALLE", "LA HITA-JC1 MURCIA (SERV.ATENDIDO)", "LA HITA-LO PAGAN", "LA HITA-MORRASTELAS", "LA HITA-PINATAR PARK", "LA HITA-RODA", "LA INMACULADA", "LA JULIANA", "LA LAGUNILLA", "LA LANCHA", "LA LOBA 2000", "LA LOMA", "LA MILAGROSA", "LA MORENICA", "LA MOTA - BIESA", "LA MOVIL GRUPO PUERTAS", "LA NORIA", "LA PANADELLA", "LA PAR\u00c1 ROCIERA", "LA PINTAICA", "LA PISTA S.L.", "LA PULGOSA", "LA REMEDIADORA", "LA RIBERA DE CABANES", "LA SALUD", "LA TARAMBANA", "LA TORRE", "LA TRAMUNTANA", "LA TROCHA", "LA UNION CHIVANA", "LA VALENTI", "LA VEGA", "LA VEGA DE PLIEGO", "LABOIL", "LABOIL, S.L.", "LACICAR", "LAENCINA SODAD COOP LIMITADA", "LAFUENTE", "LAG SIG\u00dcEIRO", "LAG XALLAS", "LANDETE GIMENO", "LAPE\u00d1A MORATALLA, S.L.", "LAS CORREHUELAS, S.L", "LAS GAVIOTAS", "LAS LAGUNAS", "LAS MARISMAS DE ROTA (L.M.R.)", "LAS MAROMAS", "LAS MAROMAS-2", "LAS PALMERAS", "LAS PEPAS", "LAS TERRAZAS", "LAS TORRES", "LATEQUIN", "LAVABU", "LAVAOIL", "LAVAPLUS", "LAYTOR", "LB ENERGIA", "LERFU", "LEVANTINA", "LIBRE", "LILA ENERGY", "LIMIA OIL", "LION ENERGY", "LISARMINIA", "LISBONA OIL", "LITORAL DE NIJAR", "LLORSOIL- E. S. VALVERDE", "LO SOLA", "LOGISTICA MORENO", "LOIMIL GAS", "LORBUS", "LORRY PETROL", "LOS ANGELES", "LOS CALZONES", "LOS CEAS", "LOS CORRALES", "LOS DONCELES ENERGY", "LOS FILABRES SCA", "LOS LINARES", "LOS LLANOS II", "LOS REMEDIOS", "LOS REMEDIOS-PICASAT SCA", "LOS TORRAOS", "LOSADA - MONTAMARTA", "LOUCOS  A.S. EL TORO", "LOW COST", "LOW COST 24", "LOW COST 24H", "LOW COST ALZIRA", "LOW COST ATENDIDO O CORGO", "LOW COST CARBURANTES", "LOW COST CIRUGEDA", "LOW COST EUSKADI", "LOW COST EUSKADI SL", "LOW COST FUEL", "LOW COST FUEL OIL", "LOW COST LA MOVIL", "LOW COST LM EXPRESS", "LOW COST LOS POZUELOS", "LOW COST REPOST", "LOW COST SAN CRISTOBAL", "LOW COST SANT FOST VILACARBURANTS", "LOW COST TIBURONOIL", "LOW COST VALLELADO", "LOWCOST MEDINA", "LOWCOST24H", "LOWCOSTFUEL", "LOWXEN", "LOZANO", "LUBRICANTES MARTIN", "LUCENA", "LUIS MORENO ROLDAN", "LUKOIL", "LUXOIL", "LUZAIDE", "LUZOIL", "M", "M AUTOMOCION", "M&D", "M3 PETROLEOS", "M4 REPOST", "MACMAOIL", "MADESE-BENAMAINA", "MAGALIA ENERGIA, S.L.", "MAGNA OIL", "MAIRENA AGRICOLA,S.C.A", "MANCEBO", "MANCHA CENTRO", "MANZANARES RUIZ", "MAPISAOIL", "MARINA DE LA PLANA", "MARINA RUBICON", "MARIN\u00c9", "MARISA", "MAROIL", "MAS GASOIL", "MASFUEL", "MASIP", "MASMAR OIL", "MASOIL", "MASOIL ALCOY", "MASOIL BENISA", "MASOIL CASTALLA", "MATALARA", "MATARO", "MAXOIL", "MAXPETROL", "MAXPETROL ", "MAYAYO", "MAZANA", "MAZANA ", "MAZANA OIL", "MC", "MDIESEL", "MELLADO", "MENCHERO VEGUE CARBURANTES S.L.", "MENDIONDO S.COOP.", "MERCAOIL ENERGY", "MERCASOSA", "MERKAOIL", "MERODIO", "MEROIL", "MEROIL  ", "MEROIL (FER PREU JUST)", "MEROIL, S.L.", "MESTRANS", "MG", "MIFASCET,SLU", "MIGUEL PI", "MINGACHO", "MINGACHO OIL", "MINGORRIA", "MINIOIL", "MINIOIL ALBOLOTE", "MINIOIL OTURA", "MIRAMAR OIL", "MIRASIERRA", "MLC", "MLC ALUENDA", "MOEWE TALVAR", "MOGUEROIL", "MOMO OIL", "MONTE ALUMA", "MONTE LA REINA", "MONTEPIO", "MONTES NORTE ENERGETICOS S.L.", "MONTES NORTE ENERGETICOS, S.L.", "MONTLLOBE, S.A.", "MOOVE", "MORA", "MORA OIL ", "MORA Y CIUDAD COMBUSTIBLES ", "MORAFUEL", "MORAOIL", "MORENO", "MORGANE OIL", "MOSCARD\u00d3", "MOTOLUX", "MOTORACING 81", "MOZAR ENERGIA", "MP", "MUELAS DEL PAN", "MULTIGAS ENERTICA S.L.", "MULTIMARCA COMBUSTIBLES", "MURILLO ROJO SL", "MUXU", "MYFUEL LOW COST", "MYG GASOLEOS", "M\u00ba MARIN", "N1JUNDIZ", "NADA ", "NADAL", "NAFAR MENDI", "NAFAROIL", "NAFTE", "NAKANOIL", "NALDA", "NARANJA", "NAVAMUEL", "NAVARRO Y VALERO, S.L", "NAVATRANS", "NEFT", "NEUMATICOS BIDASOA", "NEUMATICOS Y SERVICIOS BEHOBIA, S.A.", "NEVADA ENERGIA", "NEW OIL MALAGA", "NIEVES", "NIEVES ", "NIEVES PARETS LLEVANTPARK", "NINGUNO", "NO", "NO ", "NO HAY", "NO ROTULO", "NO TIENE", "NOALLES Y BALANZA ", "NOIL", "NOROIL", "NORPETROL", "NORPETROL AGONCILLO", "NORPETROL ARCOS", "NORPETROL LA PORTALADA", "NORPETROL LA VEGA", "NORPETROL LOS CARROS", "NORPETROL LOS CARROS 2", "NORPETROL ORY", "NORTEGRA LOW COST", "NOVAOIL", "NOVEL OIL SYSTEM", "NT.S.DE MANJAVACAS S.COOP DE CLM", "NTRA SRA DE BELEN ", "NTRA SRA DEL ROSARIO", "NTRA. SRA. DE LA ENCARNACION", "NTRA. SRA. DEL CARMEN - COOPERATIVA VINICOLA", "NTRA.SRA. DE LA ESTRELLA,S.C.A", "NTRO. PADRE JESUS NAZARENO, SDAD. COOP DE CLM", "NUBOIL", "NUEVA ALISAL", "NUEVA CALONGE", "NUROIL", "NU\u00d1EZ VILLARREAL", "N\u00ba 10.935", "N\u00ba 7374", "O RODO", "O SURTIDOR", "O XEIXO,S.COOP GALEGA  OIL ", "OCHO AREAS DE SERVICIO", "OCHO \u00c1REAS DE SERVICIO", "OCHOA LORES (LA JAREA)", "OCTANOS", "OCTOPO", "OC\u00c9ANO", "OC\u00c9ANO EL CARRIZAL", "OC\u00c9ANO LOS REALEJOS", "OC\u00c9ANO PLAYA SANTIAGO", "OC\u00c9ANO SARDINA SUR", "OC\u00c9ANO TACO", "OD06", "OIL A42 ", "OIL BAROL SL", "OIL CITY", "OIL HUERCAL-OVERA  ", "OIL JCJ", "OIL LINE", "OIL PRIX", "OIL SANCHEZ ROMERO", "OIL+", "OILAREA", "OILMARA\u00d1A", "OILPRIX", "OLANCA", "OLEAND, S.COOP.AND", "OLEICOLA JAEN S.A.", "OLEICOLA VALDEPE\u00d1AS DE JAEN S.C.A", "OLEOCAMPO, S.COOP.AND. DE 2\u00ba GRADO", "OLIVAR ALTO 24H", "OLIVARERA DE SOCUELLAMOS, S.COOP. DE C-LM", "OLIVARERA TRABUCO", "OMEGA ESPINARDO", "OMEGA SANGONERA", "ON365", "ONA LOWCOST", "ONAINDIA", "ONAINDIA LOWCOST", "ONDAMITA OIL", "ONDINA DEL SEGRE", "ONROAD 24", "ONROAD24", "ONTALBA S. COOP DE C-LM", "OPERADORA SEVILLANA", "OPTYME", "OPTYME SELF SYSTEM", "ORAMBA ESTACIONES DE SERVICIO", "ORANGUTAN", "ORELLANA PERDIZ", "ORTEGAL OIL", "ORUCA", "OURENSANA DE PETROLEOS SL", "OUTLETUI", "P FUEL EXPRESS", "P G E HIJOS", "P347", "PANAWAY ROAD", "PANDORA BIOENERGY SL", "PANDORA E ENERGY", "PANDORA ENERGY", "PARA Y SIGUE", "PARCELOGIC", "PARDI\u00d1AS, CENTRO LOGISTICO", "PARKING DE CAMIONES", "PARKING SERVICE CASTELLBISBAL, SA", "PASO HONROSO", "PATEROIL", "PA\u00d1ALON", "PCAN", "PCAN ARRIETA", "PCAN GIL", "PEDROGAS S.L. (JULIO CHARCO)", "PEDROHERAS E.S.", "PEDROSA CENTER", "PEGASOLINA STAR", "PEINADOR", "PENINSULA CARTAGENA", "PEPE RAMON", "PERTROPRIX", "PET. ALARC\u00d3N Y GARC\u00cdA ", "PETRANOIL STATION", "PETREM", "PETREM VALL D'EN BAS", "PETREM VALL DE BIANYA", "PETRO G24", "PETRO GRADO", "PETRO PINT\u00d3", "PETRO PINT\u00d3 S.L.", "PETRO SWAP", "PETRO VALLES", "PETRO-PINTO,S.L.", "PETRO7", "PETRO7 - PETROLIS INDEPENDENTS", "PETROALACANT", "PETROALFA", "PETROAMARILLA", "PETROANDALUS S.A.", "PETROAS", "PETROBAGES S.L.", "PETROBAL", "PETROBIKE", "PETROCAMP", "PETROCAR", "PETROCASARRUBIOS", "PETROCASH", "PETROCASH BENS", "PETROCASH BETANZOS", "PETROCASH BETOTE", "PETROCASH CABO DE CRUZ", "PETROCASH CAMBRE", "PETROCASH FONTEFRIA", "PETROCASH LUGO", "PETROCASH NARON (POL. G\u00c1NDARA)", "PETROCASH OSEDO", "PETROCASH POL. IND. DE BERGONDO", "PETROCASH SADA", "PETROCASH SAIAR", "PETROCASH SARRIA", "PETROCAT", "PETROCAT DIRECTE", "PETROCAT KM 17", "PETROCOES     ", "PETROCOR", "PETROCORNER LOS CHOPOS", "PETROEIGHT", "PETROENCINA", "PETROENERGY", "PETROESPA\u00d1A", "PETROESTANY", "PETROFIGUERES NF", "PETROGAS", "PETROGLOP", "PETROGOLD", "PETROIL ENERGY AZAHARA", "PETROIL ENERGY GRANADAL", "PETROIL ENERGY GRANADAL II", "PETROIL ENERGY LA GRANJA", "PETROIL ENERGY TORRECILLA", "PETROJARAMA", "PETROKAL", "PETROL & GO", "PETROL & GO ", "PETROL & GO (TRES CAMINOS)", "PETROL & GO PUERTO DE SANTA MARIA ", "PETROL A RUA", "PETROL LENTELLAIS", "PETROL M\u00d3STOLES", "PETROL RED", "PETROL&GO", "PETROLAVILA", "PETROLCAR", "PETROLEOS CN-340", "PETROLEOS DE CUDEYO", "PETROLEOS MARTIN CORPORATION", "PETROLIA", "PETROLIFEROS DE TAHIVILLA", "PETROLIS", "PETROLIS COLLBLANC", "PETROLIS DE BARCELONA", "PETROLIS DE BARCELONA S.A", "PETROLIS INDEPENDENTS", "PETROLIS INDEPENDENTS - PETRO7", "PETROLIS INDEPENDENTS - PETRO7 ", "PETROLIS MIRAMAR", "PETROLOGIC OIL", "PETROLORCA - E.S. LA CAMPANA ", "PETROLORCA - U.S.", "PETROLOWCOST", "PETROLOWCOST SL", "PETROLUXE", "PETROMAR", "PETROMARESWAGEN", "PETROMARKT", "PETROMAX", "PETROMAX DE LEVANTE", "PETROMIRALLES", "PETROMIRALLES BERA", "PETROMODE", "PETRONOR", "PETROPASS", "PETROPLUS", "PETROPRIX", "PETRORCAL", "PETROR\u00c0PITA", "PETROSAND", "PETROSELVA", "PETROSERVICE", "PETROSET", "PETROSOL", "PETROSTAR ENERGIA", "PETROSTAR ENERG\u00cdA", "PETROSUR JQ43", "PETROTUDELA", "PETROUYA", "PETROVAP", "PETROVOLTREG\u00c0", "PETROZAL", "PETTRAN-OIL AREA LA TORRE", "PGS", "PINA DE EBRO - AN ENERGETICOS", "PINAROIL S.L.", "PINS OIL", "PISTOIL VEJER ", "PK 11", "PLATERO", "PLATINUM GASOLINERA 24 HORAS ", "PLENERGY", "PLUS-24", "POCITO", "POLAGAS", "PONENT ENERGIA", "PONTEULLA", "POPULAR PRICE OIL", "PORBOL", "PORT CANT\u00d3", "PORTUARIOS SERVICIOS", "PORTUOIL", "POSADA MENENDEZ ", "POSTE DE MATA", "POZONUEVO", "PREMIRA", "PRIMAFRIO", "PRIMER TRUCK AREA", "PRIMER- AREA VIC", "PRIO", "PRODENERGY", "PRODUCTORES DEL CAMPO, S.C.A.", "PUERTA DE LA MONTA\u00d1A ", "PUERTA LOS PEDROCHES", "PUERTO RICO, S.A", "PUNTA SOLERA", "PUNTO AZUL 24H", "PUZOL", "PU\u00c7OIL", "Q-H FUEL", "Q8", "QOIL", "QP ALMENSILLA", "QP BOLLULLOS", "QP CHIPIONA", "QP NERVION", "QUALITY ALMANSA", "QUALITY MONTSI\u00c0", "QUALITY OIL", "QUALITYFUEL", "R M", "R.R. ESTACION DE SERVICIO", "R4 SAN MILLAN", "RABELL", "RADIOTAXI", "RALLO", "RANDERO", "RAPIDFUEL", "RASPA-OIL (SERV. ATENDIDO)", "RASPAOIL (SERV. ATENDIDO)", "RASPAOIL E.S.AGUILAS", "REAL CONTRERAS E HIJOS, S.L.", "RED AHORRO ", "RED CAR OIL", "RED CAR OIL S.L", "RED DE COMBUSTIBLES CANARIOS", "RED OIL TEC", "REDCAROIL", "REDSTONE PREMIUM, S.L.", "REGENCOS OIL", "RENACCIA", "RENESUR", "RENESUR GR", "RENESUR-EL ALTIPLANO", "RENOVA OIL", "REP", "REPOSTA EXPRESS", "REPOSTAMAX", "REPOSTANDO", "REPOSTAR", "REPOSTAR - ANSELMO MONTERO BRAGADO", "REPOSTAR GOMEZ OSORIO", "REPOSTAR,  ANTONIO  DEL ESTAL L\u00d3PEZ S.L.", "REPOSTAR--ALFA", "REPOSTAR--VISTA ALEGRE", "REPOSTAR--ZARATAN", "REPSOL", "REQUES - T9", "REVISOIL", "RHR", "RHR ", "RIALCE, S.L.", "RIBERCOST", "RIOSOL", "RITOR DIESEL", "RIU D'OR", "ROAD RUNNER", "ROCK & OIL", "RODEROIL", "RONDA NORTE", "RONDA OESTE", "ROS", "ROSELLO", "ROYMAGA PETROLEOS", "ROYMAGA PETROLEOS,SL", "ROYO", "RS PETROL", "RSPETROL ", "RUBI OIL", "RURAL SAN VICENTE FERRER", "RUTA 4", "RUTA DEL FERRO E.S.", "RUTA SABI\u00d1ANIGO 29", "RUYCO PETROL", "RUYCOPETROL, S.L.", "R\u00cdO NUBIS", "S. ANDRES APOSTOL SOCIEDAD COOP. DE C-LM", "S. COOP. AGRICOLA DE COLONOS DE NOVELDA", "S.A.T. PISAICA DE LA VIRGEN", "S.C.A. LABRADORES DE LA CAMPI\u00d1A", "S.C.A. NTRA. SRA. DE LA CABEZA", "S.C.A. NTRA. SRA. DE MONSALUD", "S.C.A. SAN ISIDRO LABRADOR", "S.C.A. SANAGUSTIN", "S.C.A.A. NTRA. SE\u00d1ORA DEL CARMEN", "S.COOP.AND. AGR\u00cdCOLA VIRGEN DE LA OLIVA", "S.E. SAN AGUSTIN S.L.", "S2", "SACYTRANS", "SAENZ DE MIERA SL", "SAFOROIL", "SAJARDINES", "SALLENT DE SERVEIS, S.L.", "SAN AGUSTIN", "SAN AGUSTIN DE OBANDO SCL", "SAN ANTONIO OIL", "SAN CRISTOBAL", "SAN FRANCISCO DE ASIS", "SAN ISIDRO", "SAN ISIDRO DE MIAJADAS SCL", "SAN ISIDRO LABRADOR SOC. COOP. DE CLM", "SAN JERONIMO GASOLINERA", "SAN JUAN BAUTISTA S COOP AND", "SAN JUAN DE LA CRUZ", "SAN LAZARO", "SAN LAZARO GUEVEJAR", "SAN ROQUE", "SAN ROQUE ( LOW COST )", "SAN ROQUE DE TOBARRA S. COOP. DE C-LM", "SAN SEBASTIAN", "SAN TEODOMIRO", "SAN VALERIANO EXTREME\u00d1O SCL", "SANANTONIO", "SANCHILAN", "SANGAR", "SANICOOP", "SANTA ANA", "SANTA ANA SOC. COOP.", "SANTA CRUZ", "SANTA POLA", "SANTALECINAGANADERA", "SANTANA DOMINGUEZ", "SANTANA DOMINGUEZ, S.L.", "SANTIAGO", "SANTIAGO HERNANDEZ", "SANTO CRISTO", "SANTO CRISTO DE MAGALLON S.C.C.", "SARAS", "SARAS ENERGIA", "SARASATE", "SASO DE MIRA S.L.", "SAT 3068 ", "SAT BEATA INES", "SAT CONDADO", "SAT LA CA\u00d1A", "SAT SANTA CRUZ DE POZO LORENTE", "SAV SERVEIS", "SBC", "SBC ", "SBC SANXENXO", "SC SIERRA DE ALCUBIERRE", "SCA AGRARIA SAN ANTON", "SCA. NTRA. SRA. DE LAS VIRTUDES", "SCAI SAN CRIST\u00d3BAL", "SCB TALAVERA", "SCOAVAL", "SCVA VIRGEN DESAMPARADOS", "SDAD COOP CAMPILLO DE DUE\u00d1AS", "SDAD COOP SAN LUCAS DEL TORNO", "SDAD COOPERATIVA DE TRANSPORTES BA\u00d1EZANA ", "SDAD. COOP. DEL CAMPO NUESTRO PADRE JESUS", "SDAD. COOP. SANTIAGO APOSTOL", "SDAD. COOP. VEGAS BAJAS", "SDAD.COOP.LIMT. DE HORNACHOS", "SDAD.COOP.OLIVAREROS Y VITICULTORES", "SEA", "SECADERO SANTIAGO", "SECADERO SANTIAGO ALBERO BAJO", "SECOTRANS", "SECSA", "SECTOROIL", "SEDIGAS, S.L.", "SEDIMACAR S.L.", "SEDIMACAR, S.L.", "SEDIMACAR, SL", "SEGRE OIL", "SEGUIN Y DIEGO S.L.", "SEGUROIL", "SEGUROIL SLU", "SEL", "SEMUTRANSA", "SENERSA S.L", "SERAGAS", "SERGASA", "SERMUCO", "SEROIL  ENERGY", "SEROIL ENERGY", "SEROIL ENERGY ", "SERTELGAS,SL", "SERTUY", "SERTUY - SAN COSME - CELA - MOS", "SERTYMAN", "SERVATRA", "SERVI AGER ", "SERVIAUTO ECOLOGIC", "SERVICIOS AGRARIOS LA UNION SLU", "SERVICIOS PENEDES SA", "SERVICIOS PETROLIFEROS", "SERVICIOS POLIGONO PIADELA", "SERVICO", "SERVICOCETRA S.L.U.", "SERVICOOP", "SERVICOOP +", "SERVIFACIL", "SERVIGORDON", "SERVIOIL", "SERVITRANSPORT LA VALL", "SET&GO", "SETTRAN", "SEVEN OIL", "SHELL", "SHOP AREA BENAS", "SI", "SIERRA DE JEREZ SOCIEDAD COOPERATIVA", "SIERRA DEL TERRIL SCA", "SIERRA ESPU\u00d1A TRADE", "SIERRA ESPU\u00d1A TRADE 2", "SIMON GRUP", "SIN ABANDERAMIENTO ", "SIN ASIGNAR", "SIN DETERMINAR", "SIN ROTULO", "SINERLOGIS", "SIS CARBURANTES", "SIS CARBURANTES ", "SMART OIL", "SMART OIL ", "SOC COOP NTRA SRA DEL PRADO S.C", "SOC. COOP. LTDA. DEL CAMPO SAN JUAN", "SOC. COOP. N\u00aa SRA. ARGAMASA", "SOCIEDAD COOPERATIVA AGRARIA EL SANTO CRISTO S. COOP. DE C-LM", "SOCIEDAD COOPERATIVA AGRARIA SANTA ANA", "SOCIEDAD COOPERATIVA SAN MIGUEL ARCANGEL", "SOCOTEM S.COOP.LTDA.", "SOL", "SOLNER", "SOLRAS", "SORIGUE", "SORLIGO", "SORLIGO ", "SOTRAMUL", "SP", "SPAROIL", "SPL", "SPLASH", "SPS", "STAR OIL ZAMORA", "STAR PETROLEUM", "STAR24H", "STARMA", "STAROIL", "STAROIL BARBANZA", "STAROIL POIO", "STAROIL SAN CIBRAO", "STELS", "STELS ", "STMO CRISTO DE LA EXPIRACION", "STOP OIL", "STORE FUEL ", "SUANCES", "SUBIGAS", "SUGASYL SL", "SUIMASA", "SUMALCA", "SUMAROIL", "SUMERGY -  GRUPO SERTRANIN", "SUMINISTROS AGROBUREBA, SL", "SUMINISTROS GASOLEOS TALAVERA, S,L.", "SUMINISTROS HERMANOS HT", "SUMINISTROS LA CASILLA S.L.", "SUMINISTROS MAZO", "SUMINISTROS PLIEGO S.L", "SUMINISTROS SAN ANTON", "SUMNISTROS AGRICOLAS DE PEDRO MU\u00d1OZ S. COOP. DE C-LM", "SUPECO", "SUPER CASH VIMAR", "SUPER GASOIL", "SUPER GASOIL 2016 S.L.", "SUPER OIL", "SUPERFUEL", "SUR-OIL", "SUTACON", "SUVER GASOLEOS ", "SUYLAVIR", "SVG", "SYM SARRIA", "T.CRUZ", "T9", "TAKI-OIL", "TALA FOODS", "TALANTENA", "TALLERES ARRUBLA", "TALLERES Y SERVICIOS VILLEGAR", "TAMOIL", "TARAY", "TARIFA OIL", "TARIFUEL", "TAXCO", "TC CAMPILLO", "TECKMAR", "TENCAR", "TENERGY", "TENGO!!", "TEX", "TEXACOIL", "TEXAKO TRUCKS", "TGAS", "TGAS ARONA", "TGAS EL M\u00c9DANO", "TGAS EL ROSARIO", "TGAS GARAF\u00cdA", "TGAS HAR\u00cdA", "TGAS LA GORVORANA", "TGAS LA HIDALGA", "TGAS LAS GALLETAS", "TGAS LAS MERCEDES", "TGAS LOS BALD\u00cdOS", "TGAS SANTA CATALINA", "TGAS SARDINA DEL NORTE", "TGAS TACORONTE", "TGAS TEGUESTE", "TGAS-TU TR\u00c9BOL", "THADER I", "TIEBAS", "TIELMES S.L.", "TIERRASGORDAS", "TJ OIL", "TNS MOTOR", "TOBALINOIL", "TOPFUEL", "TORTUGA", "TOTAL", "TRADIC", "TRADILO INVERSIONES", "TRADILO INVERSIONES SL", "TRAJANO, S.C.A.", "TRAKTOS AUTOMOCI\u00d3N", "TRAMUNTANA", "TRANS.O.GUI.COOP.", "TRANSEGRE", "TRANSGALLEGO LOGISTIC SL", "TRANSLOGISTICA MARIN SA", "TRANSPORTES ABYCER S.L.", "TRANSPORTES ALMACENES TRANSITARIOS,S.A.", "TRANSPORTES AZPIROZ", "TRANSPORTES BEARCA S.L.", "TRANSPORTES BIDASOA", "TRANSPORTES CRUZ ", "TRANSPORTES FELIX E HIJOS, S.L.", "TRANSPORTES GREGORIO", "TRANSPORTES RODOLFO Y VENTURA", "TRANSPORTES SAKANA SCL", "TRANSPORTES TRAVILL, S.L.", "TRANSPORTES ZUMALABE, S.L.", "TRANSTELLO S.L.", "TRAVESA", "TRES CAMINOS SL-DIV.LA CA\u00d1ADA", "TRIFON", "TRONOVA ENERGIA", "TROPS", "TRUCK ENERGY Z,S.L.", "TRUCK STOP DALIAS", "TRUCK STOP DEL PONIENTE ", "TRUCK STOP EL EJIDO S.L.", "TRUCKSTOP", "TRUEBA ENERGY", "TS", "TUDEFRIGO LOGISTICA", "TYCSA", "TYCSA AQUALON", "TYCSA RONDA NORTE", "TYCSA TRAFICO PESADO", "U. S. S\u00daRIA      *ROVIRA ENERGIA*", "U.S GASOLEOS GUILLEN S.L", "U.S. ASG SL", "U.S. CALDES - GAS-OILS ROVIRA-", "U.S. DAVID COLLADO", "U.S. MANRESA -GAS-OILS ROVIRA-", "U.S. SANT QUIRZE SAFAJA  -GASOILS ROVIRA AUTOSERVEI-", "U.S. TORREGUADIARO", "U.S. TRANSMARAVILLAS", "U.S.SABADELL   - GAS-OILS ROVIRA-", "U.S.TORREHIERRO", "ULTREYA", "UNIDAD DE SERVICIO", "UNIDAD SUMINISTRO COOPERATIVA GANADERA CASTUERA", "UNIGESCO", "URAL ENERGY", "URBAN OIL", "URBI LOW COST", "UREPEL", "URKIDE", "URKIOIL", "URLAVE", "US ROSEMUR", "US SAN MIGUEL", "USC", "V.C.", "V.O.", "V2 GASOLINERAS", "VALCAMBUS S.L.", "VALCARCE", "VALCOR", "VALCOR SOCIEDAD COOPERATIVA ASTURIANA", "VALENCIOIL", "VALENTI", "VALERO 24H", "VALERO 24H ENERGIA", "VALEROIL", "VALLE DE LIENDO", "VALLFOGONINA", "VALLIWASH-PETROMIRALLES", "VC ENERGIA", "VCC ALFAFAR", "VCC ALGINET", "VCC ALICANTE ", "VCC ANOUER", "VCC BENISSA", "VCC CARLET", "VCC CATARROJA ", "VCC GANDIA", "VCC LA VALL", "VCC ONTINYENT", "VCC OROPESA", "VCC PATERNA ", "VCC PE\u00d1ISCOLA", "VCC QUART ", "VCC SANTA POLA", "VEDICAR", "VEGARA ", "VEN Y VEN OIL", "VENTA LA PETRA", "VERADIESEL", "VERDE Y SOSTENIBLE", "VERGE LORETO", "VIBE CARBURANTES", "VIBE-CARBURANTES", "VILA Y FAYOS ", "VILACARBURANTS", "VILALTA", "VILALTA CORPORACION SA", "VILAMARXANT", "VILLA RUBEUM,S.L.", "VILLAGER", "VILLALONQUEJAR", "VILLAL\u00d3N", "VINICOLA DE SARRAL, SCCL", "VIRGEN DE LA CORONA", "VIRGEN DE LAS NIEVES", "VIRGEN DEL ROBLEDO SCA", "VIRGEN DEL VALLE", "VIRGEN URBANOS", "VIROSQUE", "VIRSUR", "VLADOIL M\u00c1LAGA", "VLADOIL RIOGORDO", "VOLACAN", "VOLAROIL", "VULCO", "WASHMAX", "WENCES", "WETROAD", "WINDFUEL TARIFA LOW COST", "XOPLUC", "YARYMA 1", "YENO", "YETHI", "Z2OIL", "ZABALETA", "ZACAT\u00cdN ", "ZD URBAN VIC", "ZELAI LUZEA", "ZEPXA ECO", "ZONA DIESEL", "ZONA DIESEL ", "ZONA ZERO", "ZUFREGAS S.L", "|> ENERTRIX <|", "\u00c1REA 117", "\u00c1REA 117 DIR. M\u00c1LAGA", "\u00c1REA 117 DIR. SEVILLA", "\u00c1REA 117 MANISES", "\u00c1REA 117 PISTA DE SILLA", "\u00c1REA 117 RIBA-ROJA", "\u00c1REA117", "\u00c1RTICO OIL"], ["ALBACETE", "ALICANTE", "ALMER\u00cdA", "ARABA/\u00c1LAVA", "ASTURIAS", "BADAJOZ", "BALEARS (ILLES)", "BARCELONA", "BIZKAIA", "BURGOS", "CANTABRIA", "CASTELL\u00d3N / CASTELL\u00d3", "CEUTA", "CIUDAD REAL", "CORU\u00d1A (A)", "CUENCA", "C\u00c1CERES", "C\u00c1DIZ", "C\u00d3RDOBA", "GIPUZKOA", "GIRONA", "GRANADA", "GUADALAJARA", "HUELVA", "HUESCA", "JA\u00c9N", "LE\u00d3N", "LLEIDA", "LUGO", "MADRID", "MELILLA", "MURCIA", "M\u00c1LAGA", "NAVARRA", "OURENSE", "PALENCIA", "PALMAS (LAS)", "PONTEVEDRA", "RIOJA (LA)", "SALAMANCA", "SANTA CRUZ DE TENERIFE", "SEGOVIA", "SEVILLA", "SORIA", "TARRAGONA", "TERUEL", "TOLEDO", "VALENCIA / VAL\u00c8NCIA", "VALLADOLID", "ZAMORA", "ZARAGOZA", "\u00c1VILA"], ["01", "02", "03", "04", "05", "06", "07", "08", "09", "10", "11", "12", "13", "14", "15", "16", "17", "18", "19"]]
